home_team,away_team,week,posteam,defteam,side_of_field,yardline_100,down,play_type,yards_gained,qb_kneel,qb_spike,qb_scramble,field_goal_result,extra_point_result,two_point_conv_result,td_team,epa,third_down_converted,fourth_down_converted,interception,penalty,fumble_lost,rush_attempt,pass_attempt,sack,touchdown,pass_touchdown,rush_touchdown,extra_point_attempt,two_point_attempt,kickoff_attempt,complete_pass,passer_player_name,passing_yards,receiver_player_name,receiving_yards,rusher_player_name,rushing_yards,fumbled_1_player_name,penalty_team,penalty_yards,result
LAC,ARI,1,,,,,,,,0,0,0,,,,,0.0,,,,,,,,,,,,,,,,,,,,,,,,,-12
LAC,ARI,1,ARI,LAC,LAC,35.0,,kickoff,0.0,0,0,0,,,,,0.291195091791451,0.0,0.0,0.0,0.0,0.0,0.0,0.0,0.0,0.0,0.0,0.0,0.0,0.0,1.0,0.0,,,,,,,,,,-12
LAC,ARI,1,ARI,LAC,ARI,70.0,1.0,pass,27.0,0,0,0,,,,,1.73026861948892,0.0,0.0,0.0,0.0,0.0,0.0,1.0,0.0,0.0,0.0,0.0,0.0,0.0,0.0,1.0,J.Brissett,27.0,T.McBride,27.0,,,,,,-12
LAC,ARI,1,ARI,LAC,LAC,43.0,1.0,run,2.0,0,0,0,,,,,-0.288451223867014,0.0,0.0,0.0,0.0,0.0,1.0,0.0,0.0,0.0,0.0,0.0,0.0,0.0,0.0,0.0,,,,,T.Allgeier,2.0,,,,-12
LAC,ARI,1,ARI,LAC,LAC,41.0,2.0,pass,0.0,0,0,0,,,,,-0.889567741425708,0.0,0.0,0.0,0.0,0.0,0.0,1.0,0.0,0.0,0.0,0.0,0.0,0.0,0.0,0.0,J.Brissett,,M.Harrison,,,,,,,-12
LAC,ARI,1,ARI,LAC,LAC,41.0,3.0,run,11.0,0,0,1,,,,,2.26213446957991,1.0,0.0,0.0,0.0,0.0,1.0,0.0,0.0,0.0,0.0,0.0,0.0,0.0,0.0,0.0,,,,,J.Brissett,11.0,,,,-12
LAC,ARI,1,ARI,LAC,LAC,30.0,1.0,pass,5.0,0,0,0,,,,,0.105275578680448,0.0,0.0,0.0,0.0,0.0,0.0,1.0,0.0,0.0,0.0,0.0,0.0,0.0,0.0,1.0,J.Brissett,5.0,T.Allgeier,5.0,,,,,,-12
LAC,ARI,1,ARI,LAC,LAC,25.0,2.0,run,4.0,0,0,0,,,,,0.0908104703994468,0.0,0.0,0.0,0.0,0.0,1.0,0.0,0.0,0.0,0.0,0.0,0.0,0.0,0.0,0.0,,,,,T.Allgeier,4.0,,,,-12
LAC,ARI,1,ARI,LAC,LAC,21.0,3.0,run,2.0,0,0,0,,,,,0.459360566106625,1.0,0.0,0.0,0.0,0.0,1.0,0.0,0.0,0.0,0.0,0.0,0.0,0.0,0.0,0.0,,,,,J.Brissett,2.0,,,,-12
LAC,ARI,1,ARI,LAC,LAC,19.0,1.0,run,0.0,0,0,0,,,,,-0.527099344064482,0.0,0.0,0.0,0.0,0.0,1.0,0.0,0.0,0.0,0.0,0.0,0.0,0.0,0.0,0.0,,,,,J.Love,0.0,,,,-12
LAC,ARI,1,ARI,LAC,LAC,19.0,2.0,pass,11.0,0,0,0,,,,,1.18052008200903,0.0,0.0,0.0,0.0,0.0,0.0,1.0,0.0,0.0,0.0,0.0,0.0,0.0,0.0,1.0,J.Brissett,11.0,K.Bourne,11.0,,,,,,-12
LAC,ARI,1,,,,,,no_play,0.0,0,0,0,,,,,0.0,0.0,0.0,0.0,0.0,0.0,0.0,0.0,0.0,0.0,0.0,0.0,0.0,0.0,0.0,0.0,,,,,,,,,,-12
LAC,ARI,1,ARI,LAC,LAC,8.0,1.0,run,3.0,0,0,0,,,,,-0.0551801581168547,0.0,0.0,0.0,0.0,0.0,1.0,0.0,0.0,0.0,0.0,0.0,0.0,0.0,0.0,0.0,,,,,J.Love,3.0,,,,-12
LAC,ARI,1,ARI,LAC,LAC,5.0,2.0,run,5.0,0,0,0,,,,ARI,1.63248223112896,0.0,0.0,0.0,0.0,0.0,1.0,0.0,0.0,1.0,0.0,1.0,0.0,0.0,0.0,0.0,,,,,J.Love,5.0,,,,-12
LAC,ARI,1,ARI,LAC,LAC,15.0,,extra_point,0.0,0,0,0,,good,,,0.0511715660706391,0.0,0.0,0.0,0.0,0.0,0.0,0.0,0.0,0.0,0.0,0.0,1.0,0.0,0.0,0.0,,,,,,,,,,-12
LAC,ARI,1,LAC,ARI,ARI,35.0,,kickoff,0.0,0,0,0,,,,,-0.280897697433829,0.0,0.0,0.0,0.0,0.0,0.0,0.0,0.0,0.0,0.0,0.0,0.0,0.0,1.0,0.0,,,,,,,,,,-12
LAC,ARI,1,LAC,ARI,LAC,77.0,1.0,run,2.0,0,0,0,,,,,-0.379353810101748,0.0,0.0,0.0,0.0,0.0,1.0,0.0,0.0,0.0,0.0,0.0,0.0,0.0,0.0,0.0,,,,,O.Hampton,2.0,,,,-12
LAC,ARI,1,LAC,ARI,LAC,75.0,2.0,pass,18.0,0,0,0,,,,,1.65891221584752,0.0,0.0,0.0,0.0,0.0,0.0,1.0,0.0,0.0,0.0,0.0,0.0,0.0,0.0,1.0,J.Herbert,18.0,L.McConkey,18.0,,,,,,-12
LAC,ARI,1,LAC,ARI,LAC,57.0,1.0,run,0.0,0,0,0,,,,,-0.512818679912016,0.0,0.0,0.0,0.0,0.0,1.0,0.0,0.0,0.0,0.0,0.0,0.0,0.0,0.0,0.0,,,,,O.Hampton,0.0,,,,-12
LAC,ARI,1,LAC,ARI,LAC,57.0,2.0,pass,23.0,0,0,0,,,,,1.63942066987511,0.0,0.0,0.0,0.0,0.0,0.0,1.0,0.0,0.0,0.0,0.0,0.0,0.0,0.0,1.0,J.Herbert,23.0,L.McConkey,23.0,,,,,,-12
LAC,ARI,1,LAC,ARI,ARI,34.0,1.0,pass,19.0,0,0,0,,,,,1.22035161126405,0.0,0.0,0.0,0.0,0.0,0.0,1.0,0.0,0.0,0.0,0.0,0.0,0.0,0.0,1.0,J.Herbert,19.0,L.McConkey,19.0,,,,,,-12
LAC,ARI,1,LAC,ARI,ARI,15.0,1.0,run,2.0,0,0,0,,,,,-0.419472706969827,0.0,0.0,0.0,0.0,0.0,1.0,0.0,0.0,0.0,0.0,0.0,0.0,0.0,0.0,0.0,,,,,K.Mitchell,2.0,,,,-12
LAC,ARI,1,LAC,ARI,ARI,13.0,2.0,run,5.0,0,0,1,,,,,-0.0576623133383691,0.0,0.0,0.0,0.0,0.0,1.0,0.0,0.0,0.0,0.0,0.0,0.0,0.0,0.0,0.0,,,,,J.Herbert,5.0,,,,-12
LAC,ARI,1,LAC,ARI,ARI,8.0,3.0,run,8.0,0,0,0,,,,LAC,2.16438095911872,1.0,0.0,0.0,0.0,0.0,1.0,0.0,0.0,1.0,0.0,1.0,0.0,0.0,0.0,0.0,,,,,O.Hampton,8.0,,,,-12
LAC,ARI,1,LAC,ARI,ARI,15.0,,extra_point,0.0,0,0,0,,good,,,0.0511715660706391,0.0,0.0,0.0,0.0,0.0,0.0,0.0,0.0,0.0,0.0,0.0,1.0,0.0,0.0,0.0,,,,,,,,,,-12
LAC,ARI,1,ARI,LAC,LAC,35.0,,kickoff,0.0,0,0,0,,,,,0.267787889344618,0.0,0.0,0.0,0.0,0.0,0.0,0.0,0.0,0.0,0.0,0.0,0.0,0.0,1.0,0.0,,,,,,,,,,-12
LAC,ARI,1,ARI,LAC,ARI,70.0,1.0,run,1.0,0,0,0,,,,,-0.555032577132806,0.0,0.0,0.0,0.0,0.0,1.0,0.0,0.0,0.0,0.0,0.0,0.0,0.0,0.0,0.0,,,,,T.Allgeier,1.0,,,,-12
LAC,ARI,1,ARI,LAC,ARI,69.0,2.0,pass,10.0,0,0,0,,,,,1.17245625634678,0.0,0.0,0.0,0.0,0.0,0.0,1.0,0.0,0.0,0.0,0.0,0.0,0.0,0.0,1.0,J.Brissett,10.0,K.Bourne,10.0,,,,,,-12
LAC,ARI,1,ARI,LAC,ARI,59.0,1.0,no_play,0.0,0,0,0,,,,,-0.845431652618572,0.0,0.0,0.0,1.0,0.0,0.0,0.0,0.0,0.0,0.0,0.0,0.0,0.0,0.0,0.0,,,,,,,,ARI,10.0,-12
LAC,ARI,1,ARI,LAC,ARI,69.0,1.0,pass,17.0,0,0,0,,,,,1.34520767838694,0.0,0.0,0.0,0.0,0.0,0.0,1.0,0.0,0.0,0.0,0.0,0.0,0.0,0.0,1.0,J.Brissett,17.0,T.McBride,17.0,,,,,,-12
LAC,ARI,1,ARI,LAC,ARI,52.0,2.0,pass,10.0,0,0,0,,,,,0.795516364276409,0.0,0.0,0.0,0.0,0.0,0.0,1.0,0.0,0.0,0.0,0.0,0.0,0.0,0.0,1.0,J.Brissett,10.0,T.McBride,10.0,,,,,,-12
LAC,ARI,1,ARI,LAC,LAC,42.0,1.0,run,1.0,0,0,0,,,,,-0.496692745015025,0.0,0.0,0.0,0.0,0.0,1.0,0.0,0.0,0.0,0.0,0.0,0.0,0.0,0.0,0.0,,,,,J.Love,1.0,,,,-12
LAC,ARI,1,ARI,LAC,LAC,41.0,2.0,pass,5.0,0,0,0,,,,,-0.072578493738547,0.0,0.0,0.0,0.0,0.0,0.0,1.0,0.0,0.0,0.0,0.0,0.0,0.0,0.0,1.0,J.Brissett,5.0,J.Love,5.0,,,,,,-12
LAC,ARI,1,ARI,LAC,,,,,,0,0,0,,,,,0.0,,,,,,,,,,,,,,,,,,,,,,,,,-12
LAC,ARI,1,ARI,LAC,LAC,36.0,3.0,pass,0.0,0,0,0,,,,,-1.1562670624071,0.0,0.0,0.0,0.0,0.0,0.0,1.0,0.0,0.0,0.0,0.0,0.0,0.0,0.0,0.0,J.Brissett,,Mi.Wilson,,,,,,,-12
LAC,ARI,1,ARI,LAC,LAC,36.0,4.0,field_goal,0.0,0,0,0,missed,,,,-4.02191103541281,0.0,0.0,0.0,0.0,0.0,0.0,0.0,0.0,0.0,0.0,0.0,0.0,0.0,0.0,0.0,,,,,,,,,,-12
LAC,ARI,1,LAC,ARI,LAC,56.0,1.0,run,14.0,0,0,0,,,,,0.744389915140346,0.0,0.0,0.0,0.0,0.0,1.0,0.0,0.0,0.0,0.0,0.0,0.0,0.0,0.0,0.0,,,,,O.Hampton,14.0,,,,-12
LAC,ARI,1,LAC,ARI,ARI,42.0,1.0,pass,12.0,0,0,0,,,,,0.715658619184978,0.0,0.0,0.0,0.0,0.0,0.0,1.0,0.0,0.0,0.0,0.0,0.0,0.0,0.0,1.0,J.Herbert,12.0,D.Njoku,12.0,,,,,,-12
LAC,ARI,1,LAC,ARI,ARI,30.0,1.0,pass,0.0,0,0,0,,,,,-0.451305921771564,0.0,0.0,0.0,0.0,0.0,0.0,1.0,0.0,0.0,0.0,0.0,0.0,0.0,0.0,0.0,J.Herbert,,Q.Johnston,,,,,,,-12
LAC,ARI,1,LAC,ARI,ARI,30.0,2.0,run,-4.0,0,0,0,,,,,-5.19676485145465,0.0,0.0,0.0,0.0,1.0,1.0,0.0,0.0,0.0,0.0,0.0,0.0,0.0,0.0,0.0,,,,,O.Hampton,-4.0,O.Hampton,,,-12
LAC,ARI,1,ARI,LAC,ARI,66.0,1.0,pass,9.0,0,0,0,,,,,0.788402177393436,0.0,0.0,0.0,0.0,0.0,0.0,1.0,0.0,0.0,0.0,0.0,0.0,0.0,0.0,1.0,J.Brissett,9.0,K.Bourne,9.0,,,,,,-12
LAC,ARI,1,ARI,LAC,ARI,57.0,2.0,no_play,0.0,0,0,0,,,,,-0.782281509134919,0.0,0.0,0.0,1.0,0.0,0.0,0.0,0.0,0.0,0.0,0.0,0.0,0.0,0.0,0.0,,,,,,,,ARI,4.0,-12
LAC,ARI,1,ARI,LAC,ARI,61.0,2.0,run,18.0,0,0,0,,,,,1.3893004192505,0.0,0.0,0.0,0.0,0.0,1.0,0.0,0.0,0.0,0.0,0.0,0.0,0.0,0.0,0.0,,,,,J.Love,18.0,,,,-12
LAC,ARI,1,ARI,LAC,LAC,43.0,1.0,pass,4.0,0,0,0,,,,,-0.0762718883343041,0.0,0.0,0.0,0.0,0.0,0.0,1.0,0.0,0.0,0.0,0.0,0.0,0.0,0.0,1.0,J.Brissett,4.0,J.Love,4.0,,,,,,-12
LAC,ARI,1,ARI,LAC,LAC,39.0,2.0,run,5.0,0,0,0,,,,,0.25740079022944,0.0,0.0,0.0,0.0,0.0,1.0,0.0,0.0,0.0,0.0,0.0,0.0,0.0,0.0,0.0,,,,,J.Love,5.0,,,,-12
LAC,ARI,1,ARI,LAC,LAC,34.0,3.0,run,4.0,0,0,0,,,,,0.872020301409066,1.0,0.0,0.0,0.0,0.0,1.0,0.0,0.0,0.0,0.0,0.0,0.0,0.0,0.0,0.0,,,,,J.Brissett,4.0,,,,-12
LAC,ARI,1,ARI,LAC,LAC,30.0,1.0,no_play,0.0,0,0,0,,,,,-0.733720254036598,0.0,0.0,0.0,1.0,0.0,0.0,0.0,0.0,0.0,0.0,0.0,0.0,0.0,0.0,0.0,,,,,,,,ARI,5.0,-12
LAC,ARI,1,ARI,LAC,LAC,35.0,1.0,run,1.0,0,0,0,,,,,-0.55871752591338,0.0,0.0,0.0,0.0,0.0,1.0,0.0,0.0,0.0,0.0,0.0,0.0,0.0,0.0,0.0,,,,,T.Allgeier,1.0,,,,-12
LAC,ARI,1,ARI,LAC,LAC,34.0,2.0,pass,6.0,0,0,0,,,,,0.342615335131995,0.0,0.0,0.0,0.0,0.0,0.0,1.0,0.0,0.0,0.0,0.0,0.0,0.0,0.0,1.0,J.Brissett,6.0,T.McBride,6.0,,,,,,-12
LAC,ARI,1,ARI,LAC,LAC,28.0,3.0,pass,12.0,0,0,0,,,,,1.82705031277146,1.0,0.0,0.0,0.0,0.0,0.0,1.0,0.0,0.0,0.0,0.0,0.0,0.0,0.0,1.0,J.Brissett,12.0,K.Bourne,12.0,,,,,,-12
LAC,ARI,1,ARI,LAC,LAC,16.0,1.0,run,3.0,0,0,0,,,,,-0.177947170799598,0.0,0.0,0.0,0.0,0.0,1.0,0.0,0.0,0.0,0.0,0.0,0.0,0.0,0.0,0.0,,,,,T.Allgeier,3.0,,,,-12
LAC,ARI,1,ARI,LAC,LAC,13.0,2.0,pass,4.0,0,0,0,,,,,-0.273779091658071,0.0,0.0,0.0,0.0,0.0,0.0,1.0,0.0,0.0,0.0,0.0,0.0,0.0,0.0,1.0,J.Brissett,4.0,T.Allgeier,4.0,,,,,,-12
LAC,ARI,1,ARI,LAC,LAC,9.0,3.0,pass,0.0,0,0,0,,,,,-1.42329581153599,0.0,0.0,0.0,0.0,0.0,0.0,1.0,0.0,0.0,0.0,0.0,0.0,0.0,0.0,0.0,J.Brissett,,T.McBride,,,,,,,-12
LAC,ARI,1,ARI,LAC,LAC,9.0,4.0,field_goal,0.0,0,0,0,made,,,,0.0587788257004775,0.0,0.0,0.0,0.0,0.0,0.0,0.0,0.0,0.0,0.0,0.0,0.0,0.0,0.0,0.0,,,,,,,,,,-12
LAC,ARI,1,LAC,ARI,ARI,35.0,,kickoff,0.0,0,0,0,,,,,-0.318911767564714,0.0,0.0,0.0,0.0,0.0,0.0,0.0,0.0,0.0,0.0,0.0,0.0,0.0,1.0,0.0,,,,,,,,,,-12
LAC,ARI,1,LAC,ARI,LAC,79.0,1.0,no_play,0.0,0,0,0,,,,,-1.11032220977359,0.0,0.0,0.0,1.0,0.0,0.0,0.0,0.0,0.0,0.0,0.0,0.0,0.0,0.0,0.0,,,,,,,,LAC,10.0,-12
LAC,ARI,1,LAC,ARI,LAC,89.0,1.0,no_play,0.0,0,0,0,,,,,1.95851811091416,0.0,0.0,0.0,1.0,0.0,0.0,0.0,0.0,0.0,0.0,0.0,0.0,0.0,0.0,0.0,,,,,,,,ARI,24.0,-12
LAC,ARI,1,LAC,ARI,LAC,65.0,1.0,run,2.0,0,0,0,,,,,-0.458499374100938,0.0,0.0,0.0,0.0,0.0,1.0,0.0,0.0,0.0,0.0,0.0,0.0,0.0,0.0,0.0,,,,,K.Mitchell,2.0,,,,-12
LAC,ARI,1,LAC,ARI,LAC,63.0,2.0,pass,14.0,0,0,0,,,,,1.4282386515988,0.0,0.0,0.0,0.0,0.0,0.0,1.0,0.0,0.0,0.0,0.0,0.0,0.0,0.0,1.0,J.Herbert,14.0,L.McConkey,14.0,,,,,,-12
LAC,ARI,1,LAC,ARI,ARI,49.0,1.0,run,2.0,0,0,0,,,,,-0.479183813673444,0.0,0.0,0.0,0.0,0.0,1.0,0.0,0.0,0.0,0.0,0.0,0.0,0.0,0.0,0.0,,,,,O.Hampton,2.0,,,,-12
LAC,ARI,1,LAC,ARI,ARI,47.0,2.0,pass,26.0,0,0,0,,,,,2.10682589269709,0.0,0.0,0.0,0.0,0.0,0.0,1.0,0.0,0.0,0.0,0.0,0.0,0.0,0.0,1.0,J.Herbert,26.0,O.Gadsden,26.0,,,,,,-12
LAC,ARI,1,LAC,ARI,ARI,21.0,1.0,run,8.0,0,0,0,,,,,0.634365435515065,0.0,0.0,0.0,0.0,0.0,1.0,0.0,0.0,0.0,0.0,0.0,0.0,0.0,0.0,0.0,,,,,K.Mitchell,8.0,,,,-12
LAC,ARI,1,LAC,ARI,ARI,13.0,2.0,pass,6.0,0,0,0,,,,,0.278483934875112,0.0,0.0,0.0,0.0,0.0,0.0,1.0,0.0,0.0,0.0,0.0,0.0,0.0,0.0,1.0,J.Herbert,6.0,D.Njoku,6.0,,,,,,-12
LAC,ARI,1,LAC,ARI,ARI,7.0,1.0,run,-3.0,0,0,0,,,,,-0.903470241639297,0.0,0.0,0.0,0.0,0.0,1.0,0.0,0.0,0.0,0.0,0.0,0.0,0.0,0.0,0.0,,,,,K.Mitchell,-3.0,,,,-12
LAC,ARI,1,LAC,ARI,ARI,10.0,2.0,pass,0.0,0,0,0,,,,,-0.734630779537838,0.0,0.0,0.0,0.0,0.0,0.0,1.0,0.0,0.0,0.0,0.0,0.0,0.0,0.0,0.0,J.Herbert,,L.McConkey,,,,,,,-12
LAC,ARI,1,LAC,ARI,ARI,10.0,3.0,run,7.0,0,0,1,,,,,-0.748905660293531,0.0,0.0,0.0,0.0,0.0,1.0,0.0,0.0,0.0,0.0,0.0,0.0,0.0,0.0,0.0,,,,,J.Herbert,7.0,,,,-12
LAC,ARI,1,LAC,ARI,ARI,3.0,4.0,pass,-10.0,0,0,0,,,,,-3.21282949513989,0.0,0.0,0.0,0.0,0.0,0.0,1.0,1.0,0.0,0.0,0.0,0.0,0.0,0.0,0.0,J.Herbert,,,,,,,,,-12
LAC,ARI,1,ARI,LAC,ARI,87.0,1.0,run,8.0,0,0,0,,,,,0.5019991484005,0.0,0.0,0.0,0.0,0.0,1.0,0.0,0.0,0.0,0.0,0.0,0.0,0.0,0.0,0.0,,,,,T.Allgeier,8.0,,,,-12
LAC,ARI,1,ARI,LAC,ARI,79.0,2.0,pass,14.0,0,0,0,,,,,0.533840214135125,0.0,0.0,0.0,0.0,0.0,0.0,1.0,0.0,0.0,0.0,0.0,0.0,0.0,0.0,1.0,J.Brissett,14.0,T.McBride,14.0,,,,,,-12
LAC,ARI,1,ARI,LAC,ARI,65.0,1.0,pass,9.0,0,0,0,,,,,0.300552675034851,0.0,0.0,0.0,0.0,0.0,0.0,1.0,0.0,0.0,0.0,0.0,0.0,0.0,0.0,1.0,J.Brissett,9.0,Mi.Wilson,9.0,,,,,,-12
LAC,ARI,1,ARI,LAC,ARI,56.0,2.0,no_play,0.0,0,0,0,,,,,1.71385834412649,0.0,0.0,0.0,1.0,0.0,0.0,0.0,0.0,0.0,0.0,0.0,0.0,0.0,0.0,0.0,,,,,,,,LAC,24.0,-12
LAC,ARI,1,ARI,LAC,LAC,32.0,1.0,pass,10.0,0,0,0,,,,,0.436158669821452,0.0,0.0,0.0,0.0,0.0,0.0,1.0,0.0,0.0,0.0,0.0,0.0,0.0,0.0,1.0,J.Brissett,10.0,Mi.Wilson,10.0,,,,,,-12
LAC,ARI,1,,,,,,no_play,0.0,0,0,0,,,,,0.0,0.0,0.0,0.0,0.0,0.0,0.0,0.0,0.0,0.0,0.0,0.0,0.0,0.0,0.0,0.0,,,,,,,,,,-12
LAC,ARI,1,ARI,LAC,LAC,22.0,1.0,pass,0.0,0,0,0,,,,,-0.512461839593016,0.0,0.0,0.0,0.0,0.0,0.0,1.0,0.0,0.0,0.0,0.0,0.0,0.0,0.0,0.0,J.Brissett,,T.McBride,,,,,,,-12
LAC,ARI,1,ARI,LAC,LAC,22.0,2.0,pass,11.0,0,0,0,,,,,0.553984326019418,0.0,0.0,0.0,0.0,0.0,0.0,1.0,0.0,0.0,0.0,0.0,0.0,0.0,0.0,1.0,J.Brissett,11.0,K.Bourne,11.0,,,,,,-12
LAC,ARI,1,,,,,,no_play,0.0,0,0,0,,,,,0.0,0.0,0.0,0.0,0.0,0.0,0.0,0.0,0.0,0.0,0.0,0.0,0.0,0.0,0.0,0.0,,,,,,,,,,-12
LAC,ARI,1,ARI,LAC,LAC,11.0,1.0,pass,0.0,0,0,0,,,,,-0.595926301670261,0.0,0.0,0.0,0.0,0.0,0.0,1.0,0.0,0.0,0.0,0.0,0.0,0.0,0.0,0.0,J.Brissett,,T.McBride,,,,,,,-12
LAC,ARI,1,,,,,,no_play,0.0,0,0,0,,,,,0.0,0.0,0.0,0.0,0.0,0.0,0.0,0.0,0.0,0.0,0.0,0.0,0.0,0.0,0.0,0.0,,,,,,,,,,-12
LAC,ARI,1,ARI,LAC,LAC,11.0,2.0,no_play,0.0,0,0,0,,,,,-0.79551513346263,0.0,0.0,0.0,1.0,0.0,0.0,0.0,0.0,0.0,0.0,0.0,0.0,0.0,0.0,0.0,,,,,,,,ARI,15.0,-12
LAC,ARI,1,ARI,LAC,LAC,26.0,2.0,field_goal,0.0,0,0,0,made,,,,0.655741980344772,0.0,0.0,0.0,0.0,0.0,0.0,0.0,0.0,0.0,0.0,0.0,0.0,0.0,0.0,0.0,,,,,,,,,,-12
LAC,ARI,1,,,,,,,,0,0,0,,,,,,,,,,,,,,,,,,,,,,,,,,,,,,-12
LAC,ARI,1,LAC,ARI,ARI,35.0,,kickoff,0.0,0,0,0,,,,,-0.34369626455009,0.0,0.0,0.0,0.0,0.0,0.0,0.0,0.0,0.0,0.0,0.0,0.0,0.0,1.0,0.0,,,,,,,,,,-12
LAC,ARI,1,LAC,ARI,LAC,77.0,1.0,pass,8.0,0,0,0,,,,,0.744322631042451,0.0,0.0,0.0,0.0,0.0,0.0,1.0,0.0,0.0,0.0,0.0,0.0,0.0,0.0,1.0,J.Herbert,8.0,Q.Johnston,8.0,,,,,,-12
LAC,ARI,1,LAC,ARI,LAC,69.0,2.0,run,6.0,0,0,0,,,,,0.0289501356892288,0.0,0.0,0.0,0.0,0.0,1.0,0.0,0.0,0.0,0.0,0.0,0.0,0.0,0.0,0.0,,,,,O.Hampton,6.0,,,,-12
LAC,ARI,1,,,,,,no_play,0.0,0,0,0,,,,,0.0,0.0,0.0,0.0,0.0,0.0,0.0,0.0,0.0,0.0,0.0,0.0,0.0,0.0,0.0,0.0,,,,,,,,,,-12
LAC,ARI,1,LAC,ARI,LAC,63.0,1.0,run,6.0,0,0,0,,,,,0.235407171305269,0.0,0.0,0.0,0.0,0.0,1.0,0.0,0.0,0.0,0.0,0.0,0.0,0.0,0.0,0.0,,,,,O.Hampton,6.0,,,,-12
LAC,ARI,1,LAC,ARI,LAC,57.0,2.0,no_play,0.0,0,0,0,,,,,-0.770392451435328,0.0,0.0,0.0,1.0,0.0,0.0,0.0,0.0,0.0,0.0,0.0,0.0,0.0,0.0,0.0,,,,,,,,LAC,5.0,-12
LAC,ARI,1,LAC,ARI,LAC,62.0,2.0,run,4.0,0,0,1,,,,,-0.4640786529053,0.0,0.0,0.0,0.0,0.0,1.0,0.0,0.0,0.0,0.0,0.0,0.0,0.0,0.0,0.0,,,,,J.Herbert,4.0,,,,-12
LAC,ARI,1,LAC,ARI,LAC,58.0,3.0,pass,0.0,0,0,0,,,,,-1.57411813619547,0.0,0.0,0.0,0.0,0.0,0.0,1.0,0.0,0.0,0.0,0.0,0.0,0.0,0.0,0.0,J.Herbert,,T.Harris,,,,,,,-12
LAC,ARI,1,LAC,ARI,LAC,58.0,4.0,punt,0.0,0,0,0,,,,,-0.141841506352648,0.0,0.0,0.0,0.0,0.0,0.0,0.0,0.0,0.0,0.0,0.0,0.0,0.0,0.0,0.0,,,,,,,,,,-12
LAC,ARI,1,ARI,LAC,ARI,90.0,1.0,run,2.0,0,0,0,,,,,-0.497949591372162,0.0,0.0,0.0,0.0,0.0,1.0,0.0,0.0,0.0,0.0,0.0,0.0,0.0,0.0,0.0,,,,,J.Love,2.0,,,,-12
LAC,ARI,1,ARI,LAC,ARI,88.0,2.0,pass,33.0,0,0,0,,,,,2.77394440374337,0.0,0.0,0.0,0.0,0.0,0.0,1.0,0.0,0.0,0.0,0.0,0.0,0.0,0.0,1.0,J.Brissett,33.0,M.Harrison,33.0,,,,,,-12
LAC,ARI,1,ARI,LAC,ARI,55.0,1.0,run,0.0,0,0,0,,,,,-0.58442894066684,0.0,0.0,0.0,0.0,0.0,1.0,0.0,0.0,0.0,0.0,0.0,0.0,0.0,0.0,0.0,,,,,J.Love,0.0,,,,-12
LAC,ARI,1,ARI,LAC,ARI,55.0,2.0,pass,13.0,0,0,0,,,,,1.34636709582992,0.0,0.0,0.0,0.0,0.0,0.0,1.0,0.0,0.0,0.0,0.0,0.0,0.0,0.0,1.0,J.Brissett,13.0,K.Bourne,13.0,,,,,,-12
LAC,ARI,1,ARI,LAC,LAC,42.0,1.0,pass,17.0,0,0,0,,,,,1.081997706322,0.0,0.0,0.0,0.0,0.0,0.0,1.0,0.0,0.0,0.0,0.0,0.0,0.0,0.0,1.0,J.Brissett,17.0,Mi.Wilson,17.0,,,,,,-12
LAC,ARI,1,ARI,LAC,LAC,25.0,1.0,run,11.0,0,0,0,,,,,0.669232377898879,0.0,0.0,0.0,0.0,0.0,1.0,0.0,0.0,0.0,0.0,0.0,0.0,0.0,0.0,0.0,,,,,T.Allgeier,11.0,,,,-12
LAC,ARI,1,ARI,LAC,LAC,14.0,1.0,run,-1.0,0,0,0,,,,,-0.847926538437605,0.0,0.0,0.0,0.0,0.0,1.0,0.0,0.0,0.0,0.0,0.0,0.0,0.0,0.0,0.0,,,,,T.Allgeier,-1.0,,,,-12
LAC,ARI,1,ARI,LAC,LAC,15.0,2.0,pass,0.0,0,0,0,,,,,-0.782028123969212,0.0,0.0,0.0,0.0,0.0,0.0,1.0,0.0,0.0,0.0,0.0,0.0,0.0,0.0,0.0,J.Brissett,,J.Love,,,,,,,-12
LAC,ARI,1,ARI,LAC,LAC,15.0,3.0,pass,0.0,0,0,0,,,,,-0.814271500842221,0.0,0.0,0.0,0.0,0.0,0.0,1.0,0.0,0.0,0.0,0.0,0.0,0.0,0.0,0.0,J.Brissett,,T.McBride,,,,,,,-12
LAC,ARI,1,ARI,LAC,LAC,15.0,4.0,field_goal,0.0,0,0,0,made,,,,0.210900022108614,0.0,0.0,0.0,0.0,0.0,0.0,0.0,0.0,0.0,0.0,0.0,0.0,0.0,0.0,0.0,,,,,,,,,,-12
LAC,ARI,1,LAC,ARI,ARI,35.0,,kickoff,0.0,0,0,0,,,,,0.804506545653567,0.0,0.0,0.0,1.0,0.0,0.0,0.0,0.0,0.0,0.0,0.0,0.0,0.0,1.0,0.0,,,,,,,,ARI,0.0,-12
LAC,ARI,1,LAC,ARI,LAC,60.0,1.0,no_play,0.0,0,0,0,,,,,3.05256631178781,0.0,0.0,0.0,1.0,0.0,0.0,0.0,0.0,0.0,0.0,0.0,0.0,0.0,0.0,0.0,,,,,,,,ARI,48.0,-12
LAC,ARI,1,LAC,ARI,ARI,12.0,1.0,run,2.0,0,0,0,,,,,-0.469500589650124,0.0,0.0,0.0,0.0,0.0,1.0,0.0,0.0,0.0,0.0,0.0,0.0,0.0,0.0,0.0,,,,,O.Hampton,2.0,,,,-12
LAC,ARI,1,LAC,ARI,ARI,10.0,2.0,run,2.0,0,0,1,,,,,-0.530734994332306,0.0,0.0,0.0,0.0,0.0,1.0,0.0,0.0,0.0,0.0,0.0,0.0,0.0,0.0,0.0,,,,,J.Herbert,2.0,,,,-12
LAC,ARI,1,LAC,ARI,ARI,8.0,3.0,pass,8.0,0,0,0,,,,LAC,2.60120518843178,1.0,0.0,0.0,0.0,0.0,0.0,1.0,0.0,1.0,1.0,0.0,0.0,0.0,0.0,1.0,J.Herbert,8.0,L.McConkey,8.0,,,,,,-12
LAC,ARI,1,LAC,ARI,ARI,15.0,,extra_point,0.0,0,0,0,,good,,,0.0511715660706391,0.0,0.0,0.0,0.0,0.0,0.0,0.0,0.0,0.0,0.0,0.0,1.0,0.0,0.0,0.0,,,,,,,,,,-12
LAC,ARI,1,ARI,LAC,LAC,35.0,,kickoff,0.0,0,0,0,,,,,-0.319014640990645,0.0,0.0,0.0,0.0,0.0,0.0,0.0,0.0,0.0,0.0,0.0,0.0,0.0,1.0,0.0,,,,,,,,,,-12
LAC,ARI,1,ARI,LAC,ARI,79.0,1.0,pass,0.0,0,0,0,,,,,-0.632241252809763,0.0,0.0,0.0,0.0,0.0,0.0,1.0,0.0,0.0,0.0,0.0,0.0,0.0,0.0,0.0,J.Brissett,,Mi.Wilson,,,,,,,-12
LAC,ARI,1,ARI,LAC,ARI,79.0,2.0,pass,6.0,0,0,0,,,,,0.0405983715318143,0.0,0.0,0.0,0.0,0.0,0.0,1.0,0.0,0.0,0.0,0.0,0.0,0.0,0.0,1.0,J.Brissett,6.0,Mi.Wilson,6.0,,,,,,-12
LAC,ARI,1,ARI,LAC,ARI,73.0,3.0,pass,14.0,0,0,0,,,,,1.85618410492316,1.0,0.0,0.0,0.0,0.0,0.0,1.0,0.0,0.0,0.0,0.0,0.0,0.0,0.0,1.0,J.Brissett,14.0,Mi.Wilson,14.0,,,,,,-12
LAC,ARI,1,ARI,LAC,ARI,59.0,1.0,run,3.0,0,0,0,,,,,-0.241998974233866,0.0,0.0,0.0,0.0,0.0,1.0,0.0,0.0,0.0,0.0,0.0,0.0,0.0,0.0,0.0,,,,,J.Love,3.0,,,,-12
LAC,ARI,1,ARI,LAC,ARI,56.0,2.0,pass,7.0,0,0,0,,,,,0.927245445549488,0.0,0.0,0.0,0.0,0.0,0.0,1.0,0.0,0.0,0.0,0.0,0.0,0.0,0.0,1.0,J.Brissett,7.0,T.McBride,7.0,,,,,,-12
LAC,ARI,1,ARI,LAC,LAC,49.0,1.0,no_play,0.0,0,0,0,,,,,-0.577726191841066,0.0,0.0,0.0,1.0,0.0,0.0,0.0,0.0,0.0,0.0,0.0,0.0,0.0,0.0,0.0,,,,,,,,ARI,5.0,-12
LAC,ARI,1,ARI,LAC,ARI,54.0,1.0,pass,0.0,0,0,0,,,,,-0.639965065289289,0.0,0.0,0.0,0.0,0.0,0.0,1.0,0.0,0.0,0.0,0.0,0.0,0.0,0.0,0.0,J.Brissett,,J.Love,,,,,,,-12
LAC,ARI,1,ARI,LAC,ARI,54.0,2.0,pass,0.0,0,0,0,,,,,-1.0320623437874,0.0,0.0,0.0,0.0,0.0,0.0,1.0,0.0,0.0,0.0,0.0,0.0,0.0,0.0,0.0,J.Brissett,,M.Harrison,,,,,,,-12
LAC,ARI,1,ARI,LAC,ARI,54.0,3.0,pass,5.0,0,0,0,,,,,-1.01741548115388,0.0,0.0,0.0,0.0,0.0,0.0,1.0,0.0,0.0,0.0,0.0,0.0,0.0,0.0,1.0,J.Brissett,5.0,T.McBride,5.0,,,,,,-12
LAC,ARI,1,ARI,LAC,LAC,49.0,4.0,punt,0.0,0,0,0,,,,,-0.486326760612428,0.0,0.0,0.0,0.0,0.0,0.0,0.0,0.0,0.0,0.0,0.0,0.0,0.0,0.0,0.0,,,,,,,,,,-12
LAC,ARI,1,LAC,ARI,LAC,88.0,1.0,pass,6.0,0,0,0,,,,,0.187248965259641,0.0,0.0,0.0,0.0,0.0,0.0,1.0,0.0,0.0,0.0,0.0,0.0,0.0,0.0,1.0,J.Herbert,6.0,T.Harris,6.0,,,,,,-12
LAC,ARI,1,LAC,ARI,LAC,82.0,2.0,run,6.0,0,0,0,,,,,0.412012620130554,0.0,0.0,0.0,0.0,0.0,1.0,0.0,0.0,0.0,0.0,0.0,0.0,0.0,0.0,0.0,,,,,O.Hampton,6.0,,,,-12
LAC,ARI,1,LAC,ARI,LAC,76.0,1.0,no_play,0.0,0,0,0,,,,,-0.636066353879869,0.0,0.0,0.0,1.0,0.0,0.0,0.0,0.0,0.0,0.0,0.0,0.0,0.0,0.0,0.0,,,,,,,,LAC,5.0,-12
LAC,ARI,1,LAC,ARI,LAC,81.0,1.0,pass,0.0,0,0,0,,,,,-0.666090465849266,0.0,0.0,0.0,0.0,0.0,0.0,1.0,0.0,0.0,0.0,0.0,0.0,0.0,0.0,0.0,J.Herbert,,T.Harris,,,,,,,-12
LAC,ARI,1,LAC,ARI,LAC,81.0,2.0,run,-1.0,0,0,0,,,,,-1.01762354047969,0.0,0.0,0.0,0.0,0.0,1.0,0.0,0.0,0.0,0.0,0.0,0.0,0.0,0.0,0.0,,,,,O.Hampton,-1.0,,,,-12
LAC,ARI,1,LAC,ARI,LAC,82.0,3.0,pass,0.0,0,0,0,,,,,-1.02852114057168,0.0,0.0,0.0,0.0,0.0,0.0,1.0,0.0,0.0,0.0,0.0,0.0,0.0,0.0,0.0,J.Herbert,,L.McConkey,,,,,,,-12
LAC,ARI,1,LAC,ARI,LAC,82.0,4.0,punt,0.0,0,0,0,,,,,0.306350640952587,0.0,0.0,0.0,0.0,0.0,0.0,0.0,0.0,0.0,0.0,0.0,0.0,0.0,0.0,0.0,,,,,,,,,,-12
LAC,ARI,1,ARI,LAC,ARI,69.0,1.0,run,0.0,0,0,0,,,,,-0.568547169445083,0.0,0.0,0.0,0.0,0.0,1.0,0.0,0.0,0.0,0.0,0.0,0.0,0.0,0.0,0.0,,,,,J.Love,0.0,,,,-12
LAC,ARI,1,ARI,LAC,,,,,,0,0,0,,,,,0.0,,,,,,,,,,,,,,,,,,,,,,,,,-12
LAC,ARI,1,ARI,LAC,ARI,69.0,2.0,pass,5.0,0,0,0,,,,,-0.25328031857498,0.0,0.0,0.0,0.0,0.0,0.0,1.0,0.0,0.0,0.0,0.0,0.0,0.0,0.0,1.0,J.Brissett,5.0,K.Bourne,5.0,,,,,,-12
LAC,ARI,1,ARI,LAC,ARI,64.0,3.0,pass,4.0,0,0,0,,,,,-0.79735354706645,0.0,0.0,0.0,0.0,0.0,0.0,1.0,0.0,0.0,0.0,0.0,0.0,0.0,0.0,1.0,J.Brissett,4.0,K.Bourne,4.0,,,,,,-12
LAC,ARI,1,ARI,LAC,ARI,60.0,4.0,punt,0.0,0,0,0,,,,,-1.17099695256911,0.0,0.0,0.0,0.0,0.0,0.0,0.0,0.0,0.0,0.0,0.0,0.0,0.0,0.0,0.0,,,,,,,,,,-12
LAC,ARI,1,LAC,ARI,LAC,80.0,1.0,pass,-4.0,0,0,0,,,,,-1.2873175831046,0.0,0.0,0.0,0.0,0.0,0.0,1.0,1.0,0.0,0.0,0.0,0.0,0.0,0.0,0.0,J.Herbert,,,,,,,,,-12
LAC,ARI,1,LAC,ARI,LAC,84.0,2.0,pass,3.0,0,0,0,,,,,-0.44063282944262,0.0,0.0,0.0,0.0,0.0,0.0,1.0,0.0,0.0,0.0,0.0,0.0,0.0,0.0,1.0,J.Herbert,3.0,T.Harris,3.0,,,,,,-12
LAC,ARI,1,LAC,ARI,LAC,81.0,3.0,pass,0.0,0,0,0,,,,,-1.14531577331945,0.0,0.0,0.0,0.0,0.0,0.0,1.0,0.0,0.0,0.0,0.0,0.0,0.0,0.0,0.0,J.Herbert,,Q.Johnston,,,,,,,-12
LAC,ARI,1,LAC,ARI,LAC,81.0,4.0,punt,0.0,0,0,0,,,,,-4.38638728606747,0.0,0.0,0.0,0.0,0.0,0.0,0.0,0.0,0.0,0.0,0.0,0.0,0.0,0.0,0.0,,,,,,,,,,-12
LAC,ARI,1,ARI,LAC,LAC,3.0,1.0,run,0.0,0,0,0,,,,,-0.381938267382793,0.0,0.0,0.0,0.0,0.0,1.0,0.0,0.0,0.0,0.0,0.0,0.0,0.0,0.0,0.0,,,,,T.Allgeier,0.0,,,,-12
LAC,ARI,1,ARI,LAC,LAC,3.0,2.0,pass,3.0,0,0,0,,,,ARI,1.1799865840585,0.0,0.0,0.0,0.0,0.0,0.0,1.0,0.0,1.0,1.0,0.0,0.0,0.0,0.0,1.0,J.Brissett,3.0,T.McBride,3.0,,,,,,-12
LAC,ARI,1,ARI,LAC,LAC,15.0,,extra_point,0.0,0,0,0,,good,,,0.0511715660706391,0.0,0.0,0.0,0.0,0.0,0.0,0.0,0.0,0.0,0.0,0.0,1.0,0.0,0.0,0.0,,,,,,,,,,-12
LAC,ARI,1,LAC,ARI,ARI,35.0,,kickoff,0.0,0,0,0,,,,,-0.543524326989427,0.0,0.0,0.0,0.0,0.0,0.0,0.0,0.0,0.0,0.0,0.0,0.0,0.0,1.0,0.0,,,,,,,,,,-12
LAC,ARI,1,LAC,ARI,LAC,84.0,1.0,pass,9.0,0,0,0,,,,,0.809230150654912,0.0,0.0,0.0,0.0,0.0,0.0,1.0,0.0,0.0,0.0,0.0,0.0,0.0,0.0,1.0,J.Herbert,9.0,Q.Johnston,9.0,,,,,,-12
LAC,ARI,1,LAC,ARI,LAC,75.0,2.0,run,2.0,0,0,0,,,,,-0.149919551797211,0.0,0.0,0.0,0.0,0.0,1.0,0.0,0.0,0.0,0.0,0.0,0.0,0.0,0.0,0.0,,,,,O.Hampton,2.0,,,,-12
LAC,ARI,1,LAC,ARI,LAC,73.0,1.0,pass,13.0,0,0,0,,,,,0.637983086518943,0.0,0.0,0.0,0.0,0.0,0.0,1.0,0.0,0.0,0.0,0.0,0.0,0.0,0.0,1.0,J.Herbert,13.0,D.Njoku,13.0,,,,,,-12
LAC,ARI,1,LAC,ARI,LAC,60.0,1.0,pass,0.0,0,0,0,,,,,-2.34865460090805,0.0,0.0,1.0,0.0,0.0,0.0,1.0,0.0,0.0,0.0,0.0,0.0,0.0,0.0,0.0,J.Herbert,,D.Davis,,,,,,,-12
LAC,ARI,1,ARI,LAC,ARI,95.0,1.0,run,2.0,0,0,0,,,,,-0.589360890327953,0.0,0.0,0.0,0.0,0.0,1.0,0.0,0.0,0.0,0.0,0.0,0.0,0.0,0.0,0.0,,,,,T.Allgeier,2.0,,,,-12
LAC,ARI,1,ARI,LAC,ARI,93.0,2.0,run,4.0,0,0,0,,,,,0.117391710169613,0.0,0.0,0.0,0.0,0.0,1.0,0.0,0.0,0.0,0.0,0.0,0.0,0.0,0.0,0.0,,,,,T.Allgeier,4.0,,,,-12
LAC,ARI,1,ARI,LAC,ARI,89.0,3.0,pass,6.0,0,0,0,,,,,1.25957663264126,1.0,0.0,0.0,0.0,0.0,0.0,1.0,0.0,0.0,0.0,0.0,0.0,0.0,0.0,1.0,J.Brissett,6.0,T.McBride,6.0,,,,,,-12
LAC,ARI,1,ARI,LAC,ARI,83.0,1.0,run,7.0,0,0,0,,,,,0.261024783132598,0.0,0.0,0.0,0.0,0.0,1.0,0.0,0.0,0.0,0.0,0.0,0.0,0.0,0.0,0.0,,,,,T.Allgeier,7.0,,,,-12
LAC,ARI,1,ARI,LAC,ARI,76.0,2.0,run,7.0,0,0,0,,,,,0.557213853579015,0.0,0.0,0.0,0.0,0.0,1.0,0.0,0.0,0.0,0.0,0.0,0.0,0.0,0.0,0.0,,,,,T.Allgeier,7.0,,,,-12
LAC,ARI,1,ARI,LAC,ARI,69.0,1.0,run,4.0,0,0,0,,,,,-0.320186435710639,0.0,0.0,0.0,0.0,0.0,1.0,0.0,0.0,0.0,0.0,0.0,0.0,0.0,0.0,0.0,,,,,T.Allgeier,4.0,,,,-12
LAC,ARI,1,ARI,LAC,ARI,65.0,2.0,run,4.0,0,0,0,,,,,-0.0027904738672077,0.0,0.0,0.0,0.0,0.0,1.0,0.0,0.0,0.0,0.0,0.0,0.0,0.0,0.0,0.0,,,,,J.Love,4.0,,,,-12
LAC,ARI,1,ARI,LAC,ARI,61.0,3.0,pass,0.0,0,0,0,,,,,-1.59611808508635,0.0,0.0,0.0,0.0,0.0,0.0,1.0,1.0,0.0,0.0,0.0,0.0,0.0,0.0,0.0,J.Brissett,,,,,,,,,-12
LAC,ARI,1,ARI,LAC,ARI,61.0,4.0,punt,0.0,0,0,0,,,,,-0.553445905912668,0.0,0.0,0.0,0.0,0.0,0.0,0.0,0.0,0.0,0.0,0.0,0.0,0.0,0.0,0.0,,,,,,,,,,-12
LAC,ARI,1,LAC,ARI,LAC,80.0,1.0,run,11.0,0,0,1,,,,,0.73423968476709,0.0,0.0,0.0,0.0,0.0,1.0,0.0,0.0,0.0,0.0,0.0,0.0,0.0,0.0,0.0,,,,,J.Herbert,11.0,,,,-12
LAC,ARI,1,LAC,ARI,LAC,69.0,1.0,pass,0.0,0,0,0,,,,,-0.573017358779907,0.0,0.0,0.0,0.0,0.0,0.0,1.0,0.0,0.0,0.0,0.0,0.0,0.0,0.0,0.0,J.Herbert,,Q.Johnston,,,,,,,-12
LAC,ARI,1,LAC,ARI,LAC,69.0,2.0,no_play,0.0,0,0,0,,,,,-0.771750267245807,0.0,0.0,0.0,1.0,0.0,0.0,0.0,0.0,0.0,0.0,0.0,0.0,0.0,0.0,0.0,,,,,,,,LAC,5.0,-12
LAC,ARI,1,LAC,ARI,LAC,74.0,2.0,no_play,0.0,0,0,0,,,,,-0.268341599497944,0.0,0.0,0.0,1.0,0.0,0.0,0.0,0.0,0.0,0.0,0.0,0.0,0.0,0.0,0.0,,,,,,,,LAC,5.0,-12
LAC,ARI,1,LAC,ARI,LAC,79.0,2.0,no_play,0.0,0,0,0,,,,,-0.631523013813421,0.0,0.0,0.0,1.0,0.0,0.0,0.0,0.0,0.0,0.0,0.0,0.0,0.0,0.0,0.0,,,,,,,,LAC,10.0,-12
LAC,ARI,1,LAC,ARI,LAC,89.0,2.0,pass,0.0,0,0,0,,,,,-0.617303478531539,0.0,0.0,0.0,0.0,0.0,0.0,1.0,0.0,0.0,0.0,0.0,0.0,0.0,0.0,0.0,J.Herbert,,T.Harris,,,,,,,-12
LAC,ARI,1,,,,,,no_play,0.0,0,0,0,,,,,0.0,0.0,0.0,0.0,0.0,0.0,0.0,0.0,0.0,0.0,0.0,0.0,0.0,0.0,0.0,0.0,,,,,,,,,,-12
LAC,ARI,1,LAC,ARI,LAC,89.0,3.0,pass,12.0,0,0,0,,,,,0.0714720042888075,0.0,0.0,0.0,0.0,0.0,0.0,1.0,0.0,0.0,0.0,0.0,0.0,0.0,0.0,1.0,J.Herbert,12.0,D.Njoku,12.0,,,,,,-12
LAC,ARI,1,LAC,ARI,LAC,77.0,4.0,pass,15.0,0,0,0,,,,,-2.02781349141151,0.0,0.0,0.0,0.0,0.0,0.0,1.0,0.0,0.0,0.0,0.0,0.0,0.0,0.0,1.0,J.Herbert,15.0,D.Njoku,15.0,,,,,,-12
LAC,ARI,1,ARI,LAC,LAC,38.0,1.0,run,2.0,0,0,0,,,,,-1.50295499042841,0.0,0.0,0.0,0.0,0.0,1.0,0.0,0.0,0.0,0.0,0.0,0.0,0.0,0.0,0.0,,,,,T.Allgeier,2.0,,,,-12
LAC,ARI,1,,,,,,no_play,0.0,0,0,0,,,,,0.0,0.0,0.0,0.0,0.0,0.0,0.0,0.0,0.0,0.0,0.0,0.0,0.0,0.0,0.0,0.0,,,,,,,,,,-12
LAC,ARI,1,ARI,LAC,LAC,36.0,2.0,run,3.0,0,0,0,,,,,-0.307021840242669,0.0,0.0,0.0,0.0,0.0,1.0,0.0,0.0,0.0,0.0,0.0,0.0,0.0,0.0,0.0,,,,,T.Allgeier,3.0,,,,-12
LAC,ARI,1,ARI,LAC,LAC,33.0,3.0,run,3.0,0,0,0,,,,,0.366849836387501,0.0,0.0,0.0,0.0,0.0,1.0,0.0,0.0,0.0,0.0,0.0,0.0,0.0,0.0,0.0,,,,,T.Allgeier,3.0,,,,-12
LAC,ARI,1,ARI,LAC,LAC,30.0,4.0,field_goal,0.0,0,0,0,made,,,,1.03901909418002,0.0,0.0,0.0,0.0,0.0,0.0,0.0,0.0,0.0,0.0,0.0,0.0,0.0,0.0,0.0,,,,,,,,,,-12
LAC,ARI,1,LAC,ARI,ARI,35.0,,kickoff,0.0,0,0,0,,,,,0.523424979881384,0.0,0.0,0.0,0.0,0.0,0.0,0.0,0.0,0.0,0.0,0.0,0.0,0.0,1.0,0.0,,,,,,,,,,-12
LAC,ARI,1,LAC,ARI,LAC,65.0,1.0,pass,-8.0,0,0,0,,,,,-1.11723964556586,0.0,0.0,0.0,0.0,0.0,0.0,1.0,1.0,0.0,0.0,0.0,0.0,0.0,0.0,0.0,J.Herbert,,,,,,,,,-12
LAC,ARI,1,LAC,ARI,LAC,73.0,2.0,pass,0.0,0,0,0,,,,,-0.479509291821159,0.0,0.0,0.0,0.0,0.0,0.0,1.0,0.0,0.0,0.0,0.0,0.0,0.0,0.0,0.0,J.Herbert,,Q.Johnston,,,,,,,-12
LAC,ARI,1,LAC,ARI,LAC,73.0,3.0,pass,11.0,0,0,0,,,,,-0.238456208375283,0.0,0.0,0.0,0.0,0.0,0.0,1.0,0.0,0.0,0.0,0.0,0.0,0.0,0.0,1.0,J.Herbert,11.0,T.Harris,11.0,,,,,,-12
LAC,ARI,1,LAC,ARI,LAC,62.0,4.0,pass,6.0,0,0,0,,,,,-1.76426373823779,0.0,0.0,0.0,0.0,0.0,0.0,1.0,0.0,0.0,0.0,0.0,0.0,0.0,0.0,1.0,J.Herbert,6.0,O.Gadsden,6.0,,,,,,-12
LAC,ARI,1,ARI,LAC,LAC,44.0,1.0,qb_kneel,-1.0,1,0,0,,,,,-0.489555841893889,0.0,0.0,0.0,0.0,0.0,1.0,0.0,0.0,0.0,0.0,0.0,0.0,0.0,0.0,0.0,,,,,J.Brissett,-1.0,,,,-12
LAC,ARI,1,ARI,LAC,LAC,45.0,2.0,qb_kneel,-1.0,1,0,0,,,,,-0.197215886728372,0.0,0.0,0.0,0.0,0.0,1.0,0.0,0.0,0.0,0.0,0.0,0.0,0.0,0.0,0.0,,,,,J.Brissett,-1.0,,,,-12
LAC,ARI,1,ARI,LAC,LAC,46.0,3.0,qb_kneel,-1.0,1,0,0,,,,,-0.842083171242848,0.0,0.0,0.0,0.0,0.0,1.0,0.0,0.0,0.0,0.0,0.0,0.0,0.0,0.0,0.0,,,,,J.Brissett,-1.0,,,,-12
LAC,ARI,1,ARI,LAC,,,,,,0,0,0,,,,,,,,,,,,,,,,,,,,,,,,,,,,,,-12
PIT,ATL,1,,,,,,,,0,0,0,,,,,0.0,,,,,,,,,,,,,,,,,,,,,,,,,7
PIT,ATL,1,PIT,ATL,ATL,35.0,,kickoff,0.0,0,0,0,,,,,0.826603177236393,0.0,0.0,0.0,0.0,0.0,0.0,0.0,0.0,0.0,0.0,0.0,0.0,0.0,1.0,0.0,,,,,,,,,,7
PIT,ATL,1,PIT,ATL,PIT,62.0,1.0,pass,0.0,0,0,0,,,,,-0.486624904675409,0.0,0.0,0.0,0.0,0.0,0.0,1.0,0.0,0.0,0.0,0.0,0.0,0.0,0.0,0.0,A.Rodgers,,,,,,,,,7
PIT,ATL,1,PIT,ATL,PIT,62.0,2.0,run,4.0,0,0,0,,,,,-0.495858779642731,0.0,0.0,0.0,0.0,0.0,1.0,0.0,0.0,0.0,0.0,0.0,0.0,0.0,0.0,0.0,,,,,J.Warren,4.0,,,,7
PIT,ATL,1,PIT,ATL,PIT,58.0,3.0,pass,0.0,0,0,0,,,,,-1.57847676286474,0.0,0.0,0.0,0.0,0.0,0.0,1.0,0.0,0.0,0.0,0.0,0.0,0.0,0.0,0.0,A.Rodgers,,D.Metcalf,,,,,,,7
PIT,ATL,1,PIT,ATL,PIT,58.0,4.0,punt,0.0,0,0,0,,,,,0.0259790886193514,0.0,0.0,0.0,0.0,0.0,0.0,0.0,0.0,0.0,0.0,0.0,0.0,0.0,0.0,0.0,,,,,,,,,,7
PIT,ATL,1,ATL,PIT,ATL,83.0,1.0,run,2.0,0,0,0,,,,,-0.481132688000798,0.0,0.0,0.0,0.0,0.0,1.0,0.0,0.0,0.0,0.0,0.0,0.0,0.0,0.0,0.0,,,,,Bi.Robinson,2.0,,,,7
PIT,ATL,1,ATL,PIT,ATL,81.0,2.0,pass,4.0,0,0,0,,,,,-0.146002063527703,0.0,0.0,0.0,0.0,0.0,0.0,1.0,0.0,0.0,0.0,0.0,0.0,0.0,0.0,1.0,C.Rush,4.0,Bi.Robinson,4.0,,,,,,7
PIT,ATL,1,ATL,PIT,ATL,77.0,3.0,pass,-7.0,0,0,0,,,,,-2.05424473574385,0.0,0.0,0.0,0.0,0.0,0.0,1.0,1.0,0.0,0.0,0.0,0.0,0.0,0.0,0.0,C.Rush,,,,,,,,,7
PIT,ATL,1,ATL,PIT,ATL,84.0,4.0,punt,0.0,0,0,0,,,,,0.469846089603379,0.0,0.0,0.0,0.0,0.0,0.0,0.0,0.0,0.0,0.0,0.0,0.0,0.0,0.0,0.0,,,,,,,,,,7
PIT,ATL,1,PIT,ATL,PIT,68.0,1.0,run,6.0,0,0,0,,,,,0.136999298119918,0.0,0.0,0.0,0.0,0.0,1.0,0.0,0.0,0.0,0.0,0.0,0.0,0.0,0.0,0.0,,,,,R.Dowdle,6.0,,,,7
PIT,ATL,1,PIT,ATL,PIT,62.0,2.0,pass,9.0,0,0,0,,,,,0.776716134278104,0.0,0.0,0.0,0.0,0.0,0.0,1.0,0.0,0.0,0.0,0.0,0.0,0.0,0.0,1.0,A.Rodgers,9.0,P.Freiermuth,9.0,,,,,,7
PIT,ATL,1,PIT,ATL,PIT,53.0,1.0,pass,6.0,0,0,0,,,,,0.15378972585313,0.0,0.0,0.0,0.0,0.0,0.0,1.0,0.0,0.0,0.0,0.0,0.0,0.0,0.0,1.0,A.Rodgers,6.0,D.Metcalf,6.0,,,,,,7
PIT,ATL,1,PIT,ATL,ATL,47.0,2.0,pass,21.0,0,0,0,,,,,1.47647841775324,0.0,0.0,0.0,0.0,0.0,0.0,1.0,0.0,0.0,0.0,0.0,0.0,0.0,0.0,1.0,A.Rodgers,21.0,M.Pittman,21.0,,,,,,7
PIT,ATL,1,PIT,ATL,ATL,26.0,1.0,run,1.0,0,0,0,,,,,-0.489191850996576,0.0,0.0,0.0,0.0,0.0,1.0,0.0,0.0,0.0,0.0,0.0,0.0,0.0,0.0,0.0,,,,,R.Dowdle,1.0,,,,7
PIT,ATL,1,PIT,ATL,ATL,25.0,2.0,pass,0.0,0,0,0,,,,,-0.644343620631844,0.0,0.0,0.0,0.0,0.0,0.0,1.0,0.0,0.0,0.0,0.0,0.0,0.0,0.0,0.0,A.Rodgers,,R.Dowdle,,,,,,,7
PIT,ATL,1,PIT,ATL,ATL,25.0,3.0,pass,0.0,0,0,0,,,,,-1.37764919079173,0.0,0.0,0.0,0.0,0.0,0.0,1.0,0.0,0.0,0.0,0.0,0.0,0.0,0.0,0.0,A.Rodgers,,R.Dowdle,,,,,,,7
PIT,ATL,1,PIT,ATL,ATL,25.0,4.0,field_goal,0.0,0,0,0,made,,,,0.989948102229119,0.0,0.0,0.0,0.0,0.0,0.0,0.0,0.0,0.0,0.0,0.0,0.0,0.0,0.0,0.0,,,,,,,,,,7
PIT,ATL,1,ATL,PIT,PIT,35.0,,kickoff,0.0,0,0,0,,,,,-0.279505772981793,0.0,0.0,0.0,0.0,0.0,0.0,0.0,0.0,0.0,0.0,0.0,0.0,0.0,1.0,0.0,,,,,,,,,,7
PIT,ATL,1,ATL,PIT,ATL,77.0,1.0,pass,7.0,0,0,0,,,,,0.493519854731858,0.0,0.0,0.0,0.0,0.0,0.0,1.0,0.0,0.0,0.0,0.0,0.0,0.0,0.0,1.0,C.Rush,7.0,Bi.Robinson,7.0,,,,,,7
PIT,ATL,1,ATL,PIT,ATL,70.0,2.0,run,5.0,0,0,0,,,,,0.313327288255096,0.0,0.0,0.0,0.0,0.0,1.0,0.0,0.0,0.0,0.0,0.0,0.0,0.0,0.0,0.0,,,,,Bi.Robinson,5.0,,,,7
PIT,ATL,1,ATL,PIT,ATL,65.0,1.0,pass,7.0,0,0,0,,,,,0.472829979145899,0.0,0.0,0.0,0.0,0.0,0.0,1.0,0.0,0.0,0.0,0.0,0.0,0.0,0.0,1.0,C.Rush,7.0,Bi.Robinson,7.0,,,,,,7
PIT,ATL,1,ATL,PIT,ATL,58.0,2.0,run,7.0,0,0,0,,,,,0.587342152372003,0.0,0.0,0.0,0.0,0.0,1.0,0.0,0.0,0.0,0.0,0.0,0.0,0.0,0.0,0.0,,,,,Br.Robinson,7.0,,,,7
PIT,ATL,1,ATL,PIT,ATL,51.0,1.0,run,1.0,0,0,0,,,,,-0.484406529925764,0.0,0.0,0.0,0.0,0.0,1.0,0.0,0.0,0.0,0.0,0.0,0.0,0.0,0.0,0.0,,,,,Br.Robinson,1.0,,,,7
PIT,ATL,1,ATL,PIT,50,50.0,2.0,no_play,0.0,0,0,0,,,,,-1.07018900313415,0.0,0.0,0.0,1.0,0.0,0.0,0.0,0.0,0.0,0.0,0.0,0.0,0.0,0.0,0.0,,,,,,,,ATL,10.0,7
PIT,ATL,1,ATL,PIT,ATL,60.0,2.0,pass,0.0,0,0,0,,,,,-0.91247421503067,0.0,0.0,0.0,0.0,0.0,0.0,1.0,0.0,0.0,0.0,0.0,0.0,0.0,0.0,0.0,C.Rush,,K.Pitts,,,,,,,7
PIT,ATL,1,ATL,PIT,ATL,60.0,3.0,pass,0.0,0,0,0,,,,,-1.11273427121341,0.0,0.0,0.0,0.0,0.0,0.0,1.0,0.0,0.0,0.0,0.0,0.0,0.0,0.0,0.0,C.Rush,,J.Dotson,,,,,,,7
PIT,ATL,1,ATL,PIT,ATL,60.0,4.0,punt,0.0,0,0,0,,,,,0.615204276517034,0.0,0.0,0.0,0.0,0.0,0.0,0.0,0.0,0.0,0.0,0.0,0.0,0.0,0.0,0.0,,,,,,,,,,7
PIT,ATL,1,PIT,ATL,PIT,87.0,1.0,pass,9.0,0,0,0,,,,,0.72925624018535,0.0,0.0,0.0,0.0,0.0,0.0,1.0,0.0,0.0,0.0,0.0,0.0,0.0,0.0,1.0,A.Rodgers,9.0,D.Metcalf,9.0,,,,,,7
PIT,ATL,1,PIT,ATL,PIT,78.0,2.0,run,3.0,0,0,0,,,,,0.146940794074908,0.0,0.0,0.0,0.0,0.0,1.0,0.0,0.0,0.0,0.0,0.0,0.0,0.0,0.0,0.0,,,,,J.Warren,3.0,,,,7
PIT,ATL,1,PIT,ATL,PIT,75.0,1.0,run,2.0,0,0,0,,,,,-0.467919509159401,0.0,0.0,0.0,0.0,0.0,1.0,0.0,0.0,0.0,0.0,0.0,0.0,0.0,0.0,0.0,,,,,J.Warren,2.0,,,,7
PIT,ATL,1,PIT,ATL,PIT,73.0,2.0,pass,-2.0,0,0,0,,,,,-5.12980534823146,0.0,0.0,0.0,0.0,1.0,0.0,1.0,0.0,0.0,0.0,0.0,0.0,0.0,0.0,1.0,A.Rodgers,-2.0,J.Warren,-2.0,,,J.Warren,,,7
PIT,ATL,1,ATL,PIT,PIT,25.0,1.0,run,3.0,0,0,0,,,,,-0.173887885524891,0.0,0.0,0.0,0.0,0.0,1.0,0.0,0.0,0.0,0.0,0.0,0.0,0.0,0.0,0.0,,,,,Br.Robinson,3.0,,,,7
PIT,ATL,1,ATL,PIT,PIT,22.0,2.0,run,-1.0,0,0,0,,,,,-0.672660730779171,0.0,0.0,0.0,0.0,0.0,1.0,0.0,0.0,0.0,0.0,0.0,0.0,0.0,0.0,0.0,,,,,Br.Robinson,-1.0,,,,7
PIT,ATL,1,ATL,PIT,PIT,23.0,3.0,pass,23.0,0,0,0,,,,ATL,3.62281989026815,1.0,0.0,0.0,0.0,0.0,0.0,1.0,0.0,1.0,1.0,0.0,0.0,0.0,0.0,1.0,C.Rush,23.0,Bi.Robinson,23.0,,,,,,7
PIT,ATL,1,ATL,PIT,PIT,15.0,,extra_point,0.0,0,0,0,,good,,,0.0675730031076331,0.0,0.0,0.0,0.0,0.0,0.0,0.0,0.0,0.0,0.0,0.0,1.0,0.0,0.0,0.0,,,,,,,,,,7
PIT,ATL,1,PIT,ATL,ATL,35.0,,kickoff,0.0,0,0,0,,,,,0.259734698338434,0.0,0.0,0.0,0.0,0.0,0.0,0.0,0.0,0.0,0.0,0.0,0.0,0.0,1.0,0.0,,,,,,,,,,7
PIT,ATL,1,PIT,ATL,PIT,71.0,1.0,no_play,0.0,0,0,0,,,,,0.210672876331955,0.0,0.0,0.0,1.0,0.0,0.0,0.0,0.0,0.0,0.0,0.0,0.0,0.0,0.0,0.0,,,,,,,,ATL,5.0,7
PIT,ATL,1,PIT,ATL,PIT,66.0,1.0,run,3.0,0,0,0,,,,,-0.246459727408364,0.0,0.0,0.0,0.0,0.0,1.0,0.0,0.0,0.0,0.0,0.0,0.0,0.0,0.0,0.0,,,,,R.Dowdle,3.0,,,,7
PIT,ATL,1,PIT,ATL,,,,,,0,0,0,,,,,0.0,,,,,,,,,,,,,,,,,,,,,,,,,7
PIT,ATL,1,PIT,ATL,PIT,63.0,2.0,run,0.0,0,0,0,,,,,-1.16403000801802,0.0,0.0,0.0,0.0,0.0,1.0,0.0,0.0,0.0,0.0,0.0,0.0,0.0,0.0,0.0,,,,,R.Dowdle,0.0,,,,7
PIT,ATL,1,,,,,,no_play,0.0,0,0,0,,,,,0.0,0.0,0.0,0.0,0.0,0.0,0.0,0.0,0.0,0.0,0.0,0.0,0.0,0.0,0.0,0.0,,,,,,,,,,7
PIT,ATL,1,PIT,ATL,PIT,63.0,3.0,no_play,0.0,0,0,0,,,,,3.8190717989346,0.0,0.0,0.0,1.0,0.0,0.0,0.0,0.0,0.0,0.0,0.0,0.0,0.0,0.0,0.0,,,,,,,,ATL,37.0,7
PIT,ATL,1,PIT,ATL,ATL,26.0,1.0,pass,0.0,0,0,0,,,,,-0.449987247237004,0.0,0.0,0.0,0.0,0.0,0.0,1.0,0.0,0.0,0.0,0.0,0.0,0.0,0.0,0.0,A.Rodgers,,D.Metcalf,,,,,,,7
PIT,ATL,1,PIT,ATL,ATL,26.0,2.0,pass,11.0,0,0,0,,,,,1.14407132560154,0.0,0.0,0.0,0.0,0.0,0.0,1.0,0.0,0.0,0.0,0.0,0.0,0.0,0.0,1.0,A.Rodgers,11.0,D.Metcalf,11.0,,,,,,7
PIT,ATL,1,PIT,ATL,ATL,15.0,1.0,run,3.0,0,0,0,,,,,-0.261912509158719,0.0,0.0,0.0,0.0,0.0,1.0,0.0,0.0,0.0,0.0,0.0,0.0,0.0,0.0,0.0,,,,,R.Dowdle,3.0,,,,7
PIT,ATL,1,PIT,ATL,ATL,12.0,2.0,pass,2.0,0,0,0,,,,,-0.497316004475579,0.0,0.0,0.0,0.0,0.0,0.0,1.0,0.0,0.0,0.0,0.0,0.0,0.0,0.0,1.0,A.Rodgers,2.0,P.Freiermuth,2.0,,,,,,7
PIT,ATL,1,PIT,ATL,ATL,10.0,3.0,pass,0.0,0,0,0,,,,,-1.29242037715189,0.0,0.0,0.0,0.0,0.0,0.0,1.0,0.0,0.0,0.0,0.0,0.0,0.0,0.0,0.0,A.Rodgers,,,,,,,,,7
PIT,ATL,1,PIT,ATL,ATL,10.0,4.0,field_goal,0.0,0,0,0,made,,,,0.120466322184394,0.0,0.0,0.0,0.0,0.0,0.0,0.0,0.0,0.0,0.0,0.0,0.0,0.0,0.0,0.0,,,,,,,,,,7
PIT,ATL,1,ATL,PIT,PIT,35.0,,kickoff,0.0,0,0,0,,,,,-0.176807454554364,0.0,0.0,0.0,1.0,0.0,0.0,0.0,0.0,0.0,0.0,0.0,0.0,0.0,1.0,0.0,,,,,,,,ATL,10.0,7
PIT,ATL,1,ATL,PIT,ATL,76.0,1.0,pass,0.0,0,0,0,,,,,-4.75561617780477,0.0,0.0,1.0,0.0,0.0,0.0,1.0,0.0,0.0,0.0,0.0,0.0,0.0,0.0,0.0,C.Rush,,J.Dotson,,,,,,,7
PIT,ATL,1,PIT,ATL,ATL,31.0,1.0,pass,18.0,0,0,0,,,,,1.22231717425166,0.0,0.0,0.0,0.0,0.0,0.0,1.0,0.0,0.0,0.0,0.0,0.0,0.0,0.0,1.0,A.Rodgers,18.0,J.Warren,18.0,,,,,,7
PIT,ATL,1,PIT,ATL,ATL,13.0,1.0,pass,7.0,0,0,0,,,,,0.428306210262235,0.0,0.0,0.0,0.0,0.0,0.0,1.0,0.0,0.0,0.0,0.0,0.0,0.0,0.0,1.0,A.Rodgers,7.0,J.Warren,7.0,,,,,,7
PIT,ATL,1,PIT,ATL,ATL,6.0,2.0,pass,0.0,0,0,0,,,,,-0.911695131740998,0.0,0.0,0.0,0.0,0.0,0.0,1.0,0.0,0.0,0.0,0.0,0.0,0.0,0.0,0.0,A.Rodgers,,J.Warren,,,,,,,7
PIT,ATL,1,PIT,ATL,ATL,6.0,3.0,pass,6.0,0,0,0,,,,PIT,2.5222247413476,1.0,0.0,0.0,0.0,0.0,0.0,1.0,0.0,1.0,1.0,0.0,0.0,0.0,0.0,1.0,A.Rodgers,6.0,P.Freiermuth,6.0,,,,,,7
PIT,ATL,1,PIT,ATL,ATL,15.0,,extra_point,0.0,0,0,0,,good,,,0.0675730031076331,0.0,0.0,0.0,0.0,0.0,0.0,0.0,0.0,0.0,0.0,0.0,1.0,0.0,0.0,0.0,,,,,,,,,,7
PIT,ATL,1,ATL,PIT,PIT,35.0,,kickoff,0.0,0,0,0,,,,,0.472503686556593,0.0,0.0,0.0,0.0,0.0,0.0,0.0,0.0,0.0,0.0,0.0,0.0,0.0,1.0,0.0,,,,,,,,,,7
PIT,ATL,1,ATL,PIT,ATL,65.0,1.0,run,5.0,0,0,0,,,,,0.151878551812843,0.0,0.0,0.0,0.0,0.0,1.0,0.0,0.0,0.0,0.0,0.0,0.0,0.0,0.0,0.0,,,,,Bi.Robinson,5.0,,,,7
PIT,ATL,1,ATL,PIT,ATL,60.0,2.0,run,5.0,0,0,0,,,,,0.507809359580278,0.0,0.0,0.0,0.0,0.0,1.0,0.0,0.0,0.0,0.0,0.0,0.0,0.0,0.0,0.0,,,,,Bi.Robinson,5.0,,,,7
PIT,ATL,1,ATL,PIT,ATL,55.0,1.0,pass,-2.0,0,0,0,,,,,-0.778699512593448,0.0,0.0,0.0,0.0,0.0,0.0,1.0,1.0,0.0,0.0,0.0,0.0,0.0,0.0,0.0,C.Rush,,,,,,,,,7
PIT,ATL,1,ATL,PIT,ATL,57.0,2.0,pass,11.0,0,0,0,,,,,1.03537233150564,0.0,0.0,0.0,0.0,0.0,0.0,1.0,0.0,0.0,0.0,0.0,0.0,0.0,0.0,1.0,C.Rush,11.0,Bi.Robinson,11.0,,,,,,7
PIT,ATL,1,ATL,PIT,PIT,46.0,3.0,run,-7.0,0,0,0,,,,,-2.74825111473911,0.0,0.0,0.0,0.0,0.0,1.0,0.0,0.0,0.0,0.0,0.0,0.0,0.0,0.0,0.0,,,,,Bi.Robinson,-7.0,Bi.Robinson,,,7
PIT,ATL,1,ATL,PIT,ATL,53.0,4.0,punt,0.0,0,0,0,,,,,-0.0519686888437718,0.0,0.0,0.0,0.0,0.0,0.0,0.0,0.0,0.0,0.0,0.0,0.0,0.0,0.0,0.0,,,,,,,,,,7
PIT,ATL,1,PIT,ATL,PIT,86.0,1.0,run,2.0,0,0,0,,,,,-0.415078445570543,0.0,0.0,0.0,0.0,0.0,1.0,0.0,0.0,0.0,0.0,0.0,0.0,0.0,0.0,0.0,,,,,J.Warren,2.0,,,,7
PIT,ATL,1,PIT,ATL,PIT,84.0,2.0,no_play,0.0,0,0,1,,,,,-0.878135172184557,0.0,0.0,0.0,1.0,0.0,0.0,0.0,0.0,0.0,0.0,0.0,0.0,0.0,0.0,0.0,,,,,,,,PIT,8.0,7
PIT,ATL,1,PIT,ATL,PIT,92.0,2.0,pass,0.0,0,0,0,,,,,-0.671579747926444,0.0,0.0,0.0,0.0,0.0,0.0,1.0,0.0,0.0,0.0,0.0,0.0,0.0,0.0,0.0,A.Rodgers,,R.Dowdle,,,,,,,7
PIT,ATL,1,PIT,ATL,PIT,92.0,3.0,no_play,0.0,0,0,0,,,,,-0.149894944159314,0.0,0.0,0.0,1.0,0.0,0.0,0.0,0.0,0.0,0.0,0.0,0.0,0.0,0.0,0.0,,,,,,,,PIT,4.0,7
PIT,ATL,1,PIT,ATL,PIT,96.0,3.0,pass,0.0,0,0,0,,,,,-0.543170928722248,0.0,0.0,0.0,0.0,0.0,0.0,1.0,0.0,0.0,0.0,0.0,0.0,0.0,0.0,0.0,A.Rodgers,,D.Metcalf,,,,,,,7
PIT,ATL,1,PIT,ATL,PIT,96.0,4.0,punt,0.0,0,0,0,,,,,-0.546698330203071,0.0,0.0,0.0,0.0,0.0,0.0,0.0,0.0,0.0,0.0,0.0,0.0,0.0,0.0,0.0,,,,,,,,,,7
PIT,ATL,1,ATL,PIT,PIT,45.0,1.0,pass,8.0,0,0,0,,,,,0.534209395991638,0.0,0.0,0.0,0.0,0.0,0.0,1.0,0.0,0.0,0.0,0.0,0.0,0.0,0.0,1.0,C.Rush,8.0,D.London,8.0,,,,,,7
PIT,ATL,1,ATL,PIT,PIT,37.0,2.0,run,3.0,0,0,0,,,,,0.0145162354456261,0.0,0.0,0.0,0.0,0.0,1.0,0.0,0.0,0.0,0.0,0.0,0.0,0.0,0.0,0.0,,,,,Bi.Robinson,3.0,,,,7
PIT,ATL,1,ATL,PIT,PIT,34.0,1.0,run,1.0,0,0,0,,,,,-0.471678967180196,0.0,0.0,0.0,0.0,0.0,1.0,0.0,0.0,0.0,0.0,0.0,0.0,0.0,0.0,0.0,,,,,Bi.Robinson,1.0,,,,7
PIT,ATL,1,ATL,PIT,PIT,33.0,2.0,no_play,0.0,0,0,0,,,,,-1.22299080697121,0.0,0.0,0.0,1.0,0.0,0.0,0.0,0.0,0.0,0.0,0.0,0.0,0.0,0.0,0.0,,,,,,,,ATL,10.0,7
PIT,ATL,1,ATL,PIT,PIT,43.0,2.0,pass,0.0,0,0,0,,,,,-0.63444172241725,0.0,0.0,0.0,0.0,0.0,0.0,1.0,0.0,0.0,0.0,0.0,0.0,0.0,0.0,0.0,C.Rush,,,,,,,,,7
PIT,ATL,1,ATL,PIT,PIT,43.0,3.0,pass,7.0,0,0,0,,,,,-0.365283861139991,0.0,0.0,0.0,0.0,0.0,0.0,1.0,0.0,0.0,0.0,0.0,0.0,0.0,0.0,1.0,C.Rush,7.0,Bi.Robinson,7.0,,,,,,7
PIT,ATL,1,,,,,,no_play,0.0,0,0,0,,,,,0.0,0.0,0.0,0.0,0.0,0.0,0.0,0.0,0.0,0.0,0.0,0.0,0.0,0.0,0.0,0.0,,,,,,,,,,7
PIT,ATL,1,ATL,PIT,PIT,36.0,4.0,field_goal,0.0,0,0,0,missed,,,,-2.69181784664913,0.0,0.0,0.0,0.0,0.0,0.0,0.0,0.0,0.0,0.0,0.0,0.0,0.0,0.0,0.0,,,,,,,,,,7
PIT,ATL,1,PIT,ATL,PIT,56.0,1.0,pass,0.0,0,0,0,,,,,-0.313265343662351,0.0,0.0,0.0,0.0,0.0,0.0,1.0,0.0,0.0,0.0,0.0,0.0,0.0,0.0,1.0,A.Rodgers,0.0,J.Warren,0.0,,,,,,7
PIT,ATL,1,PIT,ATL,PIT,56.0,2.0,pass,5.0,0,0,0,,,,,-0.0610646273707971,0.0,0.0,0.0,0.0,0.0,0.0,1.0,0.0,0.0,0.0,0.0,0.0,0.0,0.0,1.0,A.Rodgers,5.0,R.Wilson,5.0,,,,,,7
PIT,ATL,1,PIT,ATL,PIT,51.0,3.0,no_play,0.0,0,0,0,,,,,-1.02734102134127,0.0,0.0,0.0,1.0,0.0,0.0,0.0,0.0,0.0,0.0,0.0,0.0,0.0,0.0,0.0,,,,,,,,PIT,10.0,7
PIT,ATL,1,PIT,ATL,PIT,61.0,3.0,pass,20.0,0,0,0,,,,,2.20001411717385,1.0,0.0,0.0,0.0,0.0,0.0,1.0,0.0,0.0,0.0,0.0,0.0,0.0,0.0,1.0,A.Rodgers,20.0,R.Wilson,20.0,,,,,,7
PIT,ATL,1,PIT,ATL,ATL,41.0,1.0,pass,0.0,0,0,0,,,,,-0.338582761702128,0.0,0.0,0.0,0.0,0.0,0.0,1.0,0.0,0.0,0.0,0.0,0.0,0.0,0.0,0.0,A.Rodgers,,,,,,,,,7
PIT,ATL,1,PIT,ATL,ATL,41.0,2.0,run,-3.0,0,0,0,,,,,-1.06058412103448,0.0,0.0,0.0,0.0,0.0,1.0,0.0,0.0,0.0,0.0,0.0,0.0,0.0,0.0,0.0,,,,,J.Warren,-3.0,,,,7
PIT,ATL,1,,,,,,no_play,0.0,0,0,0,,,,,0.0,0.0,0.0,0.0,0.0,0.0,0.0,0.0,0.0,0.0,0.0,0.0,0.0,0.0,0.0,0.0,,,,,,,,,,7
PIT,ATL,1,PIT,ATL,ATL,44.0,3.0,pass,0.0,0,0,0,,,,,-0.995252831664402,0.0,0.0,0.0,0.0,0.0,0.0,1.0,0.0,0.0,0.0,0.0,0.0,0.0,0.0,0.0,A.Rodgers,,R.Wilson,,,,,,,7
PIT,ATL,1,PIT,ATL,ATL,44.0,4.0,pass,0.0,0,0,0,,,,,-1.84454587288201,0.0,0.0,0.0,0.0,0.0,0.0,1.0,0.0,0.0,0.0,0.0,0.0,0.0,0.0,0.0,C.Johnston,,,,,,,,,7
PIT,ATL,1,ATL,PIT,ATL,56.0,1.0,no_play,0.0,0,0,0,,,,,-0.871575553377625,0.0,0.0,0.0,1.0,0.0,0.0,0.0,0.0,0.0,0.0,0.0,0.0,0.0,0.0,0.0,,,,,,,,ATL,10.0,7
PIT,ATL,1,ATL,PIT,ATL,66.0,1.0,pass,0.0,0,0,0,,,,,-0.259489755961113,0.0,0.0,0.0,0.0,0.0,0.0,1.0,0.0,0.0,0.0,0.0,0.0,0.0,0.0,0.0,C.Rush,,,,,,,,,7
PIT,ATL,1,ATL,PIT,ATL,66.0,2.0,pass,5.0,0,0,0,,,,,-0.108711670909543,0.0,0.0,0.0,0.0,0.0,0.0,1.0,0.0,0.0,0.0,0.0,0.0,0.0,0.0,1.0,C.Rush,5.0,O.Zaccheaus,5.0,,,,,,7
PIT,ATL,1,,,,,,no_play,0.0,0,0,0,,,,,0.0,0.0,0.0,0.0,0.0,0.0,0.0,0.0,0.0,0.0,0.0,0.0,0.0,0.0,0.0,0.0,,,,,,,,,,7
PIT,ATL,1,ATL,PIT,ATL,61.0,3.0,pass,7.0,0,0,0,,,,,-0.25037467997754,0.0,0.0,0.0,0.0,0.0,0.0,1.0,0.0,0.0,0.0,0.0,0.0,0.0,0.0,1.0,C.Rush,7.0,Bi.Robinson,7.0,,,,,,7
PIT,ATL,1,ATL,PIT,ATL,54.0,4.0,no_play,0.0,0,0,0,,,,,-0.109325018478557,0.0,0.0,0.0,1.0,0.0,0.0,0.0,0.0,0.0,0.0,0.0,0.0,0.0,0.0,0.0,,,,,,,,ATL,5.0,7
PIT,ATL,1,ATL,PIT,ATL,59.0,4.0,punt,0.0,0,0,0,,,,,-0.148500595591031,0.0,0.0,0.0,0.0,0.0,0.0,0.0,0.0,0.0,0.0,0.0,0.0,0.0,0.0,0.0,,,,,,,,,,7
PIT,ATL,1,PIT,ATL,PIT,80.0,1.0,pass,0.0,0,0,0,,,,,-0.0311339543550275,0.0,0.0,0.0,0.0,0.0,0.0,1.0,0.0,0.0,0.0,0.0,0.0,0.0,0.0,0.0,A.Rodgers,,R.Wilson,,,,,,,7
PIT,ATL,1,PIT,ATL,PIT,80.0,2.0,pass,19.0,0,0,0,,,,,0.357924796757288,0.0,0.0,0.0,0.0,0.0,0.0,1.0,0.0,0.0,0.0,0.0,0.0,0.0,0.0,1.0,A.Rodgers,19.0,P.Freiermuth,19.0,,,,,,7
PIT,ATL,1,,,,,,no_play,0.0,0,0,0,,,,,0.0,0.0,0.0,0.0,0.0,0.0,0.0,0.0,0.0,0.0,0.0,0.0,0.0,0.0,0.0,0.0,,,,,,,,,,7
PIT,ATL,1,PIT,ATL,PIT,61.0,1.0,pass,-7.0,0,0,0,,,,,-0.436910713848192,0.0,0.0,0.0,0.0,0.0,0.0,1.0,1.0,0.0,0.0,0.0,0.0,0.0,0.0,0.0,A.Rodgers,,,,,,,,,7
PIT,ATL,1,,,,,,,,0,0,0,,,,,,,,,,,,,,,,,,,,,,,,,,,,,,7
PIT,ATL,1,ATL,PIT,PIT,35.0,,kickoff,0.0,0,0,0,,,,,1.22407701169141,0.0,0.0,0.0,0.0,0.0,0.0,0.0,0.0,0.0,0.0,0.0,0.0,0.0,1.0,0.0,,,,,,,,,,7
PIT,ATL,1,ATL,PIT,ATL,57.0,1.0,run,5.0,0,0,0,,,,,0.156362076289952,0.0,0.0,0.0,0.0,0.0,1.0,0.0,0.0,0.0,0.0,0.0,0.0,0.0,0.0,0.0,,,,,Bi.Robinson,5.0,,,,7
PIT,ATL,1,ATL,PIT,ATL,52.0,2.0,run,2.0,0,0,0,,,,,-0.567967423703522,0.0,0.0,0.0,0.0,0.0,1.0,0.0,0.0,0.0,0.0,0.0,0.0,0.0,0.0,0.0,,,,,Bi.Robinson,2.0,,,,7
PIT,ATL,1,ATL,PIT,50,50.0,3.0,run,5.0,0,0,0,,,,,1.31442130124196,1.0,0.0,0.0,0.0,0.0,1.0,0.0,0.0,0.0,0.0,0.0,0.0,0.0,0.0,0.0,,,,,Bi.Robinson,5.0,,,,7
PIT,ATL,1,ATL,PIT,PIT,45.0,1.0,run,5.0,0,0,0,,,,,0.0672735653351992,0.0,0.0,0.0,0.0,0.0,1.0,0.0,0.0,0.0,0.0,0.0,0.0,0.0,0.0,0.0,,,,,Br.Robinson,5.0,,,,7
PIT,ATL,1,ATL,PIT,PIT,40.0,2.0,run,7.0,0,0,0,,,,,1.11701260204427,0.0,0.0,0.0,1.0,0.0,1.0,0.0,0.0,0.0,0.0,0.0,0.0,0.0,0.0,0.0,,,,,Bi.Robinson,7.0,,PIT,5.0,7
PIT,ATL,1,ATL,PIT,PIT,28.0,1.0,run,1.0,0,0,0,,,,,-0.450034664245322,0.0,0.0,0.0,0.0,0.0,1.0,0.0,0.0,0.0,0.0,0.0,0.0,0.0,0.0,0.0,,,,,Bi.Robinson,1.0,,,,7
PIT,ATL,1,ATL,PIT,PIT,27.0,2.0,pass,0.0,0,0,0,,,,,-0.616387572255917,0.0,0.0,0.0,0.0,0.0,0.0,1.0,0.0,0.0,0.0,0.0,0.0,0.0,0.0,0.0,C.Rush,,Bi.Robinson,,,,,,,7
PIT,ATL,1,ATL,PIT,PIT,27.0,3.0,pass,0.0,0,0,0,,,,,-1.06210690983349,0.0,0.0,0.0,0.0,0.0,0.0,1.0,0.0,0.0,0.0,0.0,0.0,0.0,0.0,0.0,C.Rush,,D.London,,,,,,,7
PIT,ATL,1,ATL,PIT,PIT,27.0,4.0,field_goal,0.0,0,0,0,missed,,,,-3.96427480618226,0.0,0.0,0.0,0.0,0.0,0.0,0.0,0.0,0.0,0.0,0.0,0.0,0.0,0.0,0.0,,,,,,,,,,7
PIT,ATL,1,PIT,ATL,PIT,65.0,1.0,run,4.0,0,0,0,,,,,-0.084652850870043,0.0,0.0,0.0,0.0,0.0,1.0,0.0,0.0,0.0,0.0,0.0,0.0,0.0,0.0,0.0,,,,,J.Warren,4.0,,,,7
PIT,ATL,1,PIT,ATL,PIT,61.0,2.0,run,0.0,0,0,0,,,,,-0.852674192981795,0.0,0.0,0.0,0.0,0.0,1.0,0.0,0.0,0.0,0.0,0.0,0.0,0.0,0.0,0.0,,,,,J.Warren,0.0,,,,7
PIT,ATL,1,PIT,ATL,PIT,61.0,3.0,pass,0.0,0,0,0,,,,,-1.48288283566944,0.0,0.0,0.0,0.0,0.0,0.0,1.0,0.0,0.0,0.0,0.0,0.0,0.0,0.0,0.0,A.Rodgers,,D.Metcalf,,,,,,,7
PIT,ATL,1,PIT,ATL,PIT,61.0,4.0,punt,0.0,0,0,0,,,,,0.614088709000498,0.0,0.0,0.0,1.0,0.0,0.0,0.0,0.0,0.0,0.0,0.0,0.0,0.0,0.0,0.0,,,,,,,,ATL,9.0,7
PIT,ATL,1,ATL,PIT,ATL,90.0,1.0,run,3.0,0,0,0,,,,,0.502060631290078,0.0,0.0,0.0,1.0,0.0,1.0,0.0,0.0,0.0,0.0,0.0,0.0,0.0,0.0,0.0,,,,,Bi.Robinson,3.0,,PIT,5.0,7
PIT,ATL,1,ATL,PIT,ATL,82.0,1.0,run,2.0,0,0,0,,,,,-0.44545435346663,0.0,0.0,0.0,0.0,0.0,1.0,0.0,0.0,0.0,0.0,0.0,0.0,0.0,0.0,0.0,,,,,Bi.Robinson,2.0,,,,7
PIT,ATL,1,ATL,PIT,ATL,80.0,2.0,pass,21.0,0,0,0,,,,,3.037238528952,0.0,0.0,0.0,1.0,0.0,0.0,1.0,0.0,0.0,0.0,0.0,0.0,0.0,0.0,1.0,C.Rush,21.0,D.London,21.0,,,,PIT,15.0,7
PIT,ATL,1,ATL,PIT,PIT,44.0,1.0,run,0.0,0,0,0,,,,,-0.523144420003519,0.0,0.0,0.0,0.0,0.0,1.0,0.0,0.0,0.0,0.0,0.0,0.0,0.0,0.0,0.0,,,,,Bi.Robinson,0.0,,,,7
PIT,ATL,1,ATL,PIT,PIT,44.0,2.0,pass,0.0,0,0,0,,,,,-0.865659757750109,0.0,0.0,0.0,0.0,0.0,0.0,1.0,0.0,0.0,0.0,0.0,0.0,0.0,0.0,0.0,C.Rush,,,,,,,,,7
PIT,ATL,1,ATL,PIT,PIT,44.0,3.0,pass,0.0,0,0,0,,,,,-1.79009042866528,0.0,0.0,0.0,0.0,0.0,0.0,1.0,0.0,0.0,0.0,0.0,0.0,0.0,0.0,0.0,C.Rush,,D.London,,,,,,,7
PIT,ATL,1,ATL,PIT,PIT,44.0,4.0,punt,0.0,0,0,0,,,,,-0.647365306969732,0.0,0.0,0.0,0.0,0.0,0.0,0.0,0.0,0.0,0.0,0.0,0.0,0.0,0.0,0.0,,,,,,,,,,7
PIT,ATL,1,PIT,ATL,PIT,80.0,1.0,pass,28.0,0,0,0,,,,,1.96398748410866,0.0,0.0,0.0,0.0,0.0,0.0,1.0,0.0,0.0,0.0,0.0,0.0,0.0,0.0,1.0,A.Rodgers,28.0,M.Pittman,28.0,,,,,,7
PIT,ATL,1,PIT,ATL,PIT,52.0,1.0,no_play,0.0,0,0,0,,,,,-0.585088641382754,0.0,0.0,0.0,1.0,0.0,0.0,0.0,0.0,0.0,0.0,0.0,0.0,0.0,0.0,0.0,,,,,,,,PIT,5.0,7
PIT,ATL,1,PIT,ATL,PIT,57.0,1.0,pass,10.0,0,0,0,,,,,0.576611496508122,0.0,0.0,0.0,0.0,0.0,0.0,1.0,0.0,0.0,0.0,0.0,0.0,0.0,0.0,1.0,A.Rodgers,10.0,P.Freiermuth,10.0,,,,,,7
PIT,ATL,1,PIT,ATL,ATL,47.0,2.0,pass,2.0,0,0,0,,,,,-0.483431380009279,0.0,0.0,0.0,0.0,0.0,0.0,1.0,0.0,0.0,0.0,0.0,0.0,0.0,0.0,1.0,A.Rodgers,2.0,R.Dowdle,2.0,,,,,,7
PIT,ATL,1,PIT,ATL,ATL,45.0,3.0,pass,0.0,0,0,0,,,,,-1.7538666925393,0.0,0.0,0.0,0.0,0.0,0.0,1.0,0.0,0.0,0.0,0.0,0.0,0.0,0.0,0.0,A.Rodgers,,R.Wilson,,,,,,,7
PIT,ATL,1,PIT,ATL,ATL,45.0,4.0,pass,0.0,0,0,0,,,,,-2.80534267192706,0.0,0.0,0.0,0.0,0.0,0.0,1.0,0.0,0.0,0.0,0.0,0.0,0.0,0.0,0.0,A.Rodgers,,D.Metcalf,,,,,,,7
PIT,ATL,1,ATL,PIT,ATL,55.0,1.0,pass,24.0,0,0,0,,,,,1.90560161822941,0.0,0.0,0.0,0.0,0.0,0.0,1.0,0.0,0.0,0.0,0.0,0.0,0.0,0.0,1.0,C.Rush,24.0,Bi.Robinson,24.0,,,Bi.Robinson,,,7
PIT,ATL,1,ATL,PIT,PIT,28.0,1.0,run,-1.0,0,0,0,,,,,-0.805810410995036,0.0,0.0,0.0,0.0,0.0,1.0,0.0,0.0,0.0,0.0,0.0,0.0,0.0,0.0,0.0,,,,,Br.Robinson,-1.0,,,,7
PIT,ATL,1,ATL,PIT,PIT,29.0,2.0,pass,-7.0,0,0,0,,,,,-1.68416358705144,0.0,0.0,0.0,0.0,0.0,0.0,1.0,1.0,0.0,0.0,0.0,0.0,0.0,0.0,0.0,C.Rush,,,,,,,,,7
PIT,ATL,1,ATL,PIT,PIT,36.0,3.0,run,4.0,0,0,0,,,,,-0.208708387291553,0.0,0.0,0.0,0.0,0.0,1.0,0.0,0.0,0.0,0.0,0.0,0.0,0.0,0.0,0.0,,,,,Bi.Robinson,4.0,,,,7
PIT,ATL,1,ATL,PIT,PIT,32.0,4.0,field_goal,0.0,0,0,0,made,,,,1.64364675078963,0.0,0.0,0.0,0.0,0.0,0.0,0.0,0.0,0.0,0.0,0.0,0.0,0.0,0.0,0.0,,,,,,,,,,7
PIT,ATL,1,PIT,ATL,ATL,35.0,,kickoff,0.0,0,0,0,,,,,0.508985965978354,0.0,0.0,0.0,0.0,0.0,0.0,0.0,0.0,0.0,0.0,0.0,0.0,0.0,1.0,0.0,,,,,,,,,,7
PIT,ATL,1,PIT,ATL,PIT,68.0,1.0,pass,3.0,0,0,0,,,,,-0.49185008648783,0.0,0.0,0.0,0.0,0.0,0.0,1.0,0.0,0.0,0.0,0.0,0.0,0.0,0.0,1.0,A.Rodgers,3.0,D.Washington,3.0,,,,,,7
PIT,ATL,1,PIT,ATL,PIT,65.0,2.0,pass,4.0,0,0,0,,,,,-0.124803070444614,0.0,0.0,0.0,0.0,0.0,0.0,1.0,0.0,0.0,0.0,0.0,0.0,0.0,0.0,1.0,A.Rodgers,4.0,R.Dowdle,4.0,,,,,,7
PIT,ATL,1,PIT,ATL,PIT,61.0,3.0,pass,0.0,0,0,0,,,,,-1.61264810431749,0.0,0.0,0.0,0.0,0.0,0.0,1.0,0.0,0.0,0.0,0.0,0.0,0.0,0.0,0.0,A.Rodgers,,D.Metcalf,,,,,,,7
PIT,ATL,1,PIT,ATL,PIT,61.0,4.0,punt,0.0,0,0,0,,,,,-0.314320707228035,0.0,0.0,0.0,0.0,0.0,0.0,0.0,0.0,0.0,0.0,0.0,0.0,0.0,0.0,0.0,,,,,,,,,,7
PIT,ATL,1,ATL,PIT,ATL,76.0,1.0,run,20.0,0,0,0,,,,,1.42721497407183,0.0,0.0,0.0,0.0,0.0,1.0,0.0,0.0,0.0,0.0,0.0,0.0,0.0,0.0,0.0,,,,,Bi.Robinson,20.0,,,,7
PIT,ATL,1,ATL,PIT,,,,,,0,0,0,,,,,0.0,,,,,,,,,,,,,,,,,,,,,,,,,7
PIT,ATL,1,ATL,PIT,ATL,56.0,1.0,run,0.0,0,0,0,,,,,-0.80594483204186,0.0,0.0,0.0,0.0,0.0,1.0,0.0,0.0,0.0,0.0,0.0,0.0,0.0,0.0,0.0,,,,,Bi.Robinson,0.0,,,,7
PIT,ATL,1,,,,,,no_play,0.0,0,0,0,,,,,0.0,0.0,0.0,0.0,0.0,0.0,0.0,0.0,0.0,0.0,0.0,0.0,0.0,0.0,0.0,0.0,,,,,,,,,,7
PIT,ATL,1,ATL,PIT,ATL,56.0,2.0,pass,0.0,0,0,0,,,,PIT,-8.2899881885387,0.0,0.0,1.0,0.0,0.0,0.0,1.0,0.0,1.0,0.0,0.0,0.0,0.0,0.0,0.0,C.Rush,,Bi.Robinson,,,,,,,7
PIT,ATL,1,PIT,ATL,ATL,15.0,,extra_point,0.0,0,0,0,,good,,,0.0675730031076331,0.0,0.0,0.0,0.0,0.0,0.0,0.0,0.0,0.0,0.0,0.0,1.0,0.0,0.0,0.0,,,,,,,,,,7
PIT,ATL,1,ATL,PIT,PIT,35.0,,kickoff,0.0,0,0,0,,,,,0.510745954932645,0.0,0.0,0.0,0.0,0.0,0.0,0.0,0.0,0.0,0.0,0.0,0.0,0.0,1.0,0.0,,,,,,,,,,7
PIT,ATL,1,ATL,PIT,ATL,66.0,1.0,run,14.0,0,0,0,,,,,1.04338356293738,0.0,0.0,0.0,0.0,0.0,1.0,0.0,0.0,0.0,0.0,0.0,0.0,0.0,0.0,0.0,,,,,Br.Robinson,14.0,,,,7
PIT,ATL,1,ATL,PIT,ATL,52.0,1.0,pass,19.0,0,0,0,,,,,1.29421773762442,0.0,0.0,0.0,0.0,0.0,0.0,1.0,0.0,0.0,0.0,0.0,0.0,0.0,0.0,1.0,C.Rush,19.0,J.Dotson,19.0,,,,,,7
PIT,ATL,1,ATL,PIT,PIT,33.0,1.0,run,3.0,0,0,0,,,,,-0.188145243329927,0.0,0.0,0.0,0.0,0.0,1.0,0.0,0.0,0.0,0.0,0.0,0.0,0.0,0.0,0.0,,,,,Br.Robinson,3.0,,,,7
PIT,ATL,1,ATL,PIT,PIT,30.0,2.0,run,6.0,0,0,0,,,,,0.585678446106613,0.0,0.0,0.0,0.0,0.0,1.0,0.0,0.0,0.0,0.0,0.0,0.0,0.0,0.0,0.0,,,,,D.London,6.0,,,,7
PIT,ATL,1,ATL,PIT,PIT,24.0,3.0,run,0.0,0,0,0,,,,,-1.57551697449322,0.0,0.0,0.0,0.0,0.0,1.0,0.0,0.0,0.0,0.0,0.0,0.0,0.0,0.0,0.0,,,,,Bi.Robinson,0.0,,,,7
PIT,ATL,1,ATL,PIT,PIT,24.0,4.0,field_goal,0.0,0,0,0,made,,,,0.757805877072094,0.0,0.0,0.0,0.0,0.0,0.0,0.0,0.0,0.0,0.0,0.0,0.0,0.0,0.0,0.0,,,,,,,,,,7
PIT,ATL,1,PIT,ATL,ATL,35.0,,kickoff,0.0,0,0,0,,,,,0.861931802937761,0.0,0.0,0.0,1.0,0.0,0.0,0.0,0.0,0.0,0.0,0.0,0.0,0.0,1.0,0.0,,,,,,,,ATL,0.0,7
PIT,ATL,1,PIT,ATL,PIT,60.0,1.0,run,8.0,0,0,0,,,,,0.50764916324988,0.0,0.0,0.0,0.0,0.0,1.0,0.0,0.0,0.0,0.0,0.0,0.0,0.0,0.0,0.0,,,,,J.Warren,8.0,,,,7
PIT,ATL,1,PIT,ATL,PIT,52.0,2.0,run,17.0,0,0,0,,,,,0.843999570468441,0.0,0.0,0.0,0.0,0.0,1.0,0.0,0.0,0.0,0.0,0.0,0.0,0.0,0.0,0.0,,,,,J.Warren,17.0,,,,7
PIT,ATL,1,PIT,ATL,ATL,35.0,1.0,pass,4.0,0,0,0,,,,,-0.262975297402591,0.0,0.0,0.0,0.0,0.0,0.0,1.0,0.0,0.0,0.0,0.0,0.0,0.0,0.0,1.0,A.Rodgers,4.0,J.Warren,4.0,,,,,,7
PIT,ATL,1,,,,,,no_play,0.0,0,0,0,,,,,0.0,0.0,0.0,0.0,0.0,0.0,0.0,0.0,0.0,0.0,0.0,0.0,0.0,0.0,0.0,0.0,,,,,,,,,,7
PIT,ATL,1,PIT,ATL,ATL,31.0,2.0,pass,1.0,0,0,0,,,,,-0.453057920210995,0.0,0.0,0.0,0.0,0.0,0.0,1.0,0.0,0.0,0.0,0.0,0.0,0.0,0.0,1.0,A.Rodgers,1.0,R.Wilson,1.0,,,,,,7
PIT,ATL,1,PIT,ATL,ATL,30.0,3.0,pass,-8.0,0,0,0,,,,,-2.54481542604453,0.0,0.0,0.0,0.0,0.0,0.0,1.0,1.0,0.0,0.0,0.0,0.0,0.0,0.0,0.0,A.Rodgers,,,,,,,,,7
PIT,ATL,1,PIT,ATL,ATL,38.0,4.0,field_goal,0.0,0,0,0,missed,,,,-2.71978362958936,0.0,0.0,0.0,0.0,0.0,0.0,0.0,0.0,0.0,0.0,0.0,0.0,0.0,0.0,0.0,,,,,,,,,,7
PIT,ATL,1,ATL,PIT,ATL,54.0,1.0,run,15.0,0,0,0,,,,,0.926343502709642,0.0,0.0,0.0,0.0,0.0,1.0,0.0,0.0,0.0,0.0,0.0,0.0,0.0,0.0,0.0,,,,,Bi.Robinson,15.0,,,,7
PIT,ATL,1,ATL,PIT,PIT,39.0,1.0,run,0.0,0,0,0,,,,,-0.430467167985626,0.0,0.0,0.0,0.0,0.0,1.0,0.0,0.0,0.0,0.0,0.0,0.0,0.0,0.0,0.0,,,,,Br.Robinson,0.0,,,,7
PIT,ATL,1,ATL,PIT,PIT,39.0,2.0,run,5.0,0,0,0,,,,,-0.214190966449678,0.0,0.0,0.0,0.0,0.0,1.0,0.0,0.0,0.0,0.0,0.0,0.0,0.0,0.0,0.0,,,,,Bi.Robinson,5.0,,,,7
PIT,ATL,1,ATL,PIT,PIT,34.0,3.0,pass,-9.0,0,0,0,,,,,-2.4738876594929,0.0,0.0,0.0,0.0,0.0,0.0,1.0,1.0,0.0,0.0,0.0,0.0,0.0,0.0,0.0,C.Rush,,,,,,,,,7
PIT,ATL,1,ATL,PIT,PIT,43.0,4.0,punt,0.0,0,0,0,,,,,-0.0747463968582451,0.0,0.0,0.0,0.0,0.0,0.0,0.0,0.0,0.0,0.0,0.0,0.0,0.0,0.0,0.0,,,,,,,,,,7
PIT,ATL,1,PIT,ATL,PIT,92.0,1.0,run,0.0,0,0,0,,,,,-0.369930793298408,0.0,0.0,0.0,0.0,0.0,1.0,0.0,0.0,0.0,0.0,0.0,0.0,0.0,0.0,0.0,,,,,R.Dowdle,0.0,,,,7
PIT,ATL,1,PIT,ATL,PIT,92.0,2.0,pass,14.0,0,0,0,,,,,1.00328178703785,0.0,0.0,0.0,0.0,0.0,0.0,1.0,0.0,0.0,0.0,0.0,0.0,0.0,0.0,1.0,A.Rodgers,14.0,D.Metcalf,14.0,,,,,,7
PIT,ATL,1,PIT,ATL,PIT,78.0,1.0,run,-2.0,0,0,0,,,,,-0.173861130839214,0.0,0.0,0.0,0.0,0.0,1.0,0.0,0.0,0.0,0.0,0.0,0.0,0.0,0.0,0.0,,,,,R.Dowdle,-2.0,,,,7
PIT,ATL,1,,,,,,no_play,0.0,0,0,0,,,,,0.0,0.0,0.0,0.0,0.0,0.0,0.0,0.0,0.0,0.0,0.0,0.0,0.0,0.0,0.0,0.0,,,,,,,,,,7
PIT,ATL,1,PIT,ATL,PIT,80.0,2.0,pass,9.0,0,0,0,,,,,0.007425062241964,0.0,0.0,0.0,0.0,0.0,0.0,1.0,0.0,0.0,0.0,0.0,0.0,0.0,0.0,1.0,A.Rodgers,9.0,M.Pittman,9.0,,,,,,7
PIT,ATL,1,,,,,,no_play,0.0,0,0,0,,,,,0.0,0.0,0.0,0.0,0.0,0.0,0.0,0.0,0.0,0.0,0.0,0.0,0.0,0.0,0.0,0.0,,,,,,,,,,7
PIT,ATL,1,PIT,ATL,PIT,71.0,3.0,pass,15.0,0,0,0,,,,,1.12742872966919,1.0,0.0,0.0,0.0,0.0,0.0,1.0,0.0,0.0,0.0,0.0,0.0,0.0,0.0,1.0,A.Rodgers,15.0,D.Washington,15.0,,,,,,7
PIT,ATL,1,PIT,ATL,PIT,56.0,1.0,run,4.0,0,0,0,,,,,-0.726810019637924,0.0,0.0,0.0,0.0,0.0,1.0,0.0,0.0,0.0,0.0,0.0,0.0,0.0,0.0,0.0,,,,,R.Dowdle,4.0,,,,7
PIT,ATL,1,,,,,,no_play,0.0,0,0,0,,,,,0.0,0.0,0.0,0.0,0.0,0.0,0.0,0.0,0.0,0.0,0.0,0.0,0.0,0.0,0.0,0.0,,,,,,,,,,7
PIT,ATL,1,PIT,ATL,PIT,52.0,2.0,run,9.0,0,0,0,,,,,0.633674080017954,0.0,0.0,0.0,0.0,0.0,1.0,0.0,0.0,0.0,0.0,0.0,0.0,0.0,0.0,0.0,,,,,J.Warren,9.0,,,,7
PIT,ATL,1,PIT,ATL,ATL,43.0,1.0,qb_kneel,-1.0,1,0,0,,,,,-0.542224406963214,0.0,0.0,0.0,0.0,0.0,1.0,0.0,0.0,0.0,0.0,0.0,0.0,0.0,0.0,0.0,,,,,A.Rodgers,-1.0,,,,7
PIT,ATL,1,PIT,ATL,ATL,44.0,2.0,qb_kneel,-1.0,1,0,0,,,,,-0.0899872026639059,0.0,0.0,0.0,0.0,0.0,1.0,0.0,0.0,0.0,0.0,0.0,0.0,0.0,0.0,0.0,,,,,A.Rodgers,-1.0,,,,7
PIT,ATL,1,PIT,ATL,ATL,45.0,3.0,qb_kneel,-1.0,1,0,0,,,,,-0.807470036612358,0.0,0.0,0.0,0.0,0.0,1.0,0.0,0.0,0.0,0.0,0.0,0.0,0.0,0.0,0.0,,,,,A.Rodgers,-1.0,,,,7
PIT,ATL,1,PIT,ATL,,,,,,0,0,0,,,,,,,,,,,,,,,,,,,,,,,,,,,,,,7
IND,BAL,1,,,,,,,,0,0,0,,,,,0.0,,,,,,,,,,,,,,,,,,,,,,,,,-18
IND,BAL,1,IND,BAL,BAL,35.0,,kickoff,0.0,0,0,0,,,,,0.480476607568562,0.0,0.0,0.0,0.0,0.0,0.0,0.0,0.0,0.0,0.0,0.0,0.0,0.0,1.0,0.0,,,,,,,,,,-18
IND,BAL,1,IND,BAL,IND,65.0,1.0,pass,0.0,0,0,0,,,,,-0.608843558933586,0.0,0.0,0.0,0.0,0.0,0.0,1.0,0.0,0.0,0.0,0.0,0.0,0.0,0.0,0.0,D.Jones,,A.Ogletree,,,,,,,-18
IND,BAL,1,IND,BAL,IND,65.0,2.0,pass,7.0,0,0,0,,,,,0.181816463824362,0.0,0.0,0.0,0.0,0.0,0.0,1.0,0.0,0.0,0.0,0.0,0.0,0.0,0.0,1.0,D.Jones,7.0,K.Allen,7.0,,,,,,-18
IND,BAL,1,IND,BAL,IND,58.0,3.0,pass,25.0,0,0,0,,,,,2.54589475411922,1.0,0.0,0.0,0.0,0.0,0.0,1.0,0.0,0.0,0.0,0.0,0.0,0.0,0.0,1.0,D.Jones,25.0,J.Downs,25.0,,,,,,-18
IND,BAL,1,IND,BAL,BAL,33.0,1.0,pass,2.0,0,0,0,,,,,-0.346080280956812,0.0,0.0,0.0,0.0,0.0,0.0,1.0,0.0,0.0,0.0,0.0,0.0,0.0,0.0,1.0,D.Jones,2.0,J.Taylor,2.0,,,,,,-18
IND,BAL,1,IND,BAL,BAL,31.0,2.0,pass,0.0,0,0,0,,,,,-0.692298382520676,0.0,0.0,0.0,0.0,0.0,0.0,1.0,0.0,0.0,0.0,0.0,0.0,0.0,0.0,0.0,D.Jones,,J.Downs,,,,,,,-18
IND,BAL,1,IND,BAL,BAL,31.0,3.0,pass,12.0,0,0,0,,,,,1.91161233943421,1.0,0.0,0.0,0.0,0.0,0.0,1.0,0.0,0.0,0.0,0.0,0.0,0.0,0.0,1.0,D.Jones,12.0,J.Downs,12.0,,,,,,-18
IND,BAL,1,IND,BAL,BAL,19.0,1.0,pass,13.0,0,0,0,,,,,0.84731780650327,0.0,0.0,0.0,0.0,0.0,0.0,1.0,0.0,0.0,0.0,0.0,0.0,0.0,0.0,1.0,D.Jones,13.0,A.Pierce,13.0,,,,,,-18
IND,BAL,1,IND,BAL,BAL,6.0,1.0,run,5.0,0,0,0,,,,,0.481577324506361,0.0,0.0,0.0,0.0,0.0,1.0,0.0,0.0,0.0,0.0,0.0,0.0,0.0,0.0,0.0,,,,,J.Taylor,5.0,,,,-18
IND,BAL,1,IND,BAL,BAL,1.0,2.0,run,1.0,0,0,0,,,,IND,0.605533385765739,0.0,0.0,0.0,0.0,0.0,1.0,0.0,0.0,1.0,0.0,1.0,0.0,0.0,0.0,0.0,,,,,J.Taylor,1.0,,,,-18
IND,BAL,1,IND,BAL,BAL,15.0,,extra_point,0.0,0,0,0,,failed,,,-0.931428649020072,0.0,0.0,0.0,0.0,0.0,0.0,0.0,0.0,0.0,0.0,0.0,1.0,0.0,0.0,0.0,,,,,,,,,,-18
IND,BAL,1,BAL,IND,IND,35.0,,kickoff,0.0,0,0,0,,,,,1.52387894364074,0.0,0.0,0.0,0.0,0.0,0.0,0.0,0.0,0.0,0.0,0.0,0.0,0.0,1.0,0.0,,,,,,,,,,-18
IND,BAL,1,BAL,IND,BAL,51.0,1.0,pass,49.0,0,0,0,,,,,3.80610596394399,0.0,0.0,0.0,0.0,0.0,0.0,1.0,0.0,0.0,0.0,0.0,0.0,0.0,0.0,1.0,L.Jackson,49.0,Z.Flowers,49.0,,,,,,-18
IND,BAL,1,BAL,IND,IND,2.0,1.0,no_play,0.0,0,0,0,,,,,-0.761830769188236,0.0,0.0,0.0,1.0,0.0,0.0,0.0,0.0,0.0,0.0,0.0,0.0,0.0,0.0,0.0,,,,,,,,BAL,5.0,-18
IND,BAL,1,BAL,IND,IND,7.0,1.0,run,2.0,0,0,0,,,,,-0.15128733497113,0.0,0.0,0.0,0.0,0.0,1.0,0.0,0.0,0.0,0.0,0.0,0.0,0.0,0.0,0.0,,,,,D.Henry,2.0,,,,-18
IND,BAL,1,BAL,IND,IND,5.0,2.0,run,5.0,0,0,0,,,,BAL,1.56002811773215,0.0,0.0,0.0,0.0,0.0,1.0,0.0,0.0,1.0,0.0,1.0,0.0,0.0,0.0,0.0,,,,,L.Jackson,5.0,,,,-18
IND,BAL,1,BAL,IND,IND,15.0,,extra_point,0.0,0,0,0,,good,,,0.0685713509799278,0.0,0.0,0.0,0.0,0.0,0.0,0.0,0.0,0.0,0.0,0.0,1.0,0.0,0.0,0.0,,,,,,,,,,-18
IND,BAL,1,IND,BAL,BAL,35.0,,kickoff,0.0,0,0,0,,,,,0.255257271230221,0.0,0.0,0.0,0.0,0.0,0.0,0.0,0.0,0.0,0.0,0.0,0.0,0.0,1.0,0.0,,,,,,,,,,-18
IND,BAL,1,IND,BAL,IND,70.0,1.0,run,-2.0,0,0,0,,,,,-1.02569619007409,0.0,0.0,0.0,0.0,0.0,1.0,0.0,0.0,0.0,0.0,0.0,0.0,0.0,0.0,0.0,,,,,J.Taylor,-2.0,,,,-18
IND,BAL,1,IND,BAL,IND,72.0,2.0,pass,0.0,0,0,0,,,,,-4.8116334649967,0.0,0.0,1.0,0.0,0.0,0.0,1.0,0.0,0.0,0.0,0.0,0.0,0.0,0.0,0.0,D.Jones,,L.Treadwell,,,,,,,-18
IND,BAL,1,BAL,IND,IND,31.0,1.0,run,7.0,0,0,0,,,,,0.459082276094705,0.0,0.0,0.0,0.0,0.0,1.0,0.0,0.0,0.0,0.0,0.0,0.0,0.0,0.0,0.0,,,,,D.Henry,7.0,,,,-18
IND,BAL,1,BAL,IND,IND,24.0,2.0,run,2.0,0,0,0,,,,,-0.19891629810445,0.0,0.0,0.0,0.0,0.0,1.0,0.0,0.0,0.0,0.0,0.0,0.0,0.0,0.0,0.0,,,,,D.Henry,2.0,,,,-18
IND,BAL,1,BAL,IND,IND,22.0,3.0,no_play,0.0,0,0,0,,,,,-2.71668662049342,0.0,0.0,0.0,1.0,0.0,0.0,0.0,0.0,0.0,0.0,0.0,0.0,0.0,0.0,0.0,,,,,,,,BAL,15.0,-18
IND,BAL,1,BAL,IND,IND,37.0,3.0,run,16.0,0,0,1,,,,,3.07395097112749,1.0,0.0,0.0,0.0,0.0,1.0,0.0,0.0,0.0,0.0,0.0,0.0,0.0,0.0,0.0,,,,,L.Jackson,16.0,,,,-18
IND,BAL,1,BAL,IND,IND,21.0,1.0,pass,13.0,0,0,0,,,,,0.853725885564927,0.0,0.0,0.0,0.0,0.0,0.0,1.0,0.0,0.0,0.0,0.0,0.0,0.0,0.0,1.0,L.Jackson,13.0,M.Hibner,13.0,,,,,,-18
IND,BAL,1,BAL,IND,IND,8.0,1.0,pass,4.0,0,0,0,,,,,0.0780366834951565,0.0,0.0,0.0,0.0,0.0,0.0,1.0,0.0,0.0,0.0,0.0,0.0,0.0,0.0,1.0,L.Jackson,4.0,D.Smythe,4.0,,,,,,-18
IND,BAL,1,BAL,IND,IND,4.0,2.0,run,4.0,0,0,0,,,,BAL,1.42847378336592,0.0,0.0,0.0,0.0,0.0,1.0,0.0,0.0,1.0,0.0,1.0,0.0,0.0,0.0,0.0,,,,,D.Henry,4.0,,,,-18
IND,BAL,1,BAL,IND,IND,15.0,,extra_point,0.0,0,0,0,,good,,,0.0685713509799278,0.0,0.0,0.0,0.0,0.0,0.0,0.0,0.0,0.0,0.0,0.0,1.0,0.0,0.0,0.0,,,,,,,,,,-18
IND,BAL,1,IND,BAL,BAL,35.0,,kickoff,0.0,0,0,0,,,,,-0.576011109631509,0.0,0.0,0.0,1.0,0.0,0.0,0.0,0.0,0.0,0.0,0.0,0.0,0.0,1.0,0.0,,,,,,,,IND,10.0,-18
IND,BAL,1,IND,BAL,IND,84.0,1.0,pass,-8.0,0,0,0,,,,,-1.89324726141058,0.0,0.0,0.0,0.0,0.0,0.0,1.0,1.0,0.0,0.0,0.0,0.0,0.0,0.0,0.0,D.Jones,,,,,,,,,-18
IND,BAL,1,IND,BAL,IND,92.0,2.0,pass,2.0,0,0,0,,,,,-0.487392249051482,0.0,0.0,0.0,0.0,0.0,0.0,1.0,0.0,0.0,0.0,0.0,0.0,0.0,0.0,1.0,D.Jones,2.0,T.Warren,2.0,,,,,,-18
IND,BAL,1,IND,BAL,IND,90.0,3.0,run,7.0,0,0,0,,,,,-0.402096688514575,0.0,0.0,0.0,0.0,0.0,1.0,0.0,0.0,0.0,0.0,0.0,0.0,0.0,0.0,0.0,,,,,J.Taylor,7.0,,,,-18
IND,BAL,1,IND,BAL,IND,83.0,4.0,punt,0.0,0,0,0,,,,,-3.34810465574265e-05,0.0,0.0,0.0,0.0,0.0,0.0,0.0,0.0,0.0,0.0,0.0,0.0,0.0,0.0,0.0,,,,,,,,,,-18
IND,BAL,1,BAL,IND,BAL,62.0,1.0,pass,17.0,0,0,0,,,,,1.1434863912873,0.0,0.0,0.0,0.0,0.0,0.0,1.0,0.0,0.0,0.0,0.0,0.0,0.0,0.0,1.0,L.Jackson,17.0,Z.Flowers,17.0,,,,,,-18
IND,BAL,1,BAL,IND,IND,45.0,1.0,run,3.0,0,0,0,,,,,-0.349242750788108,0.0,0.0,0.0,0.0,0.0,1.0,0.0,0.0,0.0,0.0,0.0,0.0,0.0,0.0,0.0,,,,,D.Henry,3.0,,,,-18
IND,BAL,1,BAL,IND,IND,42.0,2.0,no_play,0.0,0,0,0,,,,,-0.591640698956326,0.0,0.0,0.0,1.0,0.0,0.0,0.0,0.0,0.0,0.0,0.0,0.0,0.0,0.0,0.0,,,,,,,,BAL,5.0,-18
IND,BAL,1,BAL,IND,IND,47.0,2.0,pass,0.0,0,0,0,,,,,-0.993793326895684,0.0,0.0,0.0,0.0,0.0,0.0,1.0,0.0,0.0,0.0,0.0,0.0,0.0,0.0,0.0,L.Jackson,,Z.Flowers,,,,,,,-18
IND,BAL,1,BAL,IND,IND,47.0,3.0,pass,18.0,0,0,0,,,,,2.97115420352202,1.0,0.0,0.0,0.0,0.0,0.0,1.0,0.0,0.0,0.0,0.0,0.0,0.0,0.0,1.0,L.Jackson,18.0,Z.Flowers,18.0,,,,,,-18
IND,BAL,1,BAL,IND,,,,,,0,0,0,,,,,0.0,,,,,,,,,,,,,,,,,,,,,,,,,-18
IND,BAL,1,BAL,IND,IND,29.0,1.0,run,4.0,0,0,0,,,,,-0.132671882631257,0.0,0.0,0.0,0.0,0.0,1.0,0.0,0.0,0.0,0.0,0.0,0.0,0.0,0.0,0.0,,,,,D.Henry,4.0,,,,-18
IND,BAL,1,BAL,IND,IND,25.0,2.0,pass,19.0,0,0,0,,,,,1.70314843778033,0.0,0.0,0.0,0.0,0.0,0.0,1.0,0.0,0.0,0.0,0.0,0.0,0.0,0.0,1.0,L.Jackson,19.0,D.Henry,19.0,,,,,,-18
IND,BAL,1,BAL,IND,IND,6.0,1.0,run,2.0,0,0,0,,,,,-0.153863396728411,0.0,0.0,0.0,0.0,0.0,1.0,0.0,0.0,0.0,0.0,0.0,0.0,0.0,0.0,0.0,,,,,D.Henry,2.0,,,,-18
IND,BAL,1,BAL,IND,IND,4.0,2.0,no_play,0.0,0,0,0,,,,,-1.49268815270625,0.0,0.0,0.0,1.0,0.0,0.0,0.0,0.0,0.0,0.0,0.0,0.0,0.0,0.0,0.0,,,,,,,,BAL,10.0,-18
IND,BAL,1,,,,,,no_play,0.0,0,0,0,,,,,0.0,0.0,0.0,0.0,0.0,0.0,0.0,0.0,0.0,0.0,0.0,0.0,0.0,0.0,0.0,0.0,,,,,,,,,,-18
IND,BAL,1,BAL,IND,IND,14.0,2.0,pass,0.0,0,0,0,,,,,-0.756367235560902,0.0,0.0,0.0,0.0,0.0,0.0,1.0,0.0,0.0,0.0,0.0,0.0,0.0,0.0,0.0,L.Jackson,,M.Andrews,,,,,,,-18
IND,BAL,1,BAL,IND,IND,14.0,3.0,pass,11.0,0,0,0,,,,,-0.310201962653082,0.0,0.0,0.0,0.0,0.0,0.0,1.0,0.0,0.0,0.0,0.0,0.0,0.0,0.0,1.0,L.Jackson,11.0,J.Lane,11.0,,,,,,-18
IND,BAL,1,BAL,IND,IND,3.0,4.0,pass,0.0,0,0,0,,,,,-3.07317646587035,0.0,0.0,0.0,0.0,0.0,0.0,1.0,0.0,0.0,0.0,0.0,0.0,0.0,0.0,0.0,L.Jackson,,J.Lane,,,,,,,-18
IND,BAL,1,IND,BAL,IND,97.0,1.0,run,2.0,0,0,0,,,,,-0.567494734190404,0.0,0.0,0.0,0.0,0.0,1.0,0.0,0.0,0.0,0.0,0.0,0.0,0.0,0.0,0.0,,,,,J.Taylor,2.0,,,,-18
IND,BAL,1,IND,BAL,IND,95.0,2.0,run,10.0,0,0,0,,,,,1.2749429969117,0.0,0.0,0.0,0.0,0.0,1.0,0.0,0.0,0.0,0.0,0.0,0.0,0.0,0.0,0.0,,,,,J.Taylor,10.0,,,,-18
IND,BAL,1,IND,BAL,IND,85.0,1.0,run,-3.0,0,0,0,,,,,-1.174766887445,0.0,0.0,0.0,0.0,0.0,1.0,0.0,0.0,0.0,0.0,0.0,0.0,0.0,0.0,0.0,,,,,J.Taylor,-3.0,,,,-18
IND,BAL,1,IND,BAL,IND,88.0,2.0,pass,2.0,0,0,0,,,,,-0.648551595397294,0.0,0.0,0.0,0.0,0.0,0.0,1.0,0.0,0.0,0.0,0.0,0.0,0.0,0.0,1.0,D.Jones,2.0,T.Warren,2.0,,,,,,-18
IND,BAL,1,IND,BAL,IND,86.0,3.0,pass,0.0,0,0,0,,,,,-0.86877649044618,0.0,0.0,0.0,0.0,0.0,0.0,1.0,0.0,0.0,0.0,0.0,0.0,0.0,0.0,0.0,D.Jones,,,,,,,,,-18
IND,BAL,1,IND,BAL,IND,86.0,4.0,punt,0.0,0,0,0,,,,,0.300572870997712,0.0,0.0,0.0,0.0,0.0,0.0,0.0,0.0,0.0,0.0,0.0,0.0,0.0,0.0,0.0,,,,,,,,,,-18
IND,BAL,1,BAL,IND,BAL,66.0,1.0,run,2.0,0,0,0,,,,,-0.286203085444868,0.0,0.0,0.0,0.0,0.0,1.0,0.0,0.0,0.0,0.0,0.0,0.0,0.0,0.0,0.0,,,,,D.Henry,2.0,,,,-18
IND,BAL,1,BAL,IND,BAL,64.0,2.0,run,2.0,0,0,0,,,,,-0.913901268737391,0.0,0.0,0.0,1.0,0.0,1.0,0.0,0.0,0.0,0.0,0.0,0.0,0.0,0.0,0.0,,,,,D.Henry,2.0,,BAL,10.0,-18
IND,BAL,1,BAL,IND,BAL,72.0,2.0,pass,17.0,0,0,0,,,,,2.14046726282686,0.0,0.0,0.0,0.0,0.0,0.0,1.0,0.0,0.0,0.0,0.0,0.0,0.0,0.0,1.0,L.Jackson,17.0,M.Andrews,17.0,,,,,,-18
IND,BAL,1,BAL,IND,BAL,55.0,1.0,run,1.0,0,0,0,,,,,-0.480823454912752,0.0,0.0,0.0,0.0,0.0,1.0,0.0,0.0,0.0,0.0,0.0,0.0,0.0,0.0,0.0,,,,,J.Hill,1.0,,,,-18
IND,BAL,1,BAL,IND,BAL,54.0,2.0,pass,54.0,0,0,0,,,,BAL,4.95255464687944,0.0,0.0,0.0,0.0,0.0,0.0,1.0,0.0,1.0,1.0,0.0,0.0,0.0,0.0,1.0,L.Jackson,54.0,Z.Flowers,54.0,,,,,,-18
IND,BAL,1,BAL,IND,IND,15.0,,extra_point,0.0,0,0,0,,good,,,0.0685713509799278,0.0,0.0,0.0,0.0,0.0,0.0,0.0,0.0,0.0,0.0,0.0,1.0,0.0,0.0,0.0,,,,,,,,,,-18
IND,BAL,1,IND,BAL,BAL,35.0,,kickoff,0.0,0,0,0,,,,,0.48609308549203,0.0,0.0,0.0,0.0,0.0,0.0,0.0,0.0,0.0,0.0,0.0,0.0,0.0,1.0,0.0,,,,,,,,,,-18
IND,BAL,1,IND,BAL,IND,66.0,1.0,pass,13.0,0,0,0,,,,,-4.73328272125218,0.0,0.0,0.0,0.0,1.0,0.0,1.0,0.0,0.0,0.0,0.0,0.0,0.0,0.0,1.0,D.Jones,13.0,J.Taylor,13.0,,,J.Taylor,,,-18
IND,BAL,1,BAL,IND,IND,47.0,1.0,run,3.0,0,0,0,,,,,-0.272897092043422,0.0,0.0,0.0,0.0,0.0,1.0,0.0,0.0,0.0,0.0,0.0,0.0,0.0,0.0,0.0,,,,,D.Henry,3.0,,,,-18
IND,BAL,1,BAL,IND,IND,44.0,2.0,pass,12.0,0,0,0,,,,,1.17279458750272,0.0,0.0,0.0,0.0,0.0,0.0,1.0,0.0,0.0,0.0,0.0,0.0,0.0,0.0,1.0,L.Jackson,12.0,Z.Flowers,12.0,,,,,,-18
IND,BAL,1,BAL,IND,IND,32.0,1.0,run,32.0,0,0,0,,,,BAL,3.10886098764604,0.0,0.0,0.0,0.0,0.0,1.0,0.0,0.0,1.0,0.0,1.0,0.0,0.0,0.0,0.0,,,,,D.Henry,32.0,,,,-18
IND,BAL,1,BAL,IND,IND,15.0,,extra_point,0.0,0,0,0,,good,,,0.0685713509799278,0.0,0.0,0.0,0.0,0.0,0.0,0.0,0.0,0.0,0.0,0.0,1.0,0.0,0.0,0.0,,,,,,,,,,-18
IND,BAL,1,IND,BAL,BAL,35.0,,kickoff,0.0,0,0,0,,,,,-0.271795621374622,0.0,0.0,0.0,1.0,0.0,0.0,0.0,0.0,0.0,0.0,0.0,0.0,0.0,1.0,0.0,,,,,,,,IND,10.0,-18
IND,BAL,1,IND,BAL,IND,80.0,1.0,pass,0.0,0,0,0,,,,,-0.456348417326808,0.0,0.0,0.0,0.0,0.0,0.0,1.0,0.0,0.0,0.0,0.0,0.0,0.0,0.0,0.0,D.Jones,,J.Taylor,,,,,,,-18
IND,BAL,1,IND,BAL,IND,80.0,2.0,pass,0.0,0,0,0,,,,,-0.61307160416618,0.0,0.0,0.0,0.0,0.0,0.0,1.0,0.0,0.0,0.0,0.0,0.0,0.0,0.0,0.0,D.Jones,,A.Dulin,,,,,,,-18
IND,BAL,1,IND,BAL,IND,80.0,3.0,pass,0.0,0,0,0,,,,,-0.98149689193815,0.0,0.0,0.0,0.0,0.0,0.0,1.0,0.0,0.0,0.0,0.0,0.0,0.0,0.0,0.0,D.Jones,,A.Pierce,,,,,,,-18
IND,BAL,1,IND,BAL,IND,80.0,4.0,punt,0.0,0,0,0,,,,,-0.0355739395599812,0.0,0.0,0.0,0.0,0.0,0.0,0.0,0.0,0.0,0.0,0.0,0.0,0.0,0.0,0.0,,,,,,,,,,-18
IND,BAL,1,BAL,IND,BAL,70.0,1.0,pass,-15.0,0,0,0,,,,,-6.28063505538739,0.0,0.0,0.0,0.0,1.0,0.0,1.0,1.0,0.0,0.0,0.0,0.0,0.0,0.0,0.0,L.Jackson,,,,,,L.Jackson,,,-18
IND,BAL,1,IND,BAL,BAL,15.0,1.0,run,10.0,0,0,0,,,,,0.849383730441332,0.0,0.0,0.0,0.0,0.0,1.0,0.0,0.0,0.0,0.0,0.0,0.0,0.0,0.0,0.0,,,,,J.Taylor,10.0,,,,-18
IND,BAL,1,IND,BAL,BAL,5.0,1.0,run,-1.0,0,0,0,,,,,-0.679214248870267,0.0,0.0,0.0,0.0,0.0,1.0,0.0,0.0,0.0,0.0,0.0,0.0,0.0,0.0,0.0,,,,,J.Taylor,-1.0,,,,-18
IND,BAL,1,IND,BAL,BAL,6.0,2.0,pass,3.0,0,0,0,,,,,-0.344812568451744,0.0,0.0,0.0,0.0,0.0,0.0,1.0,0.0,0.0,0.0,0.0,0.0,0.0,0.0,1.0,D.Jones,3.0,K.Allen,3.0,,,,,,-18
IND,BAL,1,IND,BAL,BAL,3.0,3.0,run,3.0,0,0,0,,,,IND,2.27440776783624,1.0,0.0,0.0,0.0,0.0,1.0,0.0,0.0,1.0,0.0,1.0,0.0,0.0,0.0,0.0,,,,,J.Taylor,3.0,,,,-18
IND,BAL,1,IND,BAL,BAL,15.0,,extra_point,0.0,0,0,0,,good,,,0.0685713509799278,0.0,0.0,0.0,0.0,0.0,0.0,0.0,0.0,0.0,0.0,0.0,1.0,0.0,0.0,0.0,,,,,,,,,,-18
IND,BAL,1,BAL,IND,IND,35.0,,kickoff,0.0,0,0,0,,,,,0.560812160605565,0.0,0.0,0.0,0.0,0.0,0.0,0.0,0.0,0.0,0.0,0.0,0.0,0.0,1.0,0.0,,,,,,,,,,-18
IND,BAL,1,BAL,IND,BAL,66.0,1.0,run,5.0,0,0,0,,,,,-0.161254732636735,0.0,0.0,0.0,0.0,0.0,1.0,0.0,0.0,0.0,0.0,0.0,0.0,0.0,0.0,0.0,,,,,J.Hill,5.0,,,,-18
IND,BAL,1,BAL,IND,BAL,61.0,2.0,pass,0.0,0,0,0,,,,,-0.531119885272346,0.0,0.0,0.0,0.0,0.0,0.0,1.0,0.0,0.0,0.0,0.0,0.0,0.0,0.0,0.0,L.Jackson,,M.Andrews,,,,,,,-18
IND,BAL,1,BAL,IND,BAL,61.0,3.0,no_play,0.0,0,0,0,,,,,-1.0901287792949,0.0,0.0,0.0,1.0,0.0,0.0,0.0,0.0,0.0,0.0,0.0,0.0,0.0,0.0,0.0,,,,,,,,BAL,10.0,-18
IND,BAL,1,BAL,IND,BAL,71.0,3.0,pass,0.0,0,0,0,,,,,-0.636183500988409,0.0,0.0,0.0,0.0,0.0,0.0,1.0,0.0,0.0,0.0,0.0,0.0,0.0,0.0,0.0,L.Jackson,,J.Lane,,,,,,,-18
IND,BAL,1,BAL,IND,BAL,71.0,4.0,punt,0.0,0,0,0,,,,,-0.126528439344838,0.0,0.0,0.0,0.0,0.0,0.0,0.0,0.0,0.0,0.0,0.0,0.0,0.0,0.0,0.0,,,,,,,,,,-18
IND,BAL,1,IND,BAL,IND,82.0,1.0,pass,9.0,0,0,0,,,,,0.0705180091317743,0.0,0.0,0.0,0.0,0.0,0.0,1.0,0.0,0.0,0.0,0.0,0.0,0.0,0.0,1.0,D.Jones,9.0,K.Allen,9.0,,,,,,-18
IND,BAL,1,IND,BAL,IND,73.0,2.0,pass,0.0,0,0,0,,,,,-0.275607635034248,0.0,0.0,0.0,0.0,0.0,0.0,1.0,0.0,0.0,0.0,0.0,0.0,0.0,0.0,0.0,D.Jones,,T.Warren,,,,,,,-18
IND,BAL,1,IND,BAL,IND,73.0,3.0,run,0.0,0,0,0,,,,,-0.856617192504928,0.0,0.0,0.0,0.0,0.0,1.0,0.0,0.0,0.0,0.0,0.0,0.0,0.0,0.0,0.0,,,,,J.Taylor,0.0,,,,-18
IND,BAL,1,,,,,,no_play,0.0,0,0,0,,,,,0.0,0.0,0.0,0.0,0.0,0.0,0.0,0.0,0.0,0.0,0.0,0.0,0.0,0.0,0.0,0.0,,,,,,,,,,-18
IND,BAL,1,IND,BAL,IND,73.0,4.0,punt,0.0,0,0,0,,,,,-0.466243632836267,0.0,0.0,0.0,0.0,0.0,0.0,0.0,0.0,0.0,0.0,0.0,0.0,0.0,0.0,0.0,,,,,,,,,,-18
IND,BAL,1,BAL,IND,BAL,76.0,1.0,pass,6.0,0,0,0,,,,,-0.0580226118909195,0.0,0.0,0.0,0.0,0.0,0.0,1.0,0.0,0.0,0.0,0.0,0.0,0.0,0.0,1.0,L.Jackson,6.0,L.Wester,6.0,,,,,,-18
IND,BAL,1,BAL,IND,BAL,70.0,2.0,run,19.0,0,0,1,,,,,0.864100290753413,0.0,0.0,0.0,0.0,0.0,1.0,0.0,0.0,0.0,0.0,0.0,0.0,0.0,0.0,0.0,,,,,L.Jackson,19.0,,,,-18
IND,BAL,1,BAL,IND,BAL,51.0,1.0,pass,9.0,0,0,0,,,,,0.0081330948742106,0.0,0.0,0.0,0.0,0.0,0.0,1.0,0.0,0.0,0.0,0.0,0.0,0.0,0.0,1.0,L.Jackson,9.0,L.Wester,9.0,,,,,,-18
IND,BAL,1,,,,,,no_play,0.0,0,0,0,,,,,0.0,0.0,0.0,0.0,0.0,0.0,0.0,0.0,0.0,0.0,0.0,0.0,0.0,0.0,0.0,0.0,,,,,,,,,,-18
IND,BAL,1,,,,,,no_play,0.0,0,0,0,,,,,0.0,0.0,0.0,0.0,0.0,0.0,0.0,0.0,0.0,0.0,0.0,0.0,0.0,0.0,0.0,0.0,,,,,,,,,,-18
IND,BAL,1,BAL,IND,IND,42.0,2.0,run,3.0,0,0,0,,,,,-0.257807740767021,0.0,0.0,0.0,0.0,0.0,1.0,0.0,0.0,0.0,0.0,0.0,0.0,0.0,0.0,0.0,,,,,J.Hill,3.0,,,,-18
IND,BAL,1,BAL,IND,IND,39.0,1.0,qb_spike,0.0,0,1,0,,,,,0.566862837659414,0.0,0.0,0.0,0.0,0.0,0.0,1.0,0.0,0.0,0.0,0.0,0.0,0.0,0.0,0.0,L.Jackson,,,,,,,,,-18
IND,BAL,1,BAL,IND,IND,39.0,2.0,field_goal,0.0,0,0,0,made,,,,1.20841897114531,0.0,0.0,0.0,0.0,0.0,0.0,0.0,0.0,0.0,0.0,0.0,0.0,0.0,0.0,0.0,,,,,,,,,,-18
IND,BAL,1,,,,,,,,0,0,0,,,,,,,,,,,,,,,,,,,,,,,,,,,,,,-18
IND,BAL,1,BAL,IND,IND,35.0,,kickoff,0.0,0,0,0,,,,,0.483195900451392,0.0,0.0,0.0,0.0,0.0,0.0,0.0,0.0,0.0,0.0,0.0,0.0,0.0,1.0,0.0,,,,,,,,,,-18
IND,BAL,1,BAL,IND,BAL,66.0,1.0,run,0.0,0,0,0,,,,,-0.504477358423173,0.0,0.0,0.0,0.0,0.0,1.0,0.0,0.0,0.0,0.0,0.0,0.0,0.0,0.0,0.0,,,,,D.Henry,0.0,,,,-18
IND,BAL,1,BAL,IND,BAL,66.0,2.0,pass,0.0,0,0,0,,,,,-0.83109826920554,0.0,0.0,0.0,0.0,0.0,0.0,1.0,0.0,0.0,0.0,0.0,0.0,0.0,0.0,0.0,L.Jackson,,R.Bateman,,,,,,,-18
IND,BAL,1,BAL,IND,BAL,66.0,3.0,no_play,0.0,0,0,0,,,,,-0.632246693130583,0.0,0.0,0.0,1.0,0.0,0.0,0.0,0.0,0.0,0.0,0.0,0.0,0.0,0.0,0.0,,,,,,,,BAL,5.0,-18
IND,BAL,1,BAL,IND,BAL,71.0,3.0,pass,10.0,0,0,0,,,,,-0.401252658572048,0.0,0.0,0.0,0.0,0.0,0.0,1.0,0.0,0.0,0.0,0.0,0.0,0.0,0.0,1.0,L.Jackson,10.0,M.Andrews,10.0,,,,,,-18
IND,BAL,1,BAL,IND,BAL,61.0,4.0,punt,0.0,0,0,0,,,,,-0.0525823952630162,0.0,0.0,0.0,0.0,0.0,0.0,0.0,0.0,0.0,0.0,0.0,0.0,0.0,0.0,0.0,,,,,,,,,,-18
IND,BAL,1,IND,BAL,IND,84.0,1.0,run,18.0,0,0,0,,,,,1.08587452652864,0.0,0.0,0.0,0.0,0.0,1.0,0.0,0.0,0.0,0.0,0.0,0.0,0.0,0.0,0.0,,,,,J.Taylor,18.0,,,,-18
IND,BAL,1,IND,BAL,IND,66.0,1.0,run,1.0,0,0,0,,,,,-0.58987857052125,0.0,0.0,0.0,0.0,0.0,1.0,0.0,0.0,0.0,0.0,0.0,0.0,0.0,0.0,0.0,,,,,J.Taylor,1.0,,,,-18
IND,BAL,1,IND,BAL,IND,65.0,2.0,pass,11.0,0,0,0,,,,,1.3787110960111,0.0,0.0,0.0,0.0,0.0,0.0,1.0,0.0,0.0,0.0,0.0,0.0,0.0,0.0,1.0,D.Jones,11.0,A.Pierce,11.0,,,,,,-18
IND,BAL,1,IND,BAL,IND,54.0,1.0,run,7.0,0,0,0,,,,,0.233496143948287,0.0,0.0,0.0,0.0,0.0,1.0,0.0,0.0,0.0,0.0,0.0,0.0,0.0,0.0,0.0,,,,,J.Taylor,7.0,,,,-18
IND,BAL,1,IND,BAL,BAL,47.0,2.0,run,4.0,0,0,1,,,,,0.244398751994595,0.0,0.0,0.0,0.0,0.0,1.0,0.0,0.0,0.0,0.0,0.0,0.0,0.0,0.0,0.0,,,,,D.Jones,4.0,,,,-18
IND,BAL,1,IND,BAL,BAL,43.0,1.0,run,4.0,0,0,0,,,,,-0.140928441891447,0.0,0.0,0.0,0.0,0.0,1.0,0.0,0.0,0.0,0.0,0.0,0.0,0.0,0.0,0.0,,,,,J.Taylor,4.0,,,,-18
IND,BAL,1,IND,BAL,BAL,39.0,2.0,pass,0.0,0,0,0,,,,,-0.847336639417335,0.0,0.0,0.0,0.0,0.0,0.0,1.0,0.0,0.0,0.0,0.0,0.0,0.0,0.0,0.0,D.Jones,,T.Warren,,,,,,,-18
IND,BAL,1,IND,BAL,BAL,39.0,3.0,pass,0.0,0,0,0,,,,,-1.75167942097931,0.0,0.0,0.0,0.0,0.0,0.0,1.0,0.0,0.0,0.0,0.0,0.0,0.0,0.0,1.0,D.Jones,0.0,S.McGowan,0.0,,,,,,-18
IND,BAL,1,IND,BAL,BAL,39.0,4.0,field_goal,0.0,0,0,0,made,,,,2.3795688313391,0.0,0.0,0.0,0.0,0.0,0.0,0.0,0.0,0.0,0.0,0.0,0.0,0.0,0.0,0.0,,,,,,,,,,-18
IND,BAL,1,BAL,IND,IND,35.0,,kickoff,0.0,0,0,0,,,,,-0.530014568474144,0.0,0.0,0.0,1.0,0.0,0.0,0.0,0.0,0.0,0.0,0.0,0.0,0.0,1.0,0.0,,,,,,,,BAL,10.0,-18
IND,BAL,1,BAL,IND,BAL,82.0,1.0,run,11.0,0,0,0,,,,,0.80940616549924,0.0,0.0,0.0,0.0,0.0,1.0,0.0,0.0,0.0,0.0,0.0,0.0,0.0,0.0,0.0,,,,,D.Henry,11.0,,,,-18
IND,BAL,1,BAL,IND,BAL,71.0,1.0,run,22.0,0,0,0,,,,,1.36053385166451,0.0,0.0,0.0,0.0,0.0,1.0,0.0,0.0,0.0,0.0,0.0,0.0,0.0,0.0,0.0,,,,,D.Henry,22.0,,,,-18
IND,BAL,1,BAL,IND,IND,49.0,1.0,pass,-5.0,0,0,0,,,,,-1.15747805242427,0.0,0.0,0.0,0.0,0.0,0.0,1.0,1.0,0.0,0.0,0.0,0.0,0.0,0.0,0.0,L.Jackson,,,,,,,,,-18
IND,BAL,1,BAL,IND,BAL,54.0,2.0,pass,9.0,0,0,0,,,,,0.179721470922232,0.0,0.0,0.0,0.0,0.0,0.0,1.0,0.0,0.0,0.0,0.0,0.0,0.0,0.0,1.0,L.Jackson,9.0,M.Andrews,9.0,,,,,,-18
IND,BAL,1,BAL,IND,IND,45.0,3.0,no_play,0.0,0,0,0,,,,,-0.760683247819543,0.0,0.0,0.0,1.0,0.0,0.0,0.0,0.0,0.0,0.0,0.0,0.0,0.0,0.0,0.0,,,,,,,,BAL,5.0,-18
IND,BAL,1,BAL,IND,50,50.0,3.0,pass,0.0,0,0,0,,,,,-1.46933916467242,0.0,0.0,0.0,0.0,0.0,0.0,1.0,0.0,0.0,0.0,0.0,0.0,0.0,0.0,0.0,L.Jackson,,C.Moore,,,,,,,-18
IND,BAL,1,BAL,IND,50,50.0,4.0,punt,0.0,0,0,0,,,,,0.304084934527054,0.0,0.0,0.0,1.0,0.0,0.0,0.0,0.0,0.0,0.0,0.0,0.0,0.0,0.0,0.0,,,,,,,,IND,4.0,-18
IND,BAL,1,IND,BAL,IND,96.0,1.0,run,21.0,0,0,0,,,,,1.26653221203014,0.0,0.0,0.0,0.0,0.0,1.0,0.0,0.0,0.0,0.0,0.0,0.0,0.0,0.0,0.0,,,,,J.Taylor,21.0,,,,-18
IND,BAL,1,IND,BAL,IND,75.0,1.0,run,12.0,0,0,0,,,,,0.747586918994784,0.0,0.0,0.0,0.0,0.0,1.0,0.0,0.0,0.0,0.0,0.0,0.0,0.0,0.0,0.0,,,,,J.Taylor,12.0,,,,-18
IND,BAL,1,IND,BAL,IND,63.0,1.0,run,4.0,0,0,0,,,,,-0.17517609661445,0.0,0.0,0.0,0.0,0.0,1.0,0.0,0.0,0.0,0.0,0.0,0.0,0.0,0.0,0.0,,,,,J.Taylor,4.0,,,,-18
IND,BAL,1,IND,BAL,IND,59.0,2.0,run,-1.0,0,0,0,,,,,-1.00438128574751,0.0,0.0,0.0,0.0,0.0,1.0,0.0,0.0,0.0,0.0,0.0,0.0,0.0,0.0,0.0,,,,,J.Taylor,-1.0,,,,-18
IND,BAL,1,IND,BAL,IND,60.0,3.0,pass,0.0,0,0,0,,,,,-1.55475062131882,0.0,0.0,0.0,0.0,0.0,0.0,1.0,0.0,0.0,0.0,0.0,0.0,0.0,0.0,0.0,D.Jones,,A.Pierce,,,,,,,-18
IND,BAL,1,IND,BAL,IND,60.0,4.0,punt,0.0,0,0,0,,,,,-0.326093640644103,0.0,0.0,0.0,0.0,0.0,0.0,0.0,0.0,0.0,0.0,0.0,0.0,0.0,0.0,0.0,,,,,,,,,,-18
IND,BAL,1,BAL,IND,BAL,77.0,1.0,run,2.0,0,0,0,,,,,-0.384148904122412,0.0,0.0,0.0,0.0,0.0,1.0,0.0,0.0,0.0,0.0,0.0,0.0,0.0,0.0,0.0,,,,,D.Henry,2.0,,,,-18
IND,BAL,1,BAL,IND,BAL,75.0,2.0,run,3.0,0,0,1,,,,,-0.390480160713196,0.0,0.0,0.0,0.0,0.0,1.0,0.0,0.0,0.0,0.0,0.0,0.0,0.0,0.0,0.0,,,,,L.Jackson,3.0,,,,-18
IND,BAL,1,BAL,IND,,,,,,0,0,0,,,,,0.0,,,,,,,,,,,,,,,,,,,,,,,,,-18
IND,BAL,1,BAL,IND,BAL,72.0,3.0,pass,53.0,0,0,0,,,,,4.67859981430229,1.0,0.0,0.0,0.0,0.0,0.0,1.0,0.0,0.0,0.0,0.0,0.0,0.0,0.0,1.0,L.Jackson,53.0,C.Moore,53.0,,,,,,-18
IND,BAL,1,BAL,IND,IND,19.0,1.0,run,12.0,0,0,0,,,,,0.810452744131908,0.0,0.0,0.0,0.0,0.0,1.0,0.0,0.0,0.0,0.0,0.0,0.0,0.0,0.0,0.0,,,,,D.Henry,12.0,,,,-18
IND,BAL,1,BAL,IND,IND,7.0,1.0,run,4.0,0,0,0,,,,,0.192948475771118,0.0,0.0,0.0,0.0,0.0,1.0,0.0,0.0,0.0,0.0,0.0,0.0,0.0,0.0,0.0,,,,,D.Henry,4.0,,,,-18
IND,BAL,1,BAL,IND,IND,3.0,2.0,run,3.0,0,0,0,,,,BAL,1.28259417513618,0.0,0.0,0.0,0.0,0.0,1.0,0.0,0.0,1.0,0.0,1.0,0.0,0.0,0.0,0.0,,,,,D.Henry,3.0,,,,-18
IND,BAL,1,BAL,IND,IND,15.0,,extra_point,0.0,0,0,0,,good,,,0.0685713509799278,0.0,0.0,0.0,0.0,0.0,0.0,0.0,0.0,0.0,0.0,0.0,1.0,0.0,0.0,0.0,,,,,,,,,,-18
IND,BAL,1,IND,BAL,BAL,35.0,,kickoff,0.0,0,0,0,,,,,0.0195393459871411,0.0,0.0,0.0,0.0,0.0,0.0,0.0,0.0,0.0,0.0,0.0,0.0,0.0,1.0,0.0,,,,,,,,,,-18
IND,BAL,1,IND,BAL,IND,74.0,1.0,no_play,0.0,0,0,0,,,,,0.656937235500664,0.0,0.0,0.0,1.0,0.0,0.0,0.0,0.0,0.0,0.0,0.0,0.0,0.0,0.0,0.0,,,,,,,,BAL,11.0,-18
IND,BAL,1,IND,BAL,IND,63.0,1.0,pass,8.0,0,0,0,,,,,0.552119816653431,0.0,0.0,0.0,0.0,0.0,0.0,1.0,0.0,0.0,0.0,0.0,0.0,0.0,0.0,1.0,D.Jones,8.0,J.Taylor,8.0,,,,,,-18
IND,BAL,1,IND,BAL,IND,55.0,2.0,pass,3.0,0,0,0,,,,,0.116499652620405,0.0,0.0,0.0,0.0,0.0,0.0,1.0,0.0,0.0,0.0,0.0,0.0,0.0,0.0,1.0,D.Jones,3.0,K.Allen,3.0,,,,,,-18
IND,BAL,1,IND,BAL,IND,52.0,1.0,pass,14.0,0,0,0,,,,,0.823849535547197,0.0,0.0,0.0,0.0,0.0,0.0,1.0,0.0,0.0,0.0,0.0,0.0,0.0,0.0,1.0,D.Jones,14.0,A.Pierce,14.0,,,,,,-18
IND,BAL,1,IND,BAL,BAL,38.0,1.0,pass,6.0,0,0,0,,,,,0.301473329192959,0.0,0.0,0.0,0.0,0.0,0.0,1.0,0.0,0.0,0.0,0.0,0.0,0.0,0.0,1.0,D.Jones,6.0,K.Allen,6.0,,,,,,-18
IND,BAL,1,IND,BAL,BAL,32.0,2.0,pass,23.0,0,0,0,,,,,1.38168518425664,0.0,0.0,0.0,0.0,0.0,0.0,1.0,0.0,0.0,0.0,0.0,0.0,0.0,0.0,1.0,D.Jones,23.0,A.Pierce,23.0,,,,,,-18
IND,BAL,1,IND,BAL,BAL,9.0,1.0,pass,9.0,0,0,0,,,,IND,1.70594426727621,0.0,0.0,0.0,0.0,0.0,0.0,1.0,0.0,1.0,1.0,0.0,0.0,0.0,0.0,1.0,D.Jones,9.0,T.Warren,9.0,,,,,,-18
IND,BAL,1,IND,BAL,BAL,15.0,,extra_point,0.0,0,0,0,,good,,,0.0685713509799278,0.0,0.0,0.0,0.0,0.0,0.0,0.0,0.0,0.0,0.0,0.0,1.0,0.0,0.0,0.0,,,,,,,,,,-18
IND,BAL,1,BAL,IND,IND,35.0,,kickoff,0.0,0,0,0,,,,,0.209113018587232,0.0,0.0,0.0,0.0,0.0,0.0,0.0,0.0,0.0,0.0,0.0,0.0,0.0,1.0,0.0,,,,,,,,,,-18
IND,BAL,1,BAL,IND,BAL,70.0,1.0,run,6.0,0,0,0,,,,,0.291779573075473,0.0,0.0,0.0,0.0,0.0,1.0,0.0,0.0,0.0,0.0,0.0,0.0,0.0,0.0,0.0,,,,,D.Henry,6.0,,,,-18
IND,BAL,1,BAL,IND,BAL,64.0,2.0,run,4.0,0,0,0,,,,,0.311245278455317,0.0,0.0,0.0,0.0,0.0,1.0,0.0,0.0,0.0,0.0,0.0,0.0,0.0,0.0,0.0,,,,,D.Henry,4.0,,,,-18
IND,BAL,1,BAL,IND,BAL,60.0,1.0,run,2.0,0,0,0,,,,,-0.409333832096308,0.0,0.0,0.0,0.0,0.0,1.0,0.0,0.0,0.0,0.0,0.0,0.0,0.0,0.0,0.0,,,,,D.Henry,2.0,,,,-18
IND,BAL,1,BAL,IND,BAL,58.0,2.0,pass,13.0,0,0,0,,,,,1.45137799088843,0.0,0.0,0.0,0.0,0.0,0.0,1.0,0.0,0.0,0.0,0.0,0.0,0.0,0.0,1.0,L.Jackson,13.0,M.Andrews,13.0,,,,,,-18
IND,BAL,1,BAL,IND,IND,45.0,1.0,run,1.0,0,0,0,,,,,-0.465938992914744,0.0,0.0,0.0,0.0,0.0,1.0,0.0,0.0,0.0,0.0,0.0,0.0,0.0,0.0,0.0,,,,,D.Henry,1.0,,,,-18
IND,BAL,1,BAL,IND,IND,44.0,2.0,pass,10.0,0,0,0,,,,,1.13617216539569,0.0,0.0,0.0,0.0,0.0,0.0,1.0,0.0,0.0,0.0,0.0,0.0,0.0,0.0,1.0,L.Jackson,10.0,J.Hill,10.0,,,,,,-18
IND,BAL,1,BAL,IND,IND,34.0,1.0,run,5.0,0,0,0,,,,,0.153726573567837,0.0,0.0,0.0,0.0,0.0,1.0,0.0,0.0,0.0,0.0,0.0,0.0,0.0,0.0,0.0,,,,,D.Henry,5.0,,,,-18
IND,BAL,1,BAL,IND,IND,29.0,2.0,run,0.0,0,0,0,,,,,-0.662949010787997,0.0,0.0,0.0,0.0,0.0,1.0,0.0,0.0,0.0,0.0,0.0,0.0,0.0,0.0,0.0,,,,,J.Hill,0.0,,,,-18
IND,BAL,1,BAL,IND,IND,29.0,3.0,run,2.0,0,0,0,,,,,-1.15230193995552,0.0,0.0,0.0,0.0,0.0,1.0,0.0,0.0,0.0,0.0,0.0,0.0,0.0,0.0,0.0,,,,,J.Hill,2.0,,,,-18
IND,BAL,1,,,,,,no_play,0.0,0,0,0,,,,,0.0,0.0,0.0,0.0,0.0,0.0,0.0,0.0,0.0,0.0,0.0,0.0,0.0,0.0,0.0,0.0,,,,,,,,,,-18
IND,BAL,1,BAL,IND,IND,27.0,4.0,field_goal,0.0,0,0,0,made,,,,0.898162402672762,0.0,0.0,0.0,0.0,0.0,0.0,0.0,0.0,0.0,0.0,0.0,0.0,0.0,0.0,0.0,,,,,,,,,,-18
IND,BAL,1,IND,BAL,BAL,35.0,,kickoff,0.0,0,0,0,,,,,2.92617467063246,0.0,0.0,0.0,0.0,0.0,0.0,0.0,0.0,0.0,0.0,0.0,0.0,0.0,1.0,0.0,,,,,,,,,,-18
IND,BAL,1,IND,BAL,BAL,30.0,1.0,pass,0.0,0,0,0,,,,,-0.377492306521162,0.0,0.0,0.0,0.0,0.0,0.0,1.0,0.0,0.0,0.0,0.0,0.0,0.0,0.0,0.0,D.Jones,,J.Downs,,,,,,,-18
IND,BAL,1,IND,BAL,BAL,30.0,2.0,pass,4.0,0,0,0,,,,,-0.334457834833302,0.0,0.0,0.0,0.0,0.0,0.0,1.0,0.0,0.0,0.0,0.0,0.0,0.0,0.0,1.0,D.Jones,4.0,K.Allen,4.0,,,,,,-18
IND,BAL,1,IND,BAL,BAL,26.0,3.0,pass,0.0,0,0,0,,,,,-1.04854254907696,0.0,0.0,0.0,0.0,0.0,0.0,1.0,0.0,0.0,0.0,0.0,0.0,0.0,0.0,0.0,D.Jones,,,,,,,,,-18
IND,BAL,1,IND,BAL,BAL,26.0,4.0,no_play,0.0,0,0,0,,,,,-0.509894514572807,0.0,0.0,0.0,1.0,0.0,0.0,0.0,0.0,0.0,0.0,0.0,0.0,0.0,0.0,0.0,,,,,,,,IND,5.0,-18
IND,BAL,1,IND,BAL,BAL,31.0,4.0,pass,-9.0,0,0,0,,,,,-3.3747610260034,0.0,0.0,0.0,0.0,0.0,0.0,1.0,1.0,0.0,0.0,0.0,0.0,0.0,0.0,0.0,D.Jones,,,,,,,,,-18
IND,BAL,1,BAL,IND,BAL,60.0,1.0,run,9.0,0,0,0,,,,,0.77156780147925,0.0,0.0,0.0,0.0,0.0,1.0,0.0,0.0,0.0,0.0,0.0,0.0,0.0,0.0,0.0,,,,,D.Henry,9.0,,,,-18
IND,BAL,1,BAL,IND,BAL,51.0,2.0,run,7.0,0,0,0,,,,,0.361972346843686,0.0,0.0,0.0,0.0,0.0,1.0,0.0,0.0,0.0,0.0,0.0,0.0,0.0,0.0,0.0,,,,,J.Hill,7.0,,,,-18
IND,BAL,1,BAL,IND,IND,44.0,1.0,qb_kneel,-1.0,1,0,0,,,,,-0.589167994970921,0.0,0.0,0.0,0.0,0.0,1.0,0.0,0.0,0.0,0.0,0.0,0.0,0.0,0.0,0.0,,,,,L.Jackson,-1.0,,,,-18
IND,BAL,1,BAL,IND,IND,45.0,2.0,qb_kneel,-1.0,1,0,0,,,,,-0.551122527336702,0.0,0.0,0.0,0.0,0.0,1.0,0.0,0.0,0.0,0.0,0.0,0.0,0.0,0.0,0.0,,,,,L.Jackson,-1.0,,,,-18
IND,BAL,1,BAL,IND,IND,46.0,3.0,qb_kneel,-1.0,1,0,0,,,,,-1.71300187590532,0.0,0.0,0.0,0.0,0.0,1.0,0.0,0.0,0.0,0.0,0.0,0.0,0.0,0.0,0.0,,,,,L.Jackson,-1.0,,,,-18
IND,BAL,1,BAL,IND,,,,,,0,0,0,,,,,,,,,,,,,,,,,,,,,,,,,,,,,,-18
HOU,BUF,1,,,,,,,,0,0,0,,,,,0.0,,,,,,,,,,,,,,,,,,,,,,,,,-5
HOU,BUF,1,BUF,HOU,HOU,35.0,,kickoff,0.0,0,0,0,,,,,0.476712799165398,0.0,0.0,0.0,0.0,0.0,0.0,0.0,0.0,0.0,0.0,0.0,0.0,0.0,1.0,0.0,,,,,,,,,,-5
HOU,BUF,1,BUF,HOU,BUF,66.0,1.0,run,9.0,0,0,0,,,,,0.975067554274574,0.0,0.0,0.0,0.0,0.0,1.0,0.0,0.0,0.0,0.0,0.0,0.0,0.0,0.0,0.0,,,,,J.Cook,9.0,,,,-5
HOU,BUF,1,BUF,HOU,BUF,57.0,2.0,pass,3.0,0,0,0,,,,,-0.0221989033743739,0.0,0.0,0.0,0.0,0.0,0.0,1.0,0.0,0.0,0.0,0.0,0.0,0.0,0.0,1.0,J.Allen,3.0,J.Cook,3.0,,,,,,-5
HOU,BUF,1,BUF,HOU,BUF,54.0,1.0,run,11.0,0,0,0,,,,,0.605064369272441,0.0,0.0,0.0,0.0,0.0,1.0,0.0,0.0,0.0,0.0,0.0,0.0,0.0,0.0,0.0,,,,,J.Cook,11.0,,,,-5
HOU,BUF,1,BUF,HOU,HOU,43.0,1.0,run,3.0,0,0,0,,,,,-0.150790573563427,0.0,0.0,0.0,0.0,0.0,1.0,0.0,0.0,0.0,0.0,0.0,0.0,0.0,0.0,0.0,,,,,R.Davis,3.0,,,,-5
HOU,BUF,1,BUF,HOU,HOU,40.0,2.0,run,4.0,0,0,0,,,,,-0.0508575504645705,0.0,0.0,0.0,0.0,0.0,1.0,0.0,0.0,0.0,0.0,0.0,0.0,0.0,0.0,0.0,,,,,J.Allen,4.0,,,,-5
HOU,BUF,1,BUF,HOU,HOU,36.0,3.0,run,2.0,0,0,0,,,,,-0.805403467267752,0.0,0.0,0.0,0.0,0.0,1.0,0.0,0.0,0.0,0.0,0.0,0.0,0.0,0.0,0.0,,,,,J.Cook,2.0,,,,-5
HOU,BUF,1,BUF,HOU,HOU,34.0,4.0,run,-2.0,0,0,0,,,,,-4.24538333294913,0.0,0.0,0.0,0.0,0.0,1.0,0.0,0.0,0.0,0.0,0.0,0.0,0.0,0.0,0.0,,,,,J.Allen,-2.0,,,,-5
HOU,BUF,1,HOU,BUF,HOU,64.0,1.0,run,1.0,0,0,0,,,,,-0.554518784862012,0.0,0.0,0.0,0.0,0.0,1.0,0.0,0.0,0.0,0.0,0.0,0.0,0.0,0.0,0.0,,,,,D.Montgomery,1.0,,,,-5
HOU,BUF,1,HOU,BUF,HOU,63.0,2.0,no_play,0.0,0,0,0,,,,,-0.645796125987545,0.0,0.0,0.0,1.0,0.0,0.0,0.0,0.0,0.0,0.0,0.0,0.0,0.0,0.0,0.0,,,,,,,,HOU,5.0,-5
HOU,BUF,1,HOU,BUF,HOU,68.0,2.0,run,2.0,0,0,0,,,,,-0.766718792263418,0.0,0.0,0.0,0.0,0.0,1.0,0.0,0.0,0.0,0.0,0.0,0.0,0.0,0.0,0.0,,,,,D.Montgomery,2.0,,,,-5
HOU,BUF,1,HOU,BUF,HOU,66.0,3.0,pass,-2.0,0,0,0,,,,,-4.25079103501048,0.0,0.0,0.0,0.0,1.0,0.0,1.0,1.0,0.0,0.0,0.0,0.0,0.0,0.0,0.0,C.Stroud,,,,,,C.Stroud,,,-5
HOU,BUF,1,BUF,HOU,HOU,32.0,1.0,run,4.0,0,0,0,,,,,-0.0332109038718045,0.0,0.0,0.0,0.0,0.0,1.0,0.0,0.0,0.0,0.0,0.0,0.0,0.0,0.0,0.0,,,,,J.Cook,4.0,,,,-5
HOU,BUF,1,BUF,HOU,HOU,28.0,2.0,pass,-6.0,0,0,0,,,,,-1.84149742522277,0.0,0.0,0.0,0.0,0.0,0.0,1.0,1.0,0.0,0.0,0.0,0.0,0.0,0.0,0.0,J.Allen,,,,,,,,,-5
HOU,BUF,1,BUF,HOU,HOU,34.0,3.0,pass,11.0,0,0,0,,,,,0.995897284825332,0.0,0.0,0.0,0.0,0.0,0.0,1.0,0.0,0.0,0.0,0.0,0.0,0.0,0.0,1.0,J.Allen,11.0,K.Coleman,1.0,,,,,,-5
HOU,BUF,1,BUF,HOU,HOU,23.0,4.0,no_play,0.0,0,0,0,,,,,-1.06209688907804,0.0,0.0,0.0,1.0,0.0,0.0,0.0,0.0,0.0,0.0,0.0,0.0,0.0,0.0,0.0,,,,,,,,BUF,5.0,-5
HOU,BUF,1,BUF,HOU,HOU,28.0,4.0,field_goal,0.0,0,0,0,made,,,,1.01018454897532,0.0,0.0,0.0,0.0,0.0,0.0,0.0,0.0,0.0,0.0,0.0,0.0,0.0,0.0,0.0,,,,,,,,,,-5
HOU,BUF,1,HOU,BUF,BUF,35.0,,kickoff,0.0,0,0,0,,,,,-0.307233611121774,0.0,0.0,0.0,0.0,0.0,0.0,0.0,0.0,0.0,0.0,0.0,0.0,0.0,1.0,0.0,,,,,,,,,,-5
HOU,BUF,1,HOU,BUF,HOU,76.0,1.0,run,4.0,0,0,0,,,,,0.0049651758745312,0.0,0.0,0.0,0.0,0.0,1.0,0.0,0.0,0.0,0.0,0.0,0.0,0.0,0.0,0.0,,,,,D.Montgomery,4.0,,,,-5
HOU,BUF,1,HOU,BUF,HOU,72.0,2.0,pass,9.0,0,0,0,,,,,1.04785608919337,0.0,0.0,0.0,0.0,0.0,0.0,1.0,0.0,0.0,0.0,0.0,0.0,0.0,0.0,1.0,C.Stroud,9.0,N.Collins,9.0,,,,,,-5
HOU,BUF,1,HOU,BUF,HOU,63.0,1.0,run,7.0,0,0,0,,,,,0.327653762185946,0.0,0.0,0.0,0.0,0.0,1.0,0.0,0.0,0.0,0.0,0.0,0.0,0.0,0.0,0.0,,,,,D.Montgomery,7.0,,,,-5
HOU,BUF,1,HOU,BUF,HOU,56.0,2.0,pass,16.0,0,0,0,,,,,1.04552066372707,0.0,0.0,0.0,0.0,0.0,0.0,1.0,0.0,0.0,0.0,0.0,0.0,0.0,0.0,1.0,C.Stroud,16.0,M.Klein,16.0,,,,,,-5
HOU,BUF,1,HOU,BUF,BUF,40.0,1.0,run,4.0,0,0,0,,,,,-0.189729190897197,0.0,0.0,0.0,0.0,0.0,1.0,0.0,0.0,0.0,0.0,0.0,0.0,0.0,0.0,0.0,,,,,W.Marks,4.0,,,,-5
HOU,BUF,1,HOU,BUF,BUF,36.0,2.0,run,7.0,0,0,0,,,,,0.906610255362466,0.0,0.0,0.0,0.0,0.0,1.0,0.0,0.0,0.0,0.0,0.0,0.0,0.0,0.0,0.0,,,,,N.Collins,7.0,,,,-5
HOU,BUF,1,HOU,BUF,BUF,29.0,1.0,run,2.0,0,0,0,,,,,-0.342870423337445,0.0,0.0,0.0,0.0,0.0,1.0,0.0,0.0,0.0,0.0,0.0,0.0,0.0,0.0,0.0,,,,,D.Montgomery,2.0,,,,-5
HOU,BUF,1,HOU,BUF,BUF,27.0,2.0,pass,0.0,0,0,0,,,,,-0.633843259885907,0.0,0.0,0.0,0.0,0.0,0.0,1.0,0.0,0.0,0.0,0.0,0.0,0.0,0.0,0.0,C.Stroud,,K.Boutte,,,,,,,-5
HOU,BUF,1,HOU,BUF,BUF,27.0,3.0,pass,25.0,0,0,0,,,,,3.03314265829977,1.0,0.0,0.0,0.0,0.0,0.0,1.0,0.0,0.0,0.0,0.0,0.0,0.0,0.0,1.0,C.Stroud,25.0,N.Collins,25.0,,,,,,-5
HOU,BUF,1,HOU,BUF,BUF,2.0,1.0,run,1.0,0,0,0,,,,,-0.076928932685405,0.0,0.0,0.0,0.0,0.0,1.0,0.0,0.0,0.0,0.0,0.0,0.0,0.0,0.0,0.0,,,,,D.Montgomery,1.0,,,,-5
HOU,BUF,1,HOU,BUF,BUF,1.0,2.0,run,0.0,0,0,0,,,,,-0.385273008607328,0.0,0.0,0.0,0.0,0.0,1.0,0.0,0.0,0.0,0.0,0.0,0.0,0.0,0.0,0.0,,,,,D.Montgomery,0.0,,,,-5
HOU,BUF,1,HOU,BUF,BUF,1.0,3.0,run,1.0,0,0,0,,,,HOU,1.04833701101597,1.0,0.0,0.0,0.0,0.0,1.0,0.0,0.0,1.0,0.0,1.0,0.0,0.0,0.0,0.0,,,,,D.Montgomery,1.0,,,,-5
HOU,BUF,1,HOU,BUF,BUF,15.0,,extra_point,0.0,0,0,0,,good,,,0.0685713509799278,0.0,0.0,0.0,0.0,0.0,0.0,0.0,0.0,0.0,0.0,0.0,1.0,0.0,0.0,0.0,,,,,,,,,,-5
HOU,BUF,1,BUF,HOU,HOU,35.0,,kickoff,0.0,0,0,0,,,,,0.712822553934529,0.0,0.0,0.0,0.0,0.0,0.0,0.0,0.0,0.0,0.0,0.0,0.0,0.0,1.0,0.0,,,,,,,,,,-5
HOU,BUF,1,BUF,HOU,BUF,62.0,1.0,pass,19.0,0,0,0,,,,,1.15958305762615,0.0,0.0,0.0,0.0,0.0,0.0,1.0,0.0,0.0,0.0,0.0,0.0,0.0,0.0,1.0,J.Allen,19.0,K.Shakir,19.0,,,,,,-5
HOU,BUF,1,BUF,HOU,,,,,,0,0,0,,,,,0.0,,,,,,,,,,,,,,,,,,,,,,,,,-5
HOU,BUF,1,BUF,HOU,HOU,43.0,1.0,no_play,0.0,0,0,0,,,,,-0.637407709262334,0.0,0.0,0.0,1.0,0.0,0.0,0.0,0.0,0.0,0.0,0.0,0.0,0.0,0.0,0.0,,,,,,,,BUF,5.0,-5
HOU,BUF,1,BUF,HOU,HOU,48.0,1.0,pass,0.0,0,0,0,,,,,-0.562897419556975,0.0,0.0,0.0,0.0,0.0,0.0,1.0,0.0,0.0,0.0,0.0,0.0,0.0,0.0,0.0,J.Allen,,D.Kincaid,,,,,,,-5
HOU,BUF,1,BUF,HOU,HOU,48.0,2.0,pass,16.0,0,0,0,,,,,2.12405558989849,0.0,0.0,0.0,0.0,0.0,0.0,1.0,0.0,0.0,0.0,0.0,0.0,0.0,0.0,1.0,J.Allen,16.0,K.Shakir,16.0,,,,,,-5
HOU,BUF,1,BUF,HOU,HOU,32.0,1.0,run,7.0,0,0,0,,,,,0.372411473130342,0.0,0.0,0.0,0.0,0.0,1.0,0.0,0.0,0.0,0.0,0.0,0.0,0.0,0.0,0.0,,,,,J.Cook,7.0,,,,-5
HOU,BUF,1,BUF,HOU,HOU,25.0,2.0,run,4.0,0,0,0,,,,,0.364519265946001,0.0,0.0,0.0,0.0,0.0,1.0,0.0,0.0,0.0,0.0,0.0,0.0,0.0,0.0,0.0,,,,,J.Cook,4.0,,,,-5
HOU,BUF,1,BUF,HOU,HOU,21.0,1.0,run,21.0,0,0,1,,,,BUF,2.38049657543888,0.0,0.0,0.0,0.0,0.0,1.0,0.0,0.0,1.0,0.0,1.0,0.0,0.0,0.0,0.0,,,,,J.Allen,21.0,,,,-5
HOU,BUF,1,BUF,HOU,HOU,15.0,,extra_point,0.0,0,0,0,,good,,,0.0685713509799278,0.0,0.0,0.0,0.0,0.0,0.0,0.0,0.0,0.0,0.0,0.0,1.0,0.0,0.0,0.0,,,,,,,,,,-5
HOU,BUF,1,HOU,BUF,BUF,35.0,,kickoff,0.0,0,0,0,,,,,-0.0065985317341983,0.0,0.0,0.0,0.0,0.0,0.0,0.0,0.0,0.0,0.0,0.0,0.0,0.0,1.0,0.0,,,,,,,,,,-5
HOU,BUF,1,HOU,BUF,HOU,75.0,1.0,pass,6.0,0,0,0,,,,,0.137573771178722,0.0,0.0,0.0,0.0,0.0,0.0,1.0,0.0,0.0,0.0,0.0,0.0,0.0,0.0,1.0,C.Stroud,6.0,F.Moreau,6.0,,,,,,-5
HOU,BUF,1,HOU,BUF,HOU,69.0,2.0,run,4.0,0,0,0,,,,,0.376127874711528,0.0,0.0,0.0,0.0,0.0,1.0,0.0,0.0,0.0,0.0,0.0,0.0,0.0,0.0,0.0,,,,,W.Marks,4.0,,,,-5
HOU,BUF,1,HOU,BUF,HOU,65.0,1.0,no_play,0.0,0,0,0,,,,,0.346438363194466,0.0,0.0,0.0,1.0,0.0,0.0,0.0,0.0,0.0,0.0,0.0,0.0,0.0,0.0,0.0,,,,,,,,BUF,5.0,-5
HOU,BUF,1,HOU,BUF,HOU,60.0,1.0,pass,0.0,0,0,0,,,,,-0.502286880044267,0.0,0.0,0.0,0.0,0.0,0.0,1.0,0.0,0.0,0.0,0.0,0.0,0.0,0.0,0.0,C.Stroud,,D.Schultz,,,,,,,-5
HOU,BUF,1,HOU,BUF,HOU,60.0,2.0,pass,-2.0,0,0,0,,,,,-1.37441831594333,0.0,0.0,0.0,0.0,0.0,0.0,1.0,0.0,0.0,0.0,0.0,0.0,0.0,0.0,1.0,C.Stroud,-2.0,W.Marks,-2.0,,,,,,-5
HOU,BUF,1,HOU,BUF,HOU,62.0,3.0,run,15.0,0,0,1,,,,,2.59451156179421,1.0,0.0,0.0,0.0,0.0,1.0,0.0,0.0,0.0,0.0,0.0,0.0,0.0,0.0,0.0,,,,,C.Stroud,15.0,,,,-5
HOU,BUF,1,HOU,BUF,BUF,47.0,1.0,run,6.0,0,0,0,,,,,0.276834164513275,0.0,0.0,0.0,0.0,0.0,1.0,0.0,0.0,0.0,0.0,0.0,0.0,0.0,0.0,0.0,,,,,D.Montgomery,6.0,,,,-5
HOU,BUF,1,HOU,BUF,BUF,41.0,2.0,run,3.0,0,0,0,,,,,-0.107156694633886,0.0,0.0,0.0,0.0,0.0,1.0,0.0,0.0,0.0,0.0,0.0,0.0,0.0,0.0,0.0,,,,,D.Montgomery,3.0,,,,-5
HOU,BUF,1,HOU,BUF,BUF,38.0,3.0,run,2.0,0,0,0,,,,,0.435252070077695,1.0,0.0,0.0,0.0,0.0,1.0,0.0,0.0,0.0,0.0,0.0,0.0,0.0,0.0,0.0,,,,,D.Montgomery,2.0,,,,-5
HOU,BUF,1,,,,,,no_play,0.0,0,0,0,,,,,0.0,0.0,0.0,0.0,0.0,0.0,0.0,0.0,0.0,0.0,0.0,0.0,0.0,0.0,0.0,0.0,,,,,,,,,,-5
HOU,BUF,1,HOU,BUF,BUF,36.0,1.0,pass,0.0,0,0,0,,,,,-0.428665965097025,0.0,0.0,0.0,0.0,0.0,0.0,1.0,0.0,0.0,0.0,0.0,0.0,0.0,0.0,0.0,C.Stroud,,D.Schultz,,,,,,,-5
HOU,BUF,1,HOU,BUF,BUF,36.0,2.0,run,12.0,0,0,0,,,,,1.26841073541436,0.0,0.0,0.0,0.0,0.0,1.0,0.0,0.0,0.0,0.0,0.0,0.0,0.0,0.0,0.0,,,,,W.Marks,12.0,,,,-5
HOU,BUF,1,HOU,BUF,BUF,24.0,1.0,pass,-2.0,0,0,0,,,,,-0.936578081338666,0.0,0.0,0.0,0.0,0.0,0.0,1.0,0.0,0.0,0.0,0.0,0.0,0.0,0.0,1.0,C.Stroud,-2.0,C.Stover,-2.0,,,,,,-5
HOU,BUF,1,HOU,BUF,BUF,26.0,2.0,pass,3.0,0,0,0,,,,,-0.0528311118832789,0.0,0.0,0.0,0.0,0.0,0.0,1.0,0.0,0.0,0.0,0.0,0.0,0.0,0.0,1.0,C.Stroud,3.0,X.Hutchinson,3.0,,,,,,-5
HOU,BUF,1,HOU,BUF,BUF,23.0,3.0,no_play,0.0,0,0,0,,,,,1.34629508922808,0.0,0.0,0.0,1.0,0.0,0.0,0.0,0.0,0.0,0.0,0.0,0.0,0.0,0.0,0.0,,,,,,,,BUF,5.0,-5
HOU,BUF,1,HOU,BUF,BUF,18.0,1.0,run,18.0,0,0,0,,,,HOU,2.18514031759696,0.0,0.0,0.0,0.0,0.0,1.0,0.0,0.0,1.0,0.0,1.0,0.0,0.0,0.0,0.0,,,,,D.Montgomery,18.0,,,,-5
HOU,BUF,1,HOU,BUF,BUF,15.0,,extra_point,0.0,0,0,0,,good,,,0.0685713509799278,0.0,0.0,0.0,0.0,0.0,0.0,0.0,0.0,0.0,0.0,0.0,1.0,0.0,0.0,0.0,,,,,,,,,,-5
HOU,BUF,1,BUF,HOU,HOU,35.0,,kickoff,0.0,0,0,0,,,,,0.613399620167911,0.0,0.0,0.0,0.0,0.0,0.0,0.0,0.0,0.0,0.0,0.0,0.0,0.0,1.0,0.0,,,,,,,,,,-5
HOU,BUF,1,BUF,HOU,BUF,65.0,1.0,pass,18.0,0,0,0,,,,,1.26447291718796,0.0,0.0,0.0,0.0,0.0,0.0,1.0,0.0,0.0,0.0,0.0,0.0,0.0,0.0,1.0,J.Allen,18.0,D.Moore,18.0,,,,,,-5
HOU,BUF,1,BUF,HOU,HOU,47.0,1.0,no_play,0.0,0,0,0,,,,,3.55399725548341,0.0,0.0,0.0,1.0,0.0,0.0,0.0,0.0,0.0,0.0,0.0,0.0,0.0,0.0,0.0,,,,,,,,HOU,46.0,-5
HOU,BUF,1,BUF,HOU,HOU,1.0,1.0,pass,0.0,0,0,0,,,,,-0.220662832201924,0.0,0.0,0.0,0.0,0.0,0.0,1.0,0.0,0.0,0.0,0.0,0.0,0.0,0.0,0.0,J.Allen,,K.Shakir,,,,,,,-5
HOU,BUF,1,BUF,HOU,HOU,1.0,2.0,run,1.0,0,0,0,,,,BUF,0.732556495669996,0.0,0.0,0.0,0.0,0.0,1.0,0.0,0.0,1.0,0.0,1.0,0.0,0.0,0.0,0.0,,,,,J.Allen,1.0,,,,-5
HOU,BUF,1,BUF,HOU,HOU,15.0,,extra_point,0.0,0,0,0,,good,,,0.0685713509799278,0.0,0.0,0.0,0.0,0.0,0.0,0.0,0.0,0.0,0.0,0.0,1.0,0.0,0.0,0.0,,,,,,,,,,-5
HOU,BUF,1,HOU,BUF,BUF,35.0,,kickoff,0.0,0,0,0,,,,,0.0797369258943945,0.0,0.0,0.0,0.0,0.0,0.0,0.0,0.0,0.0,0.0,0.0,0.0,0.0,1.0,0.0,,,,,,,,,,-5
HOU,BUF,1,HOU,BUF,HOU,74.0,1.0,no_play,0.0,0,0,0,,,,,0.387692307122052,0.0,0.0,0.0,1.0,0.0,0.0,0.0,0.0,0.0,0.0,0.0,0.0,0.0,0.0,0.0,,,,,,,,BUF,5.0,-5
HOU,BUF,1,HOU,BUF,HOU,69.0,1.0,run,5.0,0,0,0,,,,,-0.0536993719870225,0.0,0.0,0.0,0.0,0.0,1.0,0.0,0.0,0.0,0.0,0.0,0.0,0.0,0.0,0.0,,,,,D.Montgomery,5.0,,,,-5
HOU,BUF,1,HOU,BUF,HOU,64.0,2.0,pass,3.0,0,0,0,,,,,-0.105491205584258,0.0,0.0,0.0,0.0,0.0,0.0,1.0,0.0,0.0,0.0,0.0,0.0,0.0,0.0,1.0,C.Stroud,3.0,D.Montgomery,3.0,,,,,,-5
HOU,BUF,1,HOU,BUF,HOU,61.0,3.0,pass,0.0,0,0,0,,,,,-1.45274111593608,0.0,0.0,0.0,0.0,0.0,0.0,1.0,0.0,0.0,0.0,0.0,0.0,0.0,0.0,0.0,C.Stroud,,X.Hutchinson,,,,,,,-5
HOU,BUF,1,HOU,BUF,HOU,61.0,4.0,punt,0.0,0,0,0,,,,,0.111065252916887,0.0,0.0,0.0,0.0,0.0,0.0,0.0,0.0,0.0,0.0,0.0,0.0,0.0,0.0,0.0,,,,,,,,,,-5
HOU,BUF,1,BUF,HOU,BUF,96.0,1.0,pass,38.0,0,0,0,,,,,1.93578320846427,0.0,0.0,0.0,0.0,0.0,0.0,1.0,0.0,0.0,0.0,0.0,0.0,0.0,0.0,1.0,J.Allen,38.0,D.Kincaid,38.0,,,,,,-5
HOU,BUF,1,BUF,HOU,BUF,58.0,1.0,pass,15.0,0,0,0,,,,,0.817286693083588,0.0,0.0,0.0,0.0,0.0,0.0,1.0,0.0,0.0,0.0,0.0,0.0,0.0,0.0,1.0,J.Allen,15.0,D.Moore,15.0,,,,,,-5
HOU,BUF,1,BUF,HOU,HOU,43.0,1.0,pass,43.0,0,0,0,,,,BUF,4.16196589631727,0.0,0.0,0.0,0.0,0.0,0.0,1.0,0.0,1.0,1.0,0.0,0.0,0.0,0.0,1.0,J.Allen,43.0,D.Moore,43.0,,,,,,-5
HOU,BUF,1,BUF,HOU,HOU,15.0,,extra_point,0.0,0,0,0,,good,,,0.0685713509799278,0.0,0.0,0.0,0.0,0.0,0.0,0.0,0.0,0.0,0.0,0.0,1.0,0.0,0.0,0.0,,,,,,,,,,-5
HOU,BUF,1,HOU,BUF,BUF,35.0,,kickoff,0.0,0,0,0,,,,,-0.704420678783208,0.0,0.0,0.0,1.0,0.0,0.0,0.0,0.0,0.0,0.0,0.0,0.0,0.0,1.0,0.0,,,,,,,,HOU,10.0,-5
HOU,BUF,1,HOU,BUF,HOU,86.0,1.0,pass,9.0,0,0,0,,,,,0.319403817295097,0.0,0.0,0.0,0.0,0.0,0.0,1.0,0.0,0.0,0.0,0.0,0.0,0.0,0.0,1.0,C.Stroud,9.0,D.Schultz,9.0,,,,,,-5
HOU,BUF,1,HOU,BUF,HOU,77.0,2.0,no_play,0.0,0,0,0,,,,,1.05447104887571,0.0,0.0,0.0,1.0,0.0,0.0,0.0,0.0,0.0,0.0,0.0,0.0,0.0,0.0,0.0,,,,,,,,BUF,21.0,-5
HOU,BUF,1,HOU,BUF,HOU,56.0,1.0,pass,9.0,0,0,0,,,,,0.463905981741846,0.0,0.0,0.0,0.0,0.0,0.0,1.0,0.0,0.0,0.0,0.0,0.0,0.0,0.0,1.0,C.Stroud,9.0,X.Hutchinson,9.0,,,,,,-5
HOU,BUF,1,HOU,BUF,BUF,47.0,2.0,pass,35.0,0,0,0,,,,,2.4374918070971,0.0,0.0,0.0,0.0,0.0,0.0,1.0,0.0,0.0,0.0,0.0,0.0,0.0,0.0,1.0,C.Stroud,35.0,J.Noel,35.0,,,,,,-5
HOU,BUF,1,HOU,BUF,BUF,12.0,1.0,pass,12.0,0,0,0,,,,HOU,2.21136275987374,0.0,0.0,0.0,0.0,0.0,0.0,1.0,0.0,1.0,1.0,0.0,0.0,0.0,0.0,1.0,C.Stroud,12.0,N.Collins,12.0,,,,,,-5
HOU,BUF,1,HOU,BUF,BUF,15.0,,extra_point,0.0,0,0,0,,good,,,0.0685713509799278,0.0,0.0,0.0,0.0,0.0,0.0,0.0,0.0,0.0,0.0,0.0,1.0,0.0,0.0,0.0,,,,,,,,,,-5
HOU,BUF,1,BUF,HOU,HOU,35.0,,kickoff,0.0,0,0,0,,,,,-0.298695358564146,0.0,0.0,0.0,1.0,0.0,0.0,0.0,0.0,0.0,0.0,0.0,0.0,0.0,1.0,0.0,,,,,,,,BUF,10.0,-5
HOU,BUF,1,BUF,HOU,BUF,83.0,1.0,pass,0.0,0,0,0,,,,,-0.0569832127657719,0.0,0.0,0.0,0.0,0.0,0.0,1.0,0.0,0.0,0.0,0.0,0.0,0.0,0.0,0.0,J.Allen,,D.Moore,,,,,,,-5
HOU,BUF,1,BUF,HOU,BUF,83.0,2.0,run,3.0,0,0,0,,,,,-0.0592273413785733,0.0,0.0,0.0,0.0,0.0,1.0,0.0,0.0,0.0,0.0,0.0,0.0,0.0,0.0,0.0,,,,,F.Gore,3.0,,,,-5
HOU,BUF,1,,,,,,,,0,0,0,,,,,,,,,,,,,,,,,,,,,,,,,,,,,,-5
HOU,BUF,1,HOU,BUF,BUF,35.0,,kickoff,0.0,0,0,0,,,,,0.494007083587349,0.0,0.0,0.0,0.0,0.0,0.0,0.0,0.0,0.0,0.0,0.0,0.0,0.0,1.0,0.0,,,,,,,,,,-5
HOU,BUF,1,HOU,BUF,HOU,66.0,1.0,run,5.0,0,0,0,,,,,0.0920571996830404,0.0,0.0,0.0,0.0,0.0,1.0,0.0,0.0,0.0,0.0,0.0,0.0,0.0,0.0,0.0,,,,,D.Montgomery,5.0,,,,-5
HOU,BUF,1,HOU,BUF,HOU,61.0,2.0,run,0.0,0,0,0,,,,,-0.921365613583475,0.0,0.0,0.0,0.0,0.0,1.0,0.0,0.0,0.0,0.0,0.0,0.0,0.0,0.0,0.0,,,,,D.Montgomery,0.0,,,,-5
HOU,BUF,1,HOU,BUF,HOU,61.0,3.0,no_play,0.0,0,0,0,,,,,-1.74814588390291,0.0,0.0,0.0,1.0,0.0,0.0,0.0,0.0,0.0,0.0,0.0,0.0,0.0,0.0,0.0,,,,,,,,HOU,15.0,-5
HOU,BUF,1,HOU,BUF,HOU,76.0,3.0,pass,0.0,0,0,0,,,,,-1.11832807771862,0.0,0.0,0.0,0.0,0.0,0.0,1.0,0.0,0.0,0.0,0.0,0.0,0.0,0.0,0.0,C.Stroud,,D.Schultz,,,,,,,-5
HOU,BUF,1,HOU,BUF,HOU,76.0,4.0,punt,0.0,0,0,0,,,,,1.36266158288345,0.0,0.0,0.0,1.0,0.0,0.0,0.0,0.0,0.0,0.0,0.0,0.0,0.0,0.0,0.0,,,,,,,,BUF,14.0,-5
HOU,BUF,1,BUF,HOU,BUF,86.0,1.0,run,1.0,0,0,0,,,,,-0.558803942985833,0.0,0.0,0.0,0.0,0.0,1.0,0.0,0.0,0.0,0.0,0.0,0.0,0.0,0.0,0.0,,,,,J.Cook,1.0,,,,-5
HOU,BUF,1,BUF,HOU,BUF,85.0,2.0,pass,3.0,0,0,0,,,,,-0.40688157454133,0.0,0.0,0.0,0.0,0.0,0.0,1.0,0.0,0.0,0.0,0.0,0.0,0.0,0.0,1.0,J.Allen,3.0,K.Shakir,3.0,,,,,,-5
HOU,BUF,1,BUF,HOU,BUF,82.0,3.0,pass,17.0,0,0,0,,,,,2.25174907548353,1.0,0.0,0.0,0.0,0.0,0.0,1.0,0.0,0.0,0.0,0.0,0.0,0.0,0.0,1.0,J.Allen,17.0,D.Moore,17.0,,,,,,-5
HOU,BUF,1,BUF,HOU,BUF,65.0,1.0,run,1.0,0,0,0,,,,,-0.389451315160841,0.0,0.0,0.0,0.0,0.0,1.0,0.0,0.0,0.0,0.0,0.0,0.0,0.0,0.0,0.0,,,,,J.Cook,1.0,,,,-5
HOU,BUF,1,BUF,HOU,BUF,64.0,2.0,no_play,0.0,0,0,0,,,,,-1.06320707825944,0.0,0.0,0.0,1.0,0.0,0.0,0.0,0.0,0.0,0.0,0.0,0.0,0.0,0.0,0.0,,,,,,,,BUF,10.0,-5
HOU,BUF,1,BUF,HOU,BUF,74.0,2.0,pass,0.0,0,0,0,,,,,-0.836344414856285,0.0,0.0,0.0,0.0,0.0,0.0,1.0,0.0,0.0,0.0,0.0,0.0,0.0,0.0,0.0,J.Allen,,,,,,,,,-5
HOU,BUF,1,BUF,HOU,BUF,74.0,3.0,pass,7.0,0,0,0,,,,,-0.613627871032804,0.0,0.0,0.0,0.0,0.0,0.0,1.0,0.0,0.0,0.0,0.0,0.0,0.0,0.0,1.0,J.Allen,7.0,D.Moore,7.0,,,,,,-5
HOU,BUF,1,BUF,HOU,BUF,67.0,4.0,punt,0.0,0,0,0,,,,,1.18638028157875,0.0,0.0,0.0,0.0,0.0,0.0,0.0,0.0,0.0,0.0,0.0,0.0,0.0,0.0,0.0,,,,,,,,,,-5
HOU,BUF,1,HOU,BUF,HOU,96.0,1.0,run,-2.0,0,0,0,,,,,-1.18433724786155,0.0,0.0,0.0,0.0,0.0,1.0,0.0,0.0,0.0,0.0,0.0,0.0,0.0,0.0,0.0,,,,,W.Marks,-2.0,,,,-5
HOU,BUF,1,HOU,BUF,HOU,98.0,2.0,pass,0.0,0,0,0,,,,,-0.725281605729833,0.0,0.0,0.0,0.0,0.0,0.0,1.0,0.0,0.0,0.0,0.0,0.0,0.0,0.0,0.0,C.Stroud,,D.Schultz,,,,,,,-5
HOU,BUF,1,HOU,BUF,HOU,98.0,3.0,run,7.0,0,0,0,,,,,-0.46398747083731,0.0,0.0,0.0,0.0,0.0,1.0,0.0,0.0,0.0,0.0,0.0,0.0,0.0,0.0,0.0,,,,,W.Marks,7.0,,,,-5
HOU,BUF,1,HOU,BUF,HOU,91.0,4.0,punt,0.0,0,0,0,,,,,-0.791852444177494,0.0,0.0,0.0,0.0,0.0,0.0,0.0,0.0,0.0,0.0,0.0,0.0,0.0,0.0,0.0,,,,,,,,,,-5
HOU,BUF,1,BUF,HOU,HOU,43.0,1.0,run,1.0,0,0,0,,,,,-0.44787882687524,0.0,0.0,0.0,0.0,0.0,1.0,0.0,0.0,0.0,0.0,0.0,0.0,0.0,0.0,0.0,,,,,J.Cook,1.0,,,,-5
HOU,BUF,1,BUF,HOU,HOU,42.0,2.0,no_play,0.0,0,0,0,,,,,1.79144272278063,0.0,0.0,0.0,1.0,0.0,0.0,0.0,0.0,0.0,0.0,0.0,0.0,0.0,0.0,0.0,,,,,,,,HOU,15.0,-5
HOU,BUF,1,BUF,HOU,HOU,27.0,1.0,pass,11.0,0,0,0,,,,,0.658914154802915,0.0,0.0,0.0,0.0,0.0,0.0,1.0,0.0,0.0,0.0,0.0,0.0,0.0,0.0,1.0,J.Allen,11.0,D.Kincaid,11.0,,,,,,-5
HOU,BUF,1,BUF,HOU,HOU,16.0,1.0,run,3.0,0,0,0,,,,,-0.184720502700657,0.0,0.0,0.0,0.0,0.0,1.0,0.0,0.0,0.0,0.0,0.0,0.0,0.0,0.0,0.0,,,,,J.Cook,3.0,,,,-5
HOU,BUF,1,BUF,HOU,HOU,13.0,2.0,pass,-5.0,0,0,0,,,,,-1.42974344972754,0.0,0.0,0.0,0.0,0.0,0.0,1.0,1.0,0.0,0.0,0.0,0.0,0.0,0.0,0.0,J.Allen,,,,,,,,,-5
HOU,BUF,1,BUF,HOU,HOU,18.0,3.0,pass,2.0,0,0,0,,,,,-0.660014370031733,0.0,0.0,0.0,0.0,0.0,0.0,1.0,0.0,0.0,0.0,0.0,0.0,0.0,0.0,1.0,J.Allen,2.0,K.Shakir,2.0,,,,,,-5
HOU,BUF,1,BUF,HOU,HOU,16.0,4.0,field_goal,0.0,0,0,0,made,,,,0.290608174557876,0.0,0.0,0.0,0.0,0.0,0.0,0.0,0.0,0.0,0.0,0.0,0.0,0.0,0.0,0.0,,,,,,,,,,-5
HOU,BUF,1,HOU,BUF,BUF,35.0,,kickoff,0.0,0,0,0,,,,,0.102076817769557,0.0,0.0,0.0,0.0,0.0,0.0,0.0,0.0,0.0,0.0,0.0,0.0,0.0,1.0,0.0,,,,,,,,,,-5
HOU,BUF,1,HOU,BUF,HOU,72.0,1.0,pass,0.0,0,0,0,,,,,-0.573659531772137,0.0,0.0,0.0,0.0,0.0,0.0,1.0,0.0,0.0,0.0,0.0,0.0,0.0,0.0,0.0,C.Stroud,,,,,,,,,-5
HOU,BUF,1,HOU,BUF,HOU,72.0,2.0,pass,9.0,0,0,0,,,,,0.881033477839083,0.0,0.0,0.0,0.0,0.0,0.0,1.0,0.0,0.0,0.0,0.0,0.0,0.0,0.0,1.0,C.Stroud,9.0,D.Montgomery,9.0,,,,,,-5
HOU,BUF,1,HOU,BUF,HOU,63.0,3.0,run,0.0,0,0,0,,,,,-1.82112119626254,0.0,0.0,0.0,0.0,0.0,1.0,0.0,0.0,0.0,0.0,0.0,0.0,0.0,0.0,0.0,,,,,D.Montgomery,0.0,,,,-5
HOU,BUF,1,HOU,BUF,HOU,63.0,4.0,run,2.0,0,0,0,,,,,2.2437759952154,0.0,1.0,0.0,0.0,0.0,1.0,0.0,0.0,0.0,0.0,0.0,0.0,0.0,0.0,0.0,,,,,D.Montgomery,2.0,,,,-5
HOU,BUF,1,HOU,BUF,HOU,61.0,1.0,pass,9.0,0,0,0,,,,,0.793574140174314,0.0,0.0,0.0,0.0,0.0,0.0,1.0,0.0,0.0,0.0,0.0,0.0,0.0,0.0,1.0,C.Stroud,9.0,F.Moreau,9.0,,,,,,-5
HOU,BUF,1,HOU,BUF,HOU,52.0,2.0,pass,21.0,0,0,0,,,,,1.05752505420242,0.0,0.0,0.0,0.0,0.0,0.0,1.0,0.0,0.0,0.0,0.0,0.0,0.0,0.0,1.0,C.Stroud,21.0,K.Boutte,21.0,,,,,,-5
HOU,BUF,1,HOU,BUF,BUF,31.0,1.0,pass,0.0,0,0,0,,,,,-0.468897900427692,0.0,0.0,0.0,0.0,0.0,0.0,1.0,0.0,0.0,0.0,0.0,0.0,0.0,0.0,0.0,C.Stroud,,N.Collins,,,,,,,-5
HOU,BUF,1,HOU,BUF,BUF,31.0,2.0,pass,9.0,0,0,0,,,,,0.732843892998062,0.0,0.0,0.0,0.0,0.0,0.0,1.0,0.0,0.0,0.0,0.0,0.0,0.0,0.0,1.0,C.Stroud,9.0,N.Collins,9.0,,,,,,-5
HOU,BUF,1,HOU,BUF,BUF,22.0,3.0,run,0.0,0,0,0,,,,,-1.13206328451633,0.0,0.0,0.0,0.0,0.0,1.0,0.0,0.0,0.0,0.0,0.0,0.0,0.0,0.0,0.0,,,,,C.Stroud,0.0,,,,-5
HOU,BUF,1,HOU,BUF,BUF,22.0,4.0,run,3.0,0,0,0,,,,,1.57787080475828,0.0,1.0,0.0,0.0,0.0,1.0,0.0,0.0,0.0,0.0,0.0,0.0,0.0,0.0,0.0,,,,,W.Marks,3.0,,,,-5
HOU,BUF,1,HOU,BUF,,,,,,0,0,0,,,,,0.0,,,,,,,,,,,,,,,,,,,,,,,,,-5
HOU,BUF,1,HOU,BUF,BUF,19.0,1.0,pass,12.0,0,0,0,,,,,0.734404760762118,0.0,0.0,0.0,0.0,0.0,0.0,1.0,0.0,0.0,0.0,0.0,0.0,0.0,0.0,1.0,C.Stroud,12.0,J.Wayne,12.0,,,,,,-5
HOU,BUF,1,HOU,BUF,BUF,7.0,1.0,run,0.0,0,0,0,,,,,-0.508187080558855,0.0,0.0,0.0,0.0,0.0,1.0,0.0,0.0,0.0,0.0,0.0,0.0,0.0,0.0,0.0,,,,,D.Montgomery,0.0,,,,-5
HOU,BUF,1,HOU,BUF,BUF,7.0,2.0,pass,7.0,0,0,0,,,,HOU,1.86232929106336,0.0,0.0,0.0,0.0,0.0,0.0,1.0,0.0,1.0,1.0,0.0,0.0,0.0,0.0,1.0,C.Stroud,7.0,D.Montgomery,7.0,,,,,,-5
HOU,BUF,1,HOU,BUF,BUF,15.0,,extra_point,0.0,0,0,0,,good,,,0.0685713509799278,0.0,0.0,0.0,0.0,0.0,0.0,0.0,0.0,0.0,0.0,0.0,1.0,0.0,0.0,0.0,,,,,,,,,,-5
HOU,BUF,1,BUF,HOU,HOU,35.0,,kickoff,0.0,0,0,0,,,,,0.45865287212655,0.0,0.0,0.0,0.0,0.0,0.0,0.0,0.0,0.0,0.0,0.0,0.0,0.0,1.0,0.0,,,,,,,,,,-5
HOU,BUF,1,BUF,HOU,BUF,66.0,1.0,pass,0.0,0,0,0,,,,,-0.556460459250957,0.0,0.0,0.0,0.0,0.0,0.0,1.0,0.0,0.0,0.0,0.0,0.0,0.0,0.0,0.0,J.Allen,,J.Cook,,,,,,,-5
HOU,BUF,1,BUF,HOU,BUF,66.0,2.0,pass,6.0,0,0,0,,,,,-0.0533849685452879,0.0,0.0,0.0,0.0,0.0,0.0,1.0,0.0,0.0,0.0,0.0,0.0,0.0,0.0,1.0,J.Allen,6.0,D.Kincaid,6.0,,,,,,-5
HOU,BUF,1,BUF,HOU,BUF,60.0,3.0,pass,40.0,0,0,0,,,,,3.66817975771846,1.0,0.0,0.0,0.0,0.0,0.0,1.0,0.0,0.0,0.0,0.0,0.0,0.0,0.0,1.0,J.Allen,40.0,D.Kincaid,40.0,,,,,,-5
HOU,BUF,1,BUF,HOU,HOU,20.0,1.0,run,3.0,0,0,0,,,,,-0.128356271015946,0.0,0.0,0.0,0.0,0.0,1.0,0.0,0.0,0.0,0.0,0.0,0.0,0.0,0.0,0.0,,,,,J.Cook,3.0,,,,-5
HOU,BUF,1,BUF,HOU,HOU,17.0,2.0,pass,3.0,0,0,0,,,,,-0.293732432764955,0.0,0.0,0.0,0.0,0.0,0.0,1.0,0.0,0.0,0.0,0.0,0.0,0.0,0.0,1.0,J.Allen,3.0,J.Cook,3.0,,,,,,-5
HOU,BUF,1,BUF,HOU,HOU,14.0,3.0,pass,0.0,0,0,0,,,,,-1.44686218143567,0.0,0.0,0.0,0.0,0.0,0.0,1.0,0.0,0.0,0.0,0.0,0.0,0.0,0.0,0.0,J.Allen,,K.Shakir,,,,,,,-5
HOU,BUF,1,BUF,HOU,HOU,14.0,4.0,field_goal,0.0,0,0,0,made,,,,0.239889497539358,0.0,0.0,0.0,0.0,0.0,0.0,0.0,0.0,0.0,0.0,0.0,0.0,0.0,0.0,0.0,,,,,,,,,,-5
HOU,BUF,1,HOU,BUF,BUF,35.0,,kickoff,0.0,0,0,0,,,,,0.390063487458974,0.0,0.0,0.0,0.0,0.0,0.0,0.0,0.0,0.0,0.0,0.0,0.0,0.0,1.0,0.0,,,,,,,,,,-5
HOU,BUF,1,HOU,BUF,HOU,65.0,1.0,pass,0.0,0,0,0,,,,,-0.565682287327945,0.0,0.0,0.0,0.0,0.0,0.0,1.0,0.0,0.0,0.0,0.0,0.0,0.0,0.0,0.0,C.Stroud,,N.Collins,,,,,,,-5
HOU,BUF,1,HOU,BUF,HOU,65.0,2.0,no_play,0.0,0,0,0,,,,,-0.788101044483483,0.0,0.0,0.0,1.0,0.0,0.0,0.0,0.0,0.0,0.0,0.0,0.0,0.0,0.0,0.0,,,,,,,,HOU,10.0,-5
HOU,BUF,1,HOU,BUF,HOU,75.0,2.0,run,10.0,0,0,0,,,,,-0.0063803219236433,0.0,0.0,0.0,0.0,0.0,1.0,0.0,0.0,0.0,0.0,0.0,0.0,0.0,0.0,0.0,,,,,W.Marks,10.0,,,,-5
HOU,BUF,1,HOU,BUF,HOU,65.0,3.0,pass,20.0,0,0,0,,,,,2.57887066830881,1.0,0.0,0.0,0.0,0.0,0.0,1.0,0.0,0.0,0.0,0.0,0.0,0.0,0.0,1.0,C.Stroud,20.0,X.Hutchinson,20.0,,,,,,-5
HOU,BUF,1,HOU,BUF,BUF,45.0,1.0,run,-2.0,0,0,0,,,,,-0.864730557659641,0.0,0.0,0.0,0.0,0.0,1.0,0.0,0.0,0.0,0.0,0.0,0.0,0.0,0.0,0.0,,,,,W.Marks,-2.0,,,,-5
HOU,BUF,1,HOU,BUF,BUF,47.0,2.0,pass,6.0,0,0,0,,,,,0.0472479942254722,0.0,0.0,0.0,0.0,0.0,0.0,1.0,0.0,0.0,0.0,0.0,0.0,0.0,0.0,1.0,C.Stroud,6.0,N.Collins,6.0,,,,,,-5
HOU,BUF,1,HOU,BUF,BUF,41.0,3.0,pass,2.0,0,0,0,,,,,-1.57428367648465,0.0,0.0,0.0,0.0,0.0,0.0,1.0,0.0,0.0,0.0,0.0,0.0,0.0,0.0,1.0,C.Stroud,2.0,N.Collins,2.0,,,,,,-5
HOU,BUF,1,HOU,BUF,BUF,39.0,4.0,field_goal,0.0,0,0,0,made,,,,2.28994807720375,0.0,0.0,0.0,0.0,0.0,0.0,0.0,0.0,0.0,0.0,0.0,0.0,0.0,0.0,0.0,,,,,,,,,,-5
HOU,BUF,1,BUF,HOU,HOU,35.0,,kickoff,0.0,0,0,0,,,,,-0.353275187313557,0.0,0.0,0.0,0.0,0.0,0.0,0.0,0.0,0.0,0.0,0.0,0.0,0.0,1.0,0.0,,,,,,,,,,-5
HOU,BUF,1,BUF,HOU,BUF,80.0,1.0,run,0.0,0,0,0,,,,,-1.1300212489441,0.0,0.0,0.0,0.0,0.0,1.0,0.0,0.0,0.0,0.0,0.0,0.0,0.0,0.0,0.0,,,,,J.Allen,0.0,J.Allen,,,-5
HOU,BUF,1,BUF,HOU,BUF,82.0,2.0,pass,0.0,0,0,0,,,,,-0.671658266335726,0.0,0.0,0.0,0.0,0.0,0.0,1.0,0.0,0.0,0.0,0.0,0.0,0.0,0.0,0.0,J.Allen,,D.Moore,,,,,,,-5
HOU,BUF,1,BUF,HOU,BUF,82.0,3.0,pass,0.0,0,0,0,,,,,-0.776550712063909,0.0,0.0,0.0,0.0,0.0,0.0,1.0,0.0,0.0,0.0,0.0,0.0,0.0,0.0,0.0,J.Allen,,D.Moore,,,,,,,-5
HOU,BUF,1,BUF,HOU,BUF,82.0,4.0,punt,0.0,0,0,0,,,,,-0.113387328572571,0.0,0.0,0.0,0.0,0.0,0.0,0.0,0.0,0.0,0.0,0.0,0.0,0.0,0.0,0.0,,,,,,,,,,-5
HOU,BUF,1,HOU,BUF,HOU,64.0,1.0,run,3.0,0,0,0,,,,,-0.454194895224646,0.0,0.0,0.0,0.0,0.0,1.0,0.0,0.0,0.0,0.0,0.0,0.0,0.0,0.0,0.0,,,,,D.Montgomery,3.0,,,,-5
HOU,BUF,1,HOU,BUF,HOU,61.0,2.0,run,-2.0,0,0,0,,,,,-0.927646178402938,0.0,0.0,0.0,0.0,0.0,1.0,0.0,0.0,0.0,0.0,0.0,0.0,0.0,0.0,0.0,,,,,D.Montgomery,-2.0,,,,-5
HOU,BUF,1,HOU,BUF,HOU,63.0,3.0,pass,0.0,0,0,0,,,,,-1.33837903279345,0.0,0.0,0.0,0.0,0.0,0.0,1.0,0.0,0.0,0.0,0.0,0.0,0.0,0.0,1.0,C.Stroud,0.0,D.Schultz,0.0,,,,,,-5
HOU,BUF,1,HOU,BUF,HOU,63.0,4.0,punt,0.0,0,0,0,,,,,0.889983881032094,0.0,0.0,0.0,0.0,0.0,0.0,0.0,0.0,0.0,0.0,0.0,0.0,0.0,0.0,0.0,,,,,,,,,,-5
HOU,BUF,1,BUF,HOU,BUF,96.0,1.0,run,12.0,0,0,0,,,,,0.765194837702438,0.0,0.0,0.0,0.0,0.0,1.0,0.0,0.0,0.0,0.0,0.0,0.0,0.0,0.0,0.0,,,,,J.Cook,12.0,J.Cook,,,-5
HOU,BUF,1,BUF,HOU,BUF,81.0,1.0,pass,7.0,0,0,0,,,,,0.290546651929617,0.0,0.0,0.0,0.0,0.0,0.0,1.0,0.0,0.0,0.0,0.0,0.0,0.0,0.0,1.0,J.Allen,7.0,D.Knox,7.0,,,,,,-5
HOU,BUF,1,BUF,HOU,BUF,74.0,2.0,pass,6.0,0,0,0,,,,,0.494017930468544,0.0,0.0,0.0,0.0,0.0,0.0,1.0,0.0,0.0,0.0,0.0,0.0,0.0,0.0,1.0,J.Allen,6.0,J.Cook,6.0,,,,,,-5
HOU,BUF,1,BUF,HOU,BUF,68.0,1.0,pass,35.0,0,0,0,,,,,1.99016330408631,0.0,0.0,0.0,0.0,0.0,0.0,1.0,0.0,0.0,0.0,0.0,0.0,0.0,0.0,1.0,J.Allen,35.0,D.Kincaid,35.0,,,,,,-5
HOU,BUF,1,BUF,HOU,HOU,33.0,1.0,run,-1.0,0,0,0,,,,,-0.624800365476403,0.0,0.0,0.0,0.0,0.0,1.0,0.0,0.0,0.0,0.0,0.0,0.0,0.0,0.0,0.0,,,,,J.Cook,-1.0,,,,-5
HOU,BUF,1,,,,,,no_play,0.0,0,0,0,,,,,0.0,0.0,0.0,0.0,0.0,0.0,0.0,0.0,0.0,0.0,0.0,0.0,0.0,0.0,0.0,0.0,,,,,,,,,,-5
HOU,BUF,1,BUF,HOU,HOU,34.0,2.0,pass,0.0,0,0,0,,,,,-0.468293068814091,0.0,0.0,0.0,0.0,0.0,0.0,1.0,0.0,0.0,0.0,0.0,0.0,0.0,0.0,0.0,J.Allen,,J.Palmer,,,,,,,-5
HOU,BUF,1,BUF,HOU,HOU,34.0,3.0,pass,34.0,0,0,0,,,,BUF,4.58720196667127,1.0,0.0,0.0,0.0,0.0,0.0,1.0,0.0,1.0,1.0,0.0,0.0,0.0,0.0,1.0,J.Allen,34.0,J.Palmer,34.0,,,,,,-5
HOU,BUF,1,BUF,HOU,HOU,2.0,,pass,0.0,0,0,0,,,failure,,-0.947,0.0,0.0,0.0,0.0,0.0,0.0,1.0,0.0,0.0,0.0,0.0,0.0,1.0,0.0,0.0,J.Allen,,K.Coleman,,,,,,,-5
HOU,BUF,1,HOU,BUF,BUF,35.0,,kickoff,0.0,0,0,0,,,,,0.107566685648635,0.0,0.0,0.0,0.0,0.0,0.0,0.0,0.0,0.0,0.0,0.0,0.0,0.0,1.0,0.0,,,,,,,,,,-5
HOU,BUF,1,HOU,BUF,HOU,71.0,1.0,pass,18.0,0,0,0,,,,,0.857426100701559,0.0,0.0,0.0,0.0,0.0,0.0,1.0,0.0,0.0,0.0,0.0,0.0,0.0,0.0,1.0,C.Stroud,18.0,D.Schultz,18.0,,,,,,-5
HOU,BUF,1,HOU,BUF,HOU,53.0,1.0,pass,8.0,0,0,0,,,,,0.412810665438883,0.0,0.0,0.0,0.0,0.0,0.0,1.0,0.0,0.0,0.0,0.0,0.0,0.0,0.0,1.0,C.Stroud,8.0,D.Schultz,8.0,,,,,,-5
HOU,BUF,1,HOU,BUF,BUF,45.0,2.0,pass,0.0,0,0,0,,,,,-0.352616699703503,0.0,0.0,0.0,0.0,0.0,0.0,1.0,0.0,0.0,0.0,0.0,0.0,0.0,0.0,0.0,C.Stroud,,X.Hutchinson,,,,,,,-5
HOU,BUF,1,HOU,BUF,BUF,45.0,3.0,run,6.0,0,0,0,,,,,0.957180983386934,1.0,0.0,0.0,1.0,0.0,1.0,0.0,0.0,0.0,0.0,0.0,0.0,0.0,0.0,0.0,,,,,W.Marks,6.0,,BUF,5.0,-5
HOU,BUF,1,HOU,BUF,BUF,34.0,1.0,no_play,0.0,0,0,0,,,,,-0.457819043949712,0.0,0.0,0.0,1.0,0.0,0.0,0.0,0.0,0.0,0.0,0.0,0.0,0.0,0.0,0.0,,,,,,,,HOU,5.0,-5
HOU,BUF,1,HOU,BUF,BUF,39.0,1.0,pass,0.0,0,0,0,,,,,-0.275944293942302,0.0,0.0,0.0,0.0,0.0,0.0,1.0,0.0,0.0,0.0,0.0,0.0,0.0,0.0,0.0,C.Stroud,,X.Hutchinson,,,,,,,-5
HOU,BUF,1,HOU,BUF,BUF,39.0,2.0,pass,12.0,0,0,0,,,,,0.835655235860031,0.0,0.0,0.0,0.0,0.0,0.0,1.0,0.0,0.0,0.0,0.0,0.0,0.0,0.0,1.0,C.Stroud,12.0,N.Collins,12.0,,,,,,-5
HOU,BUF,1,,,,,,no_play,0.0,0,0,0,,,,,0.0,0.0,0.0,0.0,0.0,0.0,0.0,0.0,0.0,0.0,0.0,0.0,0.0,0.0,0.0,0.0,,,,,,,,,,-5
HOU,BUF,1,,,,,,no_play,0.0,0,0,0,,,,,0.0,0.0,0.0,0.0,0.0,0.0,0.0,0.0,0.0,0.0,0.0,0.0,0.0,0.0,0.0,0.0,,,,,,,,,,-5
HOU,BUF,1,HOU,BUF,BUF,27.0,3.0,pass,18.0,0,0,0,,,,,1.54186982623651,1.0,0.0,0.0,0.0,0.0,0.0,1.0,0.0,0.0,0.0,0.0,0.0,0.0,0.0,1.0,C.Stroud,18.0,J.Noel,18.0,,,,,,-5
HOU,BUF,1,HOU,BUF,BUF,9.0,1.0,pass,-9.0,0,0,0,,,,,-1.66736963656149,0.0,0.0,0.0,0.0,0.0,0.0,1.0,1.0,0.0,0.0,0.0,0.0,0.0,0.0,0.0,C.Stroud,,,,,,,,,-5
HOU,BUF,1,,,,,,no_play,0.0,0,0,0,,,,,0.0,0.0,0.0,0.0,0.0,0.0,0.0,0.0,0.0,0.0,0.0,0.0,0.0,0.0,0.0,0.0,,,,,,,,,,-5
HOU,BUF,1,HOU,BUF,BUF,18.0,2.0,pass,0.0,0,0,0,,,,,-0.392444927420002,0.0,0.0,0.0,0.0,0.0,0.0,1.0,0.0,0.0,0.0,0.0,0.0,0.0,0.0,0.0,C.Stroud,,N.Collins,,,,,,,-5
HOU,BUF,1,HOU,BUF,BUF,18.0,3.0,pass,-6.0,0,0,0,,,,,-2.74487120233243,0.0,0.0,0.0,0.0,1.0,0.0,1.0,1.0,0.0,0.0,0.0,0.0,0.0,0.0,0.0,C.Stroud,,,,,,C.Stroud,,,-5
HOU,BUF,1,BUF,HOU,BUF,76.0,1.0,qb_kneel,-1.0,1,0,0,,,,,0.0,0.0,0.0,0.0,0.0,0.0,1.0,0.0,0.0,0.0,0.0,0.0,0.0,0.0,0.0,0.0,,,,,J.Allen,-1.0,,,,-5
HOU,BUF,1,BUF,HOU,,,,,,0,0,0,,,,,,,,,,,,,,,,,,,,,,,,,,,,,,-5
CAR,CHI,1,,,,,,,,0,0,0,,,,,0.0,,,,,,,,,,,,,,,,,,,,,,,,,-22
CAR,CHI,1,CHI,CAR,CAR,35.0,,kickoff,0.0,0,0,0,,,,,-0.429225452709943,0.0,0.0,0.0,0.0,0.0,0.0,0.0,0.0,0.0,0.0,0.0,0.0,0.0,1.0,0.0,,,,,,,,,,-22
CAR,CHI,1,CHI,CAR,CHI,80.0,1.0,run,9.0,0,0,0,,,,,-0.244124894030392,0.0,0.0,0.0,1.0,0.0,1.0,0.0,0.0,0.0,0.0,0.0,0.0,0.0,0.0,0.0,,,,,D.Swift,9.0,,CHI,10.0,-22
CAR,CHI,1,CHI,CAR,CHI,81.0,1.0,run,4.0,0,0,0,,,,,-0.109478252474219,0.0,0.0,0.0,0.0,0.0,1.0,0.0,0.0,0.0,0.0,0.0,0.0,0.0,0.0,0.0,,,,,D.Swift,4.0,,,,-22
CAR,CHI,1,CHI,CAR,CHI,77.0,2.0,pass,7.0,0,0,0,,,,,-3.48948358441703,0.0,0.0,0.0,0.0,1.0,0.0,1.0,0.0,0.0,0.0,0.0,0.0,0.0,0.0,1.0,C.Williams,7.0,L.Burden,7.0,,,L.Burden,,,-22
CAR,CHI,1,CAR,CHI,CHI,42.0,1.0,pass,11.0,0,0,0,,,,,0.762014981475659,0.0,0.0,0.0,0.0,0.0,0.0,1.0,0.0,0.0,0.0,0.0,0.0,0.0,0.0,1.0,B.Young,11.0,T.Tremble,11.0,,,,,,-22
CAR,CHI,1,CAR,CHI,CHI,31.0,1.0,run,3.0,0,0,0,,,,,-0.159104589838535,0.0,0.0,0.0,0.0,0.0,1.0,0.0,0.0,0.0,0.0,0.0,0.0,0.0,0.0,0.0,,,,,C.Hubbard,3.0,,,,-22
CAR,CHI,1,CAR,CHI,CHI,28.0,2.0,pass,26.0,0,0,0,,,,,2.42146345344372,0.0,0.0,0.0,1.0,0.0,0.0,1.0,0.0,0.0,0.0,0.0,0.0,0.0,0.0,1.0,B.Young,26.0,J.Coker,26.0,,,,CHI,1.0,-22
CAR,CHI,1,CAR,CHI,CHI,1.0,1.0,no_play,0.0,0,0,0,,,,,-0.0109798490302637,0.0,0.0,0.0,1.0,0.0,0.0,0.0,0.0,0.0,0.0,0.0,0.0,0.0,0.0,0.0,,,,,,,,CHI,0.0,-22
CAR,CHI,1,CAR,CHI,CHI,1.0,1.0,no_play,0.0,0,0,0,,,,,-1.20453989849193,0.0,0.0,0.0,1.0,0.0,0.0,0.0,0.0,0.0,0.0,0.0,0.0,0.0,0.0,0.0,,,,,,,,CAR,9.0,-22
CAR,CHI,1,CAR,CHI,CHI,10.0,1.0,run,6.0,0,0,0,,,,,0.414845741237514,0.0,0.0,0.0,0.0,0.0,1.0,0.0,0.0,0.0,0.0,0.0,0.0,0.0,0.0,0.0,,,,,C.Hubbard,6.0,,,,-22
CAR,CHI,1,CAR,CHI,CHI,4.0,2.0,pass,0.0,0,0,0,,,,,-0.972419932368211,0.0,0.0,0.0,0.0,0.0,0.0,1.0,0.0,0.0,0.0,0.0,0.0,0.0,0.0,0.0,B.Young,,M.Evans,,,,,,,-22
CAR,CHI,1,CAR,CHI,CHI,4.0,3.0,pass,4.0,0,0,0,,,,CAR,2.24663027672796,1.0,0.0,0.0,0.0,0.0,0.0,1.0,0.0,1.0,1.0,0.0,0.0,0.0,0.0,1.0,B.Young,4.0,C.Hubbard,4.0,,,,,,-22
CAR,CHI,1,CAR,CHI,CHI,15.0,,extra_point,0.0,0,0,0,,good,,,0.0675730031076331,0.0,0.0,0.0,0.0,0.0,0.0,0.0,0.0,0.0,0.0,0.0,1.0,0.0,0.0,0.0,,,,,,,,,,-22
CAR,CHI,1,CHI,CAR,CAR,35.0,,kickoff,0.0,0,0,0,,,,,0.0983241256326437,0.0,0.0,0.0,0.0,0.0,0.0,0.0,0.0,0.0,0.0,0.0,0.0,0.0,1.0,0.0,,,,,,,,,,-22
CAR,CHI,1,CHI,CAR,CHI,73.0,1.0,run,4.0,0,0,0,,,,,-0.0914060329087079,0.0,0.0,0.0,0.0,0.0,1.0,0.0,0.0,0.0,0.0,0.0,0.0,0.0,0.0,0.0,,,,,D.Swift,4.0,,,,-22
CAR,CHI,1,CHI,CAR,CHI,69.0,2.0,run,5.0,0,0,0,,,,,0.37104358850047,0.0,0.0,0.0,0.0,0.0,1.0,0.0,0.0,0.0,0.0,0.0,0.0,0.0,0.0,0.0,,,,,D.Swift,5.0,,,,-22
CAR,CHI,1,CHI,CAR,CHI,64.0,3.0,no_play,0.0,0,0,0,,,,,-1.63014668086544,0.0,0.0,0.0,1.0,0.0,0.0,0.0,0.0,0.0,0.0,0.0,0.0,0.0,0.0,0.0,,,,,,,,CHI,9.0,-22
CAR,CHI,1,CHI,CAR,CHI,73.0,3.0,pass,15.0,0,0,0,,,,,2.3126484376844,1.0,0.0,0.0,0.0,0.0,0.0,1.0,0.0,0.0,0.0,0.0,0.0,0.0,0.0,1.0,C.Williams,15.0,L.Burden,15.0,,,,,,-22
CAR,CHI,1,CHI,CAR,CHI,58.0,1.0,pass,7.0,0,0,0,,,,,0.461899164598435,0.0,0.0,0.0,0.0,0.0,0.0,1.0,0.0,0.0,0.0,0.0,0.0,0.0,0.0,1.0,C.Williams,7.0,K.Raymond,7.0,,,,,,-22
CAR,CHI,1,CHI,CAR,CHI,51.0,2.0,run,6.0,0,0,1,,,,,0.509675471577793,0.0,0.0,0.0,0.0,0.0,1.0,0.0,0.0,0.0,0.0,0.0,0.0,0.0,0.0,0.0,,,,,C.Williams,6.0,,,,-22
CAR,CHI,1,CHI,CAR,CAR,45.0,1.0,run,32.0,0,0,0,,,,,2.07734018465271,0.0,0.0,0.0,0.0,0.0,1.0,0.0,0.0,0.0,0.0,0.0,0.0,0.0,0.0,0.0,,,,,D.Swift,32.0,,,,-22
CAR,CHI,1,CHI,CAR,CAR,13.0,1.0,run,5.0,0,0,0,,,,,0.123195607389789,0.0,0.0,0.0,0.0,0.0,1.0,0.0,0.0,0.0,0.0,0.0,0.0,0.0,0.0,0.0,,,,,D.Swift,5.0,,,,-22
CAR,CHI,1,CHI,CAR,CAR,8.0,2.0,run,-1.0,0,0,0,,,,,-1.12556497153128,0.0,0.0,0.0,0.0,0.0,1.0,0.0,0.0,0.0,0.0,0.0,0.0,0.0,0.0,0.0,,,,,K.Monangai,-1.0,,,,-22
CAR,CHI,1,CHI,CAR,CAR,9.0,3.0,run,9.0,0,0,1,,,,CHI,3.02052390266908,1.0,0.0,0.0,0.0,0.0,1.0,0.0,0.0,1.0,0.0,1.0,0.0,0.0,0.0,0.0,,,,,C.Williams,9.0,,,,-22
CAR,CHI,1,CHI,CAR,CAR,15.0,,extra_point,0.0,0,0,0,,good,,,0.0675730031076331,0.0,0.0,0.0,0.0,0.0,0.0,0.0,0.0,0.0,0.0,0.0,1.0,0.0,0.0,0.0,,,,,,,,,,-22
CAR,CHI,1,CAR,CHI,CHI,35.0,,kickoff,0.0,0,0,0,,,,,0.929590619402006,0.0,0.0,0.0,1.0,0.0,0.0,0.0,0.0,0.0,0.0,0.0,0.0,0.0,1.0,0.0,,,,,,,,CHI,0.0,-22
CAR,CHI,1,CAR,CHI,CAR,60.0,1.0,pass,0.0,0,0,0,,,,,-0.492241034517065,0.0,0.0,0.0,0.0,0.0,0.0,1.0,0.0,0.0,0.0,0.0,0.0,0.0,0.0,0.0,B.Young,,X.Legette,,,,,,,-22
CAR,CHI,1,CAR,CHI,CAR,60.0,2.0,pass,3.0,0,0,0,,,,,-0.522822239901871,0.0,0.0,0.0,0.0,0.0,0.0,1.0,0.0,0.0,0.0,0.0,0.0,0.0,0.0,1.0,B.Young,3.0,T.Tremble,3.0,,,,,,-22
CAR,CHI,1,CAR,CHI,CAR,57.0,3.0,pass,-6.0,0,0,0,,,,,-2.04526100633666,0.0,0.0,0.0,0.0,0.0,0.0,1.0,1.0,0.0,0.0,0.0,0.0,0.0,0.0,0.0,B.Young,,,,,,,,,-22
CAR,CHI,1,CAR,CHI,CAR,63.0,4.0,punt,0.0,0,0,0,,,,,-0.635976805351675,0.0,0.0,0.0,0.0,0.0,0.0,0.0,0.0,0.0,0.0,0.0,0.0,0.0,0.0,0.0,,,,,,,,,,-22
CAR,CHI,1,CHI,CAR,CHI,67.0,1.0,pass,12.0,0,0,0,,,,,0.775408781133592,0.0,0.0,0.0,0.0,0.0,0.0,1.0,0.0,0.0,0.0,0.0,0.0,0.0,0.0,1.0,C.Williams,12.0,K.Raymond,12.0,,,,,,-22
CAR,CHI,1,CHI,CAR,CHI,55.0,1.0,run,2.0,0,0,0,,,,,-0.356950203422457,0.0,0.0,0.0,0.0,0.0,1.0,0.0,0.0,0.0,0.0,0.0,0.0,0.0,0.0,0.0,,,,,L.Burden,2.0,,,,-22
CAR,CHI,1,CHI,CAR,CHI,53.0,2.0,pass,47.0,0,0,0,,,,,3.79446661885595,0.0,0.0,0.0,0.0,0.0,0.0,1.0,0.0,0.0,0.0,0.0,0.0,0.0,0.0,1.0,C.Williams,47.0,R.Odunze,47.0,,,,,,-22
CAR,CHI,1,CHI,CAR,CAR,6.0,1.0,pass,0.0,0,0,0,,,,,-0.539769960800186,0.0,0.0,0.0,0.0,0.0,0.0,1.0,0.0,0.0,0.0,0.0,0.0,0.0,0.0,0.0,C.Williams,,,,,,,,,-22
CAR,CHI,1,CHI,CAR,CAR,6.0,2.0,run,5.0,0,0,0,,,,,0.639718240126967,0.0,0.0,0.0,0.0,0.0,1.0,0.0,0.0,0.0,0.0,0.0,0.0,0.0,0.0,0.0,,,,,D.Swift,5.0,,,,-22
CAR,CHI,1,CHI,CAR,CAR,1.0,3.0,run,1.0,0,0,0,,,,CHI,1.31611879711272,1.0,0.0,0.0,0.0,0.0,1.0,0.0,0.0,1.0,0.0,1.0,0.0,0.0,0.0,0.0,,,,,D.Swift,1.0,,,,-22
CAR,CHI,1,CHI,CAR,CAR,15.0,,extra_point,0.0,0,0,0,,good,,,0.0675730031076331,0.0,0.0,0.0,0.0,0.0,0.0,0.0,0.0,0.0,0.0,0.0,1.0,0.0,0.0,0.0,,,,,,,,,,-22
CAR,CHI,1,CAR,CHI,CHI,35.0,,kickoff,0.0,0,0,0,,,,,-0.607288151513785,0.0,0.0,0.0,1.0,0.0,0.0,0.0,0.0,0.0,0.0,0.0,0.0,0.0,1.0,0.0,,,,,,,,CAR,10.0,-22
CAR,CHI,1,CAR,CHI,CAR,83.0,1.0,run,1.0,0,0,0,,,,,-0.584757972508669,0.0,0.0,0.0,0.0,0.0,1.0,0.0,0.0,0.0,0.0,0.0,0.0,0.0,0.0,0.0,,,,,J.Brooks,1.0,,,,-22
CAR,CHI,1,CAR,CHI,CAR,82.0,2.0,no_play,0.0,0,0,0,,,,,-0.760010058991611,0.0,0.0,0.0,1.0,0.0,0.0,0.0,0.0,0.0,0.0,0.0,0.0,0.0,0.0,0.0,,,,,,,,CAR,5.0,-22
CAR,CHI,1,CAR,CHI,CAR,87.0,2.0,run,5.0,0,0,0,,,,,-0.060800192411989,0.0,0.0,0.0,0.0,0.0,1.0,0.0,0.0,0.0,0.0,0.0,0.0,0.0,0.0,0.0,,,,,J.Brooks,5.0,,,,-22
CAR,CHI,1,CAR,CHI,CAR,82.0,3.0,pass,5.0,0,0,0,,,,,-0.874965039547533,0.0,0.0,0.0,0.0,0.0,0.0,1.0,0.0,0.0,0.0,0.0,0.0,0.0,0.0,1.0,B.Young,5.0,C.Hubbard,5.0,,,,,,-22
CAR,CHI,1,CAR,CHI,,,,,,0,0,0,,,,,0.0,,,,,,,,,,,,,,,,,,,,,,,,,-22
CAR,CHI,1,CAR,CHI,CAR,77.0,4.0,punt,0.0,0,0,0,,,,,-1.58384734555148,0.0,0.0,0.0,1.0,0.0,0.0,0.0,0.0,0.0,0.0,0.0,0.0,0.0,0.0,0.0,,,,,,,,CAR,15.0,-22
CAR,CHI,1,CHI,CAR,CAR,41.0,1.0,pass,19.0,0,0,0,,,,,1.33087059354875,0.0,0.0,0.0,0.0,0.0,0.0,1.0,0.0,0.0,0.0,0.0,0.0,0.0,0.0,1.0,C.Williams,19.0,K.Monangai,19.0,,,,,,-22
CAR,CHI,1,CHI,CAR,CAR,22.0,1.0,pass,22.0,0,0,0,,,,CHI,2.5657957495423,0.0,0.0,0.0,0.0,0.0,0.0,1.0,0.0,1.0,1.0,0.0,0.0,0.0,0.0,1.0,C.Williams,22.0,C.Kmet,22.0,,,,,,-22
CAR,CHI,1,CHI,CAR,CAR,15.0,,extra_point,0.0,0,0,0,,good,,,0.0675730031076331,0.0,0.0,0.0,0.0,0.0,0.0,0.0,0.0,0.0,0.0,0.0,1.0,0.0,0.0,0.0,,,,,,,,,,-22
CAR,CHI,1,CAR,CHI,CHI,35.0,,kickoff,0.0,0,0,0,,,,,0.0984775321558118,0.0,0.0,0.0,0.0,0.0,0.0,0.0,0.0,0.0,0.0,0.0,0.0,0.0,1.0,0.0,,,,,,,,,,-22
CAR,CHI,1,CAR,CHI,CAR,73.0,1.0,pass,17.0,0,0,0,,,,,1.06549709592946,0.0,0.0,0.0,0.0,0.0,0.0,1.0,0.0,0.0,0.0,0.0,0.0,0.0,0.0,1.0,B.Young,17.0,J.Coker,17.0,,,,,,-22
CAR,CHI,1,CAR,CHI,CAR,56.0,1.0,run,5.0,0,0,0,,,,,0.026684534503147,0.0,0.0,0.0,0.0,0.0,1.0,0.0,0.0,0.0,0.0,0.0,0.0,0.0,0.0,0.0,,,,,C.Hubbard,5.0,,,,-22
CAR,CHI,1,CAR,CHI,CAR,51.0,2.0,pass,51.0,0,0,0,,,,CAR,4.59988325741142,0.0,0.0,0.0,0.0,0.0,0.0,1.0,0.0,1.0,1.0,0.0,0.0,0.0,0.0,1.0,B.Young,51.0,J.Coker,51.0,,,,,,-22
CAR,CHI,1,CAR,CHI,CHI,15.0,,extra_point,0.0,0,0,0,,good,,,0.0675730031076331,0.0,0.0,0.0,0.0,0.0,0.0,0.0,0.0,0.0,0.0,0.0,1.0,0.0,0.0,0.0,,,,,,,,,,-22
CAR,CHI,1,CHI,CAR,CAR,35.0,,kickoff,0.0,0,0,0,,,,,-0.87591570802033,0.0,0.0,0.0,1.0,0.0,0.0,0.0,0.0,0.0,0.0,0.0,0.0,0.0,1.0,0.0,,,,,,,,CHI,10.0,-22
CAR,CHI,1,CHI,CAR,CHI,88.0,1.0,run,1.0,0,0,0,,,,,-0.552521088626236,0.0,0.0,0.0,0.0,0.0,1.0,0.0,0.0,0.0,0.0,0.0,0.0,0.0,0.0,0.0,,,,,D.Swift,1.0,,,,-22
CAR,CHI,1,CHI,CAR,CHI,87.0,2.0,run,6.0,0,0,1,,,,,0.115516871213913,0.0,0.0,0.0,0.0,0.0,1.0,0.0,0.0,0.0,0.0,0.0,0.0,0.0,0.0,0.0,,,,,C.Williams,6.0,,,,-22
CAR,CHI,1,CHI,CAR,CHI,81.0,3.0,run,2.0,0,0,1,,,,,-0.879322987049818,0.0,0.0,0.0,0.0,0.0,1.0,0.0,0.0,0.0,0.0,0.0,0.0,0.0,0.0,0.0,,,,,C.Williams,2.0,,,,-22
CAR,CHI,1,CHI,CAR,CHI,79.0,4.0,run,0.0,0,0,0,,,,,-3.37895900348667,0.0,0.0,0.0,0.0,0.0,1.0,0.0,0.0,0.0,0.0,0.0,0.0,0.0,0.0,0.0,,,,,C.Williams,0.0,,,,-22
CAR,CHI,1,CAR,CHI,CHI,21.0,1.0,pass,14.0,0,0,0,,,,,0.856167581863701,0.0,0.0,0.0,0.0,0.0,0.0,1.0,0.0,0.0,0.0,0.0,0.0,0.0,0.0,1.0,B.Young,14.0,T.McMillan,14.0,,,,,,-22
CAR,CHI,1,CAR,CHI,CHI,7.0,1.0,run,3.0,0,0,0,,,,,0.036307827278506,0.0,0.0,0.0,0.0,0.0,1.0,0.0,0.0,0.0,0.0,0.0,0.0,0.0,0.0,0.0,,,,,C.Hubbard,3.0,,,,-22
CAR,CHI,1,CAR,CHI,CHI,4.0,2.0,no_play,0.0,0,0,0,,,,,0.756428855180275,0.0,0.0,0.0,1.0,0.0,0.0,0.0,0.0,0.0,0.0,0.0,0.0,0.0,0.0,0.0,,,,,,,,CHI,2.0,-22
CAR,CHI,1,CAR,CHI,CHI,2.0,1.0,no_play,0.0,0,0,0,,,,,-0.834700351348147,0.0,0.0,0.0,1.0,0.0,0.0,0.0,0.0,0.0,0.0,0.0,0.0,0.0,0.0,0.0,,,,,,,,CAR,5.0,-22
CAR,CHI,1,CAR,CHI,CHI,7.0,1.0,run,7.0,0,0,1,,,,CAR,1.59734628512524,0.0,0.0,0.0,0.0,0.0,1.0,0.0,0.0,1.0,0.0,1.0,0.0,0.0,0.0,0.0,,,,,B.Young,7.0,,,,-22
CAR,CHI,1,CAR,CHI,CHI,15.0,,extra_point,0.0,0,0,0,,good,,,0.0675730031076331,0.0,0.0,0.0,0.0,0.0,0.0,0.0,0.0,0.0,0.0,0.0,1.0,0.0,0.0,0.0,,,,,,,,,,-22
CAR,CHI,1,CHI,CAR,CAR,35.0,,kickoff,0.0,0,0,0,,,,,-0.0006170310080051,0.0,0.0,0.0,0.0,0.0,0.0,0.0,0.0,0.0,0.0,0.0,0.0,0.0,1.0,0.0,,,,,,,,,,-22
CAR,CHI,1,CHI,CAR,CHI,75.0,1.0,pass,0.0,0,0,0,,,,,-0.525417564902455,0.0,0.0,0.0,0.0,0.0,0.0,1.0,0.0,0.0,0.0,0.0,0.0,0.0,0.0,0.0,C.Williams,,,,,,,,,-22
CAR,CHI,1,CHI,CAR,CHI,75.0,2.0,run,7.0,0,0,0,,,,,0.255459626205266,0.0,0.0,0.0,0.0,0.0,1.0,0.0,0.0,0.0,0.0,0.0,0.0,0.0,0.0,0.0,,,,,K.Monangai,7.0,,,,-22
CAR,CHI,1,CHI,CAR,CHI,68.0,3.0,run,-2.0,0,0,0,,,,,-1.75171685498208,0.0,0.0,0.0,0.0,0.0,1.0,0.0,0.0,0.0,0.0,0.0,0.0,0.0,0.0,0.0,,,,,K.Monangai,-2.0,,,,-22
CAR,CHI,1,CHI,CAR,CHI,70.0,4.0,punt,0.0,0,0,0,,,,,4.87279579107417,0.0,0.0,0.0,0.0,1.0,0.0,0.0,0.0,0.0,0.0,0.0,0.0,0.0,0.0,0.0,,,,,,,Ji.Horn,,,-22
CAR,CHI,1,CHI,CAR,CAR,28.0,1.0,run,1.0,0,0,0,,,,,-0.403753552876879,0.0,0.0,0.0,0.0,0.0,1.0,0.0,0.0,0.0,0.0,0.0,0.0,0.0,0.0,0.0,,,,,D.Swift,1.0,,,,-22
CAR,CHI,1,CHI,CAR,CAR,27.0,2.0,pass,0.0,0,0,0,,,,,-0.591479430499021,0.0,0.0,0.0,0.0,0.0,0.0,1.0,0.0,0.0,0.0,0.0,0.0,0.0,0.0,0.0,C.Williams,,K.Raymond,,,,,,,-22
CAR,CHI,1,CHI,CAR,CAR,27.0,3.0,pass,5.0,0,0,0,,,,,-0.587873499545732,0.0,0.0,0.0,0.0,0.0,0.0,1.0,0.0,0.0,0.0,0.0,0.0,0.0,0.0,1.0,C.Williams,5.0,K.Raymond,5.0,,,,,,-22
CAR,CHI,1,CHI,CAR,CAR,22.0,4.0,field_goal,0.0,0,0,0,made,,,,0.642231936446388,0.0,0.0,0.0,0.0,0.0,0.0,0.0,0.0,0.0,0.0,0.0,0.0,0.0,0.0,0.0,,,,,,,,,,-22
CAR,CHI,1,CAR,CHI,CHI,35.0,,kickoff,0.0,0,0,0,,,,,0.021889898693189,0.0,0.0,0.0,0.0,0.0,0.0,0.0,0.0,0.0,0.0,0.0,0.0,0.0,1.0,0.0,,,,,,,,,,-22
CAR,CHI,1,CAR,CHI,CAR,74.0,1.0,no_play,0.0,0,0,0,,,,,0.661800137488172,0.0,0.0,0.0,1.0,0.0,0.0,0.0,0.0,0.0,0.0,0.0,0.0,0.0,0.0,0.0,,,,,,,,CHI,5.0,-22
CAR,CHI,1,CAR,CHI,CAR,69.0,1.0,pass,3.0,0,0,0,,,,,-0.144433863810264,0.0,0.0,0.0,0.0,0.0,0.0,1.0,0.0,0.0,0.0,0.0,0.0,0.0,0.0,1.0,B.Young,3.0,J.Coker,3.0,,,,,,-22
CAR,CHI,1,CAR,CHI,CAR,66.0,2.0,run,2.0,0,0,0,,,,,-1.03000853012782,0.0,0.0,0.0,1.0,0.0,1.0,0.0,0.0,0.0,0.0,0.0,0.0,0.0,0.0,0.0,,,,,J.Brooks,2.0,,CAR,10.0,-22
CAR,CHI,1,CAR,CHI,CAR,74.0,2.0,pass,48.0,0,0,0,,,,,3.42330193513772,0.0,0.0,0.0,0.0,0.0,0.0,1.0,0.0,0.0,0.0,0.0,0.0,0.0,0.0,1.0,B.Young,48.0,J.Brooks,48.0,,,,,,-22
CAR,CHI,1,CAR,CHI,CHI,26.0,1.0,pass,0.0,0,0,0,,,,,-0.436675001285039,0.0,0.0,0.0,0.0,0.0,0.0,1.0,0.0,0.0,0.0,0.0,0.0,0.0,0.0,0.0,B.Young,,T.Tremble,,,,,,,-22
CAR,CHI,1,CAR,CHI,CHI,26.0,2.0,pass,0.0,0,0,0,,,,,-0.501060712733306,0.0,0.0,0.0,0.0,0.0,0.0,1.0,0.0,0.0,0.0,0.0,0.0,0.0,0.0,0.0,B.Young,,T.McMillan,,,,,,,-22
CAR,CHI,1,CAR,CHI,CHI,26.0,3.0,pass,0.0,0,0,0,,,,,-0.842681736319142,0.0,0.0,0.0,0.0,0.0,0.0,1.0,0.0,0.0,0.0,0.0,0.0,0.0,0.0,0.0,B.Young,,,,,,,,,-22
CAR,CHI,1,CAR,CHI,CHI,26.0,4.0,field_goal,0.0,0,0,0,made,,,,0.98948713500919,0.0,0.0,0.0,0.0,0.0,0.0,0.0,0.0,0.0,0.0,0.0,0.0,0.0,0.0,0.0,,,,,,,,,,-22
CAR,CHI,1,CHI,CAR,CAR,35.0,,kickoff,0.0,0,0,0,,,,,-0.217868770938367,0.0,0.0,0.0,0.0,0.0,0.0,0.0,0.0,0.0,0.0,0.0,0.0,0.0,1.0,0.0,,,,,,,,,,-22
CAR,CHI,1,CHI,CAR,CHI,80.0,1.0,pass,-6.0,0,0,0,,,,,-1.05379178840667,0.0,0.0,0.0,0.0,0.0,0.0,1.0,1.0,0.0,0.0,0.0,0.0,0.0,0.0,0.0,C.Williams,,,,,,,,,-22
CAR,CHI,1,CHI,CAR,CHI,86.0,2.0,pass,5.0,0,0,0,,,,,0.313038848107681,0.0,0.0,0.0,0.0,0.0,0.0,1.0,0.0,0.0,0.0,0.0,0.0,0.0,0.0,1.0,C.Williams,5.0,R.Odunze,5.0,,,,,,-22
CAR,CHI,1,CHI,CAR,CHI,81.0,3.0,pass,28.0,0,0,0,,,,,1.63598218734842,1.0,0.0,0.0,0.0,0.0,0.0,1.0,0.0,0.0,0.0,0.0,0.0,0.0,0.0,1.0,C.Williams,28.0,K.Raymond,28.0,,,,,,-22
CAR,CHI,1,CHI,CAR,CHI,53.0,1.0,pass,5.0,0,0,0,,,,,0.134728873497807,0.0,0.0,0.0,0.0,0.0,0.0,1.0,0.0,0.0,0.0,0.0,0.0,0.0,0.0,1.0,C.Williams,5.0,K.Monangai,5.0,,,,,,-22
CAR,CHI,1,,,,,,no_play,0.0,0,0,0,,,,,0.0,0.0,0.0,0.0,0.0,0.0,0.0,0.0,0.0,0.0,0.0,0.0,0.0,0.0,0.0,0.0,,,,,,,,,,-22
CAR,CHI,1,CHI,CAR,CAR,48.0,2.0,no_play,0.0,0,0,0,,,,,-0.427585777826607,0.0,0.0,0.0,1.0,0.0,0.0,0.0,0.0,0.0,0.0,0.0,0.0,0.0,0.0,0.0,,,,,,,,CHI,5.0,-22
CAR,CHI,1,CHI,CAR,CHI,53.0,2.0,pass,24.0,0,0,0,,,,,1.77028005255852,0.0,0.0,0.0,0.0,0.0,0.0,1.0,0.0,0.0,0.0,0.0,0.0,0.0,0.0,1.0,C.Williams,24.0,L.Burden,24.0,,,,,,-22
CAR,CHI,1,,,,,,no_play,0.0,0,0,0,,,,,0.0,0.0,0.0,0.0,0.0,0.0,0.0,0.0,0.0,0.0,0.0,0.0,0.0,0.0,0.0,0.0,,,,,,,,,,-22
CAR,CHI,1,CHI,CAR,CAR,29.0,1.0,run,29.0,0,0,1,,,,CHI,3.95534041535575,0.0,0.0,0.0,0.0,0.0,1.0,0.0,0.0,1.0,0.0,1.0,0.0,0.0,0.0,0.0,,,,,C.Williams,29.0,,,,-22
CAR,CHI,1,CHI,CAR,CAR,15.0,,extra_point,0.0,0,0,0,,good,,,0.0675730031076331,0.0,0.0,0.0,0.0,0.0,0.0,0.0,0.0,0.0,0.0,0.0,1.0,0.0,0.0,0.0,,,,,,,,,,-22
CAR,CHI,1,CAR,CHI,CHI,35.0,,kickoff,0.0,0,0,0,,,,,0.0078111341572366,0.0,0.0,0.0,0.0,0.0,0.0,0.0,0.0,0.0,0.0,0.0,0.0,0.0,1.0,0.0,,,,,,,,,,-22
CAR,CHI,1,CAR,CHI,CAR,71.0,1.0,pass,11.0,0,0,0,,,,,0.15299413347384,0.0,0.0,0.0,0.0,0.0,0.0,1.0,0.0,0.0,0.0,0.0,0.0,0.0,0.0,1.0,B.Young,11.0,D.Waller,11.0,,,,,,-22
CAR,CHI,1,,,,,,no_play,0.0,0,0,0,,,,,0.0,0.0,0.0,0.0,0.0,0.0,0.0,0.0,0.0,0.0,0.0,0.0,0.0,0.0,0.0,0.0,,,,,,,,,,-22
CAR,CHI,1,CAR,CHI,CAR,60.0,1.0,pass,0.0,0,0,0,,,,,-0.445732077525463,0.0,0.0,1.0,0.0,0.0,0.0,1.0,0.0,0.0,0.0,0.0,0.0,0.0,0.0,0.0,B.Young,,J.Coker,,,,,,,-22
CAR,CHI,1,,,,,,no_play,0.0,0,0,0,,,,,0.0,0.0,0.0,0.0,0.0,0.0,0.0,0.0,0.0,0.0,0.0,0.0,0.0,0.0,0.0,0.0,,,,,,,,,,-22
CAR,CHI,1,CHI,CAR,CHI,62.0,1.0,pass,0.0,0,0,0,,,,,-0.0904375786194578,0.0,0.0,0.0,0.0,0.0,0.0,1.0,0.0,0.0,0.0,0.0,0.0,0.0,0.0,0.0,C.Williams,,R.Odunze,,,,,,,-22
CAR,CHI,1,,,,,,,,0,0,0,,,,,,,,,,,,,,,,,,,,,,,,,,,,,,-22
CAR,CHI,1,CAR,CHI,CHI,35.0,,kickoff,0.0,0,0,0,,,,,0.57757502514869,0.0,0.0,0.0,0.0,0.0,0.0,0.0,0.0,0.0,0.0,0.0,0.0,0.0,1.0,0.0,,,,,,,,,,-22
CAR,CHI,1,CAR,CHI,CAR,66.0,1.0,run,3.0,0,0,0,,,,,-0.220623570960015,0.0,0.0,0.0,0.0,0.0,1.0,0.0,0.0,0.0,0.0,0.0,0.0,0.0,0.0,0.0,,,,,C.Hubbard,3.0,,,,-22
CAR,CHI,1,CAR,CHI,CAR,63.0,2.0,run,4.0,0,0,0,,,,,-0.19875454576686,0.0,0.0,0.0,0.0,0.0,1.0,0.0,0.0,0.0,0.0,0.0,0.0,0.0,0.0,0.0,,,,,C.Hubbard,4.0,,,,-22
CAR,CHI,1,CAR,CHI,CAR,59.0,3.0,pass,-2.0,0,0,0,,,,,-1.91047485917807,0.0,0.0,0.0,0.0,0.0,0.0,1.0,1.0,0.0,0.0,0.0,0.0,0.0,0.0,0.0,B.Young,,,,,,,,,-22
CAR,CHI,1,CAR,CHI,CAR,61.0,4.0,punt,0.0,0,0,0,,,,,-0.181051878724247,0.0,0.0,0.0,0.0,0.0,0.0,0.0,0.0,0.0,0.0,0.0,0.0,0.0,0.0,0.0,,,,,,,,,,-22
CAR,CHI,1,CHI,CAR,CHI,80.0,1.0,pass,0.0,0,0,0,,,,,-0.594080437440425,0.0,0.0,0.0,0.0,0.0,0.0,1.0,0.0,0.0,0.0,0.0,0.0,0.0,0.0,0.0,C.Williams,,C.Kmet,,,,,,,-22
CAR,CHI,1,CHI,CAR,CHI,80.0,2.0,run,3.0,0,0,0,,,,,-0.575817164033651,0.0,0.0,0.0,0.0,0.0,1.0,0.0,0.0,0.0,0.0,0.0,0.0,0.0,0.0,0.0,,,,,D.Swift,3.0,,,,-22
CAR,CHI,1,CHI,CAR,CHI,77.0,3.0,pass,-2.0,0,0,0,,,,,-1.43616718379781,0.0,0.0,0.0,0.0,0.0,0.0,1.0,1.0,0.0,0.0,0.0,0.0,0.0,0.0,0.0,C.Williams,,,,,,,,,-22
CAR,CHI,1,CHI,CAR,CHI,79.0,4.0,punt,0.0,0,0,0,,,,,-0.36866221181117,0.0,0.0,0.0,0.0,0.0,0.0,0.0,0.0,0.0,0.0,0.0,0.0,0.0,0.0,0.0,,,,,,,,,,-22
CAR,CHI,1,CAR,CHI,CAR,58.0,1.0,pass,17.0,0,0,0,,,,,1.08525026962161,0.0,0.0,0.0,0.0,0.0,0.0,1.0,0.0,0.0,0.0,0.0,0.0,0.0,0.0,1.0,B.Young,17.0,D.Waller,17.0,,,,,,-22
CAR,CHI,1,CAR,CHI,CHI,41.0,1.0,run,8.0,0,0,0,,,,,0.472574488492683,0.0,0.0,0.0,0.0,0.0,1.0,0.0,0.0,0.0,0.0,0.0,0.0,0.0,0.0,0.0,,,,,C.Hubbard,8.0,,,,-22
CAR,CHI,1,CAR,CHI,CHI,33.0,2.0,pass,0.0,0,0,0,,,,,-0.656601552036591,0.0,0.0,0.0,0.0,0.0,0.0,1.0,0.0,0.0,0.0,0.0,0.0,0.0,0.0,0.0,B.Young,,T.Tremble,,,,,,,-22
CAR,CHI,1,CAR,CHI,CHI,33.0,3.0,pass,11.0,0,0,0,,,,,1.39535137219355,1.0,0.0,0.0,0.0,0.0,0.0,1.0,0.0,0.0,0.0,0.0,0.0,0.0,0.0,1.0,B.Young,11.0,T.Tremble,11.0,,,,,,-22
CAR,CHI,1,CAR,CHI,CHI,22.0,1.0,run,11.0,0,0,0,,,,,0.452546205720864,0.0,0.0,0.0,0.0,0.0,1.0,0.0,0.0,0.0,0.0,0.0,0.0,0.0,0.0,0.0,,,,,C.Hubbard,11.0,,,,-22
CAR,CHI,1,CAR,CHI,CHI,11.0,1.0,pass,9.0,0,0,0,,,,,0.949427240411751,0.0,0.0,0.0,0.0,0.0,0.0,1.0,0.0,0.0,0.0,0.0,0.0,0.0,0.0,1.0,B.Young,9.0,M.Evans,9.0,,,,,,-22
CAR,CHI,1,CAR,CHI,CHI,2.0,2.0,run,2.0,0,0,0,,,,CAR,0.785957040148787,0.0,0.0,0.0,0.0,0.0,1.0,0.0,0.0,1.0,0.0,1.0,0.0,0.0,0.0,0.0,,,,,C.Hubbard,2.0,,,,-22
CAR,CHI,1,CAR,CHI,CHI,15.0,,extra_point,0.0,0,0,0,,good,,,0.0675730031076331,0.0,0.0,0.0,0.0,0.0,0.0,0.0,0.0,0.0,0.0,0.0,1.0,0.0,0.0,0.0,,,,,,,,,,-22
CAR,CHI,1,CHI,CAR,CAR,35.0,,kickoff,0.0,0,0,0,,,,,0.545747237280011,0.0,0.0,0.0,0.0,0.0,0.0,0.0,0.0,0.0,0.0,0.0,0.0,0.0,1.0,0.0,,,,,,,,,,-22
CAR,CHI,1,CHI,CAR,CHI,65.0,1.0,pass,0.0,0,0,0,,,,,-0.541798065416515,0.0,0.0,0.0,0.0,0.0,0.0,1.0,0.0,0.0,0.0,0.0,0.0,0.0,0.0,0.0,C.Williams,,C.Loveland,,,,,,,-22
CAR,CHI,1,CHI,CAR,CHI,65.0,2.0,run,5.0,0,0,0,,,,,-0.150524648372084,0.0,0.0,0.0,0.0,0.0,1.0,0.0,0.0,0.0,0.0,0.0,0.0,0.0,0.0,0.0,,,,,D.Swift,5.0,,,,-22
CAR,CHI,1,CHI,CAR,CHI,60.0,3.0,pass,12.0,0,0,0,,,,,1.90828498732299,1.0,0.0,0.0,0.0,0.0,0.0,1.0,0.0,0.0,0.0,0.0,0.0,0.0,0.0,1.0,C.Williams,12.0,K.Raymond,12.0,,,,,,-22
CAR,CHI,1,CHI,CAR,CAR,48.0,1.0,pass,10.0,0,0,0,,,,,0.739021006971598,0.0,0.0,0.0,0.0,0.0,0.0,1.0,0.0,0.0,0.0,0.0,0.0,0.0,0.0,1.0,C.Williams,10.0,D.Swift,10.0,,,,,,-22
CAR,CHI,1,CHI,CAR,CAR,38.0,1.0,run,9.0,0,0,0,,,,,0.73666659113951,0.0,0.0,0.0,0.0,0.0,1.0,0.0,0.0,0.0,0.0,0.0,0.0,0.0,0.0,0.0,,,,,D.Swift,9.0,,,,-22
CAR,CHI,1,CHI,CAR,CAR,29.0,2.0,run,6.0,0,0,1,,,,,0.296281430288218,0.0,0.0,0.0,0.0,0.0,1.0,0.0,0.0,0.0,0.0,0.0,0.0,0.0,0.0,0.0,,,,,C.Williams,6.0,,,,-22
CAR,CHI,1,CHI,CAR,CAR,23.0,1.0,pass,5.0,0,0,0,,,,,0.164506219909526,0.0,0.0,0.0,0.0,0.0,0.0,1.0,0.0,0.0,0.0,0.0,0.0,0.0,0.0,1.0,C.Williams,5.0,L.Burden,5.0,,,,,,-22
CAR,CHI,1,CHI,CAR,CAR,18.0,2.0,pass,0.0,0,0,0,,,,,-0.696851003158372,0.0,0.0,0.0,0.0,0.0,0.0,1.0,0.0,0.0,0.0,0.0,0.0,0.0,0.0,0.0,C.Williams,,,,,,,,,-22
CAR,CHI,1,CHI,CAR,CAR,18.0,3.0,pass,7.0,0,0,0,,,,,1.14225344033912,1.0,0.0,0.0,0.0,0.0,0.0,1.0,0.0,0.0,0.0,0.0,0.0,0.0,0.0,1.0,C.Williams,7.0,K.Raymond,7.0,,,,,,-22
CAR,CHI,1,CHI,CAR,CAR,11.0,1.0,pass,0.0,0,0,0,,,,,-0.471813989744987,0.0,0.0,0.0,0.0,0.0,0.0,1.0,0.0,0.0,0.0,0.0,0.0,0.0,0.0,0.0,C.Williams,,C.Loveland,,,,,,,-22
CAR,CHI,1,CHI,CAR,CAR,11.0,2.0,no_play,0.0,0,0,0,,,,,-1.10790502931923,0.0,0.0,0.0,1.0,0.0,0.0,0.0,0.0,0.0,0.0,0.0,0.0,0.0,0.0,0.0,,,,,,,,CHI,10.0,-22
CAR,CHI,1,CHI,CAR,CAR,21.0,2.0,no_play,0.0,0,0,0,,,,,1.58124165219488,0.0,0.0,0.0,1.0,0.0,0.0,0.0,0.0,0.0,0.0,0.0,0.0,0.0,0.0,0.0,,,,,,,,CAR,10.0,-22
CAR,CHI,1,CHI,CAR,CAR,11.0,1.0,run,6.0,0,0,0,,,,,0.328905635804404,0.0,0.0,0.0,0.0,0.0,1.0,0.0,0.0,0.0,0.0,0.0,0.0,0.0,0.0,0.0,,,,,D.Swift,6.0,,,,-22
CAR,CHI,1,CHI,CAR,CAR,5.0,2.0,run,4.0,0,0,0,,,,,1.04633064899826,0.0,0.0,0.0,0.0,0.0,1.0,0.0,0.0,0.0,0.0,0.0,0.0,0.0,0.0,0.0,,,,,D.Swift,4.0,,,,-22
CAR,CHI,1,CHI,CAR,CAR,1.0,1.0,run,1.0,0,0,0,,,,CHI,0.616799119568896,0.0,0.0,0.0,0.0,0.0,1.0,0.0,0.0,1.0,0.0,1.0,0.0,0.0,0.0,0.0,,,,,D.Swift,1.0,,,,-22
CAR,CHI,1,CHI,CAR,CAR,15.0,,extra_point,0.0,0,0,0,,good,,,0.0675730031076331,0.0,0.0,0.0,0.0,0.0,0.0,0.0,0.0,0.0,0.0,0.0,1.0,0.0,0.0,0.0,,,,,,,,,,-22
CAR,CHI,1,CAR,CHI,CHI,35.0,,kickoff,0.0,0,0,0,,,,,0.927872159983963,0.0,0.0,0.0,1.0,0.0,0.0,0.0,0.0,0.0,0.0,0.0,0.0,0.0,1.0,0.0,,,,,,,,CHI,0.0,-22
CAR,CHI,1,CAR,CHI,CAR,60.0,1.0,pass,0.0,0,0,0,,,,,-0.490618927637115,0.0,0.0,0.0,0.0,0.0,0.0,1.0,0.0,0.0,0.0,0.0,0.0,0.0,0.0,0.0,B.Young,,,,,,,,,-22
CAR,CHI,1,CAR,CHI,CAR,60.0,2.0,pass,14.0,0,0,0,,,,,1.35375429061241,0.0,0.0,0.0,0.0,0.0,0.0,1.0,0.0,0.0,0.0,0.0,0.0,0.0,0.0,1.0,B.Young,14.0,J.Coker,14.0,,,,,,-22
CAR,CHI,1,CAR,CHI,CHI,46.0,1.0,no_play,0.0,0,0,0,,,,,-0.539436628576368,0.0,0.0,0.0,1.0,0.0,0.0,0.0,0.0,0.0,0.0,0.0,0.0,0.0,0.0,0.0,,,,,,,,CAR,5.0,-22
CAR,CHI,1,CAR,CHI,CAR,51.0,1.0,run,6.0,0,0,0,,,,,0.0375552729237825,0.0,0.0,0.0,0.0,0.0,1.0,0.0,0.0,0.0,0.0,0.0,0.0,0.0,0.0,0.0,,,,,J.Brooks,6.0,,,,-22
CAR,CHI,1,CAR,CHI,CHI,45.0,2.0,pass,6.0,0,0,0,,,,,-0.0773146119900048,0.0,0.0,0.0,0.0,0.0,0.0,1.0,0.0,0.0,0.0,0.0,0.0,0.0,0.0,1.0,B.Young,6.0,J.Coker,6.0,,,,,,-22
CAR,CHI,1,CAR,CHI,CHI,39.0,3.0,pass,0.0,0,0,0,,,,,-1.87520739273168,0.0,0.0,0.0,0.0,0.0,0.0,1.0,0.0,0.0,0.0,0.0,0.0,0.0,0.0,0.0,B.Young,,J.Brooks,,,,,,,-22
CAR,CHI,1,CAR,CHI,CHI,39.0,4.0,pass,0.0,0,0,0,,,,,-2.4978598584421,0.0,0.0,0.0,0.0,0.0,0.0,1.0,0.0,0.0,0.0,0.0,0.0,0.0,0.0,0.0,B.Young,,T.McMillan,,,,,,,-22
CAR,CHI,1,CHI,CAR,CHI,61.0,1.0,run,61.0,0,0,0,,,,CHI,5.21245094458573,0.0,0.0,0.0,0.0,0.0,1.0,0.0,0.0,1.0,0.0,1.0,0.0,0.0,0.0,0.0,,,,,K.Monangai,61.0,,,,-22
CAR,CHI,1,CHI,CAR,CAR,15.0,,extra_point,0.0,0,0,0,,good,,,0.0675730031076331,0.0,0.0,0.0,0.0,0.0,0.0,0.0,0.0,0.0,0.0,0.0,1.0,0.0,0.0,0.0,,,,,,,,,,-22
CAR,CHI,1,CAR,CHI,CHI,35.0,,kickoff,0.0,0,0,0,,,,,0.100319893565029,0.0,0.0,0.0,0.0,0.0,0.0,0.0,0.0,0.0,0.0,0.0,0.0,0.0,1.0,0.0,,,,,,,,,,-22
CAR,CHI,1,CAR,CHI,CAR,73.0,1.0,run,4.0,0,0,0,,,,,-0.141297838650644,0.0,0.0,0.0,0.0,0.0,1.0,0.0,0.0,0.0,0.0,0.0,0.0,0.0,0.0,0.0,,,,,C.Hubbard,4.0,,,,-22
CAR,CHI,1,CAR,CHI,CAR,69.0,2.0,pass,7.0,0,0,0,,,,,0.800247930921614,0.0,0.0,0.0,0.0,0.0,0.0,1.0,0.0,0.0,0.0,0.0,0.0,0.0,0.0,1.0,B.Young,7.0,T.McMillan,7.0,,,,,,-22
CAR,CHI,1,CAR,CHI,,,,,,0,0,0,,,,,0.0,,,,,,,,,,,,,,,,,,,,,,,,,-22
CAR,CHI,1,CAR,CHI,CAR,62.0,1.0,pass,21.0,0,0,0,,,,,-3.80316246440634,0.0,0.0,0.0,0.0,1.0,0.0,1.0,0.0,0.0,0.0,0.0,0.0,0.0,0.0,1.0,B.Young,21.0,T.McMillan,21.0,,,T.McMillan,,,-22
CAR,CHI,1,CHI,CAR,CHI,61.0,1.0,run,1.0,0,0,1,,,,,-0.505863729398698,0.0,0.0,0.0,0.0,0.0,1.0,0.0,0.0,0.0,0.0,0.0,0.0,0.0,0.0,0.0,,,,,C.Williams,1.0,,,,-22
CAR,CHI,1,CHI,CAR,CHI,60.0,2.0,run,3.0,0,0,0,,,,,-0.37239379924722,0.0,0.0,0.0,0.0,0.0,1.0,0.0,0.0,0.0,0.0,0.0,0.0,0.0,0.0,0.0,,,,,K.Monangai,3.0,,,,-22
CAR,CHI,1,CHI,CAR,CHI,57.0,3.0,pass,9.0,0,0,0,,,,,1.70090917614289,1.0,0.0,0.0,0.0,0.0,0.0,1.0,0.0,0.0,0.0,0.0,0.0,0.0,0.0,1.0,C.Williams,9.0,K.Raymond,9.0,,,,,,-22
CAR,CHI,1,CHI,CAR,CAR,48.0,1.0,no_play,0.0,0,0,0,,,,,-0.481513863196597,0.0,0.0,0.0,1.0,0.0,0.0,0.0,0.0,0.0,0.0,0.0,0.0,0.0,0.0,0.0,,,,,,,,CHI,5.0,-22
CAR,CHI,1,CHI,CAR,CHI,53.0,1.0,run,1.0,0,0,0,,,,,-0.414579647826031,0.0,0.0,0.0,0.0,0.0,1.0,0.0,0.0,0.0,0.0,0.0,0.0,0.0,0.0,0.0,,,,,D.Swift,1.0,,,,-22
CAR,CHI,1,CHI,CAR,CHI,52.0,2.0,pass,12.0,0,0,0,,,,,0.784561273176223,0.0,0.0,0.0,0.0,0.0,0.0,1.0,0.0,0.0,0.0,0.0,0.0,0.0,0.0,1.0,C.Williams,12.0,L.Burden,12.0,,,,,,-22
CAR,CHI,1,CHI,CAR,CAR,40.0,3.0,pass,13.0,0,0,0,,,,,1.60477945127059,1.0,0.0,0.0,0.0,0.0,0.0,1.0,0.0,0.0,0.0,0.0,0.0,0.0,0.0,1.0,C.Williams,13.0,C.Kmet,13.0,,,,,,-22
CAR,CHI,1,CHI,CAR,CAR,27.0,1.0,run,2.0,0,0,0,,,,,-0.384473507525399,0.0,0.0,0.0,0.0,0.0,1.0,0.0,0.0,0.0,0.0,0.0,0.0,0.0,0.0,0.0,,,,,K.Monangai,2.0,,,,-22
CAR,CHI,1,CHI,CAR,CAR,25.0,2.0,pass,4.0,0,0,0,,,,,0.0288808497716673,0.0,0.0,0.0,0.0,0.0,0.0,1.0,0.0,0.0,0.0,0.0,0.0,0.0,0.0,1.0,C.Williams,4.0,K.Raymond,4.0,,,,,,-22
CAR,CHI,1,CHI,CAR,CAR,21.0,3.0,run,14.0,0,0,0,,,,,1.61254251009086,1.0,0.0,0.0,0.0,0.0,1.0,0.0,0.0,0.0,0.0,0.0,0.0,0.0,0.0,0.0,,,,,K.Monangai,14.0,,,,-22
CAR,CHI,1,CHI,CAR,CAR,7.0,1.0,run,6.0,0,0,0,,,,,0.74517057382036,0.0,0.0,0.0,0.0,0.0,1.0,0.0,0.0,0.0,0.0,0.0,0.0,0.0,0.0,0.0,,,,,C.Williams,6.0,,,,-22
CAR,CHI,1,CHI,CAR,CAR,1.0,2.0,no_play,0.0,0,0,0,,,,,0.0199520773021504,0.0,0.0,0.0,1.0,0.0,0.0,0.0,0.0,0.0,0.0,0.0,0.0,0.0,0.0,0.0,,,,,,,,CAR,0.0,-22
CAR,CHI,1,CHI,CAR,CAR,1.0,2.0,run,0.0,0,0,0,,,,,-0.469916503527202,0.0,0.0,0.0,0.0,0.0,1.0,0.0,0.0,0.0,0.0,0.0,0.0,0.0,0.0,0.0,,,,,C.Williams,0.0,,,,-22
CAR,CHI,1,CHI,CAR,CAR,1.0,3.0,pass,1.0,0,0,0,,,,CHI,1.37591298378538,1.0,0.0,0.0,0.0,0.0,0.0,1.0,0.0,1.0,1.0,0.0,0.0,0.0,0.0,1.0,C.Williams,1.0,J.Walker,1.0,,,,,,-22
CAR,CHI,1,CHI,CAR,CAR,15.0,,extra_point,0.0,0,0,0,,good,,,0.0675730031076331,0.0,0.0,0.0,0.0,0.0,0.0,0.0,0.0,0.0,0.0,0.0,1.0,0.0,0.0,0.0,,,,,,,,,,-22
CAR,CHI,1,CAR,CHI,CHI,35.0,,kickoff,0.0,0,0,0,,,,,-0.213057381100953,0.0,0.0,0.0,0.0,0.0,0.0,0.0,0.0,0.0,0.0,0.0,0.0,0.0,1.0,0.0,,,,,,,,,,-22
CAR,CHI,1,CAR,CHI,CAR,76.0,1.0,pass,0.0,0,0,0,,,,,-0.491485330741853,0.0,0.0,0.0,0.0,0.0,0.0,1.0,0.0,0.0,0.0,0.0,0.0,0.0,0.0,0.0,B.Young,,X.Legette,,,,,,,-22
CAR,CHI,1,CAR,CHI,CAR,76.0,2.0,pass,13.0,0,0,0,,,,,1.36424045986496,0.0,0.0,0.0,0.0,0.0,0.0,1.0,0.0,0.0,0.0,0.0,0.0,0.0,0.0,1.0,B.Young,13.0,J.Coker,13.0,,,,,,-22
CAR,CHI,1,CAR,CHI,CAR,63.0,1.0,pass,0.0,0,0,0,,,,,-0.436080298619345,0.0,0.0,0.0,0.0,0.0,0.0,1.0,0.0,0.0,0.0,0.0,0.0,0.0,0.0,0.0,B.Young,,,,,,,,,-22
CAR,CHI,1,CAR,CHI,CAR,63.0,2.0,pass,0.0,0,0,0,,,,,-0.661811922909692,0.0,0.0,0.0,0.0,0.0,0.0,1.0,0.0,0.0,0.0,0.0,0.0,0.0,0.0,0.0,B.Young,,T.McMillan,,,,,,,-22
CAR,CHI,1,CAR,CHI,CAR,63.0,3.0,pass,29.0,0,0,0,,,,,2.95078533218475,1.0,0.0,0.0,0.0,0.0,0.0,1.0,0.0,0.0,0.0,0.0,0.0,0.0,0.0,1.0,B.Young,29.0,C.Hubbard,29.0,,,,,,-22
CAR,CHI,1,CAR,CHI,CHI,34.0,1.0,pass,0.0,0,0,0,,,,,-0.434049400209915,0.0,0.0,0.0,0.0,0.0,0.0,1.0,0.0,0.0,0.0,0.0,0.0,0.0,0.0,0.0,B.Young,,,,,,,,,-22
CAR,CHI,1,CAR,CHI,CHI,34.0,2.0,pass,15.0,0,0,0,,,,,1.40303302748362,0.0,0.0,0.0,0.0,0.0,0.0,1.0,0.0,0.0,0.0,0.0,0.0,0.0,0.0,1.0,B.Young,15.0,T.McMillan,15.0,,,,,,-22
CAR,CHI,1,CAR,CHI,CHI,19.0,1.0,pass,18.0,0,0,0,,,,,1.88834864896489,0.0,0.0,0.0,0.0,0.0,0.0,1.0,0.0,0.0,0.0,0.0,0.0,0.0,0.0,1.0,B.Young,18.0,T.McMillan,18.0,,,,,,-22
CAR,CHI,1,CAR,CHI,CHI,1.0,1.0,no_play,0.0,0,0,0,,,,,-1.80943227978423,0.0,0.0,0.0,1.0,0.0,0.0,0.0,0.0,0.0,0.0,0.0,0.0,0.0,0.0,0.0,,,,,,,,CAR,10.0,-22
CAR,CHI,1,CAR,CHI,CHI,11.0,1.0,run,3.0,0,0,1,,,,,0.0909794405451976,0.0,0.0,0.0,0.0,0.0,1.0,0.0,0.0,0.0,0.0,0.0,0.0,0.0,0.0,0.0,,,,,B.Young,3.0,,,,-22
CAR,CHI,1,CAR,CHI,CHI,8.0,2.0,pass,8.0,0,0,0,,,,CAR,2.31804566731444,0.0,0.0,0.0,0.0,0.0,0.0,1.0,0.0,1.0,1.0,0.0,0.0,0.0,0.0,1.0,B.Young,8.0,J.Coker,8.0,,,,,,-22
CAR,CHI,1,CAR,CHI,CHI,15.0,,extra_point,0.0,0,0,0,,blocked,,,-0.932426996892367,0.0,0.0,0.0,0.0,0.0,0.0,0.0,0.0,0.0,0.0,0.0,1.0,0.0,0.0,0.0,,,,,,,,,,-22
CAR,CHI,1,CHI,CAR,CAR,35.0,,kickoff,0.0,0,0,0,,,,,1.63990241521969,0.0,0.0,0.0,0.0,0.0,0.0,0.0,0.0,0.0,0.0,0.0,0.0,0.0,1.0,0.0,,,,,,,,,,-22
CAR,CHI,1,CHI,CAR,CAR,49.0,1.0,run,4.0,0,0,0,,,,,-0.0256921366672032,0.0,0.0,0.0,0.0,0.0,1.0,0.0,0.0,0.0,0.0,0.0,0.0,0.0,0.0,0.0,,,,,K.Monangai,4.0,,,,-22
CAR,CHI,1,,,,,,no_play,0.0,0,0,0,,,,,0.0,0.0,0.0,0.0,0.0,0.0,0.0,0.0,0.0,0.0,0.0,0.0,0.0,0.0,0.0,0.0,,,,,,,,,,-22
CAR,CHI,1,CHI,CAR,CAR,45.0,2.0,run,3.0,0,0,0,,,,,-0.521745470003225,0.0,0.0,0.0,0.0,0.0,1.0,0.0,0.0,0.0,0.0,0.0,0.0,0.0,0.0,0.0,,,,,K.Monangai,3.0,,,,-22
CAR,CHI,1,,,,,,no_play,0.0,0,0,0,,,,,0.0,0.0,0.0,0.0,0.0,0.0,0.0,0.0,0.0,0.0,0.0,0.0,0.0,0.0,0.0,0.0,,,,,,,,,,-22
CAR,CHI,1,CHI,CAR,CAR,42.0,3.0,no_play,0.0,0,0,0,,,,,0.976505579485092,0.0,0.0,0.0,1.0,0.0,0.0,0.0,0.0,0.0,0.0,0.0,0.0,0.0,0.0,0.0,,,,,,,,CAR,5.0,-22
CAR,CHI,1,CHI,CAR,CAR,37.0,1.0,run,9.0,0,0,0,,,,,-0.439101675583515,0.0,0.0,0.0,0.0,0.0,1.0,0.0,0.0,0.0,0.0,0.0,0.0,0.0,0.0,0.0,,,,,K.Monangai,9.0,,,,-22
CAR,CHI,1,,,,,,no_play,0.0,0,0,0,,,,,0.0,0.0,0.0,0.0,0.0,0.0,0.0,0.0,0.0,0.0,0.0,0.0,0.0,0.0,0.0,0.0,,,,,,,,,,-22
CAR,CHI,1,CHI,CAR,CAR,28.0,2.0,run,28.0,0,0,0,,,,CHI,4.50627999665448,0.0,0.0,0.0,0.0,0.0,1.0,0.0,0.0,1.0,0.0,1.0,0.0,0.0,0.0,0.0,,,,,D.Swift,28.0,,,,-22
CAR,CHI,1,CHI,CAR,CAR,15.0,,extra_point,0.0,0,0,0,,good,,,0.0675730031076331,0.0,0.0,0.0,0.0,0.0,0.0,0.0,0.0,0.0,0.0,0.0,1.0,0.0,0.0,0.0,,,,,,,,,,-22
CAR,CHI,1,CAR,CHI,CHI,35.0,,kickoff,0.0,0,0,0,,,,,-0.234444359084591,0.0,0.0,0.0,0.0,0.0,0.0,0.0,0.0,0.0,0.0,0.0,0.0,0.0,1.0,0.0,,,,,,,,,,-22
CAR,CHI,1,CAR,CHI,CAR,80.0,1.0,run,7.0,0,0,0,,,,,0.429599137161858,0.0,0.0,0.0,0.0,0.0,1.0,0.0,0.0,0.0,0.0,0.0,0.0,0.0,0.0,0.0,,,,,A.Dillon,7.0,,,,-22
CAR,CHI,1,CAR,CHI,CAR,73.0,2.0,run,11.0,0,0,0,,,,,0.789391792728566,0.0,0.0,0.0,0.0,0.0,1.0,0.0,0.0,0.0,0.0,0.0,0.0,0.0,0.0,0.0,,,,,A.Dillon,11.0,,,,-22
CAR,CHI,1,CAR,CHI,CAR,62.0,1.0,run,6.0,0,0,0,,,,,-0.137197252362967,0.0,0.0,0.0,0.0,0.0,1.0,0.0,0.0,0.0,0.0,0.0,0.0,0.0,0.0,0.0,,,,,A.Dillon,6.0,,,,-22
CAR,CHI,1,CAR,CHI,CAR,56.0,2.0,pass,0.0,0,0,0,,,,,-0.381134943338111,0.0,0.0,0.0,0.0,0.0,0.0,1.0,0.0,0.0,0.0,0.0,0.0,0.0,0.0,0.0,K.Pickett,,Ji.Horn,,,,,,,-22
CAR,CHI,1,CAR,CHI,CAR,56.0,3.0,run,24.0,0,0,1,,,,,1.67775175964925,1.0,0.0,0.0,0.0,0.0,1.0,0.0,0.0,0.0,0.0,0.0,0.0,0.0,0.0,0.0,,,,,K.Pickett,24.0,,,,-22
CAR,CHI,1,CAR,CHI,CHI,32.0,1.0,run,4.0,0,0,0,,,,,-0.19657052133698,0.0,0.0,0.0,0.0,0.0,1.0,0.0,0.0,0.0,0.0,0.0,0.0,0.0,0.0,0.0,,,,,A.Dillon,4.0,,,,-22
CAR,CHI,1,CAR,CHI,CHI,28.0,2.0,run,0.0,0,0,0,,,,,-2.86954482109286,0.0,0.0,0.0,0.0,0.0,1.0,0.0,0.0,0.0,0.0,0.0,0.0,0.0,0.0,0.0,,,,,A.Dillon,0.0,,,,-22
CAR,CHI,1,CAR,CHI,,,,,,0,0,0,,,,,,,,,,,,,,,,,,,,,,,,,,,,,,-22
JAX,CLE,1,,,,,,,,0,0,0,,,,,0.0,,,,,,,,,,,,,,,,,,,,,,,,,24
JAX,CLE,1,CLE,JAX,JAX,35.0,,kickoff,0.0,0,0,0,,,,,0.959609330166131,0.0,0.0,0.0,0.0,0.0,0.0,0.0,0.0,0.0,0.0,0.0,0.0,0.0,1.0,0.0,,,,,,,,,,24
JAX,CLE,1,CLE,JAX,CLE,60.0,1.0,pass,14.0,0,0,0,,,,,1.04551065270789,0.0,0.0,0.0,0.0,0.0,0.0,1.0,0.0,0.0,0.0,0.0,0.0,0.0,0.0,1.0,D.Watson,14.0,B.Whiteheart,14.0,,,,,,24
JAX,CLE,1,CLE,JAX,JAX,46.0,1.0,run,4.0,0,0,0,,,,,-0.188412868184969,0.0,0.0,0.0,0.0,0.0,1.0,0.0,0.0,0.0,0.0,0.0,0.0,0.0,0.0,0.0,,,,,Q.Judkins,4.0,,,,24
JAX,CLE,1,CLE,JAX,JAX,42.0,2.0,pass,9.0,0,0,0,,,,,1.12737767898943,0.0,0.0,0.0,0.0,0.0,0.0,1.0,0.0,0.0,0.0,0.0,0.0,0.0,0.0,1.0,D.Watson,9.0,K.Concepcion,9.0,,,,,,24
JAX,CLE,1,CLE,JAX,JAX,33.0,1.0,run,5.0,0,0,0,,,,,0.179087188094854,0.0,0.0,0.0,0.0,0.0,1.0,0.0,0.0,0.0,0.0,0.0,0.0,0.0,0.0,0.0,,,,,Q.Judkins,5.0,,,,24
JAX,CLE,1,CLE,JAX,JAX,28.0,2.0,pass,0.0,0,0,0,,,,,-6.36176570842508,0.0,0.0,1.0,0.0,0.0,0.0,1.0,0.0,0.0,0.0,0.0,0.0,0.0,0.0,0.0,D.Watson,,J.Jeudy,,,,,,,24
JAX,CLE,1,JAX,CLE,JAX,59.0,1.0,run,3.0,0,0,0,,,,,-0.227512951241806,0.0,0.0,0.0,0.0,0.0,1.0,0.0,0.0,0.0,0.0,0.0,0.0,0.0,0.0,0.0,,,,,B.Tuten,3.0,,,,24
JAX,CLE,1,JAX,CLE,JAX,56.0,2.0,run,6.0,0,0,0,,,,,0.44753257301636,0.0,0.0,0.0,0.0,0.0,1.0,0.0,0.0,0.0,0.0,0.0,0.0,0.0,0.0,0.0,,,,,B.Tuten,6.0,,,,24
JAX,CLE,1,JAX,CLE,50,50.0,3.0,run,2.0,0,0,0,,,,,0.404034327017143,1.0,0.0,0.0,0.0,0.0,1.0,0.0,0.0,0.0,0.0,0.0,0.0,0.0,0.0,0.0,,,,,J.Meyers,2.0,,,,24
JAX,CLE,1,JAX,CLE,CLE,48.0,1.0,run,4.0,0,0,0,,,,,-0.207324431277812,0.0,0.0,0.0,0.0,0.0,1.0,0.0,0.0,0.0,0.0,0.0,0.0,0.0,0.0,0.0,,,,,C.Rodriguez,4.0,,,,24
JAX,CLE,1,JAX,CLE,CLE,44.0,2.0,pass,11.0,0,0,0,,,,,1.09801980515476,0.0,0.0,0.0,0.0,0.0,0.0,1.0,0.0,0.0,0.0,0.0,0.0,0.0,0.0,1.0,T.Lawrence,11.0,P.Washington,11.0,,,,,,24
JAX,CLE,1,JAX,CLE,CLE,33.0,1.0,run,3.0,0,0,0,,,,,-0.203287501819432,0.0,0.0,0.0,0.0,0.0,1.0,0.0,0.0,0.0,0.0,0.0,0.0,0.0,0.0,0.0,,,,,C.Rodriguez,3.0,,,,24
JAX,CLE,1,JAX,CLE,CLE,30.0,2.0,pass,0.0,0,0,0,,,,,-0.722639906569384,0.0,0.0,0.0,0.0,0.0,0.0,1.0,0.0,0.0,0.0,0.0,0.0,0.0,0.0,0.0,T.Lawrence,,,,,,,,,24
JAX,CLE,1,JAX,CLE,CLE,30.0,3.0,pass,30.0,0,0,0,,,,JAX,3.94280672585592,1.0,0.0,0.0,0.0,0.0,0.0,1.0,0.0,1.0,1.0,0.0,0.0,0.0,0.0,1.0,T.Lawrence,30.0,P.Washington,30.0,,,,,,24
JAX,CLE,1,JAX,CLE,CLE,15.0,,extra_point,0.0,0,0,0,,good,,,0.0675730031076331,0.0,0.0,0.0,0.0,0.0,0.0,0.0,0.0,0.0,0.0,0.0,1.0,0.0,0.0,0.0,,,,,,,,,,24
JAX,CLE,1,CLE,JAX,JAX,35.0,,kickoff,0.0,0,0,0,,,,,-0.597596624866128,0.0,0.0,0.0,1.0,0.0,0.0,0.0,0.0,0.0,0.0,0.0,0.0,0.0,1.0,0.0,,,,,,,,CLE,10.0,24
JAX,CLE,1,CLE,JAX,CLE,83.0,1.0,run,4.0,0,0,0,,,,,-0.194974123500288,0.0,0.0,0.0,0.0,0.0,1.0,0.0,0.0,0.0,0.0,0.0,0.0,0.0,0.0,0.0,,,,,Q.Judkins,4.0,,,,24
JAX,CLE,1,CLE,JAX,CLE,79.0,2.0,run,0.0,0,0,0,,,,,-0.793463407084346,0.0,0.0,0.0,0.0,0.0,1.0,0.0,0.0,0.0,0.0,0.0,0.0,0.0,0.0,0.0,,,,,Q.Judkins,0.0,,,,24
JAX,CLE,1,CLE,JAX,CLE,79.0,3.0,pass,0.0,0,0,0,,,,,-1.31390058994293,0.0,0.0,0.0,0.0,0.0,0.0,1.0,0.0,0.0,0.0,0.0,0.0,0.0,0.0,0.0,D.Watson,,H.Fannin,,,,,,,24
JAX,CLE,1,CLE,JAX,CLE,79.0,4.0,punt,0.0,0,0,0,,,,,0.595034394878894,0.0,0.0,0.0,0.0,0.0,0.0,0.0,0.0,0.0,0.0,0.0,0.0,0.0,0.0,0.0,,,,,,,,,,24
JAX,CLE,1,JAX,CLE,JAX,74.0,1.0,pass,0.0,0,0,0,,,,,-0.567837743088603,0.0,0.0,0.0,0.0,0.0,0.0,1.0,0.0,0.0,0.0,0.0,0.0,0.0,0.0,0.0,T.Lawrence,,,,,,,,,24
JAX,CLE,1,JAX,CLE,JAX,74.0,2.0,pass,10.0,0,0,0,,,,,1.31449349969625,0.0,0.0,0.0,0.0,0.0,0.0,1.0,0.0,0.0,0.0,0.0,0.0,0.0,0.0,1.0,T.Lawrence,10.0,Bri.Thomas,10.0,,,,,,24
JAX,CLE,1,JAX,CLE,JAX,64.0,1.0,pass,6.0,0,0,0,,,,,0.14915038482286,0.0,0.0,0.0,0.0,0.0,0.0,1.0,0.0,0.0,0.0,0.0,0.0,0.0,0.0,1.0,T.Lawrence,6.0,P.Washington,6.0,,,,,,24
JAX,CLE,1,JAX,CLE,JAX,58.0,2.0,no_play,0.0,0,0,0,,,,,0.521177196875215,0.0,0.0,0.0,1.0,0.0,0.0,0.0,0.0,0.0,0.0,0.0,0.0,0.0,0.0,0.0,,,,,,,,CLE,5.0,24
JAX,CLE,1,JAX,CLE,JAX,53.0,1.0,pass,12.0,0,0,0,,,,,0.688512726221234,0.0,0.0,0.0,0.0,0.0,0.0,1.0,0.0,0.0,0.0,0.0,0.0,0.0,0.0,1.0,T.Lawrence,12.0,Bri.Thomas,12.0,,,Bri.Thomas,,,24
JAX,CLE,1,JAX,CLE,CLE,41.0,1.0,no_play,0.0,0,0,0,,,,,-0.739220022689551,0.0,0.0,0.0,1.0,0.0,0.0,0.0,0.0,0.0,0.0,0.0,0.0,0.0,0.0,0.0,,,,,,,,JAX,5.0,24
JAX,CLE,1,JAX,CLE,CLE,46.0,1.0,run,2.0,0,0,0,,,,,-0.754295246908441,0.0,0.0,0.0,1.0,0.0,1.0,0.0,0.0,0.0,0.0,0.0,0.0,0.0,0.0,0.0,,,,,T.Lawrence,2.0,,JAX,5.0,24
JAX,CLE,1,JAX,CLE,CLE,49.0,2.0,pass,22.0,0,0,0,,,,,2.339677444892,0.0,0.0,0.0,0.0,0.0,0.0,1.0,0.0,0.0,0.0,0.0,0.0,0.0,0.0,1.0,T.Lawrence,22.0,P.Washington,22.0,,,,,,24
JAX,CLE,1,JAX,CLE,CLE,27.0,1.0,pass,18.0,0,0,0,,,,,0.974142090068199,0.0,0.0,0.0,0.0,0.0,0.0,1.0,0.0,0.0,0.0,0.0,0.0,0.0,0.0,1.0,T.Lawrence,18.0,Bri.Thomas,18.0,,,,,,24
JAX,CLE,1,JAX,CLE,CLE,9.0,1.0,run,5.0,0,0,0,,,,,0.315187053987756,0.0,0.0,0.0,0.0,0.0,1.0,0.0,0.0,0.0,0.0,0.0,0.0,0.0,0.0,0.0,,,,,C.Rodriguez,5.0,,,,24
JAX,CLE,1,JAX,CLE,CLE,4.0,2.0,pass,4.0,0,0,0,,,,JAX,1.32747722032946,0.0,0.0,0.0,0.0,0.0,0.0,1.0,0.0,1.0,1.0,0.0,0.0,0.0,0.0,1.0,T.Lawrence,4.0,J.Cameron,4.0,,,,,,24
JAX,CLE,1,JAX,CLE,CLE,15.0,,extra_point,0.0,0,0,0,,good,,,0.0675730031076331,0.0,0.0,0.0,0.0,0.0,0.0,0.0,0.0,0.0,0.0,0.0,1.0,0.0,0.0,0.0,,,,,,,,,,24
JAX,CLE,1,CLE,JAX,JAX,35.0,,kickoff,0.0,0,0,0,,,,,0.521463190671057,0.0,0.0,0.0,0.0,0.0,0.0,0.0,0.0,0.0,0.0,0.0,0.0,0.0,1.0,0.0,,,,,,,,,,24
JAX,CLE,1,CLE,JAX,CLE,65.0,1.0,pass,-1.0,0,0,0,,,,,-0.693320145364851,0.0,0.0,0.0,0.0,0.0,0.0,1.0,1.0,0.0,0.0,0.0,0.0,0.0,0.0,0.0,D.Watson,,,,,,,,,24
JAX,CLE,1,CLE,JAX,CLE,66.0,2.0,pass,1.0,0,0,0,,,,,-0.618517454713583,0.0,0.0,0.0,0.0,0.0,0.0,1.0,0.0,0.0,0.0,0.0,0.0,0.0,0.0,1.0,D.Watson,1.0,Q.Judkins,1.0,,,,,,24
JAX,CLE,1,CLE,JAX,CLE,65.0,3.0,pass,-8.0,0,0,0,,,,,-1.78555060969666,0.0,0.0,0.0,0.0,0.0,0.0,1.0,1.0,0.0,0.0,0.0,0.0,0.0,0.0,0.0,D.Watson,,,,,,D.Watson,,,24
JAX,CLE,1,CLE,JAX,,,,,,0,0,0,,,,,0.0,,,,,,,,,,,,,,,,,,,,,,,,,24
JAX,CLE,1,CLE,JAX,CLE,73.0,4.0,punt,0.0,0,0,0,,,,,0.355233602691442,0.0,0.0,0.0,0.0,0.0,0.0,0.0,0.0,0.0,0.0,0.0,0.0,0.0,0.0,0.0,,,,,,,,,,24
JAX,CLE,1,JAX,CLE,JAX,72.0,1.0,pass,9.0,0,0,0,,,,,0.931658236077055,0.0,0.0,0.0,0.0,0.0,0.0,1.0,0.0,0.0,0.0,0.0,0.0,0.0,0.0,1.0,T.Lawrence,9.0,N.Boerkircher,9.0,,,,,,24
JAX,CLE,1,JAX,CLE,JAX,63.0,2.0,pass,0.0,0,0,0,,,,,-0.56853772350587,0.0,0.0,0.0,0.0,0.0,0.0,1.0,0.0,0.0,0.0,0.0,0.0,0.0,0.0,0.0,T.Lawrence,,P.Washington,,,,,,,24
JAX,CLE,1,JAX,CLE,JAX,63.0,3.0,run,2.0,0,0,0,,,,,0.406401398591697,1.0,0.0,0.0,0.0,0.0,1.0,0.0,0.0,0.0,0.0,0.0,0.0,0.0,0.0,0.0,,,,,C.Rodriguez,2.0,,,,24
JAX,CLE,1,JAX,CLE,JAX,61.0,1.0,run,3.0,0,0,0,,,,,-0.270126612391323,0.0,0.0,0.0,0.0,0.0,1.0,0.0,0.0,0.0,0.0,0.0,0.0,0.0,0.0,0.0,,,,,T.Hunter,3.0,,,,24
JAX,CLE,1,JAX,CLE,JAX,58.0,2.0,pass,8.0,0,0,0,,,,,0.944754002382979,0.0,0.0,0.0,0.0,0.0,0.0,1.0,0.0,0.0,0.0,0.0,0.0,0.0,0.0,1.0,T.Lawrence,8.0,J.Meyers,8.0,,,,,,24
JAX,CLE,1,JAX,CLE,50,50.0,1.0,run,5.0,0,0,0,,,,,-0.0159434324596077,0.0,0.0,0.0,0.0,0.0,1.0,0.0,0.0,0.0,0.0,0.0,0.0,0.0,0.0,0.0,,,,,B.Tuten,5.0,,,,24
JAX,CLE,1,JAX,CLE,CLE,45.0,2.0,run,7.0,0,0,0,,,,,0.777084566070698,0.0,0.0,0.0,0.0,0.0,1.0,0.0,0.0,0.0,0.0,0.0,0.0,0.0,0.0,0.0,,,,,B.Tuten,7.0,,,,24
JAX,CLE,1,JAX,CLE,CLE,38.0,1.0,pass,0.0,0,0,0,,,,,-0.527358944877051,0.0,0.0,0.0,0.0,0.0,0.0,1.0,0.0,0.0,0.0,0.0,0.0,0.0,0.0,0.0,T.Lawrence,,Q.Morris,,,,,,,24
JAX,CLE,1,JAX,CLE,CLE,38.0,2.0,pass,8.0,0,0,0,,,,,0.334312981576659,0.0,0.0,0.0,0.0,0.0,0.0,1.0,0.0,0.0,0.0,0.0,0.0,0.0,0.0,1.0,T.Lawrence,8.0,T.Hunter,8.0,,,,,,24
JAX,CLE,1,JAX,CLE,CLE,30.0,3.0,run,1.0,0,0,0,,,,,-1.67306082612277,0.0,0.0,0.0,0.0,0.0,1.0,0.0,0.0,0.0,0.0,0.0,0.0,0.0,0.0,0.0,,,,,C.Rodriguez,1.0,,,,24
JAX,CLE,1,JAX,CLE,CLE,29.0,4.0,field_goal,0.0,0,0,0,made,,,,1.35687571762038,0.0,0.0,0.0,0.0,0.0,0.0,0.0,0.0,0.0,0.0,0.0,0.0,0.0,0.0,0.0,,,,,,,,,,24
JAX,CLE,1,CLE,JAX,JAX,35.0,,kickoff,0.0,0,0,0,,,,,0.799339599907398,0.0,0.0,0.0,0.0,0.0,0.0,0.0,0.0,0.0,0.0,0.0,0.0,0.0,1.0,0.0,,,,,,,,,,24
JAX,CLE,1,CLE,JAX,CLE,61.0,1.0,run,1.0,0,0,0,,,,,-0.487849026918411,0.0,0.0,0.0,0.0,0.0,1.0,0.0,0.0,0.0,0.0,0.0,0.0,0.0,0.0,0.0,,,,,Q.Judkins,1.0,,,,24
JAX,CLE,1,CLE,JAX,CLE,60.0,2.0,pass,5.0,0,0,0,,,,,-4.29535513045266,0.0,0.0,0.0,0.0,1.0,0.0,1.0,0.0,0.0,0.0,0.0,0.0,0.0,0.0,1.0,D.Watson,5.0,K.Concepcion,5.0,,,K.Concepcion,,,24
JAX,CLE,1,JAX,CLE,CLE,44.0,1.0,run,12.0,0,0,0,,,,,0.787544854567386,0.0,0.0,0.0,0.0,0.0,1.0,0.0,0.0,0.0,0.0,0.0,0.0,0.0,0.0,0.0,,,,,B.Tuten,12.0,,,,24
JAX,CLE,1,JAX,CLE,CLE,32.0,1.0,run,4.0,0,0,0,,,,,-0.0805895534576848,0.0,0.0,0.0,0.0,0.0,1.0,0.0,0.0,0.0,0.0,0.0,0.0,0.0,0.0,0.0,,,,,B.Tuten,4.0,,,,24
JAX,CLE,1,JAX,CLE,CLE,28.0,2.0,pass,0.0,0,0,0,,,,,-0.589464889431838,0.0,0.0,0.0,0.0,0.0,0.0,1.0,0.0,0.0,0.0,0.0,0.0,0.0,0.0,0.0,T.Lawrence,,B.Strange,,,,,,,24
JAX,CLE,1,JAX,CLE,CLE,28.0,3.0,pass,14.0,0,0,0,,,,,1.8011950419168,1.0,0.0,0.0,0.0,0.0,0.0,1.0,0.0,0.0,0.0,0.0,0.0,0.0,0.0,1.0,T.Lawrence,14.0,P.Washington,14.0,,,,,,24
JAX,CLE,1,JAX,CLE,CLE,14.0,1.0,pass,14.0,0,0,0,,,,JAX,2.12886040459853,0.0,0.0,0.0,0.0,0.0,0.0,1.0,0.0,1.0,1.0,0.0,0.0,0.0,0.0,1.0,T.Lawrence,14.0,B.Strange,14.0,,,,,,24
JAX,CLE,1,JAX,CLE,CLE,15.0,,extra_point,0.0,0,0,0,,good,,,0.0675730031076331,0.0,0.0,0.0,0.0,0.0,0.0,0.0,0.0,0.0,0.0,0.0,1.0,0.0,0.0,0.0,,,,,,,,,,24
JAX,CLE,1,CLE,JAX,JAX,35.0,,kickoff,0.0,0,0,0,,,,,0.561069522518665,0.0,0.0,0.0,0.0,0.0,0.0,0.0,0.0,0.0,0.0,0.0,0.0,0.0,1.0,0.0,,,,,,,,,,24
JAX,CLE,1,CLE,JAX,CLE,65.0,1.0,run,8.0,0,0,0,,,,,0.584061073837802,0.0,0.0,0.0,0.0,0.0,1.0,0.0,0.0,0.0,0.0,0.0,0.0,0.0,0.0,0.0,,,,,K.Concepcion,8.0,,,,24
JAX,CLE,1,CLE,JAX,CLE,57.0,2.0,run,3.0,0,0,0,,,,,0.0982184635940939,0.0,0.0,0.0,0.0,0.0,1.0,0.0,0.0,0.0,0.0,0.0,0.0,0.0,0.0,0.0,,,,,D.Watson,3.0,,,,24
JAX,CLE,1,CLE,JAX,CLE,54.0,1.0,pass,0.0,0,0,0,,,,,-0.809338915976696,0.0,0.0,0.0,0.0,0.0,0.0,1.0,0.0,0.0,0.0,0.0,0.0,0.0,0.0,0.0,D.Watson,,K.Concepcion,,,,,,,24
JAX,CLE,1,,,,,,no_play,0.0,0,0,0,,,,,0.0,0.0,0.0,0.0,0.0,0.0,0.0,0.0,0.0,0.0,0.0,0.0,0.0,0.0,0.0,0.0,,,,,,,,,,24
JAX,CLE,1,CLE,JAX,CLE,54.0,2.0,pass,0.0,0,0,0,,,,,-0.696915322216228,0.0,0.0,0.0,0.0,0.0,0.0,1.0,0.0,0.0,0.0,0.0,0.0,0.0,0.0,0.0,D.Watson,,J.Jeudy,,,,,,,24
JAX,CLE,1,CLE,JAX,CLE,54.0,3.0,run,4.0,0,0,1,,,,,-1.01473447796889,0.0,0.0,0.0,0.0,0.0,1.0,0.0,0.0,0.0,0.0,0.0,0.0,0.0,0.0,0.0,,,,,D.Watson,4.0,,,,24
JAX,CLE,1,CLE,JAX,50,50.0,4.0,punt,0.0,0,0,0,,,,,-0.124008930870332,0.0,0.0,0.0,0.0,0.0,0.0,0.0,0.0,0.0,0.0,0.0,0.0,0.0,0.0,0.0,,,,,,,,,,24
JAX,CLE,1,JAX,CLE,JAX,87.0,1.0,run,11.0,0,0,0,,,,,0.511553554795682,0.0,0.0,0.0,0.0,0.0,1.0,0.0,0.0,0.0,0.0,0.0,0.0,0.0,0.0,0.0,,,,,A.Abdullah,11.0,,,,24
JAX,CLE,1,JAX,CLE,JAX,76.0,1.0,run,9.0,0,0,0,,,,,0.679155800957233,0.0,0.0,0.0,0.0,0.0,1.0,0.0,0.0,0.0,0.0,0.0,0.0,0.0,0.0,0.0,,,,,A.Abdullah,9.0,,,,24
JAX,CLE,1,JAX,CLE,JAX,67.0,2.0,run,0.0,0,0,0,,,,,-0.452123629744165,0.0,0.0,0.0,0.0,0.0,1.0,0.0,0.0,0.0,0.0,0.0,0.0,0.0,0.0,0.0,,,,,A.Abdullah,0.0,,,,24
JAX,CLE,1,JAX,CLE,JAX,67.0,3.0,pass,-11.0,0,0,0,,,,,-2.00174262234941,0.0,0.0,0.0,0.0,0.0,0.0,1.0,1.0,0.0,0.0,0.0,0.0,0.0,0.0,0.0,T.Lawrence,,,,,,,,,24
JAX,CLE,1,,,,,,no_play,0.0,0,0,0,,,,,0.0,0.0,0.0,0.0,0.0,0.0,0.0,0.0,0.0,0.0,0.0,0.0,0.0,0.0,0.0,0.0,,,,,,,,,,24
JAX,CLE,1,JAX,CLE,JAX,78.0,4.0,punt,0.0,0,0,0,,,,,-0.325592110282742,0.0,0.0,0.0,0.0,0.0,0.0,0.0,0.0,0.0,0.0,0.0,0.0,0.0,0.0,0.0,,,,,,,,,,24
JAX,CLE,1,CLE,JAX,CLE,70.0,1.0,pass,20.0,0,0,0,,,,,0.808282524114475,0.0,0.0,0.0,0.0,0.0,0.0,1.0,0.0,0.0,0.0,0.0,0.0,0.0,0.0,1.0,D.Watson,20.0,J.Jeudy,20.0,,,,,,24
JAX,CLE,1,CLE,JAX,50,50.0,1.0,pass,11.0,0,0,0,,,,,0.496843194880057,0.0,0.0,0.0,0.0,0.0,0.0,1.0,0.0,0.0,0.0,0.0,0.0,0.0,0.0,1.0,D.Watson,11.0,R.Sanders,11.0,,,,,,24
JAX,CLE,1,CLE,JAX,JAX,39.0,1.0,no_play,0.0,0,0,0,,,,,-0.821495957847219,0.0,0.0,0.0,1.0,0.0,0.0,0.0,0.0,0.0,0.0,0.0,0.0,0.0,0.0,0.0,,,,,,,,CLE,10.0,24
JAX,CLE,1,CLE,JAX,JAX,49.0,1.0,no_play,0.0,0,0,0,,,,,-0.441471421276219,0.0,0.0,0.0,1.0,0.0,0.0,0.0,0.0,0.0,0.0,0.0,0.0,0.0,0.0,0.0,,,,,,,,CLE,5.0,24
JAX,CLE,1,CLE,JAX,CLE,54.0,1.0,no_play,0.0,0,0,0,,,,,-0.363365376368165,0.0,0.0,0.0,1.0,0.0,0.0,0.0,0.0,0.0,0.0,0.0,0.0,0.0,0.0,0.0,,,,,,,,CLE,5.0,24
JAX,CLE,1,CLE,JAX,CLE,59.0,1.0,pass,6.0,0,0,0,,,,,0.162984081194736,0.0,0.0,0.0,0.0,0.0,0.0,1.0,0.0,0.0,0.0,0.0,0.0,0.0,0.0,1.0,D.Watson,6.0,J.Jeudy,6.0,,,,,,24
JAX,CLE,1,CLE,JAX,CLE,53.0,2.0,no_play,0.0,0,0,1,,,,,-0.638488866738044,0.0,0.0,0.0,1.0,0.0,0.0,0.0,0.0,0.0,0.0,0.0,0.0,0.0,0.0,0.0,,,,,,,,CLE,10.0,24
JAX,CLE,1,CLE,JAX,CLE,63.0,2.0,pass,9.0,0,0,0,,,,,-0.149196367536206,0.0,0.0,0.0,0.0,0.0,0.0,1.0,0.0,0.0,0.0,0.0,0.0,0.0,0.0,1.0,D.Watson,9.0,R.Sanders,9.0,,,,,,24
JAX,CLE,1,CLE,JAX,CLE,54.0,3.0,pass,0.0,0,0,0,,,,,-0.260196085029747,0.0,0.0,0.0,0.0,0.0,0.0,1.0,0.0,0.0,0.0,0.0,0.0,0.0,0.0,0.0,D.Watson,,D.Boston,,,,,,,24
JAX,CLE,1,,,,,,,,0,0,0,,,,,,,,,,,,,,,,,,,,,,,,,,,,,,24
JAX,CLE,1,JAX,CLE,CLE,35.0,,kickoff,0.0,0,0,0,,,,,0.948867895174772,0.0,0.0,0.0,0.0,0.0,0.0,0.0,0.0,0.0,0.0,0.0,0.0,0.0,1.0,0.0,,,,,,,,,,24
JAX,CLE,1,JAX,CLE,JAX,60.0,1.0,run,10.0,0,0,0,,,,,0.649881262565032,0.0,0.0,0.0,0.0,0.0,1.0,0.0,0.0,0.0,0.0,0.0,0.0,0.0,0.0,0.0,,,,,B.Tuten,10.0,,,,24
JAX,CLE,1,JAX,CLE,50,50.0,1.0,no_play,0.0,0,0,0,,,,,0.507092526648194,0.0,0.0,0.0,1.0,0.0,0.0,0.0,0.0,0.0,0.0,0.0,0.0,0.0,0.0,0.0,,,,,,,,CLE,5.0,24
JAX,CLE,1,JAX,CLE,CLE,45.0,1.0,pass,22.0,0,0,0,,,,,1.26137215935159,0.0,0.0,0.0,0.0,0.0,0.0,1.0,0.0,0.0,0.0,0.0,0.0,0.0,0.0,1.0,T.Lawrence,22.0,B.Tuten,22.0,,,,,,24
JAX,CLE,1,JAX,CLE,CLE,23.0,1.0,run,-4.0,0,0,0,,,,,-1.26055192155764,0.0,0.0,0.0,0.0,0.0,1.0,0.0,0.0,0.0,0.0,0.0,0.0,0.0,0.0,0.0,,,,,B.Tuten,-4.0,,,,24
JAX,CLE,1,JAX,CLE,CLE,27.0,2.0,no_play,0.0,0,0,0,,,,,-0.378751074429601,0.0,0.0,0.0,1.0,0.0,0.0,0.0,0.0,0.0,0.0,0.0,0.0,0.0,0.0,0.0,,,,,,,,JAX,5.0,24
JAX,CLE,1,JAX,CLE,CLE,32.0,2.0,pass,32.0,0,0,0,,,,JAX,3.79799138440285,0.0,0.0,0.0,0.0,0.0,0.0,1.0,0.0,1.0,1.0,0.0,0.0,0.0,0.0,1.0,T.Lawrence,32.0,J.Meyers,32.0,,,,,,24
JAX,CLE,1,JAX,CLE,CLE,15.0,,extra_point,0.0,0,0,0,,good,,,0.0675730031076331,0.0,0.0,0.0,0.0,0.0,0.0,0.0,0.0,0.0,0.0,0.0,1.0,0.0,0.0,0.0,,,,,,,,,,24
JAX,CLE,1,CLE,JAX,JAX,35.0,,kickoff,0.0,0,0,0,,,,,3.57044910977129,0.0,0.0,0.0,0.0,0.0,0.0,0.0,0.0,0.0,0.0,0.0,0.0,0.0,1.0,0.0,,,,,,,,,,24
JAX,CLE,1,CLE,JAX,JAX,23.0,1.0,run,-1.0,0,0,0,,,,,-0.773887379211374,0.0,0.0,0.0,0.0,0.0,1.0,0.0,0.0,0.0,0.0,0.0,0.0,0.0,0.0,0.0,,,,,Q.Judkins,-1.0,,,,24
JAX,CLE,1,CLE,JAX,JAX,24.0,2.0,pass,4.0,0,0,0,,,,,-0.192897362401709,0.0,0.0,0.0,0.0,0.0,0.0,1.0,0.0,0.0,0.0,0.0,0.0,0.0,0.0,1.0,D.Watson,4.0,K.Concepcion,4.0,,,,,,24
JAX,CLE,1,CLE,JAX,JAX,20.0,3.0,run,9.0,0,0,1,,,,,1.49916485988069,1.0,0.0,0.0,0.0,0.0,1.0,0.0,0.0,0.0,0.0,0.0,0.0,0.0,0.0,0.0,,,,,D.Watson,9.0,,,,24
JAX,CLE,1,CLE,JAX,JAX,11.0,1.0,run,6.0,0,0,0,,,,,0.346276905678678,0.0,0.0,0.0,0.0,0.0,1.0,0.0,0.0,0.0,0.0,0.0,0.0,0.0,0.0,0.0,,,,,D.Watson,6.0,,,,24
JAX,CLE,1,CLE,JAX,JAX,5.0,2.0,run,2.0,0,0,0,,,,,-0.388773373677395,0.0,0.0,0.0,0.0,0.0,1.0,0.0,0.0,0.0,0.0,0.0,0.0,0.0,0.0,0.0,,,,,Q.Judkins,2.0,,,,24
JAX,CLE,1,CLE,JAX,JAX,3.0,3.0,no_play,0.0,0,0,0,,,,,-0.883501788426656,0.0,0.0,0.0,1.0,0.0,0.0,0.0,0.0,0.0,0.0,0.0,0.0,0.0,0.0,0.0,,,,,,,,CLE,5.0,24
JAX,CLE,1,CLE,JAX,JAX,8.0,3.0,pass,0.0,0,0,0,,,,,-1.14963255461113,0.0,0.0,0.0,0.0,0.0,0.0,1.0,0.0,0.0,0.0,0.0,0.0,0.0,0.0,0.0,D.Watson,,D.Boston,,,,,,,24
JAX,CLE,1,CLE,JAX,JAX,8.0,4.0,field_goal,0.0,0,0,0,made,,,,0.0843341835941471,0.0,0.0,0.0,0.0,0.0,0.0,0.0,0.0,0.0,0.0,0.0,0.0,0.0,0.0,0.0,,,,,,,,,,24
JAX,CLE,1,JAX,CLE,CLE,35.0,,kickoff,0.0,0,0,0,,,,,0.365658883238211,0.0,0.0,0.0,0.0,0.0,0.0,0.0,0.0,0.0,0.0,0.0,0.0,0.0,1.0,0.0,,,,,,,,,,24
JAX,CLE,1,JAX,CLE,JAX,69.0,1.0,pass,9.0,0,0,0,,,,,0.843987883301452,0.0,0.0,0.0,0.0,0.0,0.0,1.0,0.0,0.0,0.0,0.0,0.0,0.0,0.0,1.0,T.Lawrence,9.0,B.Strange,9.0,,,,,,24
JAX,CLE,1,JAX,CLE,JAX,60.0,2.0,run,0.0,0,0,0,,,,,-0.589073500595987,0.0,0.0,0.0,0.0,0.0,1.0,0.0,0.0,0.0,0.0,0.0,0.0,0.0,0.0,0.0,,,,,B.Tuten,0.0,,,,24
JAX,CLE,1,JAX,CLE,JAX,60.0,3.0,run,1.0,0,0,0,,,,,0.35525253880769,1.0,0.0,0.0,0.0,0.0,1.0,0.0,0.0,0.0,0.0,0.0,0.0,0.0,0.0,0.0,,,,,T.Lawrence,1.0,,,,24
JAX,CLE,1,JAX,CLE,JAX,59.0,1.0,run,8.0,0,0,0,,,,,0.597656201571226,0.0,0.0,0.0,0.0,0.0,1.0,0.0,0.0,0.0,0.0,0.0,0.0,0.0,0.0,0.0,,,,,C.Rodriguez,8.0,,,,24
JAX,CLE,1,JAX,CLE,JAX,51.0,2.0,pass,16.0,0,0,0,,,,,0.86816824041307,0.0,0.0,0.0,0.0,0.0,0.0,1.0,0.0,0.0,0.0,0.0,0.0,0.0,0.0,1.0,T.Lawrence,16.0,J.Cameron,16.0,,,,,,24
JAX,CLE,1,JAX,CLE,CLE,35.0,1.0,run,12.0,0,0,0,,,,,0.850516293663532,0.0,0.0,0.0,0.0,0.0,1.0,0.0,0.0,0.0,0.0,0.0,0.0,0.0,0.0,0.0,,,,,B.Tuten,12.0,,,,24
JAX,CLE,1,JAX,CLE,CLE,23.0,1.0,run,-1.0,0,0,0,,,,,-0.759326310362667,0.0,0.0,0.0,0.0,0.0,1.0,0.0,0.0,0.0,0.0,0.0,0.0,0.0,0.0,0.0,,,,,B.Tuten,-1.0,,,,24
JAX,CLE,1,JAX,CLE,CLE,24.0,2.0,no_play,0.0,0,0,0,,,,,-1.19328667921945,0.0,0.0,0.0,1.0,0.0,0.0,0.0,0.0,0.0,0.0,0.0,0.0,0.0,0.0,0.0,,,,,,,,JAX,10.0,24
JAX,CLE,1,JAX,CLE,CLE,34.0,2.0,pass,0.0,0,0,0,,,,,-0.747522654477507,0.0,0.0,0.0,0.0,0.0,0.0,1.0,0.0,0.0,0.0,0.0,0.0,0.0,0.0,1.0,T.Lawrence,0.0,A.Abdullah,0.0,,,,,,24
JAX,CLE,1,JAX,CLE,CLE,34.0,3.0,run,12.0,0,0,0,,,,,0.281220775758648,0.0,0.0,0.0,0.0,0.0,1.0,0.0,0.0,0.0,0.0,0.0,0.0,0.0,0.0,0.0,,,,,A.Abdullah,12.0,,,,24
JAX,CLE,1,JAX,CLE,CLE,22.0,4.0,field_goal,0.0,0,0,0,made,,,,0.705408037910438,0.0,0.0,0.0,0.0,0.0,0.0,0.0,0.0,0.0,0.0,0.0,0.0,0.0,0.0,0.0,,,,,,,,,,24
JAX,CLE,1,CLE,JAX,JAX,35.0,,kickoff,0.0,0,0,0,,,,,-0.740229259710759,0.0,0.0,0.0,1.0,0.0,0.0,0.0,0.0,0.0,0.0,0.0,0.0,0.0,1.0,0.0,,,,,,,,CLE,10.0,24
JAX,CLE,1,CLE,JAX,CLE,85.0,1.0,pass,9.0,0,0,0,,,,,0.48203304503113,0.0,0.0,0.0,0.0,0.0,0.0,1.0,0.0,0.0,0.0,0.0,0.0,0.0,0.0,1.0,D.Watson,9.0,H.Fannin,9.0,,,,,,24
JAX,CLE,1,,,,,,no_play,0.0,0,0,0,,,,,0.0,0.0,0.0,0.0,0.0,0.0,0.0,0.0,0.0,0.0,0.0,0.0,0.0,0.0,0.0,0.0,,,,,,,,,,24
JAX,CLE,1,CLE,JAX,CLE,76.0,2.0,pass,12.0,0,0,0,,,,,0.647955679800361,0.0,0.0,0.0,0.0,0.0,0.0,1.0,0.0,0.0,0.0,0.0,0.0,0.0,0.0,1.0,D.Watson,12.0,H.Fannin,12.0,,,,,,24
JAX,CLE,1,CLE,JAX,CLE,64.0,1.0,pass,-4.0,0,0,0,,,,,-1.08252678439021,0.0,0.0,0.0,0.0,0.0,0.0,1.0,1.0,0.0,0.0,0.0,0.0,0.0,0.0,0.0,D.Watson,,,,,,,,,24
JAX,CLE,1,CLE,JAX,,,,,,0,0,0,,,,,0.0,,,,,,,,,,,,,,,,,,,,,,,,,24
JAX,CLE,1,CLE,JAX,CLE,68.0,2.0,pass,25.0,0,0,0,,,,,2.36632050783373,0.0,0.0,0.0,0.0,0.0,0.0,1.0,0.0,0.0,0.0,0.0,0.0,0.0,0.0,1.0,D.Watson,25.0,K.Concepcion,25.0,,,,,,24
JAX,CLE,1,CLE,JAX,JAX,43.0,1.0,run,-3.0,0,0,0,,,,,-0.984393395250663,0.0,0.0,0.0,0.0,0.0,1.0,0.0,0.0,0.0,0.0,0.0,0.0,0.0,0.0,0.0,,,,,K.Concepcion,-3.0,,,,24
JAX,CLE,1,CLE,JAX,JAX,46.0,2.0,pass,13.0,0,0,0,,,,,1.83520619338378,0.0,0.0,0.0,0.0,0.0,0.0,1.0,0.0,0.0,0.0,0.0,0.0,0.0,0.0,1.0,D.Watson,13.0,D.Boston,13.0,,,,,,24
JAX,CLE,1,CLE,JAX,JAX,33.0,1.0,run,3.0,0,0,0,,,,,-0.193078032461926,0.0,0.0,0.0,0.0,0.0,1.0,0.0,0.0,0.0,0.0,0.0,0.0,0.0,0.0,0.0,,,,,Q.Judkins,3.0,,,,24
JAX,CLE,1,CLE,JAX,JAX,30.0,2.0,pass,5.0,0,0,0,,,,,0.163808235432953,0.0,0.0,0.0,0.0,0.0,0.0,1.0,0.0,0.0,0.0,0.0,0.0,0.0,0.0,1.0,D.Watson,5.0,R.Sanders,5.0,,,,,,24
JAX,CLE,1,CLE,JAX,JAX,25.0,3.0,run,1.0,0,0,0,,,,,-0.754164027050138,0.0,0.0,0.0,0.0,0.0,1.0,0.0,0.0,0.0,0.0,0.0,0.0,0.0,0.0,0.0,,,,,R.Sanders,1.0,,,,24
JAX,CLE,1,CLE,JAX,JAX,24.0,4.0,no_play,0.0,0,0,0,,,,,-0.937021516612731,0.0,0.0,0.0,1.0,0.0,0.0,0.0,0.0,0.0,0.0,0.0,0.0,0.0,0.0,0.0,,,,,,,,CLE,5.0,24
JAX,CLE,1,CLE,JAX,JAX,29.0,4.0,run,7.0,0,0,1,,,,,2.58947864500806,0.0,1.0,0.0,0.0,0.0,1.0,0.0,0.0,0.0,0.0,0.0,0.0,0.0,0.0,0.0,,,,,D.Watson,7.0,,,,24
JAX,CLE,1,CLE,JAX,JAX,22.0,1.0,run,4.0,0,0,0,,,,,-0.103200002107769,0.0,0.0,0.0,0.0,0.0,1.0,0.0,0.0,0.0,0.0,0.0,0.0,0.0,0.0,0.0,,,,,Q.Judkins,4.0,,,,24
JAX,CLE,1,CLE,JAX,JAX,18.0,2.0,run,3.0,0,0,0,,,,,-0.219572487636469,0.0,0.0,0.0,0.0,0.0,1.0,0.0,0.0,0.0,0.0,0.0,0.0,0.0,0.0,0.0,,,,,Q.Judkins,3.0,,,,24
JAX,CLE,1,CLE,JAX,JAX,15.0,3.0,pass,-1.0,0,0,0,,,,,-1.38391352805775,0.0,0.0,0.0,0.0,0.0,0.0,1.0,1.0,0.0,0.0,0.0,0.0,0.0,0.0,0.0,D.Watson,,,,,,,,,24
JAX,CLE,1,CLE,JAX,JAX,16.0,4.0,pass,-6.0,0,0,0,,,,,-3.67466900742147,0.0,0.0,0.0,0.0,0.0,0.0,1.0,1.0,0.0,0.0,0.0,0.0,0.0,0.0,0.0,D.Watson,,,,,,,,,24
JAX,CLE,1,JAX,CLE,JAX,78.0,1.0,run,7.0,0,0,0,,,,,0.508507466409355,0.0,0.0,0.0,0.0,0.0,1.0,0.0,0.0,0.0,0.0,0.0,0.0,0.0,0.0,0.0,,,,,B.Tuten,7.0,,,,24
JAX,CLE,1,JAX,CLE,JAX,71.0,2.0,no_play,0.0,0,0,0,,,,,0.16074459743686,0.0,0.0,0.0,1.0,0.0,0.0,0.0,0.0,0.0,0.0,0.0,0.0,0.0,0.0,0.0,,,,,,,,CLE,5.0,24
JAX,CLE,1,JAX,CLE,JAX,66.0,1.0,run,6.0,0,0,0,,,,,0.250439477618784,0.0,0.0,0.0,0.0,0.0,1.0,0.0,0.0,0.0,0.0,0.0,0.0,0.0,0.0,0.0,,,,,B.Tuten,6.0,,,,24
JAX,CLE,1,JAX,CLE,JAX,60.0,2.0,run,-1.0,0,0,0,,,,,-0.994643497979268,0.0,0.0,0.0,0.0,0.0,1.0,0.0,0.0,0.0,0.0,0.0,0.0,0.0,0.0,0.0,,,,,B.Tuten,-1.0,,,,24
JAX,CLE,1,JAX,CLE,JAX,61.0,3.0,run,0.0,0,0,0,,,,,-1.43269248772413,0.0,0.0,0.0,0.0,0.0,1.0,0.0,0.0,0.0,0.0,0.0,0.0,0.0,0.0,0.0,,,,,B.Tuten,0.0,,,,24
JAX,CLE,1,JAX,CLE,JAX,61.0,4.0,punt,0.0,0,0,0,,,,,0.537622956093401,0.0,0.0,0.0,0.0,0.0,0.0,0.0,0.0,0.0,0.0,0.0,0.0,0.0,0.0,0.0,,,,,,,,,,24
JAX,CLE,1,CLE,JAX,CLE,89.0,1.0,run,10.0,0,0,0,,,,,0.479007733054459,0.0,0.0,0.0,0.0,0.0,1.0,0.0,0.0,0.0,0.0,0.0,0.0,0.0,0.0,0.0,,,,,K.Concepcion,10.0,,,,24
JAX,CLE,1,CLE,JAX,CLE,79.0,1.0,run,9.0,0,0,0,,,,,0.689980122609995,0.0,0.0,0.0,0.0,0.0,1.0,0.0,0.0,0.0,0.0,0.0,0.0,0.0,0.0,0.0,,,,,D.Watson,9.0,,,,24
JAX,CLE,1,CLE,JAX,CLE,70.0,2.0,run,3.0,0,0,0,,,,,0.227377378963865,0.0,0.0,0.0,0.0,0.0,1.0,0.0,0.0,0.0,0.0,0.0,0.0,0.0,0.0,0.0,,,,,Q.Judkins,3.0,,,,24
JAX,CLE,1,CLE,JAX,CLE,67.0,1.0,pass,16.0,0,0,0,,,,,0.751890880346764,0.0,0.0,0.0,0.0,0.0,0.0,1.0,0.0,0.0,0.0,0.0,0.0,0.0,0.0,1.0,D.Watson,16.0,Q.Judkins,16.0,,,,,,24
JAX,CLE,1,CLE,JAX,CLE,51.0,1.0,run,5.0,0,0,0,,,,,0.20962748513557,0.0,0.0,0.0,0.0,0.0,1.0,0.0,0.0,0.0,0.0,0.0,0.0,0.0,0.0,0.0,,,,,Q.Judkins,5.0,,,,24
JAX,CLE,1,CLE,JAX,JAX,46.0,2.0,pass,46.0,0,0,0,,,,CLE,4.74445131182438,0.0,0.0,0.0,0.0,0.0,0.0,1.0,0.0,1.0,1.0,0.0,0.0,0.0,0.0,1.0,D.Watson,46.0,D.Boston,46.0,,,,,,24
JAX,CLE,1,CLE,JAX,JAX,15.0,,extra_point,0.0,0,0,0,,good,,,0.0675730031076331,0.0,0.0,0.0,0.0,0.0,0.0,0.0,0.0,0.0,0.0,0.0,1.0,0.0,0.0,0.0,,,,,,,,,,24
JAX,CLE,1,JAX,CLE,CLE,35.0,,kickoff,0.0,0,0,0,,,,,-0.855219761375338,0.0,0.0,0.0,0.0,0.0,0.0,0.0,0.0,0.0,0.0,0.0,0.0,0.0,1.0,0.0,,,,,,,,,,24
JAX,CLE,1,JAX,CLE,JAX,70.0,1.0,qb_kneel,-1.0,1,0,0,,,,,0.0,0.0,0.0,0.0,0.0,0.0,1.0,0.0,0.0,0.0,0.0,0.0,0.0,0.0,0.0,0.0,,,,,N.Mullens,-1.0,,,,24
JAX,CLE,1,JAX,CLE,JAX,71.0,2.0,qb_kneel,-1.0,1,0,0,,,,,0.0,0.0,0.0,0.0,0.0,0.0,1.0,0.0,0.0,0.0,0.0,0.0,0.0,0.0,0.0,0.0,,,,,N.Mullens,-1.0,,,,24
JAX,CLE,1,JAX,CLE,JAX,72.0,3.0,qb_kneel,-1.0,1,0,0,,,,,0.0,0.0,0.0,0.0,0.0,0.0,1.0,0.0,0.0,0.0,0.0,0.0,0.0,0.0,0.0,0.0,,,,,N.Mullens,-1.0,,,,24
JAX,CLE,1,JAX,CLE,,,,,,0,0,0,,,,,,,,,,,,,,,,,,,,,,,,,,,,,,24
NYG,DAL,1,,,,,,,,0,0,0,,,,,0.0,,,,,,,,,,,,,,,,,,,,,,,,,8
NYG,DAL,1,DAL,NYG,NYG,35.0,,kickoff,0.0,0,0,0,,,,,0.13001302909106,0.0,0.0,0.0,0.0,0.0,0.0,0.0,0.0,0.0,0.0,0.0,0.0,0.0,1.0,0.0,,,,,,,,,,8
NYG,DAL,1,DAL,NYG,DAL,72.0,1.0,run,1.0,0,0,0,,,,,-0.374430892523378,0.0,0.0,0.0,0.0,0.0,1.0,0.0,0.0,0.0,0.0,0.0,0.0,0.0,0.0,0.0,,,,,J.Williams,1.0,,,,8
NYG,DAL,1,DAL,NYG,DAL,71.0,2.0,pass,0.0,0,0,0,,,,,-0.785034757573158,0.0,0.0,0.0,0.0,0.0,0.0,1.0,0.0,0.0,0.0,0.0,0.0,0.0,0.0,0.0,D.Prescott,,C.Lamb,,,,,,,8
NYG,DAL,1,DAL,NYG,DAL,71.0,3.0,pass,8.0,0,0,0,,,,,-0.292976391036063,0.0,0.0,0.0,0.0,0.0,0.0,1.0,0.0,0.0,0.0,0.0,0.0,0.0,0.0,1.0,D.Prescott,8.0,G.Pickens,8.0,,,,,,8
NYG,DAL,1,DAL,NYG,DAL,63.0,4.0,no_play,0.0,0,0,0,,,,,-0.717887875624001,0.0,0.0,0.0,1.0,0.0,0.0,0.0,0.0,0.0,0.0,0.0,0.0,0.0,0.0,0.0,,,,,,,,DAL,4.0,8
NYG,DAL,1,DAL,NYG,DAL,67.0,4.0,punt,0.0,0,0,0,,,,,0.375625971704721,0.0,0.0,0.0,0.0,0.0,0.0,0.0,0.0,0.0,0.0,0.0,0.0,0.0,0.0,0.0,,,,,,,,,,8
NYG,DAL,1,NYG,DAL,NYG,83.0,1.0,run,5.0,0,0,0,,,,,-0.251698657404631,0.0,0.0,0.0,0.0,0.0,1.0,0.0,0.0,0.0,0.0,0.0,0.0,0.0,0.0,0.0,,,,,C.Skattebo,5.0,,,,8
NYG,DAL,1,NYG,DAL,NYG,78.0,2.0,run,4.0,0,0,0,,,,,0.504360663238913,0.0,0.0,0.0,0.0,0.0,1.0,0.0,0.0,0.0,0.0,0.0,0.0,0.0,0.0,0.0,,,,,D.Singletary,4.0,,,,8
NYG,DAL,1,NYG,DAL,NYG,74.0,3.0,run,1.0,0,0,0,,,,,0.402599351014942,1.0,0.0,0.0,0.0,0.0,1.0,0.0,0.0,0.0,0.0,0.0,0.0,0.0,0.0,0.0,,,,,J.Dart,1.0,,,,8
NYG,DAL,1,NYG,DAL,NYG,73.0,1.0,pass,9.0,0,0,0,,,,,0.890161223243922,0.0,0.0,0.0,0.0,0.0,0.0,1.0,0.0,0.0,0.0,0.0,0.0,0.0,0.0,1.0,J.Dart,9.0,M.Nabers,9.0,,,,,,8
NYG,DAL,1,NYG,DAL,NYG,64.0,2.0,no_play,0.0,0,0,0,,,,,-0.0276199295185506,0.0,0.0,0.0,1.0,0.0,0.0,0.0,0.0,0.0,0.0,0.0,0.0,0.0,0.0,0.0,,,,,,,,DAL,5.0,8
NYG,DAL,1,NYG,DAL,NYG,59.0,1.0,pass,0.0,0,0,0,,,,,-0.495520856464282,0.0,0.0,0.0,0.0,0.0,0.0,1.0,0.0,0.0,0.0,0.0,0.0,0.0,0.0,0.0,J.Dart,,P.Ricard,,,,,,,8
NYG,DAL,1,NYG,DAL,NYG,59.0,2.0,run,22.0,0,0,0,,,,,2.88190243497957,0.0,0.0,0.0,1.0,0.0,1.0,0.0,0.0,0.0,0.0,0.0,0.0,0.0,0.0,0.0,,,,,J.Dart,22.0,,DAL,15.0,8
NYG,DAL,1,NYG,DAL,DAL,22.0,1.0,run,3.0,0,0,0,,,,,-0.311105340369977,0.0,0.0,0.0,0.0,0.0,1.0,0.0,0.0,0.0,0.0,0.0,0.0,0.0,0.0,0.0,,,,,D.Singletary,3.0,,,,8
NYG,DAL,1,NYG,DAL,DAL,19.0,2.0,run,3.0,0,0,0,,,,,-0.303135802561883,0.0,0.0,0.0,0.0,0.0,1.0,0.0,0.0,0.0,0.0,0.0,0.0,0.0,0.0,0.0,,,,,C.Skattebo,3.0,,,,8
NYG,DAL,1,,,,,,no_play,0.0,0,0,0,,,,,0.0,0.0,0.0,0.0,0.0,0.0,0.0,0.0,0.0,0.0,0.0,0.0,0.0,0.0,0.0,0.0,,,,,,,,,,8
NYG,DAL,1,NYG,DAL,DAL,16.0,3.0,pass,13.0,0,0,0,,,,,2.03687417370384,1.0,0.0,0.0,0.0,0.0,0.0,1.0,0.0,0.0,0.0,0.0,0.0,0.0,0.0,1.0,J.Dart,13.0,I.Likely,13.0,,,,,,8
NYG,DAL,1,NYG,DAL,DAL,3.0,1.0,run,3.0,0,0,0,,,,NYG,0.77871419096482,0.0,0.0,0.0,0.0,0.0,1.0,0.0,0.0,1.0,0.0,1.0,0.0,0.0,0.0,0.0,,,,,C.Skattebo,3.0,,,,8
NYG,DAL,1,NYG,DAL,DAL,15.0,,extra_point,0.0,0,0,0,,good,,,0.0675730031076331,0.0,0.0,0.0,0.0,0.0,0.0,0.0,0.0,0.0,0.0,0.0,1.0,0.0,0.0,0.0,,,,,,,,,,8
NYG,DAL,1,DAL,NYG,NYG,35.0,,kickoff,0.0,0,0,0,,,,,-1.00169198727235,0.0,0.0,0.0,1.0,0.0,0.0,0.0,0.0,0.0,0.0,0.0,0.0,0.0,1.0,0.0,,,,,,,,DAL,11.0,8
NYG,DAL,1,DAL,NYG,DAL,89.0,1.0,run,5.0,0,0,0,,,,,0.0347556876949966,0.0,0.0,0.0,0.0,0.0,1.0,0.0,0.0,0.0,0.0,0.0,0.0,0.0,0.0,0.0,,,,,J.Williams,5.0,,,,8
NYG,DAL,1,DAL,NYG,DAL,84.0,2.0,run,0.0,0,0,0,,,,,-0.837553194956854,0.0,0.0,0.0,0.0,0.0,1.0,0.0,0.0,0.0,0.0,0.0,0.0,0.0,0.0,0.0,,,,,C.Lamb,0.0,,,,8
NYG,DAL,1,DAL,NYG,DAL,84.0,3.0,pass,9.0,0,0,0,,,,,1.82639997452497,1.0,0.0,0.0,0.0,0.0,0.0,1.0,0.0,0.0,0.0,0.0,0.0,0.0,0.0,1.0,D.Prescott,9.0,G.Pickens,9.0,,,,,,8
NYG,DAL,1,DAL,NYG,DAL,75.0,1.0,pass,8.0,0,0,0,,,,,0.573565342463553,0.0,0.0,0.0,0.0,0.0,0.0,1.0,0.0,0.0,0.0,0.0,0.0,0.0,0.0,1.0,D.Prescott,8.0,B.Spann-Ford,8.0,,,,,,8
NYG,DAL,1,DAL,NYG,DAL,67.0,2.0,run,0.0,0,0,0,,,,,-0.75456172390841,0.0,0.0,0.0,0.0,0.0,1.0,0.0,0.0,0.0,0.0,0.0,0.0,0.0,0.0,0.0,,,,,J.Williams,0.0,,,,8
NYG,DAL,1,DAL,NYG,DAL,67.0,3.0,run,4.0,0,0,0,,,,,0.927398849278688,1.0,0.0,0.0,0.0,0.0,1.0,0.0,0.0,0.0,0.0,0.0,0.0,0.0,0.0,0.0,,,,,J.Williams,4.0,,,,8
NYG,DAL,1,DAL,NYG,DAL,63.0,1.0,pass,0.0,0,0,0,,,,,-0.483083699829876,0.0,0.0,0.0,0.0,0.0,0.0,1.0,0.0,0.0,0.0,0.0,0.0,0.0,0.0,0.0,D.Prescott,,,,,,,,,8
NYG,DAL,1,DAL,NYG,DAL,63.0,2.0,pass,6.0,0,0,0,,,,,-0.0567021742463112,0.0,0.0,0.0,0.0,0.0,0.0,1.0,0.0,0.0,0.0,0.0,0.0,0.0,0.0,1.0,D.Prescott,6.0,B.Spann-Ford,6.0,,,,,,8
NYG,DAL,1,DAL,NYG,DAL,57.0,3.0,pass,0.0,0,0,0,,,,,-1.59337751381099,0.0,0.0,0.0,0.0,0.0,0.0,1.0,0.0,0.0,0.0,0.0,0.0,0.0,0.0,0.0,D.Prescott,,G.Pickens,,,,,,,8
NYG,DAL,1,DAL,NYG,DAL,57.0,4.0,punt,0.0,0,0,0,,,,,0.0575301004573703,0.0,0.0,0.0,0.0,0.0,0.0,0.0,0.0,0.0,0.0,0.0,0.0,0.0,0.0,0.0,,,,,,,,,,8
NYG,DAL,1,NYG,DAL,NYG,89.0,1.0,run,5.0,0,0,0,,,,,0.0341301555745304,0.0,0.0,0.0,0.0,0.0,1.0,0.0,0.0,0.0,0.0,0.0,0.0,0.0,0.0,0.0,,,,,C.Skattebo,5.0,,,,8
NYG,DAL,1,NYG,DAL,NYG,84.0,2.0,run,6.0,0,0,0,,,,,0.493690176634118,0.0,0.0,0.0,0.0,0.0,1.0,0.0,0.0,0.0,0.0,0.0,0.0,0.0,0.0,0.0,,,,,T.Tracy,6.0,,,,8
NYG,DAL,1,NYG,DAL,NYG,78.0,1.0,pass,0.0,0,0,0,,,,,-0.566684918943793,0.0,0.0,0.0,0.0,0.0,0.0,1.0,0.0,0.0,0.0,0.0,0.0,0.0,0.0,0.0,J.Dart,,M.Nabers,,,,,,,8
NYG,DAL,1,NYG,DAL,NYG,78.0,2.0,pass,7.0,0,0,0,,,,,0.946799297584221,0.0,0.0,0.0,0.0,0.0,0.0,1.0,0.0,0.0,0.0,0.0,0.0,0.0,0.0,1.0,J.Dart,7.0,I.Likely,7.0,,,I.Likely,,,8
NYG,DAL,1,NYG,DAL,,,,,,0,0,0,,,,,0.0,,,,,,,,,,,,,,,,,,,,,,,,,8
NYG,DAL,1,NYG,DAL,NYG,69.0,3.0,no_play,0.0,0,0,0,,,,,0.735640791477636,0.0,0.0,0.0,1.0,0.0,0.0,0.0,0.0,0.0,0.0,0.0,0.0,0.0,0.0,0.0,,,,,,,,DAL,5.0,8
NYG,DAL,1,NYG,DAL,NYG,64.0,1.0,run,1.0,0,0,0,,,,,-0.599751976551488,0.0,0.0,0.0,0.0,0.0,1.0,0.0,0.0,0.0,0.0,0.0,0.0,0.0,0.0,0.0,,,,,C.Skattebo,1.0,,,,8
NYG,DAL,1,NYG,DAL,NYG,63.0,2.0,pass,7.0,0,0,0,,,,,0.295584771316499,0.0,0.0,0.0,0.0,0.0,0.0,1.0,0.0,0.0,0.0,0.0,0.0,0.0,0.0,1.0,J.Dart,7.0,M.Nabers,7.0,,,,,,8
NYG,DAL,1,NYG,DAL,NYG,56.0,3.0,run,0.0,0,0,0,,,,,-1.69664131850004,0.0,0.0,0.0,0.0,0.0,1.0,0.0,0.0,0.0,0.0,0.0,0.0,0.0,0.0,0.0,,,,,C.Skattebo,0.0,,,,8
NYG,DAL,1,NYG,DAL,NYG,56.0,4.0,no_play,0.0,0,0,0,,,,,-0.498735875124112,0.0,0.0,0.0,1.0,0.0,0.0,0.0,0.0,0.0,0.0,0.0,0.0,0.0,0.0,0.0,,,,,,,,NYG,5.0,8
NYG,DAL,1,NYG,DAL,NYG,61.0,4.0,punt,0.0,0,0,0,,,,,0.261461679823697,0.0,0.0,0.0,0.0,0.0,0.0,0.0,0.0,0.0,0.0,0.0,0.0,0.0,0.0,0.0,,,,,,,,,,8
NYG,DAL,1,DAL,NYG,DAL,85.0,1.0,run,10.0,0,0,1,,,,,0.706845054635778,0.0,0.0,0.0,0.0,0.0,1.0,0.0,0.0,0.0,0.0,0.0,0.0,0.0,0.0,0.0,,,,,D.Prescott,10.0,,,,8
NYG,DAL,1,DAL,NYG,DAL,75.0,1.0,run,5.0,0,0,0,,,,,0.0193192556034774,0.0,0.0,0.0,0.0,0.0,1.0,0.0,0.0,0.0,0.0,0.0,0.0,0.0,0.0,0.0,,,,,J.Williams,5.0,,,,8
NYG,DAL,1,DAL,NYG,DAL,70.0,2.0,run,4.0,0,0,1,,,,,0.229691688669845,0.0,0.0,0.0,0.0,0.0,1.0,0.0,0.0,0.0,0.0,0.0,0.0,0.0,0.0,0.0,,,,,D.Prescott,4.0,,,,8
NYG,DAL,1,DAL,NYG,DAL,66.0,3.0,no_play,0.0,0,0,0,,,,,-1.85486238938756,0.0,0.0,0.0,1.0,0.0,0.0,0.0,0.0,0.0,0.0,0.0,0.0,0.0,0.0,0.0,,,,,,,,DAL,10.0,8
NYG,DAL,1,DAL,NYG,DAL,76.0,3.0,no_play,0.0,0,0,0,,,,,3.91862791334279,0.0,0.0,0.0,1.0,0.0,0.0,0.0,0.0,0.0,0.0,0.0,0.0,0.0,0.0,0.0,,,,,,,,NYG,38.0,8
NYG,DAL,1,DAL,NYG,NYG,38.0,1.0,run,3.0,0,0,0,,,,,-0.283941407804377,0.0,0.0,0.0,0.0,0.0,1.0,0.0,0.0,0.0,0.0,0.0,0.0,0.0,0.0,0.0,,,,,J.Williams,3.0,,,,8
NYG,DAL,1,DAL,NYG,NYG,35.0,2.0,pass,8.0,0,0,0,,,,,0.933485899469815,0.0,0.0,0.0,0.0,0.0,0.0,1.0,0.0,0.0,0.0,0.0,0.0,0.0,0.0,1.0,D.Prescott,8.0,K.Turpin,8.0,,,,,,8
NYG,DAL,1,DAL,NYG,NYG,27.0,1.0,run,4.0,0,0,0,,,,,-0.0780851292656735,0.0,0.0,0.0,0.0,0.0,1.0,0.0,0.0,0.0,0.0,0.0,0.0,0.0,0.0,0.0,,,,,E.Demercado,4.0,,,,8
NYG,DAL,1,DAL,NYG,NYG,23.0,2.0,no_play,0.0,0,0,0,,,,,-1.17760169715621,0.0,0.0,0.0,1.0,0.0,0.0,0.0,0.0,0.0,0.0,0.0,0.0,0.0,0.0,0.0,,,,,,,,DAL,10.0,8
NYG,DAL,1,DAL,NYG,NYG,33.0,2.0,pass,12.0,0,0,0,,,,,0.869711147621274,0.0,0.0,0.0,0.0,0.0,0.0,1.0,0.0,0.0,0.0,0.0,0.0,0.0,0.0,1.0,D.Prescott,12.0,L.Schoonmaker,12.0,,,,,,8
NYG,DAL,1,DAL,NYG,NYG,21.0,3.0,no_play,0.0,0,0,0,,,,,2.41542206832673,0.0,0.0,0.0,1.0,0.0,0.0,0.0,0.0,0.0,0.0,0.0,0.0,0.0,0.0,0.0,,,,,,,,NYG,19.0,8
NYG,DAL,1,DAL,NYG,NYG,2.0,1.0,run,1.0,0,0,0,,,,,-0.046305185649544,0.0,0.0,0.0,0.0,0.0,1.0,0.0,0.0,0.0,0.0,0.0,0.0,0.0,0.0,0.0,,,,,J.Williams,1.0,,,,8
NYG,DAL,1,DAL,NYG,NYG,1.0,2.0,run,0.0,0,0,0,,,,,-0.391934891988058,0.0,0.0,0.0,0.0,0.0,1.0,0.0,0.0,0.0,0.0,0.0,0.0,0.0,0.0,0.0,,,,,J.Williams,0.0,,,,8
NYG,DAL,1,DAL,NYG,NYG,1.0,3.0,pass,1.0,0,0,0,,,,DAL,1.24799629399786,1.0,0.0,0.0,0.0,0.0,0.0,1.0,0.0,1.0,1.0,0.0,0.0,0.0,0.0,1.0,D.Prescott,1.0,C.Lamb,1.0,,,,,,8
NYG,DAL,1,DAL,NYG,NYG,15.0,,extra_point,0.0,0,0,0,,good,,,0.0675730031076331,0.0,0.0,0.0,0.0,0.0,0.0,0.0,0.0,0.0,0.0,0.0,1.0,0.0,0.0,0.0,,,,,,,,,,8
NYG,DAL,1,NYG,DAL,DAL,35.0,,kickoff,0.0,0,0,0,,,,,-0.589631404727697,0.0,0.0,0.0,1.0,0.0,0.0,0.0,0.0,0.0,0.0,0.0,0.0,0.0,1.0,0.0,,,,,,,,NYG,10.0,8
NYG,DAL,1,NYG,DAL,NYG,85.0,1.0,run,16.0,0,0,0,,,,,1.01554440497421,0.0,0.0,0.0,0.0,0.0,1.0,0.0,0.0,0.0,0.0,0.0,0.0,0.0,0.0,0.0,,,,,J.Dart,16.0,,,,8
NYG,DAL,1,NYG,DAL,NYG,69.0,1.0,pass,0.0,0,0,0,,,,,-0.36937293887604,0.0,0.0,0.0,0.0,0.0,0.0,1.0,1.0,0.0,0.0,0.0,0.0,0.0,0.0,0.0,J.Dart,,,,,,,,,8
NYG,DAL,1,NYG,DAL,NYG,69.0,2.0,pass,0.0,0,0,0,,,,,-0.614028684096411,0.0,0.0,0.0,0.0,0.0,0.0,1.0,0.0,0.0,0.0,0.0,0.0,0.0,0.0,0.0,J.Dart,,M.Fields,,,,,,,8
NYG,DAL,1,NYG,DAL,NYG,69.0,3.0,pass,19.0,0,0,0,,,,,2.04090598813491,1.0,0.0,0.0,0.0,0.0,0.0,1.0,0.0,0.0,0.0,0.0,0.0,0.0,0.0,1.0,J.Dart,19.0,I.Likely,19.0,,,,,,8
NYG,DAL,1,NYG,DAL,50,50.0,1.0,run,3.0,0,0,0,,,,,-0.13254378491547,0.0,0.0,0.0,0.0,0.0,1.0,0.0,0.0,0.0,0.0,0.0,0.0,0.0,0.0,0.0,,,,,D.Singletary,3.0,,,,8
NYG,DAL,1,NYG,DAL,DAL,47.0,2.0,pass,19.0,0,0,0,,,,,1.4869617796503,0.0,0.0,0.0,0.0,0.0,0.0,1.0,0.0,0.0,0.0,0.0,0.0,0.0,0.0,1.0,J.Dart,19.0,M.Fields,19.0,,,,,,8
NYG,DAL,1,NYG,DAL,DAL,28.0,1.0,pass,-1.0,0,0,0,,,,,-0.55620632407954,0.0,0.0,0.0,0.0,0.0,0.0,1.0,1.0,0.0,0.0,0.0,0.0,0.0,0.0,0.0,J.Dart,,,,,,J.Dart,,,8
NYG,DAL,1,NYG,DAL,DAL,29.0,2.0,run,8.0,0,0,0,,,,,-3.18313819996547,0.0,0.0,0.0,0.0,1.0,1.0,0.0,0.0,0.0,0.0,0.0,0.0,0.0,0.0,0.0,,,,,T.Tracy,8.0,T.Tracy,,,8
NYG,DAL,1,DAL,NYG,DAL,84.0,1.0,run,6.0,0,0,0,,,,,0.269170408369973,0.0,0.0,0.0,0.0,0.0,1.0,0.0,0.0,0.0,0.0,0.0,0.0,0.0,0.0,0.0,,,,,J.Williams,6.0,,,,8
NYG,DAL,1,DAL,NYG,DAL,78.0,2.0,pass,0.0,0,0,0,,,,,-0.272685002768412,0.0,0.0,0.0,0.0,0.0,0.0,1.0,0.0,0.0,0.0,0.0,0.0,0.0,0.0,0.0,D.Prescott,,G.Pickens,,,,,,,8
NYG,DAL,1,DAL,NYG,DAL,78.0,3.0,pass,9.0,0,0,0,,,,,0.670236457255669,1.0,0.0,0.0,0.0,0.0,0.0,1.0,0.0,0.0,0.0,0.0,0.0,0.0,0.0,1.0,D.Prescott,9.0,C.Lamb,9.0,,,,,,8
NYG,DAL,1,DAL,NYG,DAL,69.0,1.0,pass,0.0,0,0,0,,,,,-0.139219211647287,0.0,0.0,0.0,0.0,0.0,0.0,1.0,0.0,0.0,0.0,0.0,0.0,0.0,0.0,0.0,D.Prescott,,,,,,,,,8
NYG,DAL,1,DAL,NYG,DAL,69.0,2.0,pass,5.0,0,0,0,,,,,-0.161240986082703,0.0,0.0,0.0,0.0,0.0,0.0,1.0,0.0,0.0,0.0,0.0,0.0,0.0,0.0,1.0,D.Prescott,5.0,R.Flournoy,5.0,,,,,,8
NYG,DAL,1,,,,,,no_play,0.0,0,0,0,,,,,0.0,0.0,0.0,0.0,0.0,0.0,0.0,0.0,0.0,0.0,0.0,0.0,0.0,0.0,0.0,0.0,,,,,,,,,,8
NYG,DAL,1,DAL,NYG,DAL,64.0,3.0,pass,0.0,0,0,0,,,,,-1.9749853774556,0.0,0.0,1.0,0.0,0.0,0.0,1.0,0.0,0.0,0.0,0.0,0.0,0.0,0.0,0.0,D.Prescott,,,,,,,,,8
NYG,DAL,1,NYG,DAL,NYG,55.0,1.0,pass,0.0,0,0,0,,,,,-0.182106687163468,0.0,0.0,0.0,0.0,0.0,0.0,1.0,0.0,0.0,0.0,0.0,0.0,0.0,0.0,0.0,J.Dart,,M.Nabers,,,,,,,8
NYG,DAL,1,NYG,DAL,NYG,55.0,2.0,pass,6.0,0,0,0,,,,,0.183319094823673,0.0,0.0,0.0,0.0,0.0,0.0,1.0,0.0,0.0,0.0,0.0,0.0,0.0,0.0,1.0,J.Dart,6.0,M.Fields,6.0,,,,,,8
NYG,DAL,1,,,,,,no_play,0.0,0,0,0,,,,,0.0,0.0,0.0,0.0,0.0,0.0,0.0,0.0,0.0,0.0,0.0,0.0,0.0,0.0,0.0,0.0,,,,,,,,,,8
NYG,DAL,1,NYG,DAL,DAL,49.0,3.0,no_play,0.0,0,0,0,,,,,-0.455573832499795,0.0,0.0,0.0,1.0,0.0,0.0,0.0,0.0,0.0,0.0,0.0,0.0,0.0,0.0,0.0,,,,,,,,NYG,5.0,8
NYG,DAL,1,NYG,DAL,NYG,54.0,3.0,pass,16.0,0,0,0,,,,,1.67429933114909,1.0,0.0,0.0,0.0,0.0,0.0,1.0,0.0,0.0,0.0,0.0,0.0,0.0,0.0,1.0,J.Dart,16.0,M.Nabers,16.0,,,,,,8
NYG,DAL,1,NYG,DAL,DAL,38.0,1.0,pass,18.0,0,0,0,,,,,1.29534606775269,0.0,0.0,0.0,0.0,0.0,0.0,1.0,0.0,0.0,0.0,0.0,0.0,0.0,0.0,1.0,J.Dart,18.0,D.Mooney,18.0,,,,,,8
NYG,DAL,1,NYG,DAL,DAL,20.0,1.0,pass,5.0,0,0,0,,,,,0.168738031119574,0.0,0.0,0.0,0.0,0.0,0.0,1.0,0.0,0.0,0.0,0.0,0.0,0.0,0.0,1.0,J.Dart,5.0,I.Likely,5.0,,,,,,8
NYG,DAL,1,NYG,DAL,DAL,15.0,2.0,pass,15.0,0,0,0,,,,NYG,2.99206600856269,0.0,0.0,0.0,0.0,0.0,0.0,1.0,0.0,1.0,1.0,0.0,0.0,0.0,0.0,1.0,J.Dart,15.0,I.Likely,15.0,,,,,,8
NYG,DAL,1,NYG,DAL,DAL,15.0,,extra_point,0.0,0,0,0,,good,,,0.0675730031076331,0.0,0.0,0.0,0.0,0.0,0.0,0.0,0.0,0.0,0.0,0.0,1.0,0.0,0.0,0.0,,,,,,,,,,8
NYG,DAL,1,DAL,NYG,NYG,35.0,,kickoff,0.0,0,0,0,,,,,-0.061149783548899,0.0,0.0,0.0,0.0,0.0,0.0,0.0,0.0,0.0,0.0,0.0,0.0,0.0,1.0,0.0,,,,,,,,,,8
NYG,DAL,1,,,,,,no_play,0.0,0,0,0,,,,,0.0,0.0,0.0,0.0,0.0,0.0,0.0,0.0,0.0,0.0,0.0,0.0,0.0,0.0,0.0,0.0,,,,,,,,,,8
NYG,DAL,1,DAL,NYG,DAL,68.0,1.0,pass,6.0,0,0,0,,,,,0.0526059701514896,0.0,0.0,0.0,0.0,0.0,0.0,1.0,0.0,0.0,0.0,0.0,0.0,0.0,0.0,1.0,D.Prescott,6.0,J.Ferguson,6.0,,,,,,8
NYG,DAL,1,,,,,,no_play,0.0,0,0,0,,,,,0.0,0.0,0.0,0.0,0.0,0.0,0.0,0.0,0.0,0.0,0.0,0.0,0.0,0.0,0.0,0.0,,,,,,,,,,8
NYG,DAL,1,DAL,NYG,DAL,62.0,2.0,pass,0.0,0,0,0,,,,,-0.0681919342896435,0.0,0.0,0.0,0.0,0.0,0.0,1.0,0.0,0.0,0.0,0.0,0.0,0.0,0.0,0.0,D.Prescott,,R.Flournoy,,,,,,,8
NYG,DAL,1,DAL,NYG,DAL,62.0,3.0,run,7.0,0,0,0,,,,,-0.0715115060447715,1.0,0.0,0.0,0.0,0.0,1.0,0.0,0.0,0.0,0.0,0.0,0.0,0.0,0.0,0.0,,,,,H.Luepke,7.0,,,,8
NYG,DAL,1,,,,,,,,0,0,0,,,,,,,,,,,,,,,,,,,,,,,,,,,,,,8
NYG,DAL,1,NYG,DAL,DAL,35.0,,kickoff,0.0,0,0,0,,,,,0.0388936451636255,0.0,0.0,0.0,0.0,0.0,0.0,0.0,0.0,0.0,0.0,0.0,0.0,0.0,1.0,0.0,,,,,,,,,,8
NYG,DAL,1,NYG,DAL,NYG,74.0,1.0,run,5.0,0,0,0,,,,,0.046939617022872,0.0,0.0,0.0,0.0,0.0,1.0,0.0,0.0,0.0,0.0,0.0,0.0,0.0,0.0,0.0,,,,,C.Skattebo,5.0,,,,8
NYG,DAL,1,NYG,DAL,NYG,69.0,2.0,run,7.0,0,0,0,,,,,0.766314896987751,0.0,0.0,0.0,0.0,0.0,1.0,0.0,0.0,0.0,0.0,0.0,0.0,0.0,0.0,0.0,,,,,C.Skattebo,7.0,,,,8
NYG,DAL,1,NYG,DAL,NYG,62.0,1.0,pass,9.0,0,0,0,,,,,0.858728714752942,0.0,0.0,0.0,0.0,0.0,0.0,1.0,0.0,0.0,0.0,0.0,0.0,0.0,0.0,1.0,J.Dart,9.0,T.Johnson,9.0,,,,,,8
NYG,DAL,1,NYG,DAL,NYG,53.0,2.0,run,7.0,0,0,0,,,,,0.0854614733252674,0.0,0.0,0.0,0.0,0.0,1.0,0.0,0.0,0.0,0.0,0.0,0.0,0.0,0.0,0.0,,,,,C.Skattebo,7.0,,,,8
NYG,DAL,1,NYG,DAL,DAL,46.0,1.0,run,1.0,0,0,0,,,,,-0.500728812301531,0.0,0.0,0.0,0.0,0.0,1.0,0.0,0.0,0.0,0.0,0.0,0.0,0.0,0.0,0.0,,,,,D.Singletary,1.0,,,,8
NYG,DAL,1,NYG,DAL,DAL,45.0,2.0,pass,16.0,0,0,0,,,,,1.52050329605117,0.0,0.0,0.0,0.0,0.0,0.0,1.0,0.0,0.0,0.0,0.0,0.0,0.0,0.0,1.0,J.Dart,16.0,M.Nabers,16.0,,,,,,8
NYG,DAL,1,NYG,DAL,DAL,29.0,1.0,run,2.0,0,0,0,,,,,-0.376134125632234,0.0,0.0,0.0,0.0,0.0,1.0,0.0,0.0,0.0,0.0,0.0,0.0,0.0,0.0,0.0,,,,,D.Singletary,2.0,,,,8
NYG,DAL,1,NYG,DAL,DAL,27.0,2.0,pass,9.0,0,0,0,,,,,1.13780689804116,0.0,0.0,0.0,0.0,0.0,0.0,1.0,0.0,0.0,0.0,0.0,0.0,0.0,0.0,1.0,J.Dart,9.0,D.Mooney,9.0,,,,,,8
NYG,DAL,1,,,,,,no_play,0.0,0,0,0,,,,,0.0,0.0,0.0,0.0,0.0,0.0,0.0,0.0,0.0,0.0,0.0,0.0,0.0,0.0,0.0,0.0,,,,,,,,,,8
NYG,DAL,1,NYG,DAL,DAL,18.0,1.0,run,1.0,0,0,0,,,,,-0.469114383507986,0.0,0.0,0.0,0.0,0.0,1.0,0.0,0.0,0.0,0.0,0.0,0.0,0.0,0.0,0.0,,,,,C.Skattebo,1.0,,,,8
NYG,DAL,1,NYG,DAL,DAL,17.0,2.0,pass,13.0,0,0,0,,,,,1.53485097707016,0.0,0.0,0.0,0.0,0.0,0.0,1.0,0.0,0.0,0.0,0.0,0.0,0.0,0.0,1.0,J.Dart,13.0,M.Nabers,13.0,,,,,,8
NYG,DAL,1,NYG,DAL,DAL,4.0,1.0,run,2.0,0,0,0,,,,,-0.0590560401324183,0.0,0.0,0.0,0.0,0.0,1.0,0.0,0.0,0.0,0.0,0.0,0.0,0.0,0.0,0.0,,,,,C.Skattebo,2.0,,,,8
NYG,DAL,1,NYG,DAL,DAL,2.0,2.0,pass,2.0,0,0,0,,,,NYG,0.941436075314414,0.0,0.0,0.0,0.0,0.0,0.0,1.0,0.0,1.0,1.0,0.0,0.0,0.0,0.0,1.0,J.Dart,2.0,I.Likely,2.0,,,,,,8
NYG,DAL,1,NYG,DAL,DAL,15.0,,extra_point,0.0,0,0,0,,good,,,0.0675730031076331,0.0,0.0,0.0,0.0,0.0,0.0,0.0,0.0,0.0,0.0,0.0,1.0,0.0,0.0,0.0,,,,,,,,,,8
NYG,DAL,1,DAL,NYG,NYG,35.0,,kickoff,0.0,0,0,0,,,,,-0.0018945932388305,0.0,0.0,0.0,0.0,0.0,0.0,0.0,0.0,0.0,0.0,0.0,0.0,0.0,1.0,0.0,,,,,,,,,,8
NYG,DAL,1,DAL,NYG,DAL,75.0,1.0,pass,0.0,0,0,0,,,,,-0.573022356722504,0.0,0.0,0.0,0.0,0.0,0.0,1.0,0.0,0.0,0.0,0.0,0.0,0.0,0.0,0.0,D.Prescott,,R.Flournoy,,,,,,,8
NYG,DAL,1,DAL,NYG,DAL,75.0,2.0,pass,13.0,0,0,0,,,,,1.38239621068351,0.0,0.0,0.0,0.0,0.0,0.0,1.0,0.0,0.0,0.0,0.0,0.0,0.0,0.0,1.0,D.Prescott,13.0,C.Lamb,13.0,,,,,,8
NYG,DAL,1,DAL,NYG,DAL,62.0,1.0,pass,0.0,0,0,0,,,,,-0.53010086202994,0.0,0.0,0.0,0.0,0.0,0.0,1.0,0.0,0.0,0.0,0.0,0.0,0.0,0.0,0.0,D.Prescott,,,,,,,,,8
NYG,DAL,1,DAL,NYG,DAL,62.0,2.0,pass,11.0,0,0,0,,,,,1.40756565704942,0.0,0.0,0.0,0.0,0.0,0.0,1.0,0.0,0.0,0.0,0.0,0.0,0.0,0.0,1.0,D.Prescott,11.0,G.Pickens,11.0,,,,,,8
NYG,DAL,1,DAL,NYG,DAL,51.0,1.0,run,7.0,0,0,0,,,,,0.346985158743337,0.0,0.0,0.0,0.0,0.0,1.0,0.0,0.0,0.0,0.0,0.0,0.0,0.0,0.0,0.0,,,,,J.Williams,7.0,,,,8
NYG,DAL,1,DAL,NYG,NYG,44.0,2.0,pass,10.0,0,0,0,,,,,0.832148749264889,0.0,0.0,0.0,0.0,0.0,0.0,1.0,0.0,0.0,0.0,0.0,0.0,0.0,0.0,1.0,D.Prescott,10.0,J.Williams,10.0,,,,,,8
NYG,DAL,1,DAL,NYG,NYG,34.0,1.0,run,8.0,0,0,0,,,,,0.715240965713747,0.0,0.0,0.0,0.0,0.0,1.0,0.0,0.0,0.0,0.0,0.0,0.0,0.0,0.0,0.0,,,,,J.Williams,8.0,,,,8
NYG,DAL,1,DAL,NYG,NYG,26.0,2.0,no_play,0.0,0,0,0,,,,,0.757486145244911,0.0,0.0,0.0,1.0,0.0,0.0,0.0,0.0,0.0,0.0,0.0,0.0,0.0,0.0,0.0,,,,,,,,NYG,11.0,8
NYG,DAL,1,DAL,NYG,NYG,15.0,1.0,run,3.0,0,0,0,,,,,-0.24225923063932,0.0,0.0,0.0,0.0,0.0,1.0,0.0,0.0,0.0,0.0,0.0,0.0,0.0,0.0,0.0,,,,,E.Demercado,3.0,,,,8
NYG,DAL,1,DAL,NYG,NYG,12.0,2.0,pass,-5.0,0,0,0,,,,,-1.36649292689981,0.0,0.0,0.0,0.0,0.0,0.0,1.0,0.0,0.0,0.0,0.0,0.0,0.0,0.0,1.0,D.Prescott,-5.0,J.Williams,-5.0,,,,,,8
NYG,DAL,1,DAL,NYG,NYG,17.0,3.0,pass,15.0,0,0,0,,,,,3.0064836172387,1.0,0.0,0.0,0.0,0.0,0.0,1.0,0.0,0.0,0.0,0.0,0.0,0.0,0.0,1.0,D.Prescott,15.0,C.Lamb,15.0,,,,,,8
NYG,DAL,1,DAL,NYG,NYG,2.0,1.0,no_play,0.0,0,0,0,,,,,0.176366667088587,0.0,0.0,0.0,1.0,0.0,0.0,0.0,0.0,0.0,0.0,0.0,0.0,0.0,0.0,0.0,,,,,,,,NYG,1.0,8
NYG,DAL,1,DAL,NYG,NYG,1.0,1.0,pass,0.0,0,0,0,,,,,-0.26308359374525,0.0,0.0,0.0,0.0,0.0,0.0,1.0,0.0,0.0,0.0,0.0,0.0,0.0,0.0,1.0,D.Prescott,0.0,J.Ferguson,0.0,,,,,,8
NYG,DAL,1,DAL,NYG,NYG,1.0,2.0,run,1.0,0,0,0,,,,DAL,0.925116025144234,0.0,0.0,0.0,0.0,0.0,1.0,0.0,0.0,1.0,0.0,1.0,0.0,0.0,0.0,0.0,,,,,J.Williams,1.0,,,,8
NYG,DAL,1,DAL,NYG,NYG,15.0,,extra_point,0.0,0,0,0,,good,,,0.0675730031076331,0.0,0.0,0.0,0.0,0.0,0.0,0.0,0.0,0.0,0.0,0.0,1.0,0.0,0.0,0.0,,,,,,,,,,8
NYG,DAL,1,NYG,DAL,DAL,35.0,,kickoff,0.0,0,0,0,,,,,0.551586523186415,0.0,0.0,0.0,0.0,0.0,0.0,0.0,0.0,0.0,0.0,0.0,0.0,0.0,1.0,0.0,,,,,,,,,,8
NYG,DAL,1,NYG,DAL,NYG,65.0,1.0,run,2.0,0,0,1,,,,,-0.340864048339427,0.0,0.0,0.0,0.0,0.0,1.0,0.0,0.0,0.0,0.0,0.0,0.0,0.0,0.0,0.0,,,,,J.Dart,2.0,,,,8
NYG,DAL,1,NYG,DAL,,,,,,0,0,0,,,,,0.0,,,,,,,,,,,,,,,,,,,,,,,,,8
NYG,DAL,1,NYG,DAL,NYG,63.0,2.0,run,7.0,0,0,0,,,,,0.506391732487828,0.0,0.0,0.0,0.0,0.0,1.0,0.0,0.0,0.0,0.0,0.0,0.0,0.0,0.0,0.0,,,,,J.Dart,7.0,,,,8
NYG,DAL,1,NYG,DAL,NYG,56.0,3.0,run,2.0,0,0,0,,,,,0.492241881554946,1.0,0.0,0.0,0.0,0.0,1.0,0.0,0.0,0.0,0.0,0.0,0.0,0.0,0.0,0.0,,,,,J.Dart,2.0,,,,8
NYG,DAL,1,NYG,DAL,NYG,54.0,1.0,run,8.0,0,0,1,,,,,0.440933396108449,0.0,0.0,0.0,0.0,0.0,1.0,0.0,0.0,0.0,0.0,0.0,0.0,0.0,0.0,0.0,,,,,J.Dart,8.0,,,,8
NYG,DAL,1,NYG,DAL,DAL,46.0,2.0,run,8.0,0,0,0,,,,,0.388754755374976,0.0,0.0,0.0,0.0,0.0,1.0,0.0,0.0,0.0,0.0,0.0,0.0,0.0,0.0,0.0,,,,,C.Skattebo,8.0,,,,8
NYG,DAL,1,NYG,DAL,DAL,38.0,1.0,pass,0.0,0,0,0,,,,,-0.526500353706069,0.0,0.0,0.0,0.0,0.0,0.0,1.0,0.0,0.0,0.0,0.0,0.0,0.0,0.0,0.0,J.Dart,,M.Fields,,,,,,,8
NYG,DAL,1,NYG,DAL,DAL,38.0,2.0,run,10.0,0,0,0,,,,,1.07048404403031,0.0,0.0,0.0,0.0,0.0,1.0,0.0,0.0,0.0,0.0,0.0,0.0,0.0,0.0,0.0,,,,,C.Skattebo,10.0,C.Skattebo,,,8
NYG,DAL,1,NYG,DAL,DAL,28.0,1.0,pass,-7.0,0,0,0,,,,,-1.36352146300487,0.0,0.0,0.0,0.0,0.0,0.0,1.0,0.0,0.0,0.0,0.0,0.0,0.0,0.0,1.0,J.Dart,-7.0,D.Singletary,-7.0,,,,,,8
NYG,DAL,1,NYG,DAL,DAL,35.0,2.0,pass,8.0,0,0,0,,,,,0.371264695189893,0.0,0.0,0.0,0.0,0.0,0.0,1.0,0.0,0.0,0.0,0.0,0.0,0.0,0.0,1.0,J.Dart,8.0,M.Nabers,8.0,,,,,,8
NYG,DAL,1,NYG,DAL,DAL,27.0,3.0,pass,13.0,0,0,0,,,,,1.80427839921322,1.0,0.0,0.0,0.0,0.0,0.0,1.0,0.0,0.0,0.0,0.0,0.0,0.0,0.0,1.0,J.Dart,13.0,D.Singletary,13.0,,,,,,8
NYG,DAL,1,NYG,DAL,DAL,14.0,1.0,no_play,0.0,0,0,0,,,,,-0.723418318200856,0.0,0.0,0.0,1.0,0.0,0.0,0.0,0.0,0.0,0.0,0.0,0.0,0.0,0.0,0.0,,,,,,,,NYG,5.0,8
NYG,DAL,1,NYG,DAL,DAL,19.0,1.0,run,3.0,0,0,0,,,,,-0.218769080587663,0.0,0.0,0.0,0.0,0.0,1.0,0.0,0.0,0.0,0.0,0.0,0.0,0.0,0.0,0.0,,,,,D.Singletary,3.0,,,,8
NYG,DAL,1,NYG,DAL,DAL,16.0,2.0,pass,7.0,0,0,0,,,,,0.192003584292252,0.0,0.0,0.0,0.0,0.0,0.0,1.0,0.0,0.0,0.0,0.0,0.0,0.0,0.0,1.0,J.Dart,7.0,D.Singletary,7.0,,,,,,8
NYG,DAL,1,NYG,DAL,DAL,9.0,3.0,pass,9.0,0,0,0,,,,NYG,2.83665788773214,1.0,0.0,0.0,0.0,0.0,0.0,1.0,0.0,1.0,1.0,0.0,0.0,0.0,0.0,1.0,J.Dart,9.0,D.Singletary,9.0,,,,,,8
NYG,DAL,1,NYG,DAL,DAL,15.0,,extra_point,0.0,0,0,0,,good,,,0.0675730031076331,0.0,0.0,0.0,0.0,0.0,0.0,0.0,0.0,0.0,0.0,0.0,1.0,0.0,0.0,0.0,,,,,,,,,,8
NYG,DAL,1,DAL,NYG,NYG,35.0,,kickoff,0.0,0,0,0,,,,,-0.0614791491534561,0.0,0.0,0.0,0.0,0.0,0.0,0.0,0.0,0.0,0.0,0.0,0.0,0.0,1.0,0.0,,,,,,,,,,8
NYG,DAL,1,DAL,NYG,DAL,74.0,1.0,pass,0.0,0,0,0,,,,,-0.463546012062579,0.0,0.0,0.0,0.0,0.0,0.0,1.0,0.0,0.0,0.0,0.0,0.0,0.0,0.0,0.0,D.Prescott,,C.Lamb,,,,,,,8
NYG,DAL,1,DAL,NYG,DAL,74.0,2.0,pass,5.0,0,0,0,,,,,-0.150749936932698,0.0,0.0,0.0,0.0,0.0,0.0,1.0,0.0,0.0,0.0,0.0,0.0,0.0,0.0,1.0,D.Prescott,5.0,J.Williams,5.0,,,,,,8
NYG,DAL,1,DAL,NYG,DAL,69.0,3.0,pass,6.0,0,0,0,,,,,1.27091704052873,1.0,0.0,0.0,0.0,0.0,0.0,1.0,0.0,0.0,0.0,0.0,0.0,0.0,0.0,1.0,D.Prescott,6.0,C.Lamb,6.0,,,,,,8
NYG,DAL,1,DAL,NYG,DAL,63.0,1.0,pass,4.0,0,0,0,,,,,-0.137310728663579,0.0,0.0,0.0,0.0,0.0,0.0,1.0,0.0,0.0,0.0,0.0,0.0,0.0,0.0,1.0,D.Prescott,4.0,J.Williams,4.0,,,,,,8
NYG,DAL,1,DAL,NYG,DAL,59.0,2.0,pass,10.0,0,0,0,,,,,1.01892146444879,0.0,0.0,0.0,0.0,0.0,0.0,1.0,0.0,0.0,0.0,0.0,0.0,0.0,0.0,1.0,D.Prescott,10.0,J.Mingo,10.0,,,,,,8
NYG,DAL,1,DAL,NYG,NYG,49.0,1.0,pass,0.0,0,0,0,,,,,-0.456189182586968,0.0,0.0,0.0,0.0,0.0,0.0,1.0,0.0,0.0,0.0,0.0,0.0,0.0,0.0,0.0,D.Prescott,,G.Pickens,,,,,,,8
NYG,DAL,1,DAL,NYG,NYG,49.0,2.0,pass,0.0,0,0,0,,,,,-0.736174438614398,0.0,0.0,0.0,0.0,0.0,0.0,1.0,0.0,0.0,0.0,0.0,0.0,0.0,0.0,0.0,D.Prescott,,C.Lamb,,,,,,,8
NYG,DAL,1,DAL,NYG,NYG,49.0,3.0,pass,17.0,0,0,0,,,,,3.33088438917184,1.0,0.0,0.0,1.0,0.0,0.0,1.0,0.0,0.0,0.0,0.0,0.0,0.0,0.0,1.0,D.Prescott,17.0,R.Flournoy,17.0,,,,NYG,15.0,8
NYG,DAL,1,DAL,NYG,NYG,17.0,1.0,pass,17.0,0,0,0,,,,DAL,2.4617516376893,0.0,0.0,0.0,1.0,0.0,0.0,1.0,0.0,1.0,1.0,0.0,0.0,0.0,0.0,1.0,D.Prescott,17.0,J.Williams,17.0,,,,DAL,15.0,8
NYG,DAL,1,DAL,NYG,NYG,30.0,,extra_point,0.0,0,0,0,,failed,,,-0.702071337186468,0.0,0.0,0.0,0.0,0.0,0.0,0.0,0.0,0.0,0.0,0.0,1.0,0.0,0.0,0.0,,,,,,,,,,8
NYG,DAL,1,NYG,DAL,DAL,35.0,,kickoff,0.0,0,0,0,,,,,0.0817892928607762,0.0,0.0,0.0,0.0,0.0,0.0,0.0,0.0,0.0,0.0,0.0,0.0,0.0,1.0,0.0,,,,,,,,,,8
NYG,DAL,1,NYG,DAL,NYG,72.0,1.0,run,1.0,0,0,0,,,,,-0.314862828236073,0.0,0.0,0.0,0.0,0.0,1.0,0.0,0.0,0.0,0.0,0.0,0.0,0.0,0.0,0.0,,,,,C.Skattebo,1.0,,,,8
NYG,DAL,1,NYG,DAL,NYG,71.0,2.0,pass,0.0,0,0,0,,,,,-0.524495939142071,0.0,0.0,0.0,0.0,0.0,0.0,1.0,0.0,0.0,0.0,0.0,0.0,0.0,0.0,0.0,J.Dart,,M.Nabers,,,,,,,8
NYG,DAL,1,NYG,DAL,NYG,71.0,3.0,pass,12.0,0,0,0,,,,,1.53995987412054,1.0,0.0,0.0,0.0,0.0,0.0,1.0,0.0,0.0,0.0,0.0,0.0,0.0,0.0,1.0,J.Dart,12.0,I.Likely,12.0,,,,,,8
NYG,DAL,1,NYG,DAL,NYG,59.0,1.0,run,-1.0,0,0,0,,,,,-0.610445418744348,0.0,0.0,0.0,0.0,0.0,1.0,0.0,0.0,0.0,0.0,0.0,0.0,0.0,0.0,0.0,,,,,C.Skattebo,-1.0,,,,8
NYG,DAL,1,NYG,DAL,NYG,60.0,2.0,no_play,0.0,0,0,0,,,,,-0.261656615766697,0.0,0.0,0.0,1.0,0.0,0.0,0.0,0.0,0.0,0.0,0.0,0.0,0.0,0.0,0.0,,,,,,,,NYG,5.0,8
NYG,DAL,1,NYG,DAL,NYG,65.0,2.0,run,13.0,0,0,0,,,,,0.78997295408044,0.0,0.0,0.0,0.0,0.0,1.0,0.0,0.0,0.0,0.0,0.0,0.0,0.0,0.0,0.0,,,,,C.Skattebo,13.0,,,,8
NYG,DAL,1,NYG,DAL,NYG,52.0,3.0,pass,5.0,0,0,0,,,,,0.36234384495765,1.0,0.0,0.0,0.0,0.0,0.0,1.0,0.0,0.0,0.0,0.0,0.0,0.0,0.0,1.0,J.Dart,5.0,I.Likely,5.0,,,,,,8
NYG,DAL,1,,,,,,no_play,0.0,0,0,0,,,,,0.0,0.0,0.0,0.0,0.0,0.0,0.0,0.0,0.0,0.0,0.0,0.0,0.0,0.0,0.0,0.0,,,,,,,,,,8
NYG,DAL,1,NYG,DAL,DAL,47.0,1.0,run,1.0,0,0,0,,,,,1.03542615217157,0.0,0.0,0.0,1.0,0.0,1.0,0.0,0.0,0.0,0.0,0.0,0.0,0.0,0.0,0.0,,,,,J.Dart,1.0,,DAL,15.0,8
NYG,DAL,1,NYG,DAL,DAL,31.0,1.0,run,3.0,0,0,0,,,,,-0.180681344761979,0.0,0.0,0.0,0.0,0.0,1.0,0.0,0.0,0.0,0.0,0.0,0.0,0.0,0.0,0.0,,,,,C.Skattebo,3.0,,,,8
NYG,DAL,1,NYG,DAL,DAL,28.0,2.0,run,8.0,0,0,0,,,,,-0.120494260452688,0.0,0.0,0.0,0.0,0.0,1.0,0.0,0.0,0.0,0.0,0.0,0.0,0.0,0.0,0.0,,,,,C.Skattebo,8.0,,,,8
NYG,DAL,1,,,,,,no_play,0.0,0,0,0,,,,,0.0,0.0,0.0,0.0,0.0,0.0,0.0,0.0,0.0,0.0,0.0,0.0,0.0,0.0,0.0,0.0,,,,,,,,,,8
NYG,DAL,1,NYG,DAL,DAL,20.0,1.0,qb_kneel,-2.0,1,0,0,,,,,-0.543057184782811,0.0,0.0,0.0,0.0,0.0,1.0,0.0,0.0,0.0,0.0,0.0,0.0,0.0,0.0,0.0,,,,,J.Dart,-2.0,,,,8
NYG,DAL,1,NYG,DAL,DAL,22.0,2.0,qb_kneel,-2.0,1,0,0,,,,,-0.392342119186651,0.0,0.0,0.0,0.0,0.0,1.0,0.0,0.0,0.0,0.0,0.0,0.0,0.0,0.0,0.0,,,,,J.Dart,-2.0,,,,8
NYG,DAL,1,NYG,DAL,DAL,24.0,3.0,qb_kneel,-1.0,1,0,0,,,,,-1.81075343757402,0.0,0.0,0.0,0.0,0.0,1.0,0.0,0.0,0.0,0.0,0.0,0.0,0.0,0.0,0.0,,,,,J.Dart,-1.0,,,,8
NYG,DAL,1,NYG,DAL,,,,,,0,0,0,,,,,,,,,,,,,,,,,,,,,,,,,,,,,,8
KC,DEN,1,,,,,,,,0,0,0,,,,,0.0,,,,,,,,,,,,,,,,,,,,,,,,,21
KC,DEN,1,DEN,KC,KC,35.0,,kickoff,0.0,0,0,0,,,,,0.502224535681307,0.0,0.0,0.0,0.0,0.0,0.0,0.0,0.0,0.0,0.0,0.0,0.0,0.0,1.0,0.0,,,,,,,,,,21
KC,DEN,1,DEN,KC,DEN,65.0,1.0,pass,-3.0,0,0,0,,,,,-0.852735723834485,0.0,0.0,0.0,0.0,0.0,0.0,1.0,1.0,0.0,0.0,0.0,0.0,0.0,0.0,0.0,B.Nix,,,,,,,,,21
KC,DEN,1,DEN,KC,DEN,68.0,2.0,run,2.0,0,0,0,,,,,-0.620761464815587,0.0,0.0,0.0,0.0,0.0,1.0,0.0,0.0,0.0,0.0,0.0,0.0,0.0,0.0,0.0,,,,,J.Dobbins,2.0,,,,21
KC,DEN,1,DEN,KC,DEN,66.0,3.0,pass,0.0,0,0,0,,,,,-3.11043360037729,0.0,0.0,1.0,0.0,0.0,0.0,1.0,0.0,0.0,0.0,0.0,0.0,0.0,0.0,0.0,B.Nix,,C.Sutton,,,,,,,21
KC,DEN,1,KC,DEN,DEN,46.0,1.0,run,2.0,0,0,0,,,,,-0.449888577917591,0.0,0.0,0.0,0.0,0.0,1.0,0.0,0.0,0.0,0.0,0.0,0.0,0.0,0.0,0.0,,,,,K.Walker,2.0,,,,21
KC,DEN,1,KC,DEN,DEN,44.0,2.0,run,5.0,0,0,0,,,,,-0.0477456350345165,0.0,0.0,0.0,0.0,0.0,1.0,0.0,0.0,0.0,0.0,0.0,0.0,0.0,0.0,0.0,,,,,K.Walker,5.0,,,,21
KC,DEN,1,KC,DEN,DEN,39.0,3.0,run,1.0,0,0,0,,,,,-1.67405246198177,0.0,0.0,0.0,0.0,0.0,1.0,0.0,0.0,0.0,0.0,0.0,0.0,0.0,0.0,0.0,,,,,K.Walker,1.0,,,,21
KC,DEN,1,KC,DEN,DEN,38.0,4.0,run,3.0,0,0,0,,,,,2.77358435874339,0.0,1.0,0.0,0.0,0.0,1.0,0.0,0.0,0.0,0.0,0.0,0.0,0.0,0.0,0.0,,,,,K.Walker,3.0,,,,21
KC,DEN,1,KC,DEN,DEN,35.0,1.0,pass,0.0,0,0,0,,,,,-0.50911909120623,0.0,0.0,0.0,0.0,0.0,0.0,1.0,0.0,0.0,0.0,0.0,0.0,0.0,0.0,0.0,P.Mahomes,,T.Kelce,,,,,,,21
KC,DEN,1,KC,DEN,DEN,35.0,2.0,pass,9.0,0,0,0,,,,,0.642763306968845,0.0,0.0,0.0,0.0,0.0,0.0,1.0,0.0,0.0,0.0,0.0,0.0,0.0,0.0,1.0,P.Mahomes,9.0,X.Worthy,9.0,,,,,,21
KC,DEN,1,KC,DEN,DEN,26.0,3.0,run,6.0,0,0,0,,,,,0.815076339931693,1.0,0.0,0.0,0.0,0.0,1.0,0.0,0.0,0.0,0.0,0.0,0.0,0.0,0.0,0.0,,,,,K.Walker,6.0,,,,21
KC,DEN,1,KC,DEN,DEN,20.0,1.0,run,12.0,0,0,0,,,,,0.70095880079316,0.0,0.0,0.0,0.0,0.0,1.0,0.0,0.0,0.0,0.0,0.0,0.0,0.0,0.0,0.0,,,,,K.Walker,12.0,,,,21
KC,DEN,1,KC,DEN,DEN,8.0,1.0,run,3.0,0,0,0,,,,,-0.0398948715301231,0.0,0.0,0.0,0.0,0.0,1.0,0.0,0.0,0.0,0.0,0.0,0.0,0.0,0.0,0.0,,,,,K.Walker,3.0,,,,21
KC,DEN,1,KC,DEN,DEN,5.0,2.0,no_play,0.0,0,0,1,,,,,-1.33773135230877,0.0,0.0,0.0,1.0,0.0,0.0,0.0,0.0,0.0,0.0,0.0,0.0,0.0,0.0,0.0,,,,,,,,KC,10.0,21
KC,DEN,1,KC,DEN,DEN,15.0,2.0,run,15.0,0,0,1,,,,KC,2.81456529698335,0.0,0.0,0.0,0.0,0.0,1.0,0.0,0.0,1.0,0.0,1.0,0.0,0.0,0.0,0.0,,,,,P.Mahomes,15.0,,,,21
KC,DEN,1,KC,DEN,DEN,15.0,,extra_point,0.0,0,0,0,,good,,,0.0675730031076331,0.0,0.0,0.0,0.0,0.0,0.0,0.0,0.0,0.0,0.0,0.0,1.0,0.0,0.0,0.0,,,,,,,,,,21
KC,DEN,1,DEN,KC,KC,35.0,,kickoff,0.0,0,0,0,,,,,0.49526931066066,0.0,0.0,0.0,0.0,0.0,0.0,0.0,0.0,0.0,0.0,0.0,0.0,0.0,1.0,0.0,,,,,,,,,,21
KC,DEN,1,DEN,KC,DEN,68.0,1.0,run,7.0,0,0,0,,,,,0.327119049150497,0.0,0.0,0.0,0.0,0.0,1.0,0.0,0.0,0.0,0.0,0.0,0.0,0.0,0.0,0.0,,,,,R.Harvey,7.0,,,,21
KC,DEN,1,DEN,KC,DEN,61.0,2.0,no_play,0.0,0,0,0,,,,,0.402586017968133,0.0,0.0,0.0,1.0,0.0,0.0,0.0,0.0,0.0,0.0,0.0,0.0,0.0,0.0,0.0,,,,,,,,KC,5.0,21
KC,DEN,1,DEN,KC,DEN,56.0,1.0,pass,13.0,0,0,0,,,,,0.786507390905172,0.0,0.0,0.0,0.0,0.0,0.0,1.0,0.0,0.0,0.0,0.0,0.0,0.0,0.0,1.0,B.Nix,13.0,P.Bryant,13.0,,,,,,21
KC,DEN,1,DEN,KC,KC,43.0,1.0,run,1.0,0,0,0,,,,,-0.451114709489048,0.0,0.0,0.0,0.0,0.0,1.0,0.0,0.0,0.0,0.0,0.0,0.0,0.0,0.0,0.0,,,,,J.Dobbins,1.0,,,,21
KC,DEN,1,DEN,KC,KC,42.0,2.0,pass,4.0,0,0,0,,,,,-0.27965594176203,0.0,0.0,0.0,0.0,0.0,0.0,1.0,0.0,0.0,0.0,0.0,0.0,0.0,0.0,1.0,B.Nix,4.0,A.Trautman,4.0,,,,,,21
KC,DEN,1,DEN,KC,KC,38.0,3.0,pass,8.0,0,0,0,,,,,1.70698523381725,1.0,0.0,0.0,0.0,0.0,0.0,1.0,0.0,0.0,0.0,0.0,0.0,0.0,0.0,1.0,B.Nix,8.0,P.Bryant,8.0,,,,,,21
KC,DEN,1,DEN,KC,KC,30.0,1.0,pass,11.0,0,0,0,,,,,0.723652808985207,0.0,0.0,0.0,0.0,0.0,0.0,1.0,0.0,0.0,0.0,0.0,0.0,0.0,0.0,1.0,B.Nix,11.0,P.Bryant,11.0,,,,,,21
KC,DEN,1,DEN,KC,KC,19.0,1.0,pass,19.0,0,0,0,,,,DEN,2.41528588504298,0.0,0.0,0.0,0.0,0.0,0.0,1.0,0.0,1.0,1.0,0.0,0.0,0.0,0.0,1.0,B.Nix,19.0,E.Engram,19.0,,,,,,21
KC,DEN,1,DEN,KC,KC,15.0,,extra_point,0.0,0,0,0,,good,,,0.0675730031076331,0.0,0.0,0.0,0.0,0.0,0.0,0.0,0.0,0.0,0.0,0.0,1.0,0.0,0.0,0.0,,,,,,,,,,21
KC,DEN,1,KC,DEN,DEN,35.0,,kickoff,0.0,0,0,0,,,,,0.575506924884394,0.0,0.0,0.0,0.0,0.0,0.0,0.0,0.0,0.0,0.0,0.0,0.0,0.0,1.0,0.0,,,,,,,,,,21
KC,DEN,1,KC,DEN,KC,66.0,1.0,pass,0.0,0,0,0,,,,,-0.531696551013738,0.0,0.0,0.0,0.0,0.0,0.0,1.0,0.0,0.0,0.0,0.0,0.0,0.0,0.0,0.0,P.Mahomes,,,,,,,,,21
KC,DEN,1,KC,DEN,KC,66.0,2.0,run,3.0,0,0,0,,,,,-0.530244124820456,0.0,0.0,0.0,0.0,0.0,1.0,0.0,0.0,0.0,0.0,0.0,0.0,0.0,0.0,0.0,,,,,E.Johnson,3.0,,,,21
KC,DEN,1,KC,DEN,KC,63.0,3.0,pass,0.0,0,0,0,,,,,-1.43692159838974,0.0,0.0,0.0,0.0,0.0,0.0,1.0,0.0,0.0,0.0,0.0,0.0,0.0,0.0,0.0,P.Mahomes,,X.Worthy,,,,,,,21
KC,DEN,1,KC,DEN,KC,63.0,4.0,punt,0.0,0,0,0,,,,,0.827027025166899,0.0,0.0,0.0,0.0,0.0,0.0,0.0,0.0,0.0,0.0,0.0,0.0,0.0,0.0,0.0,,,,,,,,,,21
KC,DEN,1,DEN,KC,DEN,92.0,1.0,pass,0.0,0,0,0,,,,,-0.598074830137193,0.0,0.0,0.0,0.0,0.0,0.0,1.0,0.0,0.0,0.0,0.0,0.0,0.0,0.0,0.0,B.Nix,,A.Trautman,,,,,,,21
KC,DEN,1,DEN,KC,DEN,92.0,2.0,pass,9.0,0,0,0,,,,,0.741593949962407,0.0,0.0,0.0,0.0,0.0,0.0,1.0,0.0,0.0,0.0,0.0,0.0,0.0,0.0,1.0,B.Nix,9.0,E.Engram,9.0,,,,,,21
KC,DEN,1,DEN,KC,DEN,83.0,3.0,run,6.0,0,0,0,,,,,0.797855616547167,1.0,0.0,0.0,0.0,0.0,1.0,0.0,0.0,0.0,0.0,0.0,0.0,0.0,0.0,0.0,,,,,R.Harvey,6.0,,,,21
KC,DEN,1,DEN,KC,DEN,77.0,1.0,no_play,0.0,0,0,0,,,,,-0.973609123844653,0.0,0.0,0.0,1.0,0.0,0.0,0.0,0.0,0.0,0.0,0.0,0.0,0.0,0.0,0.0,,,,,,,,DEN,10.0,21
KC,DEN,1,DEN,KC,DEN,87.0,1.0,pass,1.0,0,0,0,,,,,-0.604387130588293,0.0,0.0,0.0,0.0,0.0,0.0,1.0,0.0,0.0,0.0,0.0,0.0,0.0,0.0,1.0,B.Nix,1.0,R.Harvey,1.0,,,,,,21
KC,DEN,1,DEN,KC,,,,,,0,0,0,,,,,0.0,,,,,,,,,,,,,,,,,,,,,,,,,21
KC,DEN,1,DEN,KC,DEN,86.0,2.0,run,2.0,0,0,0,,,,,-0.502447178587318,0.0,0.0,0.0,0.0,0.0,1.0,0.0,0.0,0.0,0.0,0.0,0.0,0.0,0.0,0.0,,,,,J.Dobbins,2.0,,,,21
KC,DEN,1,DEN,KC,DEN,84.0,3.0,pass,11.0,0,0,0,,,,,0.0615143980830908,0.0,0.0,0.0,0.0,0.0,0.0,1.0,0.0,0.0,0.0,0.0,0.0,0.0,0.0,1.0,B.Nix,11.0,R.Harvey,11.0,,,,,,21
KC,DEN,1,DEN,KC,DEN,73.0,4.0,punt,0.0,0,0,0,,,,,-0.141724144574255,0.0,0.0,0.0,0.0,0.0,0.0,0.0,0.0,0.0,0.0,0.0,0.0,0.0,0.0,0.0,,,,,,,,,,21
KC,DEN,1,KC,DEN,KC,71.0,1.0,run,9.0,0,0,0,,,,,0.74920791038312,0.0,0.0,0.0,0.0,0.0,1.0,0.0,0.0,0.0,0.0,0.0,0.0,0.0,0.0,0.0,,,,,K.Walker,9.0,,,,21
KC,DEN,1,KC,DEN,KC,62.0,2.0,pass,0.0,0,0,0,,,,,-0.561907757772133,0.0,0.0,0.0,0.0,0.0,0.0,1.0,0.0,0.0,0.0,0.0,0.0,0.0,0.0,0.0,P.Mahomes,,T.Thornton,,,,,,,21
KC,DEN,1,KC,DEN,KC,62.0,3.0,run,4.0,0,0,0,,,,,0.550588079961017,1.0,0.0,0.0,0.0,0.0,1.0,0.0,0.0,0.0,0.0,0.0,0.0,0.0,0.0,0.0,,,,,K.Walker,4.0,,,,21
KC,DEN,1,KC,DEN,KC,58.0,1.0,pass,5.0,0,0,0,,,,,0.0965901676099747,0.0,0.0,0.0,0.0,0.0,0.0,1.0,0.0,0.0,0.0,0.0,0.0,0.0,0.0,1.0,P.Mahomes,5.0,K.Walker,5.0,,,,,,21
KC,DEN,1,KC,DEN,KC,53.0,2.0,pass,0.0,0,0,0,,,,,-0.847028278978542,0.0,0.0,0.0,0.0,0.0,0.0,1.0,0.0,0.0,0.0,0.0,0.0,0.0,0.0,0.0,P.Mahomes,,K.Walker,,,,C.Humphrey,,,21
KC,DEN,1,KC,DEN,KC,53.0,3.0,pass,0.0,0,0,0,,,,,-1.60270352917723,0.0,0.0,0.0,0.0,0.0,0.0,1.0,0.0,0.0,0.0,0.0,0.0,0.0,0.0,0.0,P.Mahomes,,C.Allen,,,,,,,21
KC,DEN,1,KC,DEN,KC,53.0,4.0,punt,0.0,0,0,0,,,,,-0.058103927411139,0.0,0.0,0.0,0.0,0.0,0.0,0.0,0.0,0.0,0.0,0.0,0.0,0.0,0.0,0.0,,,,,,,,,,21
KC,DEN,1,DEN,KC,DEN,88.0,1.0,pass,6.0,0,0,0,,,,,0.212513482198119,0.0,0.0,0.0,0.0,0.0,0.0,1.0,0.0,0.0,0.0,0.0,0.0,0.0,0.0,1.0,B.Nix,6.0,A.Trautman,6.0,,,,,,21
KC,DEN,1,DEN,KC,DEN,82.0,2.0,pass,0.0,0,0,0,,,,,-0.715763691812754,0.0,0.0,0.0,0.0,0.0,0.0,1.0,0.0,0.0,0.0,0.0,0.0,0.0,0.0,0.0,B.Nix,,P.Bryant,,,,,,,21
KC,DEN,1,DEN,KC,DEN,82.0,3.0,pass,2.0,0,0,0,,,,,-1.01100282464176,0.0,0.0,0.0,0.0,0.0,0.0,1.0,0.0,0.0,0.0,0.0,0.0,0.0,0.0,1.0,B.Nix,2.0,J.Waddle,2.0,,,,,,21
KC,DEN,1,DEN,KC,DEN,80.0,4.0,punt,0.0,0,0,0,,,,,0.143380167428404,0.0,0.0,0.0,0.0,0.0,0.0,0.0,0.0,0.0,0.0,0.0,0.0,0.0,0.0,0.0,,,,,,,,,,21
KC,DEN,1,KC,DEN,KC,75.0,1.0,run,2.0,0,0,0,,,,,-0.486899975687265,0.0,0.0,0.0,0.0,0.0,1.0,0.0,0.0,0.0,0.0,0.0,0.0,0.0,0.0,0.0,,,,,K.Walker,2.0,,,,21
KC,DEN,1,KC,DEN,KC,73.0,2.0,pass,0.0,0,0,0,,,,,-0.641054221894592,0.0,0.0,0.0,0.0,0.0,0.0,1.0,0.0,0.0,0.0,0.0,0.0,0.0,0.0,0.0,P.Mahomes,,,,,,,,,21
KC,DEN,1,KC,DEN,KC,73.0,3.0,run,8.0,0,0,1,,,,,1.62746754405089,1.0,0.0,0.0,0.0,0.0,1.0,0.0,0.0,0.0,0.0,0.0,0.0,0.0,0.0,0.0,,,,,P.Mahomes,8.0,,,,21
KC,DEN,1,KC,DEN,KC,65.0,1.0,run,7.0,0,0,0,,,,,0.464054929325357,0.0,0.0,0.0,0.0,0.0,1.0,0.0,0.0,0.0,0.0,0.0,0.0,0.0,0.0,0.0,,,,,K.Walker,7.0,,,,21
KC,DEN,1,KC,DEN,KC,58.0,2.0,run,1.0,0,0,0,,,,,-0.468686671927571,0.0,0.0,0.0,0.0,0.0,1.0,0.0,0.0,0.0,0.0,0.0,0.0,0.0,0.0,0.0,,,,,K.Walker,1.0,,,,21
KC,DEN,1,KC,DEN,KC,57.0,3.0,pass,0.0,0,0,0,,,,,-1.70398776978254,0.0,0.0,0.0,0.0,0.0,0.0,1.0,0.0,0.0,0.0,0.0,0.0,0.0,0.0,0.0,P.Mahomes,,X.Worthy,,,,,,,21
KC,DEN,1,KC,DEN,KC,57.0,4.0,no_play,0.0,0,0,0,,,,,-0.926783633418381,0.0,0.0,0.0,1.0,0.0,0.0,0.0,0.0,0.0,0.0,0.0,0.0,0.0,0.0,0.0,,,,,,,,KC,10.0,21
KC,DEN,1,KC,DEN,KC,67.0,4.0,punt,0.0,0,0,0,,,,,0.141215297859162,0.0,0.0,0.0,0.0,0.0,0.0,0.0,0.0,0.0,0.0,0.0,0.0,0.0,0.0,0.0,,,,,,,,,,21
KC,DEN,1,DEN,KC,DEN,77.0,1.0,run,5.0,0,0,0,,,,,-0.158298062626272,0.0,0.0,0.0,0.0,0.0,1.0,0.0,0.0,0.0,0.0,0.0,0.0,0.0,0.0,0.0,,,,,T.Franklin,5.0,,,,21
KC,DEN,1,DEN,KC,DEN,72.0,2.0,pass,4.0,0,0,0,,,,,0.442333024693653,0.0,0.0,0.0,0.0,0.0,0.0,1.0,0.0,0.0,0.0,0.0,0.0,0.0,0.0,1.0,B.Nix,4.0,R.Harvey,4.0,,,,,,21
KC,DEN,1,DEN,KC,DEN,68.0,3.0,pass,0.0,0,0,0,,,,,-1.49480864242651,0.0,0.0,0.0,0.0,0.0,0.0,1.0,0.0,0.0,0.0,0.0,0.0,0.0,0.0,0.0,B.Nix,,J.Waddle,,,,,,,21
KC,DEN,1,DEN,KC,DEN,68.0,4.0,punt,0.0,0,0,0,,,,,-0.149652892490849,0.0,0.0,0.0,0.0,0.0,0.0,0.0,0.0,0.0,0.0,0.0,0.0,0.0,0.0,0.0,,,,,,,,,,21
KC,DEN,1,KC,DEN,KC,80.0,1.0,pass,0.0,0,0,0,,,,,-0.495107494527474,0.0,0.0,0.0,0.0,0.0,0.0,1.0,0.0,0.0,0.0,0.0,0.0,0.0,0.0,0.0,P.Mahomes,,K.Walker,,,,,,,21
KC,DEN,1,KC,DEN,KC,80.0,2.0,pass,0.0,0,0,0,,,,,-0.604036607779563,0.0,0.0,0.0,0.0,0.0,0.0,1.0,0.0,0.0,0.0,0.0,0.0,0.0,0.0,0.0,P.Mahomes,,K.Walker,,,,,,,21
KC,DEN,1,KC,DEN,KC,80.0,3.0,pass,11.0,0,0,0,,,,,1.82104722911026,1.0,0.0,0.0,0.0,0.0,0.0,1.0,0.0,0.0,0.0,0.0,0.0,0.0,0.0,1.0,P.Mahomes,11.0,K.Walker,11.0,,,C.Humphrey,,,21
KC,DEN,1,KC,DEN,KC,69.0,1.0,run,28.0,0,0,0,,,,,1.60577661986463,0.0,0.0,0.0,0.0,0.0,1.0,0.0,0.0,0.0,0.0,0.0,0.0,0.0,0.0,0.0,,,,,K.Walker,28.0,,,,21
KC,DEN,1,KC,DEN,DEN,41.0,1.0,run,4.0,0,0,0,,,,,-0.152585272677243,0.0,0.0,0.0,0.0,0.0,1.0,0.0,0.0,0.0,0.0,0.0,0.0,0.0,0.0,0.0,,,,,E.Johnson,4.0,,,,21
KC,DEN,1,KC,DEN,DEN,37.0,2.0,pass,5.0,0,0,0,,,,,0.435155155893881,0.0,0.0,0.0,0.0,0.0,0.0,1.0,0.0,0.0,0.0,0.0,0.0,0.0,0.0,1.0,P.Mahomes,5.0,N.Gray,5.0,,,,,,21
KC,DEN,1,KC,DEN,DEN,32.0,3.0,run,6.0,0,0,0,,,,,0.662532783811912,1.0,0.0,0.0,0.0,0.0,1.0,0.0,0.0,0.0,0.0,0.0,0.0,0.0,0.0,0.0,,,,,K.Walker,6.0,,,,21
KC,DEN,1,KC,DEN,DEN,26.0,1.0,pass,9.0,0,0,0,,,,,0.793193971767323,0.0,0.0,0.0,0.0,0.0,0.0,1.0,0.0,0.0,0.0,0.0,0.0,0.0,0.0,1.0,P.Mahomes,9.0,J.Briningstool,9.0,,,,,,21
KC,DEN,1,,,,,,no_play,0.0,0,0,0,,,,,0.0,0.0,0.0,0.0,0.0,0.0,0.0,0.0,0.0,0.0,0.0,0.0,0.0,0.0,0.0,0.0,,,,,,,,,,21
KC,DEN,1,KC,DEN,DEN,17.0,2.0,pass,4.0,0,0,0,,,,,-0.15648224906181,0.0,0.0,0.0,0.0,0.0,0.0,1.0,0.0,0.0,0.0,0.0,0.0,0.0,0.0,1.0,P.Mahomes,4.0,X.Worthy,4.0,,,,,,21
KC,DEN,1,,,,,,no_play,0.0,0,0,0,,,,,0.0,0.0,0.0,0.0,0.0,0.0,0.0,0.0,0.0,0.0,0.0,0.0,0.0,0.0,0.0,0.0,,,,,,,,,,21
KC,DEN,1,KC,DEN,DEN,13.0,1.0,pass,13.0,0,0,0,,,,KC,2.52701978973346,0.0,0.0,0.0,0.0,0.0,0.0,1.0,0.0,1.0,1.0,0.0,0.0,0.0,0.0,1.0,P.Mahomes,13.0,R.Rice,13.0,,,,,,21
KC,DEN,1,KC,DEN,DEN,15.0,,extra_point,0.0,0,0,0,,good,,,0.0675730031076331,0.0,0.0,0.0,0.0,0.0,0.0,0.0,0.0,0.0,0.0,0.0,1.0,0.0,0.0,0.0,,,,,,,,,,21
KC,DEN,1,DEN,KC,KC,35.0,,kickoff,0.0,0,0,0,,,,,0.468444687547162,0.0,0.0,0.0,0.0,0.0,0.0,0.0,0.0,0.0,0.0,0.0,0.0,0.0,1.0,0.0,,,,,,,,,,21
KC,DEN,1,DEN,KC,DEN,66.0,1.0,pass,-5.0,0,0,0,,,,,-0.822154125664383,0.0,0.0,0.0,0.0,0.0,0.0,1.0,1.0,0.0,0.0,0.0,0.0,0.0,0.0,0.0,B.Nix,,,,,,,,,21
KC,DEN,1,,,,,,no_play,0.0,0,0,0,,,,,0.0,0.0,0.0,0.0,0.0,0.0,0.0,0.0,0.0,0.0,0.0,0.0,0.0,0.0,0.0,0.0,,,,,,,,,,21
KC,DEN,1,DEN,KC,DEN,71.0,2.0,pass,10.0,0,0,0,,,,,0.343794910237193,0.0,0.0,0.0,0.0,0.0,0.0,1.0,0.0,0.0,0.0,0.0,0.0,0.0,0.0,1.0,B.Nix,10.0,P.Bryant,10.0,,,,,,21
KC,DEN,1,DEN,KC,DEN,61.0,3.0,pass,0.0,0,0,0,,,,,-0.750243244692683,0.0,0.0,0.0,0.0,0.0,0.0,1.0,0.0,0.0,0.0,0.0,0.0,0.0,0.0,0.0,B.Nix,,C.Sutton,,,,,,,21
KC,DEN,1,DEN,KC,DEN,61.0,4.0,punt,0.0,0,0,0,,,,,-0.175275762798265,0.0,0.0,0.0,1.0,0.0,0.0,0.0,0.0,0.0,0.0,0.0,0.0,0.0,0.0,0.0,,,,,,,,KC,9.0,21
KC,DEN,1,KC,DEN,KC,91.0,1.0,pass,6.0,0,0,0,,,,,0.0122559278970584,0.0,0.0,0.0,0.0,0.0,0.0,1.0,0.0,0.0,0.0,0.0,0.0,0.0,0.0,1.0,P.Mahomes,6.0,T.Kelce,6.0,,,,,,21
KC,DEN,1,KC,DEN,KC,85.0,2.0,run,1.0,0,0,0,,,,,-0.0526201351312921,0.0,0.0,0.0,0.0,0.0,1.0,0.0,0.0,0.0,0.0,0.0,0.0,0.0,0.0,0.0,,,,,E.Johnson,1.0,,,,21
KC,DEN,1,,,,,,,,0,0,0,,,,,,,,,,,,,,,,,,,,,,,,,,,,,,21
KC,DEN,1,KC,DEN,DEN,35.0,,kickoff,0.0,0,0,0,,,,,0.374332121806219,0.0,0.0,0.0,0.0,0.0,0.0,0.0,0.0,0.0,0.0,0.0,0.0,0.0,1.0,0.0,,,,,,,,,,21
KC,DEN,1,KC,DEN,KC,69.0,1.0,run,0.0,0,0,0,,,,,-0.524777852231637,0.0,0.0,0.0,0.0,0.0,1.0,0.0,0.0,0.0,0.0,0.0,0.0,0.0,0.0,0.0,,,,,K.Walker,0.0,,,,21
KC,DEN,1,KC,DEN,KC,69.0,2.0,run,3.0,0,0,1,,,,,-0.530327228829265,0.0,0.0,0.0,0.0,0.0,1.0,0.0,0.0,0.0,0.0,0.0,0.0,0.0,0.0,0.0,,,,,P.Mahomes,3.0,,,,21
KC,DEN,1,KC,DEN,KC,66.0,3.0,pass,6.0,0,0,0,,,,,-0.401201820466667,0.0,0.0,0.0,0.0,0.0,0.0,1.0,0.0,0.0,0.0,0.0,0.0,0.0,0.0,1.0,P.Mahomes,6.0,R.Rice,6.0,,,,,,21
KC,DEN,1,KC,DEN,KC,60.0,4.0,run,60.0,0,0,0,,,,KC,6.60787701187655,0.0,1.0,0.0,0.0,0.0,1.0,0.0,0.0,1.0,0.0,1.0,0.0,0.0,0.0,0.0,,,,,K.Walker,60.0,,,,21
KC,DEN,1,KC,DEN,DEN,15.0,,extra_point,0.0,0,0,0,,good,,,0.0675730031076331,0.0,0.0,0.0,0.0,0.0,0.0,0.0,0.0,0.0,0.0,0.0,1.0,0.0,0.0,0.0,,,,,,,,,,21
KC,DEN,1,DEN,KC,KC,35.0,,kickoff,0.0,0,0,0,,,,,0.747499033343047,0.0,0.0,0.0,0.0,0.0,0.0,0.0,0.0,0.0,0.0,0.0,0.0,0.0,1.0,0.0,,,,,,,,,,21
KC,DEN,1,DEN,KC,DEN,64.0,1.0,run,17.0,0,0,0,,,,,1.15838358062319,0.0,0.0,0.0,0.0,0.0,1.0,0.0,0.0,0.0,0.0,0.0,0.0,0.0,0.0,0.0,,,,,J.Dobbins,17.0,,,,21
KC,DEN,1,DEN,KC,KC,47.0,1.0,run,4.0,0,0,0,,,,,-0.304606373654678,0.0,0.0,0.0,0.0,0.0,1.0,0.0,0.0,0.0,0.0,0.0,0.0,0.0,0.0,0.0,,,,,J.Dobbins,4.0,,,,21
KC,DEN,1,DEN,KC,KC,43.0,2.0,run,4.0,0,0,0,,,,,-0.028718214482069,0.0,0.0,0.0,0.0,0.0,1.0,0.0,0.0,0.0,0.0,0.0,0.0,0.0,0.0,0.0,,,,,J.Dobbins,4.0,,,,21
KC,DEN,1,DEN,KC,KC,39.0,3.0,no_play,0.0,0,0,0,,,,,-0.906051316764206,0.0,0.0,0.0,1.0,0.0,0.0,0.0,0.0,0.0,0.0,0.0,0.0,0.0,0.0,0.0,,,,,,,,DEN,5.0,21
KC,DEN,1,DEN,KC,KC,44.0,3.0,pass,0.0,0,0,0,,,,,-1.77015203563496,0.0,0.0,0.0,0.0,0.0,0.0,1.0,0.0,0.0,0.0,0.0,0.0,0.0,0.0,0.0,B.Nix,,J.Waddle,,,,,,,21
KC,DEN,1,DEN,KC,KC,44.0,4.0,no_play,0.0,0,0,0,,,,,-0.430662984959781,0.0,0.0,0.0,1.0,0.0,0.0,0.0,0.0,0.0,0.0,0.0,0.0,0.0,0.0,0.0,,,,,,,,DEN,5.0,21
KC,DEN,1,DEN,KC,KC,49.0,4.0,no_play,0.0,0,0,0,,,,,0.348789810901508,0.0,0.0,0.0,1.0,0.0,0.0,0.0,0.0,0.0,0.0,0.0,0.0,0.0,0.0,0.0,,,,,,,,KC,5.0,21
KC,DEN,1,DEN,KC,KC,44.0,4.0,punt,0.0,0,0,0,,,,,0.250279110157862,0.0,0.0,0.0,0.0,0.0,0.0,0.0,0.0,0.0,0.0,0.0,0.0,0.0,0.0,0.0,,,,,,,,,,21
KC,DEN,1,KC,DEN,KC,97.0,1.0,pass,0.0,0,0,0,,,,,-5.77821873407811,0.0,0.0,1.0,0.0,0.0,0.0,1.0,0.0,0.0,0.0,0.0,0.0,0.0,0.0,0.0,P.Mahomes,,X.Worthy,,,,,,,21
KC,DEN,1,DEN,KC,KC,5.0,1.0,no_play,0.0,0,0,0,,,,,-1.25096339196898,0.0,0.0,0.0,1.0,0.0,0.0,0.0,0.0,0.0,0.0,0.0,0.0,0.0,0.0,0.0,,,,,,,,DEN,10.0,21
KC,DEN,1,DEN,KC,KC,15.0,1.0,pass,6.0,0,0,0,,,,,0.0690576676279306,0.0,0.0,0.0,0.0,0.0,0.0,1.0,0.0,0.0,0.0,0.0,0.0,0.0,0.0,1.0,B.Nix,6.0,C.Sutton,6.0,,,,,,21
KC,DEN,1,DEN,KC,KC,9.0,2.0,pass,-7.0,0,0,0,,,,,-1.48931231722236,0.0,0.0,0.0,0.0,0.0,0.0,1.0,1.0,0.0,0.0,0.0,0.0,0.0,0.0,0.0,B.Nix,,,,,,B.Nix,,,21
KC,DEN,1,DEN,KC,KC,16.0,3.0,run,3.0,0,0,1,,,,,-0.235494835656302,0.0,0.0,0.0,0.0,0.0,1.0,0.0,0.0,0.0,0.0,0.0,0.0,0.0,0.0,0.0,,,,,B.Nix,3.0,,,,21
KC,DEN,1,DEN,KC,KC,13.0,4.0,field_goal,0.0,0,0,0,made,,,,0.179746577171774,0.0,0.0,0.0,0.0,0.0,0.0,0.0,0.0,0.0,0.0,0.0,0.0,0.0,0.0,0.0,,,,,,,,,,21
KC,DEN,1,KC,DEN,DEN,35.0,,kickoff,0.0,0,0,0,,,,,0.52749214717187,0.0,0.0,0.0,0.0,0.0,0.0,0.0,0.0,0.0,0.0,0.0,0.0,0.0,1.0,0.0,,,,,,,,,,21
KC,DEN,1,KC,DEN,KC,67.0,1.0,run,1.0,0,0,0,,,,,-0.525277602253482,0.0,0.0,0.0,0.0,0.0,1.0,0.0,0.0,0.0,0.0,0.0,0.0,0.0,0.0,0.0,,,,,K.Walker,1.0,,,,21
KC,DEN,1,KC,DEN,KC,66.0,2.0,run,3.0,0,0,0,,,,,-0.434654763434082,0.0,0.0,0.0,0.0,0.0,1.0,0.0,0.0,0.0,0.0,0.0,0.0,0.0,0.0,0.0,,,,,K.Walker,3.0,,,,21
KC,DEN,1,KC,DEN,KC,63.0,3.0,pass,59.0,0,0,0,,,,,5.10351762815844,1.0,0.0,0.0,0.0,0.0,0.0,1.0,0.0,0.0,0.0,0.0,0.0,0.0,0.0,1.0,P.Mahomes,59.0,T.Kelce,59.0,,,,,,21
KC,DEN,1,KC,DEN,DEN,4.0,1.0,run,-2.0,0,0,0,,,,,-0.81326201785123,0.0,0.0,0.0,0.0,0.0,1.0,0.0,0.0,0.0,0.0,0.0,0.0,0.0,0.0,0.0,,,,,K.Walker,-2.0,,,,21
KC,DEN,1,KC,DEN,DEN,6.0,2.0,run,1.0,0,0,1,,,,,-0.740601955389138,0.0,0.0,0.0,0.0,0.0,1.0,0.0,0.0,0.0,0.0,0.0,0.0,0.0,0.0,0.0,,,,,P.Mahomes,1.0,,,,21
KC,DEN,1,KC,DEN,DEN,5.0,3.0,pass,-4.0,0,0,0,,,,,-1.63753837951517,0.0,0.0,0.0,0.0,0.0,0.0,1.0,1.0,0.0,0.0,0.0,0.0,0.0,0.0,0.0,P.Mahomes,,,,,,,,,21
KC,DEN,1,KC,DEN,DEN,9.0,4.0,field_goal,0.0,0,0,0,made,,,,0.112690785425368,0.0,0.0,0.0,0.0,0.0,0.0,0.0,0.0,0.0,0.0,0.0,0.0,0.0,0.0,0.0,,,,,,,,,,21
KC,DEN,1,DEN,KC,KC,35.0,,kickoff,0.0,0,0,0,,,,,0.292346722446382,0.0,0.0,0.0,0.0,0.0,0.0,0.0,0.0,0.0,0.0,0.0,0.0,0.0,1.0,0.0,,,,,,,,,,21
KC,DEN,1,DEN,KC,DEN,70.0,1.0,run,2.0,0,0,0,,,,,-0.334384886082262,0.0,0.0,0.0,0.0,0.0,1.0,0.0,0.0,0.0,0.0,0.0,0.0,0.0,0.0,0.0,,,,,J.Dobbins,2.0,,,,21
KC,DEN,1,DEN,KC,DEN,68.0,2.0,pass,9.0,0,0,0,,,,,1.06169728375971,0.0,0.0,0.0,0.0,0.0,0.0,1.0,0.0,0.0,0.0,0.0,0.0,0.0,0.0,1.0,B.Nix,9.0,E.Engram,9.0,,,,,,21
KC,DEN,1,DEN,KC,DEN,59.0,1.0,run,4.0,0,0,0,,,,,-0.0454826604109258,0.0,0.0,0.0,0.0,0.0,1.0,0.0,0.0,0.0,0.0,0.0,0.0,0.0,0.0,0.0,,,,,J.Dobbins,4.0,,,,21
KC,DEN,1,DEN,KC,DEN,55.0,2.0,no_play,0.0,0,0,0,,,,,-1.24511304893531,0.0,0.0,0.0,1.0,0.0,0.0,0.0,0.0,0.0,0.0,0.0,0.0,0.0,0.0,0.0,,,,,,,,DEN,10.0,21
KC,DEN,1,DEN,KC,DEN,65.0,2.0,pass,0.0,0,0,0,,,,,-0.826825960539281,0.0,0.0,0.0,0.0,0.0,0.0,1.0,0.0,0.0,0.0,0.0,0.0,0.0,0.0,0.0,B.Nix,,P.Bryant,,,,,,,21
KC,DEN,1,DEN,KC,DEN,65.0,3.0,pass,-1.0,0,0,0,,,,,-3.49257845466491,0.0,0.0,0.0,0.0,1.0,0.0,1.0,1.0,0.0,0.0,0.0,0.0,0.0,0.0,0.0,B.Nix,,,,,,B.Nix,,,21
KC,DEN,1,KC,DEN,DEN,34.0,1.0,pass,0.0,0,0,0,,,,,-0.493152404902503,0.0,0.0,0.0,0.0,0.0,0.0,1.0,0.0,0.0,0.0,0.0,0.0,0.0,0.0,0.0,P.Mahomes,,T.Kelce,,,,,,,21
KC,DEN,1,KC,DEN,DEN,34.0,2.0,pass,5.0,0,0,0,,,,,-0.0157360857119784,0.0,0.0,0.0,0.0,0.0,0.0,1.0,0.0,0.0,0.0,0.0,0.0,0.0,0.0,1.0,P.Mahomes,5.0,X.Worthy,5.0,,,,,,21
KC,DEN,1,KC,DEN,,,,,,0,0,0,,,,,0.0,,,,,,,,,,,,,,,,,,,,,,,,,21
KC,DEN,1,KC,DEN,DEN,29.0,3.0,pass,25.0,0,0,0,,,,,3.11270825273823,1.0,0.0,0.0,1.0,0.0,0.0,1.0,0.0,0.0,0.0,0.0,0.0,0.0,0.0,1.0,P.Mahomes,25.0,E.Johnson,25.0,,,,DEN,2.0,21
KC,DEN,1,KC,DEN,DEN,2.0,1.0,pass,2.0,0,0,0,,,,KC,0.670812402735464,0.0,0.0,0.0,0.0,0.0,0.0,1.0,0.0,1.0,1.0,0.0,0.0,0.0,0.0,1.0,P.Mahomes,2.0,K.Walker,2.0,,,,,,21
KC,DEN,1,KC,DEN,DEN,15.0,,extra_point,0.0,0,0,0,,good,,,0.0675730031076331,0.0,0.0,0.0,0.0,0.0,0.0,0.0,0.0,0.0,0.0,0.0,1.0,0.0,0.0,0.0,,,,,,,,,,21
KC,DEN,1,DEN,KC,KC,35.0,,kickoff,0.0,0,0,0,,,,,0.0857260371558368,0.0,0.0,0.0,0.0,0.0,0.0,0.0,0.0,0.0,0.0,0.0,0.0,0.0,1.0,0.0,,,,,,,,,,21
KC,DEN,1,DEN,KC,DEN,73.0,1.0,pass,0.0,0,0,0,,,,,-0.555383335333318,0.0,0.0,0.0,0.0,0.0,0.0,1.0,0.0,0.0,0.0,0.0,0.0,0.0,0.0,0.0,B.Nix,,C.Sutton,,,,,,,21
KC,DEN,1,DEN,KC,DEN,73.0,2.0,pass,5.0,0,0,0,,,,,-0.459340706467629,0.0,0.0,0.0,0.0,0.0,0.0,1.0,0.0,0.0,0.0,0.0,0.0,0.0,0.0,1.0,B.Nix,5.0,C.Sutton,5.0,,,,,,21
KC,DEN,1,,,,,,no_play,0.0,0,0,0,,,,,0.0,0.0,0.0,0.0,0.0,0.0,0.0,0.0,0.0,0.0,0.0,0.0,0.0,0.0,0.0,0.0,,,,,,,,,,21
KC,DEN,1,DEN,KC,DEN,68.0,3.0,pass,0.0,0,0,0,,,,,-1.22084597079083,0.0,0.0,0.0,0.0,0.0,0.0,1.0,0.0,0.0,0.0,0.0,0.0,0.0,0.0,0.0,B.Nix,,,,,,,,,21
KC,DEN,1,DEN,KC,DEN,68.0,4.0,punt,0.0,0,0,0,,,,,0.881533134961501,0.0,0.0,0.0,1.0,0.0,0.0,0.0,0.0,0.0,0.0,0.0,0.0,0.0,0.0,0.0,,,,,,,,KC,6.0,21
KC,DEN,1,KC,DEN,KC,94.0,1.0,run,1.0,0,0,0,,,,,-0.575853992719203,0.0,0.0,0.0,0.0,0.0,1.0,0.0,0.0,0.0,0.0,0.0,0.0,0.0,0.0,0.0,,,,,K.Walker,1.0,,,,21
KC,DEN,1,KC,DEN,KC,93.0,2.0,run,13.0,0,0,0,,,,,1.29388328059576,0.0,0.0,0.0,0.0,0.0,1.0,0.0,0.0,0.0,0.0,0.0,0.0,0.0,0.0,0.0,,,,,K.Walker,13.0,,,,21
KC,DEN,1,KC,DEN,KC,80.0,1.0,run,0.0,0,0,0,,,,,-0.521450520027429,0.0,0.0,0.0,0.0,0.0,1.0,0.0,0.0,0.0,0.0,0.0,0.0,0.0,0.0,0.0,,,,,K.Walker,0.0,,,,21
KC,DEN,1,KC,DEN,KC,80.0,2.0,run,8.0,0,0,0,,,,,0.441469001583755,0.0,0.0,0.0,0.0,0.0,1.0,0.0,0.0,0.0,0.0,0.0,0.0,0.0,0.0,0.0,,,,,K.Walker,8.0,,,,21
KC,DEN,1,KC,DEN,KC,72.0,3.0,pass,6.0,0,0,0,,,,,0.854638594668359,1.0,0.0,0.0,0.0,0.0,0.0,1.0,0.0,0.0,0.0,0.0,0.0,0.0,0.0,1.0,P.Mahomes,6.0,T.Kelce,6.0,,,,,,21
KC,DEN,1,KC,DEN,KC,66.0,1.0,no_play,0.0,0,0,0,,,,,-1.38077951036394,0.0,0.0,0.0,1.0,0.0,0.0,0.0,0.0,0.0,0.0,0.0,0.0,0.0,0.0,0.0,,,,,,,,KC,15.0,21
KC,DEN,1,KC,DEN,KC,81.0,1.0,pass,19.0,0,0,0,,,,,1.20665700361133,0.0,0.0,0.0,0.0,0.0,0.0,1.0,0.0,0.0,0.0,0.0,0.0,0.0,0.0,1.0,P.Mahomes,19.0,E.Johnson,19.0,,,,,,21
KC,DEN,1,KC,DEN,KC,62.0,2.0,run,2.0,0,0,0,,,,,-0.259373355191201,0.0,0.0,0.0,0.0,0.0,1.0,0.0,0.0,0.0,0.0,0.0,0.0,0.0,0.0,0.0,,,,,E.Johnson,2.0,,,,21
KC,DEN,1,KC,DEN,KC,60.0,3.0,pass,-8.0,0,0,0,,,,,-2.16229825140908,0.0,0.0,0.0,0.0,0.0,0.0,1.0,1.0,0.0,0.0,0.0,0.0,0.0,0.0,0.0,P.Mahomes,,,,,,,,,21
KC,DEN,1,KC,DEN,KC,68.0,4.0,punt,0.0,0,0,0,,,,,0.548137575387955,0.0,0.0,0.0,1.0,0.0,0.0,0.0,0.0,0.0,0.0,0.0,0.0,0.0,0.0,0.0,,,,,,,,DEN,10.0,21
KC,DEN,1,DEN,KC,DEN,84.0,1.0,run,5.0,0,0,0,,,,,0.0352387560997158,0.0,0.0,0.0,0.0,0.0,1.0,0.0,0.0,0.0,0.0,0.0,0.0,0.0,0.0,0.0,,,,,R.Harvey,5.0,,,,21
KC,DEN,1,DEN,KC,DEN,79.0,2.0,pass,6.0,0,0,0,,,,,0.475962647469714,0.0,0.0,0.0,0.0,0.0,0.0,1.0,0.0,0.0,0.0,0.0,0.0,0.0,0.0,1.0,B.Nix,6.0,E.Engram,6.0,,,,,,21
KC,DEN,1,DEN,KC,DEN,73.0,1.0,run,0.0,0,0,0,,,,,-1.07315548765473,0.0,0.0,0.0,0.0,0.0,1.0,0.0,0.0,0.0,0.0,0.0,0.0,0.0,0.0,0.0,,,,,B.Nix,0.0,B.Nix,,,21
KC,DEN,1,DEN,KC,DEN,78.0,2.0,pass,0.0,0,0,0,,,,,-0.640405292157084,0.0,0.0,0.0,0.0,0.0,0.0,1.0,0.0,0.0,0.0,0.0,0.0,0.0,0.0,0.0,B.Nix,,E.Engram,,,,,,,21
KC,DEN,1,DEN,KC,DEN,78.0,3.0,pass,7.0,0,0,0,,,,,0.0201174358371645,0.0,0.0,0.0,0.0,0.0,0.0,1.0,0.0,0.0,0.0,0.0,0.0,0.0,0.0,1.0,B.Nix,7.0,R.Harvey,7.0,,,,,,21
KC,DEN,1,,,,,,no_play,0.0,0,0,0,,,,,0.0,0.0,0.0,0.0,0.0,0.0,0.0,0.0,0.0,0.0,0.0,0.0,0.0,0.0,0.0,0.0,,,,,,,,,,21
KC,DEN,1,DEN,KC,DEN,71.0,4.0,pass,0.0,0,0,0,,,,,-2.74830406502588,0.0,0.0,0.0,0.0,0.0,0.0,1.0,0.0,0.0,0.0,0.0,0.0,0.0,0.0,0.0,B.Nix,,T.Franklin,,,,,,,21
KC,DEN,1,KC,DEN,DEN,28.0,1.0,run,6.0,0,0,0,,,,,0.264895157830324,0.0,0.0,0.0,0.0,0.0,1.0,0.0,0.0,0.0,0.0,0.0,0.0,0.0,0.0,0.0,,,,,E.Johnson,6.0,,,,21
KC,DEN,1,KC,DEN,DEN,22.0,2.0,run,1.0,0,0,0,,,,,-0.420000679907389,0.0,0.0,0.0,0.0,0.0,1.0,0.0,0.0,0.0,0.0,0.0,0.0,0.0,0.0,0.0,,,,,E.Johnson,1.0,,,,21
KC,DEN,1,KC,DEN,DEN,21.0,3.0,run,3.0,0,0,0,,,,,0.802671776938951,1.0,0.0,0.0,0.0,0.0,1.0,0.0,0.0,0.0,0.0,0.0,0.0,0.0,0.0,0.0,,,,,E.Johnson,3.0,,,,21
KC,DEN,1,KC,DEN,DEN,18.0,1.0,run,4.0,0,0,0,,,,,-0.101230016472982,0.0,0.0,0.0,0.0,0.0,1.0,0.0,0.0,0.0,0.0,0.0,0.0,0.0,0.0,0.0,,,,,E.Johnson,4.0,,,,21
KC,DEN,1,KC,DEN,DEN,14.0,2.0,qb_kneel,-1.0,1,0,0,,,,,-0.770623046613764,0.0,0.0,0.0,0.0,0.0,1.0,0.0,0.0,0.0,0.0,0.0,0.0,0.0,0.0,0.0,,,,,P.Mahomes,-1.0,,,,21
KC,DEN,1,KC,DEN,DEN,15.0,3.0,qb_kneel,-2.0,1,0,0,,,,,-1.01824917158228,0.0,0.0,0.0,0.0,0.0,1.0,0.0,0.0,0.0,0.0,0.0,0.0,0.0,0.0,0.0,,,,,P.Mahomes,-2.0,,,,21
KC,DEN,1,KC,DEN,DEN,17.0,4.0,qb_kneel,-1.0,1,0,0,,,,,-2.49676466439269,0.0,0.0,0.0,0.0,0.0,1.0,0.0,0.0,0.0,0.0,0.0,0.0,0.0,0.0,0.0,,,,,P.Mahomes,-1.0,,,,21
KC,DEN,1,DEN,KC,DEN,81.0,1.0,qb_kneel,-1.0,1,0,0,,,,,0.0,0.0,0.0,0.0,0.0,0.0,1.0,0.0,0.0,0.0,0.0,0.0,0.0,0.0,0.0,0.0,,,,,B.Nix,-1.0,,,,21
KC,DEN,1,DEN,KC,,,,,,0,0,0,,,,,,,,,,,,,,,,,,,,,,,,,,,,,,21
MIN,GB,1,,,,,,,,0,0,0,,,,,0.0,,,,,,,,,,,,,,,,,,,,,,,,,17
MIN,GB,1,MIN,GB,GB,35.0,,kickoff,0.0,0,0,0,,,,,0.520339129958302,0.0,0.0,0.0,0.0,0.0,0.0,0.0,0.0,0.0,0.0,0.0,0.0,0.0,1.0,0.0,,,,,,,,,,17
MIN,GB,1,MIN,GB,MIN,65.0,1.0,run,-1.0,0,0,0,,,,,-0.773745886050165,0.0,0.0,0.0,0.0,0.0,1.0,0.0,0.0,0.0,0.0,0.0,0.0,0.0,0.0,0.0,,,,,A.Jones,-1.0,,,,17
MIN,GB,1,MIN,GB,MIN,66.0,2.0,pass,0.0,0,0,0,,,,,-4.07392876828089,0.0,0.0,1.0,0.0,0.0,0.0,1.0,0.0,0.0,0.0,0.0,0.0,0.0,0.0,0.0,K.Murray,,J.Jennings,,,,,,,17
MIN,GB,1,GB,MIN,GB,53.0,1.0,pass,0.0,0,0,0,,,,,-0.569342168513686,0.0,0.0,0.0,0.0,0.0,0.0,1.0,0.0,0.0,0.0,0.0,0.0,0.0,0.0,0.0,J.Love,,T.Kraft,,,,,,,17
MIN,GB,1,GB,MIN,GB,53.0,2.0,run,14.0,0,0,0,,,,,1.56907449406572,0.0,0.0,0.0,0.0,0.0,1.0,0.0,0.0,0.0,0.0,0.0,0.0,0.0,0.0,0.0,,,,,C.Brooks,14.0,,,,17
MIN,GB,1,GB,MIN,MIN,39.0,1.0,no_play,0.0,0,0,0,,,,,-0.789269619388506,0.0,0.0,0.0,1.0,0.0,0.0,0.0,0.0,0.0,0.0,0.0,0.0,0.0,0.0,0.0,,,,,,,,GB,5.0,17
MIN,GB,1,GB,MIN,MIN,44.0,1.0,run,3.0,0,0,0,,,,,-0.260290032252669,0.0,0.0,0.0,0.0,0.0,1.0,0.0,0.0,0.0,0.0,0.0,0.0,0.0,0.0,0.0,,,,,C.Brooks,3.0,,,,17
MIN,GB,1,GB,MIN,MIN,41.0,2.0,pass,0.0,0,0,0,,,,,-1.01994917262346,0.0,0.0,0.0,0.0,0.0,0.0,1.0,0.0,0.0,0.0,0.0,0.0,0.0,0.0,0.0,J.Love,,T.Kraft,,,,,,,17
MIN,GB,1,GB,MIN,MIN,41.0,3.0,pass,0.0,0,0,0,,,,,-1.12589277004413,0.0,0.0,0.0,0.0,0.0,0.0,1.0,0.0,0.0,0.0,0.0,0.0,0.0,0.0,0.0,J.Love,,M.Golden,,,,,,,17
MIN,GB,1,GB,MIN,MIN,41.0,4.0,field_goal,0.0,0,0,0,made,,,,2.7096177284006,0.0,0.0,0.0,0.0,0.0,0.0,0.0,0.0,0.0,0.0,0.0,0.0,0.0,0.0,0.0,,,,,,,,,,17
MIN,GB,1,MIN,GB,GB,35.0,,kickoff,0.0,0,0,0,,,,,0.308615986723453,0.0,0.0,0.0,0.0,0.0,0.0,0.0,0.0,0.0,0.0,0.0,0.0,0.0,1.0,0.0,,,,,,,,,,17
MIN,GB,1,MIN,GB,MIN,70.0,1.0,pass,0.0,0,0,0,,,,,-0.588620446622372,0.0,0.0,0.0,0.0,0.0,0.0,1.0,0.0,0.0,0.0,0.0,0.0,0.0,0.0,0.0,K.Murray,,,,,,,,,17
MIN,GB,1,MIN,GB,MIN,70.0,2.0,run,6.0,0,0,0,,,,,-0.121736325323582,0.0,0.0,0.0,0.0,0.0,1.0,0.0,0.0,0.0,0.0,0.0,0.0,0.0,0.0,0.0,,,,,A.Jones,6.0,,,,17
MIN,GB,1,MIN,GB,MIN,64.0,3.0,pass,9.0,0,0,0,,,,,1.526659731986,1.0,0.0,0.0,0.0,0.0,0.0,1.0,0.0,0.0,0.0,0.0,0.0,0.0,0.0,1.0,K.Murray,9.0,J.Jefferson,9.0,,,,,,17
MIN,GB,1,MIN,GB,MIN,55.0,1.0,run,-4.0,0,0,0,,,,,-1.19763249135576,0.0,0.0,0.0,0.0,0.0,1.0,0.0,0.0,0.0,0.0,0.0,0.0,0.0,0.0,0.0,,,,,J.Mason,-4.0,,,,17
MIN,GB,1,MIN,GB,MIN,59.0,2.0,run,7.0,0,0,1,,,,,-0.0038652040529996,0.0,0.0,0.0,0.0,0.0,1.0,0.0,0.0,0.0,0.0,0.0,0.0,0.0,0.0,0.0,,,,,K.Murray,7.0,,,,17
MIN,GB,1,MIN,GB,MIN,52.0,3.0,no_play,0.0,0,0,0,,,,,-0.721590508008376,0.0,0.0,0.0,1.0,0.0,0.0,0.0,0.0,0.0,0.0,0.0,0.0,0.0,0.0,0.0,,,,,,,,MIN,5.0,17
MIN,GB,1,MIN,GB,MIN,57.0,3.0,no_play,0.0,0,0,0,,,,,-0.439043321181089,0.0,0.0,0.0,1.0,0.0,0.0,0.0,0.0,0.0,0.0,0.0,0.0,0.0,0.0,0.0,,,,,,,,MIN,5.0,17
MIN,GB,1,MIN,GB,MIN,62.0,3.0,pass,7.0,0,0,0,,,,,-0.768326666671783,0.0,0.0,0.0,0.0,0.0,0.0,1.0,0.0,0.0,0.0,0.0,0.0,0.0,0.0,1.0,K.Murray,7.0,T.Hockenson,7.0,,,,,,17
MIN,GB,1,MIN,GB,MIN,55.0,4.0,punt,0.0,0,0,0,,,,,-0.34875932475552,0.0,0.0,0.0,0.0,0.0,0.0,0.0,0.0,0.0,0.0,0.0,0.0,0.0,0.0,0.0,,,,,,,,,,17
MIN,GB,1,GB,MIN,GB,81.0,1.0,pass,0.0,0,0,0,,,,,-0.652302502188832,0.0,0.0,0.0,0.0,0.0,0.0,1.0,0.0,0.0,0.0,0.0,0.0,0.0,0.0,0.0,J.Love,,J.Smith,,,,,,,17
MIN,GB,1,GB,MIN,GB,81.0,2.0,pass,81.0,0,0,0,,,,GB,7.04944831971079,0.0,0.0,0.0,0.0,0.0,0.0,1.0,0.0,1.0,1.0,0.0,0.0,0.0,0.0,1.0,J.Love,81.0,C.Watson,81.0,,,,,,17
MIN,GB,1,GB,MIN,MIN,15.0,,extra_point,0.0,0,0,0,,failed,,,-0.948828433929361,0.0,0.0,0.0,0.0,0.0,0.0,0.0,0.0,0.0,0.0,0.0,1.0,0.0,0.0,0.0,,,,,,,,,,17
MIN,GB,1,MIN,GB,GB,35.0,,kickoff,0.0,0,0,0,,,,,0.295915543101728,0.0,0.0,0.0,0.0,0.0,0.0,0.0,0.0,0.0,0.0,0.0,0.0,0.0,1.0,0.0,,,,,,,,,,17
MIN,GB,1,MIN,GB,MIN,70.0,1.0,run,1.0,0,0,0,,,,,-0.552936323452741,0.0,0.0,0.0,0.0,0.0,1.0,0.0,0.0,0.0,0.0,0.0,0.0,0.0,0.0,0.0,,,,,J.Mason,1.0,,,,17
MIN,GB,1,MIN,GB,MIN,69.0,2.0,pass,2.0,0,0,0,,,,,-0.564078697469086,0.0,0.0,0.0,0.0,0.0,0.0,1.0,0.0,0.0,0.0,0.0,0.0,0.0,0.0,1.0,K.Murray,2.0,J.Jefferson,2.0,,,,,,17
MIN,GB,1,MIN,GB,MIN,67.0,3.0,run,2.0,0,0,1,,,,,2.29486302798614,0.0,0.0,0.0,1.0,0.0,1.0,0.0,0.0,0.0,0.0,0.0,0.0,0.0,0.0,0.0,,,,,K.Murray,2.0,,GB,15.0,17
MIN,GB,1,MIN,GB,50,50.0,1.0,run,4.0,0,0,0,,,,,-0.229418505914509,0.0,0.0,0.0,0.0,0.0,1.0,0.0,0.0,0.0,0.0,0.0,0.0,0.0,0.0,0.0,,,,,J.Mason,4.0,,,,17
MIN,GB,1,MIN,GB,GB,46.0,2.0,pass,0.0,0,0,0,,,,,-0.867967612342909,0.0,0.0,0.0,0.0,0.0,0.0,1.0,0.0,0.0,0.0,0.0,0.0,0.0,0.0,0.0,C.Wentz,,J.Jefferson,,,,,,,17
MIN,GB,1,MIN,GB,GB,46.0,3.0,pass,9.0,0,0,0,,,,,1.83518259203993,1.0,0.0,0.0,0.0,0.0,0.0,1.0,0.0,0.0,0.0,0.0,0.0,0.0,0.0,1.0,C.Wentz,9.0,J.Jefferson,9.0,,,,,,17
MIN,GB,1,MIN,GB,GB,37.0,1.0,run,8.0,0,0,0,,,,,0.484389052959159,0.0,0.0,0.0,0.0,0.0,1.0,0.0,0.0,0.0,0.0,0.0,0.0,0.0,0.0,0.0,,,,,A.Jones,8.0,,,,17
MIN,GB,1,MIN,GB,GB,29.0,2.0,run,4.0,0,0,0,,,,,0.282635494251736,0.0,0.0,0.0,0.0,0.0,1.0,0.0,0.0,0.0,0.0,0.0,0.0,0.0,0.0,0.0,,,,,A.Jones,4.0,,,,17
MIN,GB,1,MIN,GB,GB,25.0,1.0,run,4.0,0,0,0,,,,,-0.120884282980114,0.0,0.0,0.0,0.0,0.0,1.0,0.0,0.0,0.0,0.0,0.0,0.0,0.0,0.0,0.0,,,,,J.Mason,4.0,,,,17
MIN,GB,1,MIN,GB,GB,21.0,2.0,run,1.0,0,0,1,,,,,-0.479078603675589,0.0,0.0,0.0,0.0,0.0,1.0,0.0,0.0,0.0,0.0,0.0,0.0,0.0,0.0,0.0,,,,,C.Wentz,1.0,,,,17
MIN,GB,1,MIN,GB,GB,20.0,3.0,pass,0.0,0,0,0,,,,,-1.61959420291934,0.0,0.0,0.0,0.0,0.0,0.0,1.0,0.0,0.0,0.0,0.0,0.0,0.0,0.0,0.0,C.Wentz,,J.Addison,,,,,,,17
MIN,GB,1,MIN,GB,GB,20.0,4.0,field_goal,0.0,0,0,0,made,,,,0.560459610035122,0.0,0.0,0.0,0.0,0.0,0.0,0.0,0.0,0.0,0.0,0.0,0.0,0.0,0.0,0.0,,,,,,,,,,17
MIN,GB,1,GB,MIN,MIN,35.0,,kickoff,0.0,0,0,0,,,,,2.24724895181134,0.0,0.0,0.0,0.0,0.0,0.0,0.0,0.0,0.0,0.0,0.0,0.0,0.0,1.0,0.0,,,,,,,,,,17
MIN,GB,1,GB,MIN,MIN,40.0,1.0,run,5.0,0,0,0,,,,,0.0287288471590728,0.0,0.0,0.0,0.0,0.0,1.0,0.0,0.0,0.0,0.0,0.0,0.0,0.0,0.0,0.0,,,,,M.Lloyd,5.0,,,,17
MIN,GB,1,GB,MIN,MIN,35.0,2.0,run,-2.0,0,0,0,,,,,-1.22596730710939,0.0,0.0,0.0,0.0,0.0,1.0,0.0,0.0,0.0,0.0,0.0,0.0,0.0,0.0,0.0,,,,,M.Lloyd,-2.0,,,,17
MIN,GB,1,GB,MIN,MIN,37.0,3.0,pass,10.0,0,0,0,,,,,2.11620021949057,1.0,0.0,0.0,0.0,0.0,0.0,1.0,0.0,0.0,0.0,0.0,0.0,0.0,0.0,1.0,J.Love,10.0,C.Watson,10.0,,,,,,17
MIN,GB,1,GB,MIN,MIN,27.0,1.0,pass,0.0,0,0,0,,,,,-0.476446980377659,0.0,0.0,0.0,0.0,0.0,0.0,1.0,0.0,0.0,0.0,0.0,0.0,0.0,0.0,0.0,J.Love,,M.Golden,,,,,,,17
MIN,GB,1,GB,MIN,MIN,27.0,2.0,run,1.0,0,0,0,,,,,-0.619291064795107,0.0,0.0,0.0,0.0,0.0,1.0,0.0,0.0,0.0,0.0,0.0,0.0,0.0,0.0,0.0,,,,,M.Lloyd,1.0,,,,17
MIN,GB,1,GB,MIN,,,,,,0,0,0,,,,,0.0,,,,,,,,,,,,,,,,,,,,,,,,,17
MIN,GB,1,GB,MIN,MIN,26.0,3.0,pass,6.0,0,0,0,,,,,-0.687864248058759,0.0,0.0,0.0,0.0,0.0,0.0,1.0,0.0,0.0,0.0,0.0,0.0,0.0,0.0,1.0,J.Love,6.0,C.Watson,6.0,,,,,,17
MIN,GB,1,GB,MIN,MIN,20.0,4.0,no_play,0.0,0,0,0,,,,,-0.455935130981274,0.0,0.0,0.0,1.0,0.0,0.0,0.0,0.0,0.0,0.0,0.0,0.0,0.0,0.0,0.0,,,,,,,,GB,5.0,17
MIN,GB,1,GB,MIN,MIN,25.0,4.0,field_goal,0.0,0,0,0,made,,,,0.944819422825717,0.0,0.0,0.0,0.0,0.0,0.0,0.0,0.0,0.0,0.0,0.0,0.0,0.0,0.0,0.0,,,,,,,,,,17
MIN,GB,1,MIN,GB,GB,35.0,,kickoff,0.0,0,0,0,,,,,0.786023628199473,0.0,0.0,0.0,0.0,0.0,0.0,0.0,0.0,0.0,0.0,0.0,0.0,0.0,1.0,0.0,,,,,,,,,,17
MIN,GB,1,MIN,GB,MIN,60.0,1.0,run,8.0,0,0,0,,,,,0.562779656611383,0.0,0.0,0.0,0.0,0.0,1.0,0.0,0.0,0.0,0.0,0.0,0.0,0.0,0.0,0.0,,,,,J.Mason,8.0,,,,17
MIN,GB,1,MIN,GB,MIN,52.0,2.0,run,1.0,0,0,0,,,,,-0.448771446710452,0.0,0.0,0.0,0.0,0.0,1.0,0.0,0.0,0.0,0.0,0.0,0.0,0.0,0.0,0.0,,,,,J.Mason,1.0,,,,17
MIN,GB,1,MIN,GB,MIN,51.0,3.0,run,1.0,0,0,0,,,,,0.52447288366966,1.0,0.0,0.0,0.0,0.0,1.0,0.0,0.0,0.0,0.0,0.0,0.0,0.0,0.0,0.0,,,,,C.Wentz,1.0,,,,17
MIN,GB,1,MIN,GB,50,50.0,1.0,run,1.0,0,0,0,,,,,-0.517052591778338,0.0,0.0,0.0,0.0,0.0,1.0,0.0,0.0,0.0,0.0,0.0,0.0,0.0,0.0,0.0,,,,,J.Mason,1.0,,,,17
MIN,GB,1,MIN,GB,GB,49.0,2.0,pass,0.0,0,0,0,,,,,-0.883685847977176,0.0,0.0,0.0,0.0,0.0,0.0,1.0,0.0,0.0,0.0,0.0,0.0,0.0,0.0,0.0,C.Wentz,,A.Jones,,,,,,,17
MIN,GB,1,MIN,GB,GB,49.0,3.0,pass,1.0,0,0,0,,,,,-1.62547256168909,0.0,0.0,0.0,0.0,0.0,0.0,1.0,0.0,0.0,0.0,0.0,0.0,0.0,0.0,1.0,C.Wentz,1.0,D.Dallas,1.0,,,,,,17
MIN,GB,1,MIN,GB,GB,48.0,4.0,punt,0.0,0,0,0,,,,,-0.384562721243128,0.0,0.0,0.0,0.0,0.0,0.0,0.0,0.0,0.0,0.0,0.0,0.0,0.0,0.0,0.0,,,,,,,,,,17
MIN,GB,1,GB,MIN,GB,86.0,1.0,pass,30.0,0,0,0,,,,,1.85787334199995,0.0,0.0,0.0,0.0,0.0,0.0,1.0,0.0,0.0,0.0,0.0,0.0,0.0,0.0,1.0,J.Love,30.0,T.Kraft,30.0,,,,,,17
MIN,GB,1,GB,MIN,GB,56.0,1.0,run,2.0,0,0,0,,,,,-0.427549756132066,0.0,0.0,0.0,0.0,0.0,1.0,0.0,0.0,0.0,0.0,0.0,0.0,0.0,0.0,0.0,,,,,M.Lloyd,2.0,,,,17
MIN,GB,1,GB,MIN,GB,54.0,2.0,pass,0.0,0,0,0,,,,,-0.826491662068293,0.0,0.0,0.0,0.0,0.0,0.0,1.0,0.0,0.0,0.0,0.0,0.0,0.0,0.0,0.0,J.Love,,J.Reed,,,,,,,17
MIN,GB,1,GB,MIN,GB,54.0,3.0,pass,5.0,0,0,0,,,,,-1.01500061713159,0.0,0.0,0.0,0.0,0.0,0.0,1.0,0.0,0.0,0.0,0.0,0.0,0.0,0.0,1.0,J.Love,5.0,M.Golden,5.0,,,,,,17
MIN,GB,1,GB,MIN,MIN,49.0,4.0,punt,0.0,0,0,0,,,,,-0.16467656637542,0.0,0.0,0.0,0.0,0.0,0.0,0.0,0.0,0.0,0.0,0.0,0.0,0.0,0.0,0.0,,,,,,,,,,17
MIN,GB,1,MIN,GB,MIN,96.0,1.0,run,6.0,0,0,0,,,,,0.273635498713702,0.0,0.0,0.0,0.0,0.0,1.0,0.0,0.0,0.0,0.0,0.0,0.0,0.0,0.0,0.0,,,,,A.Jones,6.0,,,,17
MIN,GB,1,MIN,GB,MIN,90.0,2.0,run,0.0,0,0,0,,,,,-0.904232318047434,0.0,0.0,0.0,0.0,0.0,1.0,0.0,0.0,0.0,0.0,0.0,0.0,0.0,0.0,0.0,,,,,A.Jones,0.0,,,,17
MIN,GB,1,MIN,GB,MIN,90.0,3.0,pass,-5.0,0,0,0,,,,,-1.63959313137457,0.0,0.0,0.0,0.0,0.0,0.0,1.0,1.0,0.0,0.0,0.0,0.0,0.0,0.0,0.0,C.Wentz,,,,,,,,,17
MIN,GB,1,MIN,GB,MIN,95.0,4.0,punt,0.0,0,0,0,,,,,-1.41890775051434,0.0,0.0,0.0,0.0,0.0,0.0,0.0,0.0,0.0,0.0,0.0,0.0,0.0,0.0,0.0,,,,,,,,,,17
MIN,GB,1,GB,MIN,MIN,36.0,1.0,no_play,0.0,0,0,0,,,,,-0.684266444877721,0.0,0.0,0.0,1.0,0.0,0.0,0.0,0.0,0.0,0.0,0.0,0.0,0.0,0.0,0.0,,,,,,,,GB,5.0,17
MIN,GB,1,GB,MIN,MIN,41.0,1.0,pass,0.0,0,0,0,,,,,-0.522873912006617,0.0,0.0,0.0,0.0,0.0,0.0,1.0,0.0,0.0,0.0,0.0,0.0,0.0,0.0,0.0,J.Love,,,,,,,,,17
MIN,GB,1,GB,MIN,MIN,41.0,2.0,no_play,0.0,0,0,0,,,,,-0.617033549351618,0.0,0.0,0.0,1.0,0.0,0.0,0.0,0.0,0.0,0.0,0.0,0.0,0.0,0.0,0.0,,,,,,,,GB,10.0,17
MIN,GB,1,GB,MIN,GB,51.0,2.0,pass,0.0,0,0,0,,,,,-0.90747296763584,0.0,0.0,0.0,0.0,0.0,0.0,1.0,0.0,0.0,0.0,0.0,0.0,0.0,0.0,0.0,J.Love,,C.Brooks,,,,,,,17
MIN,GB,1,GB,MIN,GB,51.0,3.0,pass,0.0,0,0,0,,,,,-0.982061370508745,0.0,0.0,0.0,0.0,0.0,0.0,1.0,0.0,0.0,0.0,0.0,0.0,0.0,0.0,0.0,J.Love,,J.Reed,,,,,,,17
MIN,GB,1,GB,MIN,GB,51.0,4.0,punt,0.0,0,0,0,,,,,-0.256893547251821,0.0,0.0,0.0,0.0,0.0,0.0,0.0,0.0,0.0,0.0,0.0,0.0,0.0,0.0,0.0,,,,,,,,,,17
MIN,GB,1,MIN,GB,MIN,85.0,1.0,pass,-8.0,0,0,0,,,,,-1.37817230494693,0.0,0.0,0.0,0.0,0.0,0.0,1.0,1.0,0.0,0.0,0.0,0.0,0.0,0.0,0.0,C.Wentz,,,,,,,,,17
MIN,GB,1,MIN,GB,MIN,93.0,2.0,no_play,0.0,0,0,0,,,,,0.483855564612895,0.0,0.0,0.0,1.0,0.0,0.0,0.0,0.0,0.0,0.0,0.0,0.0,0.0,0.0,0.0,,,,,,,,GB,5.0,17
MIN,GB,1,MIN,GB,MIN,88.0,2.0,pass,5.0,0,0,0,,,,,-0.180729320738465,0.0,0.0,0.0,0.0,0.0,0.0,1.0,0.0,0.0,0.0,0.0,0.0,0.0,0.0,1.0,C.Wentz,5.0,T.Hockenson,5.0,,,,,,17
MIN,GB,1,MIN,GB,MIN,83.0,3.0,pass,17.0,0,0,0,,,,,3.11711949680466,1.0,0.0,0.0,1.0,0.0,0.0,1.0,0.0,0.0,0.0,0.0,0.0,0.0,0.0,1.0,C.Wentz,17.0,J.Jefferson,17.0,,,,GB,15.0,17
MIN,GB,1,MIN,GB,MIN,51.0,1.0,run,4.0,0,0,0,,,,,-0.084097339946311,0.0,0.0,0.0,0.0,0.0,1.0,0.0,0.0,0.0,0.0,0.0,0.0,0.0,0.0,0.0,,,,,J.Mason,4.0,,,,17
MIN,GB,1,MIN,GB,GB,47.0,2.0,pass,0.0,0,0,0,,,,,-0.609338851820212,0.0,0.0,0.0,0.0,0.0,0.0,1.0,0.0,0.0,0.0,0.0,0.0,0.0,0.0,0.0,C.Wentz,,J.Oliver,,,,,,,17
MIN,GB,1,MIN,GB,GB,47.0,3.0,pass,8.0,0,0,0,,,,,1.50508722208906,1.0,0.0,0.0,0.0,0.0,0.0,1.0,0.0,0.0,0.0,0.0,0.0,0.0,0.0,1.0,C.Wentz,8.0,T.Hockenson,8.0,,,,,,17
MIN,GB,1,MIN,GB,GB,39.0,1.0,pass,39.0,0,0,0,,,,MIN,3.79709144320805,0.0,0.0,0.0,0.0,0.0,0.0,1.0,0.0,1.0,1.0,0.0,0.0,0.0,0.0,1.0,C.Wentz,39.0,J.Jefferson,39.0,,,,,,17
MIN,GB,1,MIN,GB,GB,15.0,,extra_point,0.0,0,0,0,,good,,,0.0511715660706391,0.0,0.0,0.0,0.0,0.0,0.0,0.0,0.0,0.0,0.0,0.0,1.0,0.0,0.0,0.0,,,,,,,,,,17
MIN,GB,1,GB,MIN,MIN,35.0,,kickoff,0.0,0,0,0,,,,,0.0117505048401654,0.0,0.0,0.0,0.0,0.0,0.0,0.0,0.0,0.0,0.0,0.0,0.0,0.0,1.0,0.0,,,,,,,,,,17
MIN,GB,1,GB,MIN,GB,74.0,1.0,run,2.0,0,0,0,,,,,-0.221839355072007,0.0,0.0,0.0,0.0,0.0,1.0,0.0,0.0,0.0,0.0,0.0,0.0,0.0,0.0,0.0,,,,,C.Brooks,2.0,,,,17
MIN,GB,1,GB,MIN,GB,72.0,2.0,pass,23.0,0,0,0,,,,,1.39562072529225,0.0,0.0,0.0,0.0,0.0,0.0,1.0,0.0,0.0,0.0,0.0,0.0,0.0,0.0,1.0,J.Love,23.0,T.Kraft,23.0,,,,,,17
MIN,GB,1,GB,MIN,MIN,49.0,1.0,pass,0.0,0,0,0,,,,,-0.262721083650831,0.0,0.0,0.0,0.0,0.0,0.0,1.0,0.0,0.0,0.0,0.0,0.0,0.0,0.0,0.0,J.Love,,C.Watson,,,,,,,17
MIN,GB,1,GB,MIN,MIN,49.0,2.0,pass,10.0,0,0,0,,,,,0.996042763523292,0.0,0.0,0.0,0.0,0.0,0.0,1.0,0.0,0.0,0.0,0.0,0.0,0.0,0.0,1.0,J.Love,10.0,B.Melton,10.0,,,,,,17
MIN,GB,1,GB,MIN,MIN,39.0,1.0,pass,32.0,0,0,0,,,,,2.31143407570198,0.0,0.0,0.0,0.0,0.0,0.0,1.0,0.0,0.0,0.0,0.0,0.0,0.0,0.0,1.0,J.Love,32.0,C.Watson,32.0,,,,,,17
MIN,GB,1,GB,MIN,MIN,7.0,1.0,run,5.0,0,0,0,,,,,0.275851127080387,0.0,0.0,0.0,0.0,0.0,1.0,0.0,0.0,0.0,0.0,0.0,0.0,0.0,0.0,0.0,,,,,C.Brooks,5.0,,,,17
MIN,GB,1,,,,,,no_play,0.0,0,0,0,,,,,0.0,0.0,0.0,0.0,0.0,0.0,0.0,0.0,0.0,0.0,0.0,0.0,0.0,0.0,0.0,0.0,,,,,,,,,,17
MIN,GB,1,GB,MIN,MIN,2.0,2.0,pass,2.0,0,0,0,,,,GB,1.59940832745633,0.0,0.0,0.0,0.0,0.0,0.0,1.0,0.0,1.0,1.0,0.0,0.0,0.0,0.0,1.0,J.Love,2.0,C.Watson,2.0,,,,,,17
MIN,GB,1,GB,MIN,MIN,15.0,,extra_point,0.0,0,0,0,,good,,,0.0511715660706391,0.0,0.0,0.0,0.0,0.0,0.0,0.0,0.0,0.0,0.0,0.0,1.0,0.0,0.0,0.0,,,,,,,,,,17
MIN,GB,1,MIN,GB,GB,35.0,,kickoff,0.0,0,0,0,,,,,-0.236592759261839,0.0,0.0,0.0,0.0,0.0,0.0,0.0,0.0,0.0,0.0,0.0,0.0,0.0,1.0,0.0,,,,,,,,,,17
MIN,GB,1,MIN,GB,MIN,68.0,1.0,qb_kneel,-1.0,1,0,0,,,,,0.0,0.0,0.0,0.0,0.0,0.0,1.0,0.0,0.0,0.0,0.0,0.0,0.0,0.0,0.0,0.0,,,,,C.Wentz,-1.0,,,,17
MIN,GB,1,,,,,,,,0,0,0,,,,,,,,,,,,,,,,,,,,,,,,,,,,,,17
MIN,GB,1,GB,MIN,MIN,35.0,,kickoff,0.0,0,0,0,,,,,-0.806020111776888,0.0,0.0,0.0,1.0,0.0,0.0,0.0,0.0,0.0,0.0,0.0,0.0,0.0,1.0,0.0,,,,,,,,GB,10.0,17
MIN,GB,1,GB,MIN,GB,86.0,1.0,run,12.0,0,0,0,,,,,0.890389798209071,0.0,0.0,0.0,0.0,0.0,1.0,0.0,0.0,0.0,0.0,0.0,0.0,0.0,0.0,0.0,,,,,M.Lloyd,12.0,,,,17
MIN,GB,1,GB,MIN,GB,74.0,1.0,pass,12.0,0,0,0,,,,,0.770173053722829,0.0,0.0,0.0,0.0,0.0,0.0,1.0,0.0,0.0,0.0,0.0,0.0,0.0,0.0,1.0,J.Love,12.0,T.Kraft,12.0,,,,,,17
MIN,GB,1,GB,MIN,GB,62.0,1.0,run,-1.0,0,0,0,,,,,-0.796998325269669,0.0,0.0,0.0,0.0,0.0,1.0,0.0,0.0,0.0,0.0,0.0,0.0,0.0,0.0,0.0,,,,,C.Brooks,-1.0,,,,17
MIN,GB,1,GB,MIN,GB,63.0,2.0,pass,0.0,0,0,0,,,,,-0.907289751805365,0.0,0.0,0.0,0.0,0.0,0.0,1.0,0.0,0.0,0.0,0.0,0.0,0.0,0.0,0.0,J.Love,,,,,,,,,17
MIN,GB,1,GB,MIN,GB,63.0,3.0,run,1.0,0,0,0,,,,,-1.21902185445651,0.0,0.0,0.0,0.0,0.0,1.0,0.0,0.0,0.0,0.0,0.0,0.0,0.0,0.0,0.0,,,,,C.Brooks,1.0,,,,17
MIN,GB,1,GB,MIN,GB,62.0,4.0,punt,0.0,0,0,0,,,,,-1.53229933721013,0.0,0.0,0.0,0.0,0.0,0.0,0.0,0.0,0.0,0.0,0.0,0.0,0.0,0.0,0.0,,,,,,,,,,17
MIN,GB,1,MIN,GB,MIN,60.0,1.0,pass,0.0,0,0,0,,,,,-0.541794462827966,0.0,0.0,0.0,0.0,0.0,0.0,1.0,0.0,0.0,0.0,0.0,0.0,0.0,0.0,0.0,C.Wentz,,J.Oliver,,,,,,,17
MIN,GB,1,MIN,GB,MIN,60.0,2.0,run,4.0,0,0,0,,,,,-0.51403801003471,0.0,0.0,0.0,0.0,0.0,1.0,0.0,0.0,0.0,0.0,0.0,0.0,0.0,0.0,0.0,,,,,A.Jones,4.0,,,,17
MIN,GB,1,MIN,GB,MIN,56.0,3.0,pass,0.0,0,0,0,,,,,-1.65761630889028,0.0,0.0,0.0,0.0,0.0,0.0,1.0,0.0,0.0,0.0,0.0,0.0,0.0,0.0,0.0,C.Wentz,,J.Addison,,,,,,,17
MIN,GB,1,MIN,GB,MIN,56.0,4.0,punt,0.0,0,0,0,,,,,-0.0919966986402869,0.0,0.0,0.0,0.0,0.0,0.0,0.0,0.0,0.0,0.0,0.0,0.0,0.0,0.0,0.0,,,,,,,,,,17
MIN,GB,1,GB,MIN,GB,87.0,1.0,pass,13.0,0,0,0,,,,,0.891466982197017,0.0,0.0,0.0,0.0,0.0,0.0,1.0,0.0,0.0,0.0,0.0,0.0,0.0,0.0,1.0,J.Love,13.0,M.Golden,13.0,,,,,,17
MIN,GB,1,GB,MIN,GB,74.0,1.0,run,6.0,0,0,0,,,,,0.259974983055145,0.0,0.0,0.0,0.0,0.0,1.0,0.0,0.0,0.0,0.0,0.0,0.0,0.0,0.0,0.0,,,,,M.Lloyd,6.0,,,,17
MIN,GB,1,GB,MIN,GB,68.0,2.0,run,4.0,0,0,0,,,,,0.402413717936724,0.0,0.0,0.0,0.0,0.0,1.0,0.0,0.0,0.0,0.0,0.0,0.0,0.0,0.0,0.0,,,,,M.Lloyd,4.0,,,,17
MIN,GB,1,GB,MIN,GB,64.0,1.0,run,1.0,0,0,0,,,,,-0.556534922216088,0.0,0.0,0.0,0.0,0.0,1.0,0.0,0.0,0.0,0.0,0.0,0.0,0.0,0.0,0.0,,,,,M.Lloyd,1.0,,,,17
MIN,GB,1,GB,MIN,GB,63.0,2.0,run,5.0,0,0,0,,,,,-0.163752920459956,0.0,0.0,0.0,0.0,0.0,1.0,0.0,0.0,0.0,0.0,0.0,0.0,0.0,0.0,0.0,,,,,C.Brooks,5.0,,,,17
MIN,GB,1,GB,MIN,GB,58.0,3.0,pass,6.0,0,0,0,,,,,1.51211953093298,1.0,0.0,0.0,0.0,0.0,0.0,1.0,0.0,0.0,0.0,0.0,0.0,0.0,0.0,1.0,J.Love,6.0,J.Reed,6.0,,,,,,17
MIN,GB,1,GB,MIN,GB,52.0,1.0,run,2.0,0,0,0,,,,,-0.4728655773215,0.0,0.0,0.0,0.0,0.0,1.0,0.0,0.0,0.0,0.0,0.0,0.0,0.0,0.0,0.0,,,,,M.Lloyd,2.0,,,,17
MIN,GB,1,GB,MIN,50,50.0,2.0,pass,43.0,0,0,0,,,,,3.48335477989167,0.0,0.0,0.0,0.0,0.0,0.0,1.0,0.0,0.0,0.0,0.0,0.0,0.0,0.0,1.0,J.Love,43.0,J.Smith,43.0,,,,,,17
MIN,GB,1,GB,MIN,MIN,7.0,1.0,run,-1.0,0,0,0,,,,,-0.691507459268905,0.0,0.0,0.0,0.0,0.0,1.0,0.0,0.0,0.0,0.0,0.0,0.0,0.0,0.0,0.0,,,,,M.Lloyd,-1.0,,,,17
MIN,GB,1,GB,MIN,MIN,8.0,2.0,pass,0.0,0,0,0,,,,,-0.715094108134508,0.0,0.0,0.0,0.0,0.0,0.0,1.0,0.0,0.0,0.0,0.0,0.0,0.0,0.0,0.0,J.Love,,M.Golden,,,,,,,17
MIN,GB,1,,,,,,no_play,0.0,0,0,0,,,,,0.0,0.0,0.0,0.0,0.0,0.0,0.0,0.0,0.0,0.0,0.0,0.0,0.0,0.0,0.0,0.0,,,,,,,,,,17
MIN,GB,1,GB,MIN,MIN,8.0,3.0,pass,0.0,0,0,0,,,,,-1.21585602153651,0.0,0.0,0.0,0.0,0.0,0.0,1.0,0.0,0.0,0.0,0.0,0.0,0.0,0.0,0.0,J.Love,,J.Reed,,,,,,,17
MIN,GB,1,GB,MIN,MIN,8.0,4.0,field_goal,0.0,0,0,0,made,,,,0.0536507048280819,0.0,0.0,0.0,0.0,0.0,0.0,0.0,0.0,0.0,0.0,0.0,0.0,0.0,0.0,0.0,,,,,,,,,,17
MIN,GB,1,MIN,GB,GB,35.0,,kickoff,0.0,0,0,0,,,,,2.85118216532283,0.0,0.0,0.0,0.0,0.0,0.0,0.0,0.0,0.0,0.0,0.0,0.0,0.0,1.0,0.0,,,,,,,,,,17
MIN,GB,1,MIN,GB,GB,28.0,1.0,pass,9.0,0,0,0,,,,,0.690871158847585,0.0,0.0,0.0,0.0,0.0,0.0,1.0,0.0,0.0,0.0,0.0,0.0,0.0,0.0,1.0,C.Wentz,9.0,J.Oliver,9.0,,,,,,17
MIN,GB,1,MIN,GB,GB,19.0,2.0,run,0.0,0,0,0,,,,,-0.515266800881364,0.0,0.0,0.0,0.0,0.0,1.0,0.0,0.0,0.0,0.0,0.0,0.0,0.0,0.0,0.0,,,,,J.Mason,0.0,,,,17
MIN,GB,1,MIN,GB,GB,19.0,3.0,run,1.0,0,0,0,,,,,0.542821971932426,1.0,0.0,0.0,0.0,0.0,1.0,0.0,0.0,0.0,0.0,0.0,0.0,0.0,0.0,0.0,,,,,A.Jones,1.0,,,,17
MIN,GB,1,MIN,GB,GB,18.0,1.0,pass,0.0,0,0,0,,,,,-0.48007119866088,0.0,0.0,0.0,0.0,0.0,0.0,1.0,0.0,0.0,0.0,0.0,0.0,0.0,0.0,0.0,C.Wentz,,T.Hockenson,,,,,,,17
MIN,GB,1,MIN,GB,GB,18.0,2.0,run,2.0,0,0,0,,,,,-0.754646645858884,0.0,0.0,0.0,0.0,0.0,1.0,0.0,0.0,0.0,0.0,0.0,0.0,0.0,0.0,0.0,,,,,A.Jones,2.0,,,,17
MIN,GB,1,MIN,GB,GB,16.0,3.0,pass,16.0,0,0,0,,,,MIN,3.09579677961301,1.0,0.0,0.0,0.0,0.0,0.0,1.0,0.0,1.0,1.0,0.0,0.0,0.0,0.0,1.0,C.Wentz,16.0,T.Hockenson,16.0,,,,,,17
MIN,GB,1,MIN,GB,GB,15.0,,extra_point,0.0,0,0,0,,good,,,0.0511715660706391,0.0,0.0,0.0,0.0,0.0,0.0,0.0,0.0,0.0,0.0,0.0,1.0,0.0,0.0,0.0,,,,,,,,,,17
MIN,GB,1,GB,MIN,MIN,35.0,,kickoff,0.0,0,0,0,,,,,0.260963592445478,0.0,0.0,0.0,0.0,0.0,0.0,0.0,0.0,0.0,0.0,0.0,0.0,0.0,1.0,0.0,,,,,,,,,,17
MIN,GB,1,GB,MIN,GB,71.0,1.0,run,6.0,0,0,0,,,,,0.0585524037014693,0.0,0.0,0.0,0.0,0.0,1.0,0.0,0.0,0.0,0.0,0.0,0.0,0.0,0.0,0.0,,,,,M.Lloyd,6.0,,,,17
MIN,GB,1,GB,MIN,GB,65.0,2.0,pass,7.0,0,0,0,,,,,0.629595441510901,0.0,0.0,0.0,0.0,0.0,0.0,1.0,0.0,0.0,0.0,0.0,0.0,0.0,0.0,1.0,J.Love,7.0,M.Golden,7.0,,,,,,17
MIN,GB,1,GB,MIN,GB,58.0,1.0,pass,-10.0,0,0,0,,,,,-1.44252931443043,0.0,0.0,0.0,0.0,0.0,0.0,1.0,1.0,0.0,0.0,0.0,0.0,0.0,0.0,0.0,J.Love,,,,,,,,,17
MIN,GB,1,GB,MIN,,,,,,0,0,0,,,,,0.0,,,,,,,,,,,,,,,,,,,,,,,,,17
MIN,GB,1,GB,MIN,GB,68.0,2.0,pass,42.0,0,0,0,,,,,3.49045452952851,0.0,0.0,0.0,0.0,0.0,0.0,1.0,0.0,0.0,0.0,0.0,0.0,0.0,0.0,1.0,J.Love,42.0,M.Golden,42.0,,,,,,17
MIN,GB,1,GB,MIN,MIN,26.0,1.0,run,4.0,0,0,0,,,,,-0.156281309900805,0.0,0.0,0.0,0.0,0.0,1.0,0.0,0.0,0.0,0.0,0.0,0.0,0.0,0.0,0.0,,,,,M.Lloyd,4.0,,,,17
MIN,GB,1,GB,MIN,MIN,22.0,2.0,pass,0.0,0,0,0,,,,,-0.636389682651497,0.0,0.0,0.0,0.0,0.0,0.0,1.0,0.0,0.0,0.0,0.0,0.0,0.0,0.0,0.0,J.Love,,T.Kraft,,,,,,,17
MIN,GB,1,GB,MIN,MIN,22.0,3.0,pass,0.0,0,0,0,,,,,-1.21714895660989,0.0,0.0,0.0,0.0,0.0,0.0,1.0,0.0,0.0,0.0,0.0,0.0,0.0,0.0,0.0,J.Love,,M.Golden,,,,,,,17
MIN,GB,1,GB,MIN,MIN,22.0,4.0,no_play,0.0,0,0,0,,,,,1.01647115580272,0.0,0.0,0.0,1.0,0.0,0.0,0.0,0.0,0.0,0.0,0.0,0.0,0.0,0.0,0.0,,,,,,,,MIN,5.0,17
MIN,GB,1,GB,MIN,MIN,17.0,4.0,run,0.0,0,0,0,,,,,-4.35180443932768,0.0,0.0,0.0,0.0,0.0,1.0,0.0,0.0,0.0,0.0,0.0,0.0,0.0,0.0,0.0,,,,,J.Love,0.0,,,,17
MIN,GB,1,MIN,GB,MIN,83.0,1.0,no_play,0.0,0,0,0,,,,,0.551883831620216,0.0,0.0,0.0,1.0,0.0,0.0,0.0,0.0,0.0,0.0,0.0,0.0,0.0,0.0,0.0,,,,,,,,GB,5.0,17
MIN,GB,1,MIN,GB,MIN,78.0,1.0,pass,13.0,0,0,0,,,,,0.430680156685412,0.0,0.0,0.0,0.0,0.0,0.0,1.0,0.0,0.0,0.0,0.0,0.0,0.0,0.0,1.0,C.Wentz,13.0,J.Oliver,13.0,,,,,,17
MIN,GB,1,MIN,GB,MIN,65.0,1.0,run,5.0,0,0,0,,,,,-0.0071854980196803,0.0,0.0,0.0,0.0,0.0,1.0,0.0,0.0,0.0,0.0,0.0,0.0,0.0,0.0,0.0,,,,,A.Jones,5.0,,,,17
MIN,GB,1,MIN,GB,MIN,60.0,2.0,pass,-6.0,0,0,0,,,,,-1.65853106044233,0.0,0.0,0.0,0.0,0.0,0.0,1.0,1.0,0.0,0.0,0.0,0.0,0.0,0.0,0.0,C.Wentz,,,,,,,,,17
MIN,GB,1,MIN,GB,MIN,66.0,3.0,no_play,0.0,0,0,0,,,,,1.98742033494636,0.0,0.0,0.0,1.0,0.0,0.0,0.0,0.0,0.0,0.0,0.0,0.0,0.0,0.0,0.0,,,,,,,,GB,5.0,17
MIN,GB,1,MIN,GB,MIN,61.0,1.0,run,5.0,0,0,0,,,,,-0.0693595197517425,0.0,0.0,0.0,0.0,0.0,1.0,0.0,0.0,0.0,0.0,0.0,0.0,0.0,0.0,0.0,,,,,J.Mason,5.0,,,,17
MIN,GB,1,MIN,GB,MIN,56.0,2.0,pass,2.0,0,0,0,,,,,-0.53091444936581,0.0,0.0,0.0,0.0,0.0,0.0,1.0,0.0,0.0,0.0,0.0,0.0,0.0,0.0,1.0,C.Wentz,2.0,J.Jefferson,2.0,,,,,,17
MIN,GB,1,MIN,GB,MIN,54.0,3.0,no_play,0.0,0,0,0,,,,,1.86522086686455,0.0,0.0,0.0,1.0,0.0,0.0,0.0,0.0,0.0,0.0,0.0,0.0,0.0,0.0,0.0,,,,,,,,GB,15.0,17
MIN,GB,1,MIN,GB,GB,39.0,1.0,run,28.0,0,0,0,,,,,1.67413893132471,0.0,0.0,0.0,0.0,0.0,1.0,0.0,0.0,0.0,0.0,0.0,0.0,0.0,0.0,0.0,,,,,J.Mason,28.0,,,,17
MIN,GB,1,MIN,GB,GB,11.0,1.0,pass,5.0,0,0,0,,,,,0.190456180484034,0.0,0.0,0.0,0.0,0.0,0.0,1.0,0.0,0.0,0.0,0.0,0.0,0.0,0.0,1.0,C.Wentz,5.0,J.Jefferson,5.0,,,,,,17
MIN,GB,1,MIN,GB,GB,6.0,2.0,run,0.0,0,0,0,,,,,-0.963128703238908,0.0,0.0,0.0,0.0,0.0,1.0,0.0,0.0,0.0,0.0,0.0,0.0,0.0,0.0,0.0,,,,,J.Mason,0.0,,,,17
MIN,GB,1,MIN,GB,GB,6.0,3.0,no_play,0.0,0,0,0,,,,,1.73139964870643,0.0,0.0,0.0,1.0,0.0,0.0,0.0,0.0,0.0,0.0,0.0,0.0,0.0,0.0,0.0,,,,,,,,GB,3.0,17
MIN,GB,1,MIN,GB,GB,3.0,1.0,run,3.0,0,0,0,,,,MIN,0.91157144337194,0.0,0.0,0.0,0.0,0.0,1.0,0.0,0.0,1.0,0.0,1.0,0.0,0.0,0.0,0.0,,,,,A.Jones,3.0,,,,17
MIN,GB,1,MIN,GB,GB,2.0,,pass,2.0,0,0,0,,,success,,1.053,0.0,0.0,0.0,0.0,0.0,0.0,1.0,0.0,0.0,0.0,0.0,0.0,1.0,0.0,0.0,C.Wentz,,J.Jefferson,,,,,,,17
MIN,GB,1,GB,MIN,MIN,35.0,,kickoff,0.0,0,0,0,,,,,0.365635637193918,0.0,0.0,0.0,0.0,0.0,0.0,0.0,0.0,0.0,0.0,0.0,0.0,0.0,1.0,0.0,,,,,,,,,,17
MIN,GB,1,GB,MIN,GB,70.0,1.0,run,-3.0,0,0,0,,,,,-1.33095537917689,0.0,0.0,0.0,0.0,0.0,1.0,0.0,0.0,0.0,0.0,0.0,0.0,0.0,0.0,0.0,,,,,M.Lloyd,-3.0,,,,17
MIN,GB,1,GB,MIN,GB,73.0,2.0,pass,-4.0,0,0,0,,,,,-1.00918606808409,0.0,0.0,0.0,0.0,0.0,0.0,1.0,1.0,0.0,0.0,0.0,0.0,0.0,0.0,0.0,J.Love,,,,,,J.Love,,,17
MIN,GB,1,GB,MIN,GB,77.0,3.0,pass,-15.0,0,0,0,,,,,-5.84355550506734,0.0,0.0,0.0,0.0,1.0,0.0,1.0,1.0,0.0,0.0,0.0,0.0,0.0,0.0,0.0,J.Love,,,,,,J.Love,,,17
MIN,GB,1,MIN,GB,GB,1.0,1.0,run,1.0,0,0,0,,,,MIN,0.56244787023752,0.0,0.0,0.0,0.0,0.0,1.0,0.0,0.0,1.0,0.0,1.0,0.0,0.0,0.0,0.0,,,,,J.Mason,1.0,,,,17
MIN,GB,1,MIN,GB,GB,15.0,,extra_point,0.0,0,0,0,,good,,,0.0511715660706391,0.0,0.0,0.0,0.0,0.0,0.0,0.0,0.0,0.0,0.0,0.0,1.0,0.0,0.0,0.0,,,,,,,,,,17
MIN,GB,1,GB,MIN,MIN,35.0,,kickoff,0.0,0,0,0,,,,,-0.0188983045518398,0.0,0.0,0.0,0.0,0.0,0.0,0.0,0.0,0.0,0.0,0.0,0.0,0.0,1.0,0.0,,,,,,,,,,17
MIN,GB,1,GB,MIN,GB,75.0,1.0,pass,7.0,0,0,0,,,,,0.470721763093025,0.0,0.0,0.0,0.0,0.0,0.0,1.0,0.0,0.0,0.0,0.0,0.0,0.0,0.0,1.0,J.Love,7.0,J.Reed,7.0,,,,,,17
MIN,GB,1,GB,MIN,GB,68.0,2.0,pass,0.0,0,0,0,,,,,-6.60902274830733,0.0,0.0,1.0,0.0,0.0,0.0,1.0,0.0,0.0,0.0,0.0,0.0,0.0,0.0,0.0,J.Love,,C.Watson,,,,,,,17
MIN,GB,1,MIN,GB,GB,14.0,1.0,run,2.0,0,0,0,,,,,-0.465852112683933,0.0,0.0,0.0,0.0,0.0,1.0,0.0,0.0,0.0,0.0,0.0,0.0,0.0,0.0,0.0,,,,,A.Jones,2.0,,,,17
MIN,GB,1,,,,,,no_play,0.0,0,0,0,,,,,0.0,0.0,0.0,0.0,0.0,0.0,0.0,0.0,0.0,0.0,0.0,0.0,0.0,0.0,0.0,0.0,,,,,,,,,,17
MIN,GB,1,MIN,GB,GB,12.0,2.0,run,3.0,0,0,0,,,,,-0.427355727995746,0.0,0.0,0.0,0.0,0.0,1.0,0.0,0.0,0.0,0.0,0.0,0.0,0.0,0.0,0.0,,,,,J.Mason,3.0,,,,17
MIN,GB,1,,,,,,no_play,0.0,0,0,0,,,,,0.0,0.0,0.0,0.0,0.0,0.0,0.0,0.0,0.0,0.0,0.0,0.0,0.0,0.0,0.0,0.0,,,,,,,,,,17
MIN,GB,1,MIN,GB,GB,9.0,3.0,pass,9.0,0,0,0,,,,MIN,2.94530789501732,1.0,0.0,0.0,0.0,0.0,0.0,1.0,0.0,1.0,1.0,0.0,0.0,0.0,0.0,1.0,C.Wentz,9.0,J.Jefferson,9.0,,,,,,17
MIN,GB,1,MIN,GB,GB,15.0,,extra_point,0.0,0,0,0,,good,,,0.0511715660706391,0.0,0.0,0.0,0.0,0.0,0.0,0.0,0.0,0.0,0.0,0.0,1.0,0.0,0.0,0.0,,,,,,,,,,17
MIN,GB,1,GB,MIN,MIN,35.0,,kickoff,0.0,0,0,0,,,,,0.57894249248784,0.0,0.0,0.0,0.0,0.0,0.0,0.0,0.0,0.0,0.0,0.0,0.0,0.0,1.0,0.0,,,,,,,,,,17
MIN,GB,1,GB,MIN,GB,65.0,1.0,pass,0.0,0,0,0,,,,,-0.534662779071368,0.0,0.0,0.0,0.0,0.0,0.0,1.0,0.0,0.0,0.0,0.0,0.0,0.0,0.0,0.0,J.Love,,M.Golden,,,,,,,17
MIN,GB,1,GB,MIN,GB,65.0,2.0,pass,16.0,0,0,0,,,,,1.36536495515611,0.0,0.0,0.0,0.0,0.0,0.0,1.0,0.0,0.0,0.0,0.0,0.0,0.0,0.0,1.0,J.Love,16.0,C.Watson,16.0,,,,,,17
MIN,GB,1,GB,MIN,MIN,49.0,1.0,pass,-5.0,0,0,0,,,,,-1.09250039490871,0.0,0.0,0.0,0.0,0.0,0.0,1.0,1.0,0.0,0.0,0.0,0.0,0.0,0.0,0.0,J.Love,,,,,,,,,17
MIN,GB,1,GB,MIN,GB,54.0,2.0,pass,20.0,0,0,0,,,,,1.87004261510447,0.0,0.0,0.0,0.0,0.0,0.0,1.0,0.0,0.0,0.0,0.0,0.0,0.0,0.0,1.0,J.Love,20.0,M.Golden,20.0,,,,,,17
MIN,GB,1,GB,MIN,MIN,34.0,1.0,pass,0.0,0,0,0,,,,,-0.468834761180915,0.0,0.0,0.0,0.0,0.0,0.0,1.0,0.0,0.0,0.0,0.0,0.0,0.0,0.0,0.0,J.Love,,J.Reed,,,,,,,17
MIN,GB,1,GB,MIN,MIN,34.0,2.0,pass,7.0,0,0,0,,,,,0.305595368496142,0.0,0.0,0.0,0.0,0.0,0.0,1.0,0.0,0.0,0.0,0.0,0.0,0.0,0.0,1.0,J.Love,7.0,J.Reed,7.0,,,,,,17
MIN,GB,1,GB,MIN,MIN,27.0,3.0,pass,7.0,0,0,0,,,,,1.13192783255363,1.0,0.0,0.0,0.0,0.0,0.0,1.0,0.0,0.0,0.0,0.0,0.0,0.0,0.0,1.0,J.Love,7.0,J.Smith,7.0,,,,,,17
MIN,GB,1,GB,MIN,MIN,20.0,1.0,pass,0.0,0,0,0,,,,,-0.51332720508799,0.0,0.0,0.0,0.0,0.0,0.0,1.0,0.0,0.0,0.0,0.0,0.0,0.0,0.0,0.0,J.Love,,M.Lloyd,,,,,,,17
MIN,GB,1,GB,MIN,MIN,20.0,2.0,pass,8.0,0,0,0,,,,,0.545924122503493,0.0,0.0,0.0,0.0,0.0,0.0,1.0,0.0,0.0,0.0,0.0,0.0,0.0,0.0,1.0,J.Love,8.0,M.Golden,8.0,,,,,,17
MIN,GB,1,GB,MIN,MIN,12.0,3.0,pass,0.0,0,0,0,,,,,-1.58187881822232,0.0,0.0,0.0,0.0,0.0,0.0,1.0,0.0,0.0,0.0,0.0,0.0,0.0,0.0,0.0,J.Love,,M.Golden,,,,,,,17
MIN,GB,1,GB,MIN,MIN,12.0,4.0,pass,0.0,0,0,0,,,,,-3.66071927163284,0.0,0.0,0.0,0.0,0.0,0.0,1.0,0.0,0.0,0.0,0.0,0.0,0.0,0.0,0.0,J.Love,,S.Moore,,,,,,,17
MIN,GB,1,MIN,GB,MIN,88.0,1.0,run,3.0,0,0,0,,,,,-0.63855187734589,0.0,0.0,0.0,0.0,0.0,1.0,0.0,0.0,0.0,0.0,0.0,0.0,0.0,0.0,0.0,,,,,J.Mason,3.0,,,,17
MIN,GB,1,MIN,GB,MIN,85.0,2.0,qb_kneel,-1.0,1,0,0,,,,,0.0,0.0,0.0,0.0,0.0,0.0,1.0,0.0,0.0,0.0,0.0,0.0,0.0,0.0,0.0,0.0,,,,,C.Wentz,-1.0,,,,17
MIN,GB,1,MIN,GB,MIN,86.0,3.0,qb_kneel,-1.0,1,0,0,,,,,0.0,0.0,0.0,0.0,0.0,0.0,1.0,0.0,0.0,0.0,0.0,0.0,0.0,0.0,0.0,0.0,,,,,C.Wentz,-1.0,,,,17
MIN,GB,1,MIN,GB,,,,,,0,0,0,,,,,,,,,,,,,,,,,,,,,,,,,,,,,,17
LV,MIA,1,,,,,,,,0,0,0,,,,,0.0,,,,,,,,,,,,,,,,,,,,,,,,,14
LV,MIA,1,MIA,LV,LV,35.0,,kickoff,0.0,0,0,0,,,,,0.0325369774363935,0.0,0.0,0.0,0.0,0.0,0.0,0.0,0.0,0.0,0.0,0.0,0.0,0.0,1.0,0.0,,,,,,,,,,14
LV,MIA,1,MIA,LV,MIA,75.0,1.0,run,4.0,0,0,0,,,,,-0.0759375486522913,0.0,0.0,0.0,0.0,0.0,1.0,0.0,0.0,0.0,0.0,0.0,0.0,0.0,0.0,0.0,,,,,D.Achane,4.0,,,,14
LV,MIA,1,MIA,LV,MIA,71.0,2.0,run,7.0,0,0,1,,,,,0.817078109364957,0.0,0.0,0.0,0.0,0.0,1.0,0.0,0.0,0.0,0.0,0.0,0.0,0.0,0.0,0.0,,,,,M.Willis,7.0,,,,14
LV,MIA,1,MIA,LV,MIA,64.0,1.0,run,-2.0,0,0,0,,,,,-1.01505767926574,0.0,0.0,0.0,0.0,0.0,1.0,0.0,0.0,0.0,0.0,0.0,0.0,0.0,0.0,0.0,,,,,D.Achane,-2.0,,,,14
LV,MIA,1,MIA,LV,MIA,66.0,2.0,pass,7.0,0,0,0,,,,,0.120382512919605,0.0,0.0,0.0,0.0,0.0,0.0,1.0,0.0,0.0,0.0,0.0,0.0,0.0,0.0,1.0,M.Willis,7.0,D.Achane,7.0,,,,,,14
LV,MIA,1,MIA,LV,MIA,59.0,3.0,pass,14.0,0,0,0,,,,,2.14040739787743,1.0,0.0,0.0,0.0,0.0,0.0,1.0,0.0,0.0,0.0,0.0,0.0,0.0,0.0,1.0,M.Willis,14.0,D.Achane,14.0,,,,,,14
LV,MIA,1,MIA,LV,LV,45.0,1.0,run,0.0,0,0,0,,,,,-0.565376506885514,0.0,0.0,0.0,0.0,0.0,1.0,0.0,0.0,0.0,0.0,0.0,0.0,0.0,0.0,0.0,,,,,M.Willis,0.0,,,,14
LV,MIA,1,MIA,LV,LV,45.0,2.0,pass,0.0,0,0,0,,,,,-0.884799868799746,0.0,0.0,0.0,0.0,0.0,0.0,1.0,0.0,0.0,0.0,0.0,0.0,0.0,0.0,0.0,M.Willis,,M.Washington,,,,,,,14
LV,MIA,1,MIA,LV,LV,45.0,3.0,no_play,0.0,0,0,0,,,,,-0.881997387390584,0.0,0.0,0.0,1.0,0.0,0.0,0.0,0.0,0.0,0.0,0.0,0.0,0.0,0.0,0.0,,,,,,,,MIA,5.0,14
LV,MIA,1,MIA,LV,50,50.0,3.0,run,6.0,0,0,1,,,,,-0.970811216160655,0.0,0.0,0.0,0.0,0.0,1.0,0.0,0.0,0.0,0.0,0.0,0.0,0.0,0.0,0.0,,,,,M.Willis,6.0,,,,14
LV,MIA,1,MIA,LV,LV,44.0,4.0,punt,0.0,0,0,0,,,,,-0.13511306559667,0.0,0.0,0.0,0.0,0.0,0.0,0.0,0.0,0.0,0.0,0.0,0.0,0.0,0.0,0.0,,,,,,,,,,14
LV,MIA,1,LV,MIA,LV,93.0,1.0,run,11.0,0,0,0,,,,,0.742575965588912,0.0,0.0,0.0,0.0,0.0,1.0,0.0,0.0,0.0,0.0,0.0,0.0,0.0,0.0,0.0,,,,,A.Jeanty,11.0,,,,14
LV,MIA,1,LV,MIA,LV,82.0,1.0,run,5.0,0,0,0,,,,,-0.173145203851163,0.0,0.0,0.0,0.0,0.0,1.0,0.0,0.0,0.0,0.0,0.0,0.0,0.0,0.0,0.0,,,,,A.Jeanty,5.0,,,,14
LV,MIA,1,LV,MIA,LV,77.0,2.0,run,-1.0,0,0,0,,,,,-0.993756381329149,0.0,0.0,0.0,0.0,0.0,1.0,0.0,0.0,0.0,0.0,0.0,0.0,0.0,0.0,0.0,,,,,A.Jeanty,-1.0,,,,14
LV,MIA,1,LV,MIA,LV,78.0,3.0,pass,8.0,0,0,0,,,,,2.02357515785843,1.0,0.0,0.0,0.0,0.0,0.0,1.0,0.0,0.0,0.0,0.0,0.0,0.0,0.0,1.0,K.Cousins,8.0,J.Nailor,8.0,,,,,,14
LV,MIA,1,LV,MIA,LV,70.0,1.0,pass,6.0,0,0,0,,,,,0.181956221349537,0.0,0.0,0.0,0.0,0.0,0.0,1.0,0.0,0.0,0.0,0.0,0.0,0.0,0.0,1.0,K.Cousins,6.0,M.Benson,6.0,,,,,,14
LV,MIA,1,LV,MIA,LV,64.0,2.0,pass,7.0,0,0,0,,,,,0.54096750356257,0.0,0.0,0.0,0.0,0.0,0.0,1.0,0.0,0.0,0.0,0.0,0.0,0.0,0.0,1.0,K.Cousins,7.0,M.Mayer,7.0,,,,,,14
LV,MIA,1,LV,MIA,LV,57.0,1.0,pass,14.0,0,0,0,,,,,0.707098898477852,0.0,0.0,0.0,0.0,0.0,0.0,1.0,0.0,0.0,0.0,0.0,0.0,0.0,0.0,1.0,K.Cousins,14.0,M.Mayer,14.0,,,,,,14
LV,MIA,1,LV,MIA,MIA,43.0,1.0,pass,0.0,0,0,0,,,,,-0.525498485658318,0.0,0.0,0.0,0.0,0.0,0.0,1.0,0.0,0.0,0.0,0.0,0.0,0.0,0.0,1.0,K.Cousins,0.0,M.Mayer,0.0,,,,,,14
LV,MIA,1,LV,MIA,MIA,43.0,2.0,pass,6.0,0,0,0,,,,,-0.0335369072854519,0.0,0.0,0.0,0.0,0.0,0.0,1.0,0.0,0.0,0.0,0.0,0.0,0.0,0.0,1.0,K.Cousins,6.0,T.Tucker,6.0,,,,,,14
LV,MIA,1,LV,MIA,MIA,37.0,3.0,run,3.0,0,0,0,,,,,-0.637159452075139,0.0,0.0,0.0,0.0,0.0,1.0,0.0,0.0,0.0,0.0,0.0,0.0,0.0,0.0,0.0,,,,,A.Jeanty,3.0,,,,14
LV,MIA,1,LV,MIA,MIA,34.0,4.0,run,1.0,0,0,0,,,,,1.84822383732535,0.0,1.0,0.0,0.0,0.0,1.0,0.0,0.0,0.0,0.0,0.0,0.0,0.0,0.0,0.0,,,,,C.Heyward,1.0,,,,14
LV,MIA,1,LV,MIA,MIA,33.0,1.0,pass,5.0,0,0,0,,,,,0.127842547022738,0.0,0.0,0.0,0.0,0.0,0.0,1.0,0.0,0.0,0.0,0.0,0.0,0.0,0.0,1.0,K.Cousins,5.0,A.Jeanty,5.0,,,,,,14
LV,MIA,1,LV,MIA,MIA,28.0,2.0,run,7.0,0,0,0,,,,,0.72346463194117,0.0,0.0,0.0,0.0,0.0,1.0,0.0,0.0,0.0,0.0,0.0,0.0,0.0,0.0,0.0,,,,,A.Jeanty,7.0,,,,14
LV,MIA,1,LV,MIA,MIA,21.0,1.0,run,3.0,0,0,1,,,,,-0.166499845334329,0.0,0.0,0.0,0.0,0.0,1.0,0.0,0.0,0.0,0.0,0.0,0.0,0.0,0.0,0.0,,,,,K.Cousins,3.0,,,,14
LV,MIA,1,LV,MIA,MIA,18.0,2.0,pass,3.0,0,0,0,,,,,-0.335354156210087,0.0,0.0,0.0,0.0,0.0,0.0,1.0,0.0,0.0,0.0,0.0,0.0,0.0,0.0,1.0,K.Cousins,3.0,J.Bech,3.0,,,,,,14
LV,MIA,1,LV,MIA,MIA,15.0,3.0,pass,15.0,0,0,0,,,,LV,2.55880875175353,1.0,0.0,0.0,0.0,0.0,0.0,1.0,0.0,1.0,1.0,0.0,0.0,0.0,0.0,1.0,K.Cousins,15.0,J.Bech,15.0,,,,,,14
LV,MIA,1,LV,MIA,MIA,15.0,,extra_point,0.0,0,0,0,,good,,,0.0511715660706391,0.0,0.0,0.0,0.0,0.0,0.0,0.0,0.0,0.0,0.0,0.0,1.0,0.0,0.0,0.0,,,,,,,,,,14
LV,MIA,1,MIA,LV,LV,35.0,,kickoff,0.0,0,0,0,,,,,-0.253802922088653,0.0,0.0,0.0,0.0,0.0,0.0,0.0,0.0,0.0,0.0,0.0,0.0,0.0,1.0,0.0,,,,,,,,,,14
LV,MIA,1,MIA,LV,MIA,76.0,1.0,run,2.0,0,0,0,,,,,-0.319245357066393,0.0,0.0,0.0,0.0,0.0,1.0,0.0,0.0,0.0,0.0,0.0,0.0,0.0,0.0,0.0,,,,,D.Achane,2.0,,,,14
LV,MIA,1,MIA,LV,MIA,74.0,2.0,pass,-7.0,0,0,0,,,,,-1.76514787459746,0.0,0.0,0.0,0.0,0.0,0.0,1.0,1.0,0.0,0.0,0.0,0.0,0.0,0.0,0.0,M.Willis,,,,,,,,,14
LV,MIA,1,MIA,LV,,,,,,0,0,0,,,,,0.0,,,,,,,,,,,,,,,,,,,,,,,,,14
LV,MIA,1,MIA,LV,MIA,81.0,3.0,pass,12.0,0,0,0,,,,,0.151007911190391,0.0,0.0,0.0,0.0,0.0,0.0,1.0,0.0,0.0,0.0,0.0,0.0,0.0,0.0,1.0,M.Willis,12.0,C.Douglas,12.0,,,,,,14
LV,MIA,1,MIA,LV,MIA,69.0,4.0,punt,0.0,0,0,0,,,,,-0.875506811309606,0.0,0.0,0.0,0.0,0.0,0.0,0.0,0.0,0.0,0.0,0.0,0.0,0.0,0.0,0.0,,,,,,,,,,14
LV,MIA,1,LV,MIA,LV,67.0,1.0,run,-8.0,0,0,0,,,,,-1.40319908829406,0.0,0.0,0.0,0.0,0.0,1.0,0.0,0.0,0.0,0.0,0.0,0.0,0.0,0.0,0.0,,,,,M.Benson,-8.0,,,,14
LV,MIA,1,LV,MIA,LV,75.0,2.0,pass,5.0,0,0,0,,,,,-0.520057792309672,0.0,0.0,0.0,0.0,0.0,0.0,1.0,0.0,0.0,0.0,0.0,0.0,0.0,0.0,1.0,K.Cousins,5.0,J.Bech,5.0,,,,,,14
LV,MIA,1,LV,MIA,LV,70.0,3.0,pass,0.0,0,0,0,,,,,2.57617446733639,0.0,0.0,0.0,1.0,0.0,0.0,1.0,0.0,0.0,0.0,0.0,0.0,0.0,0.0,0.0,K.Cousins,,T.Tucker,,,,,MIA,15.0,14
LV,MIA,1,LV,MIA,LV,55.0,1.0,run,8.0,0,0,0,,,,,0.52143437974155,0.0,0.0,0.0,0.0,0.0,1.0,0.0,0.0,0.0,0.0,0.0,0.0,0.0,0.0,0.0,,,,,A.Jeanty,8.0,,,,14
LV,MIA,1,LV,MIA,MIA,47.0,2.0,run,10.0,0,0,0,,,,,0.584108476992697,0.0,0.0,0.0,0.0,0.0,1.0,0.0,0.0,0.0,0.0,0.0,0.0,0.0,0.0,0.0,,,,,A.Jeanty,10.0,,,,14
LV,MIA,1,LV,MIA,MIA,37.0,1.0,run,3.0,0,0,0,,,,,-0.329621064011008,0.0,0.0,0.0,0.0,0.0,1.0,0.0,0.0,0.0,0.0,0.0,0.0,0.0,0.0,0.0,,,,,M.Washington,3.0,,,,14
LV,MIA,1,LV,MIA,MIA,34.0,2.0,pass,0.0,0,0,0,,,,,-0.750253529055044,0.0,0.0,0.0,0.0,0.0,0.0,1.0,0.0,0.0,0.0,0.0,0.0,0.0,0.0,0.0,K.Cousins,,C.White,,,,,,,14
LV,MIA,1,LV,MIA,MIA,34.0,3.0,pass,5.0,0,0,0,,,,,-0.871700898209834,0.0,0.0,0.0,0.0,0.0,0.0,1.0,0.0,0.0,0.0,0.0,0.0,0.0,0.0,1.0,K.Cousins,5.0,M.Mayer,5.0,,,,,,14
LV,MIA,1,LV,MIA,MIA,29.0,4.0,field_goal,0.0,0,0,0,made,,,,1.27573113951484,0.0,0.0,0.0,0.0,0.0,0.0,0.0,0.0,0.0,0.0,0.0,0.0,0.0,0.0,0.0,,,,,,,,,,14
LV,MIA,1,MIA,LV,LV,35.0,,kickoff,0.0,0,0,0,,,,,0.382939530070871,0.0,0.0,0.0,0.0,0.0,0.0,0.0,0.0,0.0,0.0,0.0,0.0,0.0,1.0,0.0,,,,,,,,,,14
LV,MIA,1,MIA,LV,MIA,65.0,1.0,pass,0.0,0,0,0,,,,,-0.540670725982636,0.0,0.0,0.0,0.0,0.0,0.0,1.0,0.0,0.0,0.0,0.0,0.0,0.0,0.0,0.0,M.Willis,,M.Washington,,,,,,,14
LV,MIA,1,MIA,LV,MIA,65.0,2.0,run,10.0,0,0,0,,,,,1.19760842365213,0.0,0.0,0.0,0.0,0.0,1.0,0.0,0.0,0.0,0.0,0.0,0.0,0.0,0.0,0.0,,,,,D.Achane,10.0,,,,14
LV,MIA,1,MIA,LV,MIA,55.0,1.0,pass,6.0,0,0,0,,,,,0.327275566756725,0.0,0.0,0.0,0.0,0.0,0.0,1.0,0.0,0.0,0.0,0.0,0.0,0.0,0.0,1.0,M.Willis,6.0,G.Dulcich,6.0,,,,,,14
LV,MIA,1,MIA,LV,LV,49.0,2.0,run,5.0,0,0,0,,,,,0.339528626995161,0.0,0.0,0.0,0.0,0.0,1.0,0.0,0.0,0.0,0.0,0.0,0.0,0.0,0.0,0.0,,,,,D.Achane,5.0,,,,14
LV,MIA,1,MIA,LV,LV,44.0,1.0,run,1.0,0,0,0,,,,,-0.425150627270341,0.0,0.0,0.0,0.0,0.0,1.0,0.0,0.0,0.0,0.0,0.0,0.0,0.0,0.0,0.0,,,,,D.Achane,1.0,,,,14
LV,MIA,1,MIA,LV,LV,43.0,2.0,pass,12.0,0,0,0,,,,,1.31337607791647,0.0,0.0,0.0,0.0,0.0,0.0,1.0,0.0,0.0,0.0,0.0,0.0,0.0,0.0,1.0,M.Willis,12.0,G.Dulcich,12.0,,,,,,14
LV,MIA,1,MIA,LV,LV,31.0,1.0,no_play,0.0,0,0,0,,,,,0.506073451600969,0.0,0.0,0.0,1.0,0.0,0.0,0.0,0.0,0.0,0.0,0.0,0.0,0.0,0.0,0.0,,,,,,,,LV,5.0,14
LV,MIA,1,MIA,LV,LV,26.0,1.0,no_play,0.0,0,0,0,,,,,-1.20520570641384,0.0,0.0,0.0,1.0,0.0,0.0,0.0,0.0,0.0,0.0,0.0,0.0,0.0,0.0,0.0,,,,,,,,MIA,10.0,14
LV,MIA,1,MIA,LV,LV,36.0,1.0,no_play,0.0,0,0,0,,,,,-0.600144374882802,0.0,0.0,0.0,1.0,0.0,0.0,0.0,0.0,0.0,0.0,0.0,0.0,0.0,0.0,0.0,,,,,,,,MIA,10.0,14
LV,MIA,1,MIA,LV,LV,46.0,1.0,pass,-1.0,0,0,0,,,,,-0.589103923877701,0.0,0.0,0.0,0.0,0.0,0.0,1.0,0.0,0.0,0.0,0.0,0.0,0.0,0.0,1.0,M.Willis,-1.0,M.Washington,-1.0,,,,,,14
LV,MIA,1,MIA,LV,LV,47.0,2.0,pass,25.0,0,0,0,,,,,2.10375586827286,0.0,0.0,0.0,0.0,0.0,0.0,1.0,0.0,0.0,0.0,0.0,0.0,0.0,0.0,1.0,M.Willis,25.0,C.Douglas,25.0,,,,,,14
LV,MIA,1,MIA,LV,LV,22.0,3.0,run,-1.0,0,0,0,,,,,-1.899617470162,0.0,0.0,0.0,0.0,0.0,1.0,0.0,0.0,0.0,0.0,0.0,0.0,0.0,0.0,0.0,,,,,D.Achane,-1.0,,,,14
LV,MIA,1,MIA,LV,LV,23.0,4.0,field_goal,0.0,0,0,0,made,,,,0.773392505072069,0.0,0.0,0.0,0.0,0.0,0.0,0.0,0.0,0.0,0.0,0.0,0.0,0.0,0.0,0.0,,,,,,,,,,14
LV,MIA,1,LV,MIA,MIA,35.0,,kickoff,0.0,0,0,0,,,,,1.3216032248456,0.0,0.0,0.0,0.0,0.0,0.0,0.0,0.0,0.0,0.0,0.0,0.0,0.0,1.0,0.0,,,,,,,,,,14
LV,MIA,1,LV,MIA,LV,54.0,1.0,run,8.0,0,0,0,,,,,0.484832663845737,0.0,0.0,0.0,0.0,0.0,1.0,0.0,0.0,0.0,0.0,0.0,0.0,0.0,0.0,0.0,,,,,M.Washington,8.0,,,,14
LV,MIA,1,LV,MIA,MIA,46.0,2.0,run,18.0,0,0,0,,,,,0.948803893465083,0.0,0.0,0.0,0.0,0.0,1.0,0.0,0.0,0.0,0.0,0.0,0.0,0.0,0.0,0.0,,,,,M.Washington,18.0,,,,14
LV,MIA,1,LV,MIA,MIA,28.0,1.0,run,6.0,0,0,0,,,,,0.514467785542365,0.0,0.0,0.0,0.0,0.0,1.0,0.0,0.0,0.0,0.0,0.0,0.0,0.0,0.0,0.0,,,,,M.Washington,6.0,,,,14
LV,MIA,1,LV,MIA,MIA,22.0,2.0,pass,7.0,0,0,0,,,,,0.483235879917629,0.0,0.0,0.0,0.0,0.0,0.0,1.0,0.0,0.0,0.0,0.0,0.0,0.0,0.0,1.0,K.Cousins,7.0,J.Nailor,7.0,,,,,,14
LV,MIA,1,LV,MIA,MIA,15.0,1.0,pass,0.0,0,0,0,,,,,-0.453797545807902,0.0,0.0,0.0,0.0,0.0,0.0,1.0,0.0,0.0,0.0,0.0,0.0,0.0,0.0,0.0,K.Cousins,,M.Mayer,,,,,,,14
LV,MIA,1,LV,MIA,MIA,15.0,2.0,pass,2.0,0,0,0,,,,,-0.549570429953747,0.0,0.0,0.0,0.0,0.0,0.0,1.0,0.0,0.0,0.0,0.0,0.0,0.0,0.0,1.0,K.Cousins,2.0,A.Jeanty,2.0,,,,,,14
LV,MIA,1,,,,,,no_play,0.0,0,0,0,,,,,0.0,0.0,0.0,0.0,0.0,0.0,0.0,0.0,0.0,0.0,0.0,0.0,0.0,0.0,0.0,0.0,,,,,,,,,,14
LV,MIA,1,LV,MIA,MIA,13.0,3.0,pass,13.0,0,0,0,,,,LV,3.25431277311873,1.0,0.0,0.0,0.0,0.0,0.0,1.0,0.0,1.0,1.0,0.0,0.0,0.0,0.0,1.0,K.Cousins,13.0,A.Jeanty,13.0,,,,,,14
LV,MIA,1,LV,MIA,MIA,15.0,,extra_point,0.0,0,0,0,,good,,,0.0511715660706391,0.0,0.0,0.0,0.0,0.0,0.0,0.0,0.0,0.0,0.0,0.0,1.0,0.0,0.0,0.0,,,,,,,,,,14
LV,MIA,1,MIA,LV,LV,35.0,,kickoff,0.0,0,0,0,,,,,0.0547933712368831,0.0,0.0,0.0,0.0,0.0,0.0,0.0,0.0,0.0,0.0,0.0,0.0,0.0,1.0,0.0,,,,,,,,,,14
LV,MIA,1,MIA,LV,MIA,70.0,1.0,pass,0.0,0,0,0,,,,,-0.28074141649995,0.0,0.0,0.0,0.0,0.0,0.0,1.0,0.0,0.0,0.0,0.0,0.0,0.0,0.0,0.0,M.Willis,,C.Bell,,,,,,,14
LV,MIA,1,MIA,LV,MIA,70.0,2.0,run,7.0,0,0,0,,,,,-0.13926034088945,0.0,0.0,0.0,0.0,0.0,1.0,0.0,0.0,0.0,0.0,0.0,0.0,0.0,0.0,0.0,,,,,D.Achane,7.0,,,,14
LV,MIA,1,,,,,,no_play,0.0,0,0,0,,,,,0.0,0.0,0.0,0.0,0.0,0.0,0.0,0.0,0.0,0.0,0.0,0.0,0.0,0.0,0.0,0.0,,,,,,,,,,14
LV,MIA,1,MIA,LV,MIA,63.0,3.0,pass,14.0,0,0,0,,,,,0.948792113747913,1.0,0.0,0.0,0.0,0.0,0.0,1.0,0.0,0.0,0.0,0.0,0.0,0.0,0.0,1.0,M.Willis,14.0,C.Douglas,14.0,,,,,,14
LV,MIA,1,MIA,LV,LV,49.0,1.0,pass,0.0,0,0,0,,,,,-0.451402913837228,0.0,0.0,0.0,0.0,0.0,0.0,1.0,0.0,0.0,0.0,0.0,0.0,0.0,0.0,0.0,M.Willis,,M.Washington,,,,,,,14
LV,MIA,1,,,,,,no_play,0.0,0,0,0,,,,,0.0,0.0,0.0,0.0,0.0,0.0,0.0,0.0,0.0,0.0,0.0,0.0,0.0,0.0,0.0,0.0,,,,,,,,,,14
LV,MIA,1,MIA,LV,LV,49.0,2.0,pass,30.0,0,0,0,,,,,1.55094302610421,0.0,0.0,0.0,0.0,0.0,0.0,1.0,0.0,0.0,0.0,0.0,0.0,0.0,0.0,1.0,M.Willis,30.0,C.Douglas,30.0,,,,,,14
LV,MIA,1,,,,,,no_play,0.0,0,0,0,,,,,0.0,0.0,0.0,0.0,0.0,0.0,0.0,0.0,0.0,0.0,0.0,0.0,0.0,0.0,0.0,0.0,,,,,,,,,,14
LV,MIA,1,MIA,LV,LV,19.0,1.0,field_goal,0.0,0,0,0,made,,,,0.303294849273088,0.0,0.0,0.0,0.0,0.0,0.0,0.0,0.0,0.0,0.0,0.0,0.0,0.0,0.0,0.0,,,,,,,,,,14
LV,MIA,1,,,,,,,,0,0,0,,,,,,,,,,,,,,,,,,,,,,,,,,,,,,14
LV,MIA,1,LV,MIA,MIA,35.0,,kickoff,0.0,0,0,0,,,,,0.520339129958302,0.0,0.0,0.0,0.0,0.0,0.0,0.0,0.0,0.0,0.0,0.0,0.0,0.0,1.0,0.0,,,,,,,,,,14
LV,MIA,1,LV,MIA,LV,65.0,1.0,run,3.0,0,0,0,,,,,-0.260353579651564,0.0,0.0,0.0,0.0,0.0,1.0,0.0,0.0,0.0,0.0,0.0,0.0,0.0,0.0,0.0,,,,,A.Jeanty,3.0,,,,14
LV,MIA,1,LV,MIA,LV,62.0,2.0,pass,0.0,0,0,0,,,,,-4.65861296537332,0.0,0.0,1.0,0.0,0.0,0.0,1.0,0.0,0.0,0.0,0.0,0.0,0.0,0.0,0.0,K.Cousins,,J.Bech,,,,,,,14
LV,MIA,1,MIA,LV,MIA,52.0,1.0,pass,25.0,0,0,0,,,,,1.7601014347747,0.0,0.0,0.0,0.0,0.0,0.0,1.0,0.0,0.0,0.0,0.0,0.0,0.0,0.0,1.0,M.Willis,25.0,C.Bell,25.0,,,,,,14
LV,MIA,1,MIA,LV,LV,27.0,1.0,pass,13.0,0,0,0,,,,,0.760169485933147,0.0,0.0,0.0,0.0,0.0,0.0,1.0,0.0,0.0,0.0,0.0,0.0,0.0,0.0,1.0,M.Willis,13.0,C.Douglas,13.0,,,,,,14
LV,MIA,1,MIA,LV,LV,14.0,1.0,no_play,0.0,0,0,0,,,,,-0.695315456017852,0.0,0.0,0.0,1.0,0.0,0.0,0.0,0.0,0.0,0.0,0.0,0.0,0.0,0.0,0.0,,,,,,,,MIA,5.0,14
LV,MIA,1,MIA,LV,LV,19.0,1.0,run,5.0,0,0,0,,,,,0.302749629248865,0.0,0.0,0.0,0.0,0.0,1.0,0.0,0.0,0.0,0.0,0.0,0.0,0.0,0.0,0.0,,,,,D.Achane,5.0,,,,14
LV,MIA,1,MIA,LV,LV,14.0,2.0,run,14.0,0,0,1,,,,MIA,2.31495147501119,0.0,0.0,0.0,0.0,0.0,1.0,0.0,0.0,1.0,0.0,1.0,0.0,0.0,0.0,0.0,,,,,M.Willis,14.0,,,,14
LV,MIA,1,MIA,LV,LV,15.0,,extra_point,0.0,0,0,0,,good,,,0.0511715660706391,0.0,0.0,0.0,0.0,0.0,0.0,0.0,0.0,0.0,0.0,0.0,1.0,0.0,0.0,0.0,,,,,,,,,,14
LV,MIA,1,LV,MIA,MIA,35.0,,kickoff,0.0,0,0,0,,,,,1.38564325077459,0.0,0.0,0.0,0.0,0.0,0.0,0.0,0.0,0.0,0.0,0.0,0.0,0.0,1.0,0.0,,,,,,,,,,14
LV,MIA,1,LV,MIA,50,50.0,1.0,run,5.0,0,0,0,,,,,-0.0497426837682724,0.0,0.0,0.0,0.0,0.0,1.0,0.0,0.0,0.0,0.0,0.0,0.0,0.0,0.0,0.0,,,,,A.Jeanty,5.0,,,,14
LV,MIA,1,LV,MIA,MIA,45.0,2.0,pass,21.0,0,0,0,,,,,1.72546495997813,0.0,0.0,0.0,0.0,0.0,0.0,1.0,0.0,0.0,0.0,0.0,0.0,0.0,0.0,1.0,K.Cousins,21.0,T.Tucker,21.0,,,,,,14
LV,MIA,1,LV,MIA,MIA,24.0,1.0,run,8.0,0,0,0,,,,,0.372103694593534,0.0,0.0,0.0,0.0,0.0,1.0,0.0,0.0,0.0,0.0,0.0,0.0,0.0,0.0,0.0,,,,,A.Jeanty,8.0,,,,14
LV,MIA,1,LV,MIA,MIA,16.0,2.0,run,3.0,0,0,0,,,,,0.13010935659986,0.0,0.0,0.0,0.0,0.0,1.0,0.0,0.0,0.0,0.0,0.0,0.0,0.0,0.0,0.0,,,,,A.Jeanty,3.0,,,,14
LV,MIA,1,LV,MIA,MIA,13.0,1.0,pass,13.0,0,0,0,,,,LV,1.58040107041597,0.0,0.0,0.0,0.0,0.0,0.0,1.0,0.0,1.0,1.0,0.0,0.0,0.0,0.0,1.0,K.Cousins,13.0,A.Jeanty,13.0,,,,,,14
LV,MIA,1,LV,MIA,MIA,15.0,,extra_point,0.0,0,0,0,,good,,,0.0511715660706391,0.0,0.0,0.0,0.0,0.0,0.0,0.0,0.0,0.0,0.0,0.0,1.0,0.0,0.0,0.0,,,,,,,,,,14
LV,MIA,1,MIA,LV,LV,35.0,,kickoff,0.0,0,0,0,,,,,-0.30325682554394,0.0,0.0,0.0,0.0,0.0,0.0,0.0,0.0,0.0,0.0,0.0,0.0,0.0,1.0,0.0,,,,,,,,,,14
LV,MIA,1,MIA,LV,MIA,77.0,1.0,pass,0.0,0,0,0,,,,,-0.635939047206193,0.0,0.0,0.0,0.0,0.0,0.0,1.0,0.0,0.0,0.0,0.0,0.0,0.0,0.0,0.0,M.Willis,,W.Kacmarek,,,,,,,14
LV,MIA,1,MIA,LV,MIA,77.0,2.0,pass,0.0,0,0,0,,,,,-2.29624688462354,0.0,0.0,1.0,0.0,0.0,0.0,1.0,0.0,0.0,0.0,0.0,0.0,0.0,0.0,0.0,M.Willis,,C.Douglas,,,,,,,14
LV,MIA,1,LV,MIA,LV,66.0,1.0,run,5.0,0,0,0,,,,,-0.0088154880795627,0.0,0.0,0.0,0.0,0.0,1.0,0.0,0.0,0.0,0.0,0.0,0.0,0.0,0.0,0.0,,,,,A.Jeanty,5.0,,,,14
LV,MIA,1,LV,MIA,LV,61.0,2.0,run,6.0,0,0,0,,,,,0.681598073337227,0.0,0.0,0.0,0.0,0.0,1.0,0.0,0.0,0.0,0.0,0.0,0.0,0.0,0.0,0.0,,,,,A.Jeanty,6.0,,,,14
LV,MIA,1,LV,MIA,LV,55.0,1.0,pass,0.0,0,0,0,,,,,-0.514124996960163,0.0,0.0,0.0,0.0,0.0,0.0,1.0,0.0,0.0,0.0,0.0,0.0,0.0,0.0,0.0,K.Cousins,,,,,,,,,14
LV,MIA,1,LV,MIA,LV,55.0,2.0,run,15.0,0,0,0,,,,,1.40122106228955,0.0,0.0,0.0,0.0,0.0,1.0,0.0,0.0,0.0,0.0,0.0,0.0,0.0,0.0,0.0,,,,,A.Jeanty,15.0,,,,14
LV,MIA,1,LV,MIA,MIA,40.0,1.0,run,4.0,0,0,0,,,,,-0.205942515749484,0.0,0.0,0.0,0.0,0.0,1.0,0.0,0.0,0.0,0.0,0.0,0.0,0.0,0.0,0.0,,,,,M.Washington,4.0,,,,14
LV,MIA,1,LV,MIA,MIA,36.0,2.0,pass,12.0,0,0,0,,,,,1.31249439553358,0.0,0.0,0.0,0.0,0.0,0.0,1.0,0.0,0.0,0.0,0.0,0.0,0.0,0.0,1.0,K.Cousins,12.0,J.Nailor,12.0,,,,,,14
LV,MIA,1,LV,MIA,MIA,24.0,1.0,run,7.0,0,0,0,,,,,0.289482931839302,0.0,0.0,0.0,0.0,0.0,1.0,0.0,0.0,0.0,0.0,0.0,0.0,0.0,0.0,0.0,,,,,A.Jeanty,7.0,,,,14
LV,MIA,1,LV,MIA,MIA,17.0,2.0,run,0.0,0,0,0,,,,,-0.689657585229725,0.0,0.0,0.0,0.0,0.0,1.0,0.0,0.0,0.0,0.0,0.0,0.0,0.0,0.0,0.0,,,,,A.Jeanty,0.0,,,,14
LV,MIA,1,LV,MIA,MIA,17.0,3.0,run,7.0,0,0,0,,,,,0.962771285208873,1.0,0.0,0.0,0.0,0.0,1.0,0.0,0.0,0.0,0.0,0.0,0.0,0.0,0.0,0.0,,,,,A.Jeanty,7.0,,,,14
LV,MIA,1,LV,MIA,MIA,10.0,1.0,pass,0.0,0,0,0,,,,,-0.470125098130666,0.0,0.0,0.0,0.0,0.0,0.0,1.0,0.0,0.0,0.0,0.0,0.0,0.0,0.0,0.0,K.Cousins,,T.Tucker,,,,,,,14
LV,MIA,1,LV,MIA,MIA,10.0,2.0,run,-1.0,0,0,0,,,,,-1.10499422333669,0.0,0.0,0.0,0.0,0.0,1.0,0.0,0.0,0.0,0.0,0.0,0.0,0.0,0.0,0.0,,,,,M.Washington,-1.0,,,,14
LV,MIA,1,LV,MIA,MIA,11.0,3.0,pass,4.0,0,0,0,,,,,-0.880629888328258,0.0,0.0,0.0,0.0,0.0,0.0,1.0,0.0,0.0,0.0,0.0,0.0,0.0,0.0,1.0,K.Cousins,4.0,A.Jeanty,4.0,,,,,,14
LV,MIA,1,LV,MIA,MIA,7.0,4.0,no_play,0.0,0,0,0,,,,,-0.0821641128194757,0.0,0.0,0.0,1.0,0.0,0.0,0.0,0.0,0.0,0.0,0.0,0.0,0.0,0.0,0.0,,,,,,,,LV,5.0,14
LV,MIA,1,LV,MIA,MIA,12.0,4.0,field_goal,0.0,0,0,0,made,,,,0.126569445294911,0.0,0.0,0.0,0.0,0.0,0.0,0.0,0.0,0.0,0.0,0.0,0.0,0.0,0.0,0.0,,,,,,,,,,14
LV,MIA,1,MIA,LV,LV,35.0,,kickoff,0.0,0,0,0,,,,,3.82581891037989,0.0,0.0,0.0,0.0,0.0,0.0,0.0,0.0,0.0,0.0,0.0,0.0,0.0,1.0,0.0,,,,,,,,,,14
LV,MIA,1,MIA,LV,LV,18.0,1.0,run,3.0,0,0,0,,,,,-0.23421199421864,0.0,0.0,0.0,0.0,0.0,1.0,0.0,0.0,0.0,0.0,0.0,0.0,0.0,0.0,0.0,,,,,D.Achane,3.0,,,,14
LV,MIA,1,MIA,LV,LV,15.0,2.0,run,2.0,0,0,0,,,,,-0.440993574680761,0.0,0.0,0.0,0.0,0.0,1.0,0.0,0.0,0.0,0.0,0.0,0.0,0.0,0.0,0.0,,,,,D.Achane,2.0,,,,14
LV,MIA,1,MIA,LV,LV,13.0,3.0,pass,-10.0,0,0,0,,,,,-2.01400775288977,0.0,0.0,0.0,0.0,0.0,0.0,1.0,1.0,0.0,0.0,0.0,0.0,0.0,0.0,0.0,M.Willis,,,,,,,,,14
LV,MIA,1,MIA,LV,LV,23.0,4.0,field_goal,0.0,0,0,0,missed,,,,-4.08725423585809,0.0,0.0,0.0,0.0,0.0,0.0,0.0,0.0,0.0,0.0,0.0,0.0,0.0,0.0,0.0,,,,,,,,,,14
LV,MIA,1,LV,MIA,LV,69.0,1.0,pass,0.0,0,0,0,,,,,-0.569286547601223,0.0,0.0,0.0,0.0,0.0,0.0,1.0,0.0,0.0,0.0,0.0,0.0,0.0,0.0,0.0,K.Cousins,,M.Benson,,,,,,,14
LV,MIA,1,LV,MIA,,,,,,0,0,0,,,,,0.0,,,,,,,,,,,,,,,,,,,,,,,,,14
LV,MIA,1,LV,MIA,LV,69.0,2.0,pass,0.0,0,0,0,,,,,-0.812992285937071,0.0,0.0,0.0,0.0,0.0,0.0,1.0,0.0,0.0,0.0,0.0,0.0,0.0,0.0,0.0,K.Cousins,,J.Nailor,,,,,,,14
LV,MIA,1,LV,MIA,LV,69.0,3.0,pass,8.0,0,0,0,,,,,-0.773553832899779,0.0,0.0,0.0,0.0,0.0,0.0,1.0,0.0,0.0,0.0,0.0,0.0,0.0,0.0,1.0,K.Cousins,8.0,A.Jeanty,8.0,,,,,,14
LV,MIA,1,LV,MIA,LV,61.0,4.0,punt,0.0,0,0,0,,,,,-0.514690495561808,0.0,0.0,0.0,0.0,0.0,0.0,0.0,0.0,0.0,0.0,0.0,0.0,0.0,0.0,0.0,,,,,,,,,,14
LV,MIA,1,MIA,LV,MIA,80.0,1.0,pass,4.0,0,0,0,,,,,-0.229087608866394,0.0,0.0,0.0,0.0,0.0,0.0,1.0,0.0,0.0,0.0,0.0,0.0,0.0,0.0,1.0,M.Willis,4.0,D.Achane,4.0,,,,,,14
LV,MIA,1,MIA,LV,MIA,76.0,2.0,pass,0.0,0,0,0,,,,,-0.795324773527682,0.0,0.0,0.0,0.0,0.0,0.0,1.0,0.0,0.0,0.0,0.0,0.0,0.0,0.0,0.0,M.Willis,,M.Washington,,,,,,,14
LV,MIA,1,MIA,LV,MIA,76.0,3.0,pass,-4.0,0,0,0,,,,,-1.63198340963572,0.0,0.0,0.0,0.0,0.0,0.0,1.0,1.0,0.0,0.0,0.0,0.0,0.0,0.0,0.0,M.Willis,,,,,,,,,14
LV,MIA,1,MIA,LV,MIA,80.0,4.0,punt,0.0,0,0,0,,,,,-0.737915620906279,0.0,0.0,0.0,0.0,0.0,0.0,0.0,0.0,0.0,0.0,0.0,0.0,0.0,0.0,0.0,,,,,,,,,,14
LV,MIA,1,LV,MIA,LV,55.0,1.0,no_play,0.0,0,0,0,,,,,-0.613426814088598,0.0,0.0,0.0,1.0,0.0,0.0,0.0,0.0,0.0,0.0,0.0,0.0,0.0,0.0,0.0,,,,,,,,LV,5.0,14
LV,MIA,1,LV,MIA,LV,60.0,1.0,no_play,0.0,0,0,0,,,,,0.635742086917162,0.0,0.0,0.0,1.0,0.0,0.0,0.0,0.0,0.0,0.0,0.0,0.0,0.0,0.0,0.0,,,,,,,,MIA,5.0,14
LV,MIA,1,LV,MIA,LV,55.0,1.0,run,-4.0,0,0,0,,,,,-1.21291116415523,0.0,0.0,0.0,0.0,0.0,1.0,0.0,0.0,0.0,0.0,0.0,0.0,0.0,0.0,0.0,,,,,A.Jeanty,-4.0,,,,14
LV,MIA,1,,,,,,no_play,0.0,0,0,0,,,,,0.0,0.0,0.0,0.0,0.0,0.0,0.0,0.0,0.0,0.0,0.0,0.0,0.0,0.0,0.0,0.0,,,,,,,,,,14
LV,MIA,1,LV,MIA,LV,59.0,2.0,pass,0.0,0,0,0,,,,,-4.65061908168718,0.0,0.0,1.0,0.0,0.0,0.0,1.0,0.0,0.0,0.0,0.0,0.0,0.0,0.0,0.0,K.Cousins,,J.Nailor,,,,,,,14
LV,MIA,1,MIA,LV,LV,44.0,1.0,pass,0.0,0,0,0,,,,,-0.517660136101767,0.0,0.0,0.0,0.0,0.0,0.0,1.0,0.0,0.0,0.0,0.0,0.0,0.0,0.0,0.0,M.Willis,,D.Achane,,,,,,,14
LV,MIA,1,MIA,LV,LV,44.0,2.0,pass,0.0,0,0,0,,,,,-0.850149285513908,0.0,0.0,0.0,0.0,0.0,0.0,1.0,0.0,0.0,0.0,0.0,0.0,0.0,0.0,0.0,M.Willis,,M.Washington,,,,,,,14
LV,MIA,1,MIA,LV,LV,44.0,3.0,pass,-8.0,0,0,0,,,,,-2.23234087787569,0.0,0.0,0.0,0.0,0.0,0.0,1.0,1.0,0.0,0.0,0.0,0.0,0.0,0.0,0.0,M.Willis,,,,,,,,,14
LV,MIA,1,MIA,LV,MIA,52.0,4.0,punt,0.0,0,0,0,,,,,-0.220728338696063,0.0,0.0,0.0,0.0,0.0,0.0,0.0,0.0,0.0,0.0,0.0,0.0,0.0,0.0,0.0,,,,,,,,,,14
LV,MIA,1,LV,MIA,LV,88.0,1.0,run,0.0,0,0,0,,,,,-0.588022513315082,0.0,0.0,0.0,0.0,0.0,1.0,0.0,0.0,0.0,0.0,0.0,0.0,0.0,0.0,0.0,,,,,A.Jeanty,0.0,,,,14
LV,MIA,1,LV,MIA,LV,88.0,2.0,run,4.0,0,0,0,,,,,-0.453464101999998,0.0,0.0,0.0,0.0,0.0,1.0,0.0,0.0,0.0,0.0,0.0,0.0,0.0,0.0,0.0,,,,,A.Jeanty,4.0,,,,14
LV,MIA,1,,,,,,no_play,0.0,0,0,0,,,,,0.0,0.0,0.0,0.0,0.0,0.0,0.0,0.0,0.0,0.0,0.0,0.0,0.0,0.0,0.0,0.0,,,,,,,,,,14
LV,MIA,1,LV,MIA,LV,84.0,3.0,pass,8.0,0,0,0,,,,,1.74411920690909,1.0,0.0,0.0,0.0,0.0,0.0,1.0,0.0,0.0,0.0,0.0,0.0,0.0,0.0,1.0,K.Cousins,8.0,M.Mayer,8.0,,,,,,14
LV,MIA,1,LV,MIA,LV,76.0,1.0,run,3.0,0,0,0,,,,,-0.249290024163201,0.0,0.0,0.0,0.0,0.0,1.0,0.0,0.0,0.0,0.0,0.0,0.0,0.0,0.0,0.0,,,,,A.Jeanty,3.0,,,,14
LV,MIA,1,LV,MIA,LV,73.0,2.0,pass,-2.0,0,0,0,,,,,-1.05354272946715,0.0,0.0,0.0,0.0,0.0,0.0,1.0,0.0,0.0,0.0,0.0,0.0,0.0,0.0,1.0,K.Cousins,-2.0,M.Mayer,-2.0,,,,,,14
LV,MIA,1,LV,MIA,LV,75.0,3.0,run,-3.0,0,0,0,,,,,-1.52180895698257,0.0,0.0,0.0,0.0,0.0,1.0,0.0,0.0,0.0,0.0,0.0,0.0,0.0,0.0,0.0,,,,,K.Cousins,-3.0,,,,14
LV,MIA,1,LV,MIA,LV,78.0,4.0,punt,0.0,0,0,0,,,,,0.373819368658587,0.0,0.0,0.0,0.0,0.0,0.0,0.0,0.0,0.0,0.0,0.0,0.0,0.0,0.0,0.0,,,,,,,,,,14
LV,MIA,1,MIA,LV,MIA,77.0,1.0,no_play,0.0,0,0,0,,,,,0.202795080607757,0.0,0.0,0.0,1.0,0.0,0.0,0.0,0.0,0.0,0.0,0.0,0.0,0.0,0.0,0.0,,,,,,,,LV,4.0,14
LV,MIA,1,MIA,LV,MIA,73.0,1.0,run,-1.0,0,0,0,,,,,-0.900913973804563,0.0,0.0,0.0,0.0,0.0,1.0,0.0,0.0,0.0,0.0,0.0,0.0,0.0,0.0,0.0,,,,,J.Wright,-1.0,,,,14
LV,MIA,1,MIA,LV,MIA,74.0,2.0,pass,30.0,0,0,0,,,,,2.7159631276736,0.0,0.0,0.0,0.0,0.0,0.0,1.0,0.0,0.0,0.0,0.0,0.0,0.0,0.0,1.0,M.Willis,30.0,M.Washington,30.0,,,,,,14
LV,MIA,1,MIA,LV,LV,44.0,1.0,pass,0.0,0,0,0,,,,,-0.457319156674203,0.0,0.0,0.0,0.0,0.0,0.0,1.0,0.0,0.0,0.0,0.0,0.0,0.0,0.0,0.0,M.Willis,,K.Coleman,,,,,,,14
LV,MIA,1,MIA,LV,LV,44.0,2.0,run,3.0,0,0,1,,,,,-0.664369888894726,0.0,0.0,0.0,0.0,0.0,1.0,0.0,0.0,0.0,0.0,0.0,0.0,0.0,0.0,0.0,,,,,M.Willis,3.0,,,,14
LV,MIA,1,MIA,LV,LV,41.0,3.0,pass,0.0,0,0,0,,,,,-1.63460562098771,0.0,0.0,0.0,0.0,0.0,0.0,1.0,0.0,0.0,0.0,0.0,0.0,0.0,0.0,0.0,M.Willis,,C.Douglas,,,,,,,14
LV,MIA,1,MIA,LV,LV,41.0,4.0,no_play,0.0,0,0,0,,,,,-0.339394218754023,0.0,0.0,0.0,1.0,0.0,0.0,0.0,0.0,0.0,0.0,0.0,0.0,0.0,0.0,0.0,,,,,,,,MIA,5.0,14
LV,MIA,1,MIA,LV,LV,46.0,4.0,pass,0.0,0,0,0,,,,,-2.51775978785008,0.0,0.0,0.0,0.0,0.0,0.0,1.0,0.0,0.0,0.0,0.0,0.0,0.0,0.0,0.0,M.Willis,,K.Coleman,,,,,,,14
LV,MIA,1,LV,MIA,LV,53.0,1.0,run,0.0,0,0,0,,,,,-0.456410652957857,0.0,0.0,0.0,0.0,0.0,1.0,0.0,0.0,0.0,0.0,0.0,0.0,0.0,0.0,0.0,,,,,A.Jeanty,0.0,,,,14
LV,MIA,1,,,,,,no_play,0.0,0,0,0,,,,,0.0,0.0,0.0,0.0,0.0,0.0,0.0,0.0,0.0,0.0,0.0,0.0,0.0,0.0,0.0,0.0,,,,,,,,,,14
LV,MIA,1,LV,MIA,LV,53.0,2.0,run,-3.0,0,0,0,,,,,-1.36131448077504,0.0,0.0,0.0,0.0,0.0,1.0,0.0,0.0,0.0,0.0,0.0,0.0,0.0,0.0,0.0,,,,,A.Jeanty,-3.0,,,,14
LV,MIA,1,,,,,,no_play,0.0,0,0,0,,,,,0.0,0.0,0.0,0.0,0.0,0.0,0.0,0.0,0.0,0.0,0.0,0.0,0.0,0.0,0.0,0.0,,,,,,,,,,14
LV,MIA,1,LV,MIA,LV,56.0,3.0,run,3.0,0,0,0,,,,,-1.23782874969766,0.0,0.0,0.0,0.0,0.0,1.0,0.0,0.0,0.0,0.0,0.0,0.0,0.0,0.0,0.0,,,,,M.Washington,3.0,,,,14
LV,MIA,1,,,,,,no_play,0.0,0,0,0,,,,,0.0,0.0,0.0,0.0,0.0,0.0,0.0,0.0,0.0,0.0,0.0,0.0,0.0,0.0,0.0,0.0,,,,,,,,,,14
LV,MIA,1,LV,MIA,LV,53.0,4.0,no_play,0.0,0,0,0,,,,,-0.210421844618395,0.0,0.0,0.0,1.0,0.0,0.0,0.0,0.0,0.0,0.0,0.0,0.0,0.0,0.0,0.0,,,,,,,,LV,5.0,14
LV,MIA,1,LV,MIA,LV,58.0,4.0,punt,0.0,0,0,0,,,,,0.334496961673722,0.0,0.0,0.0,0.0,0.0,0.0,0.0,0.0,0.0,0.0,0.0,0.0,0.0,0.0,0.0,,,,,,,,,,14
LV,MIA,1,MIA,LV,MIA,97.0,1.0,pass,5.0,0,0,0,,,,,-0.0846436445135623,0.0,0.0,0.0,0.0,0.0,0.0,1.0,0.0,0.0,0.0,0.0,0.0,0.0,0.0,1.0,M.Willis,5.0,D.Achane,5.0,,,,,,14
LV,MIA,1,MIA,LV,MIA,92.0,2.0,no_play,0.0,0,0,0,,,,,0.734612851636484,0.0,0.0,0.0,1.0,0.0,0.0,0.0,0.0,0.0,0.0,0.0,0.0,0.0,0.0,0.0,,,,,,,,LV,5.0,14
LV,MIA,1,MIA,LV,MIA,87.0,1.0,no_play,0.0,0,0,0,,,,,-0.652288463665173,0.0,0.0,0.0,1.0,0.0,0.0,0.0,0.0,0.0,0.0,0.0,0.0,0.0,0.0,0.0,,,,,,,,MIA,6.0,14
LV,MIA,1,MIA,LV,MIA,93.0,1.0,pass,-6.0,0,0,0,,,,,-0.8747193479212,0.0,0.0,0.0,0.0,0.0,0.0,1.0,1.0,0.0,0.0,0.0,0.0,0.0,0.0,0.0,M.Willis,,,,,,,,,14
LV,MIA,1,MIA,LV,MIA,99.0,2.0,run,9.0,0,0,1,,,,,0.114422243088484,0.0,0.0,0.0,0.0,0.0,1.0,0.0,0.0,0.0,0.0,0.0,0.0,0.0,0.0,0.0,,,,,M.Willis,9.0,M.Willis,,,14
LV,MIA,1,MIA,LV,MIA,90.0,3.0,pass,24.0,0,0,0,,,,,-1.83840708923526,0.0,0.0,0.0,0.0,1.0,0.0,1.0,0.0,0.0,0.0,0.0,0.0,0.0,0.0,1.0,M.Willis,24.0,M.Washington,24.0,,,M.Washington,,,14
LV,MIA,1,LV,MIA,MIA,34.0,1.0,qb_kneel,-3.0,1,0,0,,,,,-0.633451915346086,0.0,0.0,0.0,0.0,0.0,1.0,0.0,0.0,0.0,0.0,0.0,0.0,0.0,0.0,0.0,,,,,K.Cousins,-3.0,,,,14
LV,MIA,1,LV,MIA,MIA,37.0,2.0,qb_kneel,-2.0,1,0,0,,,,,-0.176885388034862,0.0,0.0,0.0,0.0,0.0,1.0,0.0,0.0,0.0,0.0,0.0,0.0,0.0,0.0,0.0,,,,,K.Cousins,-2.0,,,,14
LV,MIA,1,LV,MIA,MIA,39.0,3.0,qb_kneel,-1.0,1,0,0,,,,,-1.26595607114723,0.0,0.0,0.0,0.0,0.0,1.0,0.0,0.0,0.0,0.0,0.0,0.0,0.0,0.0,0.0,,,,,K.Cousins,-1.0,,,,14
LV,MIA,1,LV,MIA,,,,,,0,0,0,,,,,,,,,,,,,,,,,,,,,,,,,,,,,,14
SEA,NE,1,,,,,,,,0,0,0,,,,,0.0,,,,,,,,,,,,,,,,,,,,,,,,,3
SEA,NE,1,SEA,NE,NE,35.0,,kickoff,0.0,0,0,0,,,,,-0.297269117552787,0.0,0.0,0.0,0.0,0.0,0.0,0.0,0.0,0.0,0.0,0.0,0.0,0.0,1.0,0.0,,,,,,,,,,3
SEA,NE,1,SEA,NE,SEA,76.0,1.0,run,13.0,0,0,0,,,,,1.11155571811832,0.0,0.0,0.0,0.0,0.0,1.0,0.0,0.0,0.0,0.0,0.0,0.0,0.0,0.0,0.0,,,,,J.Price,13.0,,,,3
SEA,NE,1,SEA,NE,SEA,63.0,1.0,pass,13.0,0,0,0,,,,,0.825319406343624,0.0,0.0,0.0,0.0,0.0,0.0,1.0,0.0,0.0,0.0,0.0,0.0,0.0,0.0,1.0,S.Darnold,13.0,J.Smith-Njigba,13.0,,,,,,3
SEA,NE,1,SEA,NE,50,50.0,1.0,no_play,0.0,0,0,0,,,,,-0.55620932020247,0.0,0.0,0.0,1.0,0.0,0.0,0.0,0.0,0.0,0.0,0.0,0.0,0.0,0.0,0.0,,,,,,,,SEA,5.0,3
SEA,NE,1,SEA,NE,SEA,55.0,1.0,run,9.0,0,0,0,,,,,0.277094580931589,0.0,0.0,0.0,0.0,0.0,1.0,0.0,0.0,0.0,0.0,0.0,0.0,0.0,0.0,0.0,,,,,G.Holani,9.0,,,,3
SEA,NE,1,SEA,NE,NE,46.0,2.0,pass,0.0,0,0,0,,,,,-0.849787754705176,0.0,0.0,0.0,0.0,0.0,0.0,1.0,0.0,0.0,0.0,0.0,0.0,0.0,0.0,0.0,S.Darnold,,R.Shaheed,,,,,,,3
SEA,NE,1,SEA,NE,NE,46.0,3.0,pass,-5.0,0,0,0,,,,,-2.05167769873515,0.0,0.0,0.0,0.0,0.0,0.0,1.0,1.0,0.0,0.0,0.0,0.0,0.0,0.0,0.0,S.Darnold,,,,,,,,,3
SEA,NE,1,SEA,NE,SEA,51.0,4.0,punt,0.0,0,0,0,,,,,0.477772728772834,0.0,0.0,0.0,0.0,0.0,0.0,0.0,0.0,0.0,0.0,0.0,0.0,0.0,0.0,0.0,,,,,,,,,,3
SEA,NE,1,NE,SEA,NE,92.0,1.0,run,3.0,0,0,0,,,,,-0.198198371334001,0.0,0.0,0.0,0.0,0.0,1.0,0.0,0.0,0.0,0.0,0.0,0.0,0.0,0.0,0.0,,,,,R.Stevenson,3.0,,,,3
SEA,NE,1,NE,SEA,NE,89.0,2.0,run,10.0,0,0,1,,,,,1.06336008245125,0.0,0.0,0.0,0.0,0.0,1.0,0.0,0.0,0.0,0.0,0.0,0.0,0.0,0.0,0.0,,,,,D.Maye,10.0,,,,3
SEA,NE,1,NE,SEA,NE,79.0,1.0,run,2.0,0,0,0,,,,,-0.49378530215472,0.0,0.0,0.0,0.0,0.0,1.0,0.0,0.0,0.0,0.0,0.0,0.0,0.0,0.0,0.0,,,,,R.Stevenson,2.0,,,,3
SEA,NE,1,NE,SEA,NE,77.0,2.0,run,3.0,0,0,0,,,,,-0.173502600751817,0.0,0.0,0.0,0.0,0.0,1.0,0.0,0.0,0.0,0.0,0.0,0.0,0.0,0.0,0.0,,,,,R.Stevenson,3.0,,,,3
SEA,NE,1,NE,SEA,NE,74.0,3.0,run,1.0,0,0,1,,,,,2.1500509204343,0.0,0.0,0.0,1.0,0.0,1.0,0.0,0.0,0.0,0.0,0.0,0.0,0.0,0.0,0.0,,,,,D.Maye,1.0,,SEA,15.0,3
SEA,NE,1,NE,SEA,NE,58.0,1.0,run,6.0,0,0,0,,,,,0.407657362520695,0.0,0.0,0.0,0.0,0.0,1.0,0.0,0.0,0.0,0.0,0.0,0.0,0.0,0.0,0.0,,,,,R.Stevenson,6.0,,,,3
SEA,NE,1,NE,SEA,NE,52.0,2.0,run,-3.0,0,0,0,,,,,-1.4977269123774,0.0,0.0,0.0,0.0,0.0,1.0,0.0,0.0,0.0,0.0,0.0,0.0,0.0,0.0,0.0,,,,,R.Stevenson,-3.0,,,,3
SEA,NE,1,NE,SEA,NE,55.0,3.0,pass,0.0,0,0,0,,,,,-1.54113255278207,0.0,0.0,0.0,0.0,0.0,0.0,1.0,0.0,0.0,0.0,0.0,0.0,0.0,0.0,0.0,D.Maye,,,,,,,,,3
SEA,NE,1,NE,SEA,NE,55.0,4.0,punt,0.0,0,0,0,,,,,0.370153003837913,0.0,0.0,0.0,0.0,0.0,0.0,0.0,0.0,0.0,0.0,0.0,0.0,0.0,0.0,0.0,,,,,,,,,,3
SEA,NE,1,SEA,NE,SEA,90.0,1.0,run,4.0,0,0,0,,,,,-0.248618586454541,0.0,0.0,0.0,0.0,0.0,1.0,0.0,0.0,0.0,0.0,0.0,0.0,0.0,0.0,0.0,,,,,G.Holani,4.0,,,,3
SEA,NE,1,SEA,NE,SEA,86.0,2.0,run,7.0,0,0,0,,,,,0.865844305139035,0.0,0.0,0.0,0.0,0.0,1.0,0.0,0.0,0.0,0.0,0.0,0.0,0.0,0.0,0.0,,,,,J.Price,7.0,,,,3
SEA,NE,1,SEA,NE,SEA,79.0,1.0,pass,8.0,0,0,0,,,,,0.857515569310635,0.0,0.0,0.0,0.0,0.0,0.0,1.0,0.0,0.0,0.0,0.0,0.0,0.0,0.0,1.0,D.Lock,8.0,J.Smith-Njigba,8.0,,,,,,3
SEA,NE,1,SEA,NE,SEA,71.0,2.0,run,0.0,0,0,0,,,,,-0.732435729820281,0.0,0.0,0.0,0.0,0.0,1.0,0.0,0.0,0.0,0.0,0.0,0.0,0.0,0.0,0.0,,,,,J.Price,0.0,,,,3
SEA,NE,1,SEA,NE,SEA,71.0,3.0,run,1.0,0,0,0,,,,,-1.36344748083502,0.0,0.0,0.0,0.0,0.0,1.0,0.0,0.0,0.0,0.0,0.0,0.0,0.0,0.0,0.0,,,,,G.Holani,1.0,,,,3
SEA,NE,1,SEA,NE,SEA,70.0,4.0,punt,0.0,0,0,0,,,,,-0.173846822697669,0.0,0.0,0.0,0.0,0.0,0.0,0.0,0.0,0.0,0.0,0.0,0.0,0.0,0.0,0.0,,,,,,,,,,3
SEA,NE,1,NE,SEA,NE,80.0,1.0,pass,9.0,0,0,0,,,,,0.948128363117576,0.0,0.0,0.0,0.0,0.0,0.0,1.0,0.0,0.0,0.0,0.0,0.0,0.0,0.0,1.0,D.Maye,9.0,M.Hollins,9.0,,,,,,3
SEA,NE,1,NE,SEA,NE,71.0,2.0,run,3.0,0,0,0,,,,,-0.058844109531492,0.0,0.0,0.0,0.0,0.0,1.0,0.0,0.0,0.0,0.0,0.0,0.0,0.0,0.0,0.0,,,,,D.Maye,3.0,,,,3
SEA,NE,1,NE,SEA,NE,68.0,1.0,pass,7.0,0,0,0,,,,,0.330379623221234,0.0,0.0,0.0,0.0,0.0,0.0,1.0,0.0,0.0,0.0,0.0,0.0,0.0,0.0,1.0,D.Maye,7.0,A.Brown,7.0,,,,,,3
SEA,NE,1,NE,SEA,NE,61.0,2.0,run,2.0,0,0,0,,,,,-0.131486904108897,0.0,0.0,0.0,0.0,0.0,1.0,0.0,0.0,0.0,0.0,0.0,0.0,0.0,0.0,0.0,,,,,R.Stevenson,2.0,,,,3
SEA,NE,1,NE,SEA,NE,59.0,3.0,run,-1.0,0,0,0,,,,,-2.11557504395023,0.0,0.0,0.0,0.0,0.0,1.0,0.0,0.0,0.0,0.0,0.0,0.0,0.0,0.0,0.0,,,,,R.Stevenson,-1.0,,,,3
SEA,NE,1,NE,SEA,NE,60.0,4.0,punt,0.0,0,0,0,,,,,0.0595803437754512,0.0,0.0,0.0,0.0,0.0,0.0,0.0,0.0,0.0,0.0,0.0,0.0,0.0,0.0,0.0,,,,,,,,,,3
SEA,NE,1,SEA,NE,SEA,86.0,1.0,run,12.0,0,0,0,,,,,0.822044737637043,0.0,0.0,0.0,0.0,0.0,1.0,0.0,0.0,0.0,0.0,0.0,0.0,0.0,0.0,0.0,,,,,J.Price,12.0,,,,3
SEA,NE,1,SEA,NE,SEA,74.0,1.0,run,2.0,0,0,0,,,,,-0.506458680611104,0.0,0.0,0.0,0.0,0.0,1.0,0.0,0.0,0.0,0.0,0.0,0.0,0.0,0.0,0.0,,,,,J.Price,2.0,,,,3
SEA,NE,1,SEA,NE,SEA,72.0,2.0,run,3.0,0,0,0,,,,,-0.310742969159037,0.0,0.0,0.0,0.0,0.0,1.0,0.0,0.0,0.0,0.0,0.0,0.0,0.0,0.0,0.0,,,,,E.Wilson,3.0,,,,3
SEA,NE,1,SEA,NE,,,,,,0,0,0,,,,,0.0,,,,,,,,,,,,,,,,,,,,,,,,,3
SEA,NE,1,SEA,NE,SEA,69.0,3.0,pass,0.0,0,0,0,,,,,-1.39599607512355,0.0,0.0,0.0,0.0,0.0,0.0,1.0,0.0,0.0,0.0,0.0,0.0,0.0,0.0,0.0,D.Lock,,C.Kupp,,,,,,,3
SEA,NE,1,SEA,NE,SEA,69.0,4.0,punt,0.0,0,0,0,,,,,0.273083918262273,0.0,0.0,0.0,0.0,0.0,0.0,0.0,0.0,0.0,0.0,0.0,0.0,0.0,0.0,0.0,,,,,,,,,,3
SEA,NE,1,NE,SEA,NE,77.0,1.0,run,7.0,0,0,0,,,,,0.495923278387636,0.0,0.0,0.0,0.0,0.0,1.0,0.0,0.0,0.0,0.0,0.0,0.0,0.0,0.0,0.0,,,,,C.Kiner,7.0,,,,3
SEA,NE,1,NE,SEA,NE,70.0,2.0,run,-1.0,0,0,0,,,,,-0.811958865262568,0.0,0.0,0.0,0.0,0.0,1.0,0.0,0.0,0.0,0.0,0.0,0.0,0.0,0.0,0.0,,,,,C.Kiner,-1.0,,,,3
SEA,NE,1,NE,SEA,NE,71.0,3.0,pass,5.0,0,0,0,,,,,1.16022339463234,1.0,0.0,0.0,0.0,0.0,0.0,1.0,0.0,0.0,0.0,0.0,0.0,0.0,0.0,1.0,D.Maye,5.0,D.Douglas,5.0,,,,,,3
SEA,NE,1,NE,SEA,NE,66.0,1.0,pass,11.0,0,0,0,,,,,0.7008348449599,0.0,0.0,0.0,0.0,0.0,0.0,1.0,0.0,0.0,0.0,0.0,0.0,0.0,0.0,1.0,D.Maye,11.0,L.Larison,11.0,,,,,,3
SEA,NE,1,NE,SEA,NE,55.0,1.0,run,0.0,0,0,0,,,,,-0.452754139201716,0.0,0.0,0.0,0.0,0.0,1.0,0.0,0.0,0.0,0.0,0.0,0.0,0.0,0.0,0.0,,,,,C.Kiner,0.0,,,,3
SEA,NE,1,NE,SEA,NE,55.0,2.0,run,6.0,0,0,1,,,,,-0.0390160935930908,0.0,0.0,0.0,0.0,0.0,1.0,0.0,0.0,0.0,0.0,0.0,0.0,0.0,0.0,0.0,,,,,D.Maye,6.0,,,,3
SEA,NE,1,NE,SEA,SEA,49.0,3.0,pass,5.0,0,0,0,,,,,1.21092817746103,1.0,0.0,0.0,0.0,0.0,0.0,1.0,0.0,0.0,0.0,0.0,0.0,0.0,0.0,1.0,D.Maye,5.0,A.Brown,5.0,,,,,,3
SEA,NE,1,NE,SEA,SEA,44.0,1.0,run,3.0,0,0,0,,,,,-0.201182584976777,0.0,0.0,0.0,0.0,0.0,1.0,0.0,0.0,0.0,0.0,0.0,0.0,0.0,0.0,0.0,,,,,C.Kiner,3.0,,,,3
SEA,NE,1,NE,SEA,SEA,41.0,2.0,pass,5.0,0,0,0,,,,,0.143076170468703,0.0,0.0,0.0,0.0,0.0,0.0,1.0,0.0,0.0,0.0,0.0,0.0,0.0,0.0,1.0,D.Maye,5.0,D.Douglas,5.0,,,,,,3
SEA,NE,1,NE,SEA,SEA,36.0,3.0,no_play,0.0,0,0,0,,,,,3.33208026606008,0.0,0.0,0.0,1.0,0.0,0.0,0.0,0.0,0.0,0.0,0.0,0.0,0.0,0.0,0.0,,,,,,,,SEA,34.0,3
SEA,NE,1,NE,SEA,SEA,2.0,1.0,pass,2.0,0,0,0,,,,NE,0.840626145160059,0.0,0.0,0.0,0.0,0.0,0.0,1.0,0.0,1.0,1.0,0.0,0.0,0.0,0.0,1.0,D.Maye,2.0,E.Raridon,2.0,,,,,,3
SEA,NE,1,NE,SEA,SEA,15.0,,extra_point,0.0,0,0,0,,good,,,0.0675730031076331,0.0,0.0,0.0,0.0,0.0,0.0,0.0,0.0,0.0,0.0,0.0,1.0,0.0,0.0,0.0,,,,,,,,,,3
SEA,NE,1,SEA,NE,NE,35.0,,kickoff,0.0,0,0,0,,,,,0.233449057675898,0.0,0.0,0.0,0.0,0.0,0.0,0.0,0.0,0.0,0.0,0.0,0.0,0.0,1.0,0.0,,,,,,,,,,3
SEA,NE,1,SEA,NE,SEA,70.0,1.0,pass,7.0,0,0,0,,,,,0.330518778879195,0.0,0.0,0.0,0.0,0.0,0.0,1.0,0.0,0.0,0.0,0.0,0.0,0.0,0.0,1.0,D.Lock,7.0,B.Russell,7.0,,,,,,3
SEA,NE,1,SEA,NE,SEA,63.0,2.0,run,8.0,0,0,0,,,,,0.639518844429404,0.0,0.0,0.0,0.0,0.0,1.0,0.0,0.0,0.0,0.0,0.0,0.0,0.0,0.0,0.0,,,,,J.Price,8.0,,,,3
SEA,NE,1,SEA,NE,SEA,55.0,1.0,pass,-7.0,0,0,0,,,,,-1.30798680661246,0.0,0.0,0.0,0.0,0.0,0.0,1.0,1.0,0.0,0.0,0.0,0.0,0.0,0.0,0.0,D.Lock,,,,,,,,,3
SEA,NE,1,SEA,NE,SEA,62.0,2.0,no_play,0.0,0,0,0,,,,,-0.340843239333481,0.0,0.0,0.0,1.0,0.0,0.0,0.0,0.0,0.0,0.0,0.0,0.0,0.0,0.0,0.0,,,,,,,,SEA,5.0,3
SEA,NE,1,SEA,NE,SEA,67.0,2.0,pass,5.0,0,0,0,,,,,-0.495698593556881,0.0,0.0,0.0,0.0,0.0,0.0,1.0,0.0,0.0,0.0,0.0,0.0,0.0,0.0,1.0,D.Lock,5.0,J.Smith-Njigba,5.0,,,,,,3
SEA,NE,1,SEA,NE,SEA,62.0,3.0,no_play,0.0,0,0,0,,,,,-0.303011424373835,0.0,0.0,0.0,1.0,0.0,0.0,0.0,0.0,0.0,0.0,0.0,0.0,0.0,0.0,0.0,,,,,,,,SEA,5.0,3
SEA,NE,1,SEA,NE,SEA,67.0,3.0,pass,21.0,0,0,0,,,,,1.10187805688474,0.0,0.0,0.0,0.0,0.0,0.0,1.0,0.0,0.0,0.0,0.0,0.0,0.0,0.0,1.0,D.Lock,21.0,J.Smith-Njigba,21.0,,,,,,3
SEA,NE,1,SEA,NE,NE,46.0,4.0,no_play,0.0,0,0,0,,,,,-1.06770379166119,0.0,0.0,0.0,1.0,0.0,0.0,0.0,0.0,0.0,0.0,0.0,0.0,0.0,0.0,0.0,,,,,,,,SEA,4.0,3
SEA,NE,1,SEA,NE,50,50.0,4.0,punt,0.0,0,0,0,,,,,0.08305945165921,0.0,0.0,0.0,0.0,0.0,0.0,0.0,0.0,0.0,0.0,0.0,0.0,0.0,0.0,0.0,,,,,,,,,,3
SEA,NE,1,NE,SEA,NE,92.0,1.0,run,4.0,0,0,0,,,,,-0.184078906429932,0.0,0.0,0.0,0.0,0.0,1.0,0.0,0.0,0.0,0.0,0.0,0.0,0.0,0.0,0.0,,,,,R.Stevenson,4.0,,,,3
SEA,NE,1,NE,SEA,NE,88.0,2.0,pass,3.0,0,0,0,,,,,-0.115717191016302,0.0,0.0,0.0,0.0,0.0,0.0,1.0,0.0,0.0,0.0,0.0,0.0,0.0,0.0,1.0,D.Maye,3.0,H.Henry,3.0,,,,,,3
SEA,NE,1,NE,SEA,NE,85.0,3.0,pass,14.0,0,0,0,,,,,1.57226175477263,1.0,0.0,0.0,0.0,0.0,0.0,1.0,0.0,0.0,0.0,0.0,0.0,0.0,0.0,1.0,D.Maye,14.0,A.Brown,14.0,,,,,,3
SEA,NE,1,NE,SEA,NE,71.0,1.0,run,1.0,0,0,0,,,,,-0.49678151414264,0.0,0.0,0.0,0.0,0.0,1.0,0.0,0.0,0.0,0.0,0.0,0.0,0.0,0.0,0.0,,,,,C.Kiner,1.0,,,,3
SEA,NE,1,NE,SEA,NE,70.0,2.0,run,16.0,0,0,1,,,,,1.20853252557572,0.0,0.0,0.0,0.0,0.0,1.0,0.0,0.0,0.0,0.0,0.0,0.0,0.0,0.0,0.0,,,,,D.Maye,16.0,,,,3
SEA,NE,1,NE,SEA,NE,54.0,1.0,pass,0.0,0,0,0,,,,,-0.365672100102529,0.0,0.0,0.0,0.0,0.0,0.0,1.0,0.0,0.0,0.0,0.0,0.0,0.0,0.0,0.0,D.Maye,,D.Douglas,,,,,,,3
SEA,NE,1,NE,SEA,NE,54.0,2.0,pass,5.0,0,0,0,,,,,0.148507287842222,0.0,0.0,0.0,0.0,0.0,0.0,1.0,0.0,0.0,0.0,0.0,0.0,0.0,0.0,1.0,D.Maye,5.0,R.Stevenson,5.0,,,,,,3
SEA,NE,1,NE,SEA,SEA,49.0,3.0,run,2.0,0,0,0,,,,,-1.06506459962111,0.0,0.0,0.0,0.0,0.0,1.0,0.0,0.0,0.0,0.0,0.0,0.0,0.0,0.0,0.0,,,,,R.Stevenson,2.0,,,,3
SEA,NE,1,,,,,,no_play,0.0,0,0,0,,,,,0.0,0.0,0.0,0.0,0.0,0.0,0.0,0.0,0.0,0.0,0.0,0.0,0.0,0.0,0.0,0.0,,,,,,,,,,3
SEA,NE,1,NE,SEA,SEA,47.0,4.0,punt,0.0,0,0,0,,,,,-0.578946086519864,0.0,0.0,0.0,0.0,0.0,0.0,0.0,0.0,0.0,0.0,0.0,0.0,0.0,0.0,0.0,,,,,,,,,,3
SEA,NE,1,SEA,NE,SEA,93.0,1.0,run,4.0,0,0,0,,,,,-0.0167272030957975,0.0,0.0,0.0,0.0,0.0,1.0,0.0,0.0,0.0,0.0,0.0,0.0,0.0,0.0,0.0,,,,,G.Holani,4.0,,,,3
SEA,NE,1,,,,,,no_play,0.0,0,0,0,,,,,0.0,0.0,0.0,0.0,0.0,0.0,0.0,0.0,0.0,0.0,0.0,0.0,0.0,0.0,0.0,0.0,,,,,,,,,,3
SEA,NE,1,SEA,NE,SEA,89.0,2.0,run,1.0,0,0,0,,,,,-0.108457126363646,0.0,0.0,0.0,0.0,0.0,1.0,0.0,0.0,0.0,0.0,0.0,0.0,0.0,0.0,0.0,,,,,G.Holani,1.0,,,,3
SEA,NE,1,,,,,,no_play,0.0,0,0,0,,,,,0.0,0.0,0.0,0.0,0.0,0.0,0.0,0.0,0.0,0.0,0.0,0.0,0.0,0.0,0.0,0.0,,,,,,,,,,3
SEA,NE,1,SEA,NE,SEA,88.0,3.0,pass,6.0,0,0,0,,,,,0.368728844914585,1.0,0.0,0.0,0.0,0.0,0.0,1.0,0.0,0.0,0.0,0.0,0.0,0.0,0.0,1.0,D.Lock,6.0,J.Smith-Njigba,6.0,,,,,,3
SEA,NE,1,,,,,,no_play,0.0,0,0,0,,,,,0.0,0.0,0.0,0.0,0.0,0.0,0.0,0.0,0.0,0.0,0.0,0.0,0.0,0.0,0.0,0.0,,,,,,,,,,3
SEA,NE,1,SEA,NE,SEA,82.0,1.0,pass,4.0,0,0,0,,,,,-0.116012300073635,0.0,0.0,0.0,0.0,0.0,0.0,1.0,0.0,0.0,0.0,0.0,0.0,0.0,0.0,1.0,D.Lock,4.0,A.Barner,4.0,,,,,,3
SEA,NE,1,,,,,,no_play,0.0,0,0,0,,,,,0.0,0.0,0.0,0.0,0.0,0.0,0.0,0.0,0.0,0.0,0.0,0.0,0.0,0.0,0.0,0.0,,,,,,,,,,3
SEA,NE,1,SEA,NE,SEA,78.0,2.0,pass,0.0,0,0,0,,,,,-0.0342817474738695,0.0,0.0,0.0,0.0,0.0,0.0,1.0,0.0,0.0,0.0,0.0,0.0,0.0,0.0,0.0,D.Lock,,G.Holani,,,,,,,3
SEA,NE,1,SEA,NE,SEA,78.0,3.0,run,4.0,0,0,0,,,,,-0.0417848749202676,0.0,0.0,0.0,0.0,0.0,1.0,0.0,0.0,0.0,0.0,0.0,0.0,0.0,0.0,0.0,,,,,G.Holani,4.0,,,,3
SEA,NE,1,,,,,,,,0,0,0,,,,,,,,,,,,,,,,,,,,,,,,,,,,,,3
SEA,NE,1,NE,SEA,SEA,35.0,,kickoff,0.0,0,0,0,,,,,0.312362697441131,0.0,0.0,0.0,0.0,0.0,0.0,0.0,0.0,0.0,0.0,0.0,0.0,0.0,1.0,0.0,,,,,,,,,,3
SEA,NE,1,NE,SEA,NE,71.0,1.0,pass,13.0,0,0,0,,,,,0.817019200883806,0.0,0.0,0.0,0.0,0.0,0.0,1.0,0.0,0.0,0.0,0.0,0.0,0.0,0.0,1.0,D.Maye,13.0,H.Henry,13.0,,,,,,3
SEA,NE,1,NE,SEA,NE,58.0,1.0,pass,0.0,0,0,0,,,,,-0.525732577312738,0.0,0.0,0.0,0.0,0.0,0.0,1.0,0.0,0.0,0.0,0.0,0.0,0.0,0.0,0.0,D.Maye,,,,,,,,,3
SEA,NE,1,NE,SEA,NE,58.0,2.0,run,6.0,0,0,0,,,,,0.0137322687078267,0.0,0.0,0.0,0.0,0.0,1.0,0.0,0.0,0.0,0.0,0.0,0.0,0.0,0.0,0.0,,,,,R.Stevenson,6.0,,,,3
SEA,NE,1,NE,SEA,NE,52.0,3.0,pass,0.0,0,0,0,,,,,-1.86249101976864,0.0,0.0,0.0,0.0,0.0,0.0,1.0,0.0,0.0,0.0,0.0,0.0,0.0,0.0,0.0,D.Maye,,A.Brown,,,,,,,3
SEA,NE,1,NE,SEA,NE,52.0,4.0,no_play,0.0,0,0,0,,,,,3.92860249010846,0.0,0.0,0.0,1.0,0.0,0.0,0.0,0.0,0.0,0.0,0.0,0.0,0.0,0.0,0.0,,,,,,,,SEA,15.0,3
SEA,NE,1,NE,SEA,SEA,37.0,1.0,run,0.0,0,0,0,,,,,-0.568323701387271,0.0,0.0,0.0,0.0,0.0,1.0,0.0,0.0,0.0,0.0,0.0,0.0,0.0,0.0,0.0,,,,,R.Stevenson,0.0,,,,3
SEA,NE,1,NE,SEA,SEA,37.0,2.0,pass,0.0,0,0,0,,,,,-0.845830118283629,0.0,0.0,0.0,0.0,0.0,0.0,1.0,0.0,0.0,0.0,0.0,0.0,0.0,0.0,0.0,D.Maye,,R.Stevenson,,,,,,,3
SEA,NE,1,NE,SEA,SEA,37.0,3.0,pass,5.0,0,0,0,,,,,-0.68645065406419,0.0,0.0,0.0,0.0,0.0,0.0,1.0,0.0,0.0,0.0,0.0,0.0,0.0,0.0,1.0,D.Maye,5.0,R.Stevenson,5.0,,,,,,3
SEA,NE,1,NE,SEA,SEA,32.0,4.0,field_goal,0.0,0,0,0,made,,,,1.64688904688775,0.0,0.0,0.0,0.0,0.0,0.0,0.0,0.0,0.0,0.0,0.0,0.0,0.0,0.0,0.0,,,,,,,,,,3
SEA,NE,1,SEA,NE,NE,35.0,,kickoff,0.0,0,0,0,,,,,0.30919600580819,0.0,0.0,0.0,0.0,0.0,0.0,0.0,0.0,0.0,0.0,0.0,0.0,0.0,1.0,0.0,,,,,,,,,,3
SEA,NE,1,SEA,NE,SEA,71.0,1.0,pass,13.0,0,0,0,,,,,0.749239580938593,0.0,0.0,0.0,0.0,0.0,0.0,1.0,0.0,0.0,0.0,0.0,0.0,0.0,0.0,1.0,D.Lock,13.0,B.Russell,13.0,,,,,,3
SEA,NE,1,SEA,NE,SEA,58.0,1.0,run,-3.0,0,0,0,,,,,-1.03444892261177,0.0,0.0,0.0,0.0,0.0,1.0,0.0,0.0,0.0,0.0,0.0,0.0,0.0,0.0,0.0,,,,,J.Price,-3.0,,,,3
SEA,NE,1,SEA,NE,SEA,61.0,2.0,pass,0.0,0,0,0,,,,,-0.986895714886487,0.0,0.0,0.0,0.0,0.0,0.0,1.0,0.0,0.0,0.0,0.0,0.0,0.0,0.0,0.0,D.Lock,,R.Shaheed,,,,,,,3
SEA,NE,1,SEA,NE,SEA,61.0,3.0,no_play,0.0,0,0,0,,,,,0.759271289920434,0.0,0.0,0.0,1.0,0.0,0.0,0.0,0.0,0.0,0.0,0.0,0.0,0.0,0.0,0.0,,,,,,,,NE,5.0,3
SEA,NE,1,SEA,NE,SEA,56.0,3.0,pass,4.0,0,0,0,,,,,-1.06091902474873,0.0,0.0,0.0,0.0,0.0,0.0,1.0,0.0,0.0,0.0,0.0,0.0,0.0,0.0,1.0,D.Lock,4.0,R.Shaheed,4.0,,,,,,3
SEA,NE,1,SEA,NE,SEA,52.0,4.0,punt,0.0,0,0,0,,,,,0.10917521151714,0.0,0.0,0.0,0.0,0.0,0.0,0.0,0.0,0.0,0.0,0.0,0.0,0.0,0.0,0.0,,,,,,,,,,3
SEA,NE,1,NE,SEA,NE,94.0,1.0,run,-2.0,0,0,0,,,,,-1.19269788009115,0.0,0.0,0.0,0.0,0.0,1.0,0.0,0.0,0.0,0.0,0.0,0.0,0.0,0.0,0.0,,,,,R.Stevenson,-2.0,,,,3
SEA,NE,1,NE,SEA,NE,96.0,2.0,pass,1.0,0,0,0,,,,,-0.402597767766565,0.0,0.0,0.0,0.0,0.0,0.0,1.0,0.0,0.0,0.0,0.0,0.0,0.0,0.0,1.0,D.Maye,1.0,D.Douglas,1.0,,,,,,3
SEA,NE,1,NE,SEA,NE,95.0,3.0,pass,6.0,0,0,0,,,,,-0.495809633750469,0.0,0.0,0.0,0.0,0.0,0.0,1.0,0.0,0.0,0.0,0.0,0.0,0.0,0.0,1.0,D.Maye,6.0,R.Stevenson,6.0,,,,,,3
SEA,NE,1,NE,SEA,NE,89.0,4.0,no_play,0.0,0,0,0,,,,,-0.323713816469535,0.0,0.0,0.0,1.0,0.0,0.0,0.0,0.0,0.0,0.0,0.0,0.0,0.0,0.0,0.0,,,,,,,,NE,5.0,3
SEA,NE,1,NE,SEA,NE,94.0,4.0,punt,0.0,0,0,0,,,,,-0.599254388129339,0.0,0.0,0.0,0.0,0.0,0.0,0.0,0.0,0.0,0.0,0.0,0.0,0.0,0.0,0.0,,,,,,,,,,3
SEA,NE,1,SEA,NE,NE,43.0,1.0,pass,4.0,0,0,0,,,,,-0.280626444728114,0.0,0.0,0.0,0.0,0.0,0.0,1.0,0.0,0.0,0.0,0.0,0.0,0.0,0.0,1.0,D.Lock,4.0,J.Price,4.0,,,,,,3
SEA,NE,1,,,,,,no_play,0.0,0,0,0,,,,,0.0,0.0,0.0,0.0,0.0,0.0,0.0,0.0,0.0,0.0,0.0,0.0,0.0,0.0,0.0,0.0,,,,,,,,,,3
SEA,NE,1,SEA,NE,NE,39.0,2.0,pass,2.0,0,0,0,,,,,-0.416528925881721,0.0,0.0,0.0,0.0,0.0,0.0,1.0,0.0,0.0,0.0,0.0,0.0,0.0,0.0,1.0,D.Lock,2.0,J.Price,2.0,,,,,,3
SEA,NE,1,SEA,NE,NE,37.0,3.0,pass,24.0,0,0,0,,,,,2.55324692372233,1.0,0.0,0.0,0.0,0.0,0.0,1.0,0.0,0.0,0.0,0.0,0.0,0.0,0.0,1.0,D.Lock,24.0,C.Kupp,24.0,,,,,,3
SEA,NE,1,SEA,NE,NE,13.0,1.0,run,2.0,0,0,0,,,,,-0.451220426766668,0.0,0.0,0.0,0.0,0.0,1.0,0.0,0.0,0.0,0.0,0.0,0.0,0.0,0.0,0.0,,,,,G.Holani,2.0,,,,3
SEA,NE,1,SEA,NE,NE,11.0,2.0,run,4.0,0,0,0,,,,,-0.192708835646044,0.0,0.0,0.0,0.0,0.0,1.0,0.0,0.0,0.0,0.0,0.0,0.0,0.0,0.0,0.0,,,,,G.Holani,4.0,,,,3
SEA,NE,1,SEA,NE,NE,7.0,3.0,no_play,0.0,0,0,0,,,,,-0.613212257332634,0.0,0.0,0.0,1.0,0.0,0.0,0.0,0.0,0.0,0.0,0.0,0.0,0.0,0.0,0.0,,,,,,,,SEA,5.0,3
SEA,NE,1,SEA,NE,NE,12.0,3.0,pass,0.0,0,0,0,,,,,-1.07759076844072,0.0,0.0,0.0,0.0,0.0,0.0,1.0,0.0,0.0,0.0,0.0,0.0,0.0,0.0,0.0,D.Lock,,J.Smith-Njigba,,,,,,,3
SEA,NE,1,SEA,NE,NE,12.0,4.0,field_goal,0.0,0,0,0,made,,,,0.167515787220184,0.0,0.0,0.0,0.0,0.0,0.0,0.0,0.0,0.0,0.0,0.0,0.0,0.0,0.0,0.0,,,,,,,,,,3
SEA,NE,1,NE,SEA,SEA,35.0,,kickoff,0.0,0,0,0,,,,,0.50937508046627,0.0,0.0,0.0,0.0,0.0,0.0,0.0,0.0,0.0,0.0,0.0,0.0,0.0,1.0,0.0,,,,,,,,,,3
SEA,NE,1,NE,SEA,NE,68.0,1.0,no_play,0.0,0,0,0,,,,,-0.726240832358599,0.0,0.0,0.0,1.0,0.0,0.0,0.0,0.0,0.0,0.0,0.0,0.0,0.0,0.0,0.0,,,,,,,,NE,5.0,3
SEA,NE,1,NE,SEA,NE,73.0,1.0,pass,17.0,0,0,0,,,,,1.47770877624862,0.0,0.0,0.0,0.0,0.0,0.0,1.0,0.0,0.0,0.0,0.0,0.0,0.0,0.0,1.0,D.Maye,17.0,R.Stevenson,17.0,,,,,,3
SEA,NE,1,NE,SEA,NE,56.0,1.0,run,1.0,0,0,0,,,,,-0.516885265242308,0.0,0.0,0.0,0.0,0.0,1.0,0.0,0.0,0.0,0.0,0.0,0.0,0.0,0.0,0.0,,,,,R.Stevenson,1.0,,,,3
SEA,NE,1,NE,SEA,NE,55.0,2.0,no_play,0.0,0,0,0,,,,,-1.09524434106424,0.0,0.0,0.0,1.0,0.0,0.0,0.0,0.0,0.0,0.0,0.0,0.0,0.0,0.0,0.0,,,,,,,,NE,10.0,3
SEA,NE,1,NE,SEA,NE,65.0,2.0,pass,11.0,0,0,0,,,,,0.300744827836752,0.0,0.0,0.0,0.0,0.0,0.0,1.0,0.0,0.0,0.0,0.0,0.0,0.0,0.0,1.0,D.Maye,11.0,R.Stevenson,11.0,,,,,,3
SEA,NE,1,NE,SEA,NE,54.0,3.0,pass,8.0,0,0,0,,,,,1.82441800227389,1.0,0.0,0.0,0.0,0.0,0.0,1.0,0.0,0.0,0.0,0.0,0.0,0.0,0.0,1.0,D.Maye,8.0,D.Douglas,8.0,,,,,,3
SEA,NE,1,NE,SEA,,,,,,0,0,0,,,,,0.0,,,,,,,,,,,,,,,,,,,,,,,,,3
SEA,NE,1,NE,SEA,SEA,46.0,1.0,run,1.0,0,0,0,,,,,-0.518535734852776,0.0,0.0,0.0,0.0,0.0,1.0,0.0,0.0,0.0,0.0,0.0,0.0,0.0,0.0,0.0,,,,,C.Kiner,1.0,,,,3
SEA,NE,1,NE,SEA,SEA,45.0,2.0,pass,0.0,0,0,0,,,,,-3.89244564413093,0.0,0.0,1.0,0.0,0.0,0.0,1.0,0.0,0.0,0.0,0.0,0.0,0.0,0.0,0.0,D.Maye,,R.Doubs,,,,,,,3
SEA,NE,1,SEA,NE,SEA,67.0,1.0,pass,13.0,0,0,0,,,,,0.918906453298405,0.0,0.0,0.0,0.0,0.0,0.0,1.0,0.0,0.0,0.0,0.0,0.0,0.0,0.0,1.0,D.Lock,13.0,J.Smith-Njigba,13.0,,,,,,3
SEA,NE,1,SEA,NE,SEA,54.0,1.0,run,5.0,0,0,0,,,,,-0.0690499433549121,0.0,0.0,0.0,0.0,0.0,1.0,0.0,0.0,0.0,0.0,0.0,0.0,0.0,0.0,0.0,,,,,J.Price,5.0,,,,3
SEA,NE,1,SEA,NE,NE,49.0,2.0,run,4.0,0,0,0,,,,,0.175180873484351,0.0,0.0,0.0,0.0,0.0,1.0,0.0,0.0,0.0,0.0,0.0,0.0,0.0,0.0,0.0,,,,,J.Price,4.0,,,,3
SEA,NE,1,SEA,NE,NE,45.0,3.0,run,0.0,0,0,0,,,,,-1.58832101826556,0.0,0.0,0.0,0.0,0.0,1.0,0.0,0.0,0.0,0.0,0.0,0.0,0.0,0.0,0.0,,,,,E.Wilson,0.0,,,,3
SEA,NE,1,SEA,NE,NE,45.0,4.0,pass,45.0,0,0,0,,,,SEA,6.13608333515003,0.0,1.0,0.0,0.0,0.0,0.0,1.0,0.0,1.0,1.0,0.0,0.0,0.0,0.0,1.0,D.Lock,45.0,J.Smith-Njigba,45.0,,,,,,3
SEA,NE,1,SEA,NE,NE,15.0,,extra_point,0.0,0,0,0,,good,,,0.0675730031076331,0.0,0.0,0.0,0.0,0.0,0.0,0.0,0.0,0.0,0.0,0.0,1.0,0.0,0.0,0.0,,,,,,,,,,3
SEA,NE,1,NE,SEA,SEA,35.0,,kickoff,0.0,0,0,0,,,,,-0.79319189558737,0.0,0.0,0.0,1.0,0.0,0.0,0.0,0.0,0.0,0.0,0.0,0.0,0.0,1.0,0.0,,,,,,,,NE,10.0,3
SEA,NE,1,NE,SEA,NE,86.0,1.0,run,7.0,0,0,0,,,,,0.372621412621811,0.0,0.0,0.0,0.0,0.0,1.0,0.0,0.0,0.0,0.0,0.0,0.0,0.0,0.0,0.0,,,,,R.Stevenson,7.0,,,,3
SEA,NE,1,NE,SEA,NE,79.0,2.0,run,5.0,0,0,0,,,,,0.472898597130552,0.0,0.0,0.0,0.0,0.0,1.0,0.0,0.0,0.0,0.0,0.0,0.0,0.0,0.0,0.0,,,,,R.Stevenson,5.0,,,,3
SEA,NE,1,NE,SEA,NE,74.0,1.0,run,-4.0,0,0,0,,,,,-1.26268016616814,0.0,0.0,0.0,0.0,0.0,1.0,0.0,0.0,0.0,0.0,0.0,0.0,0.0,0.0,0.0,,,,,R.Stevenson,-4.0,,,,3
SEA,NE,1,NE,SEA,NE,78.0,2.0,pass,0.0,0,0,0,,,,,-0.756474453490228,0.0,0.0,0.0,0.0,0.0,0.0,1.0,0.0,0.0,0.0,0.0,0.0,0.0,0.0,0.0,D.Maye,,R.Doubs,,,,,,,3
SEA,NE,1,NE,SEA,NE,78.0,3.0,pass,0.0,0,0,0,,,,,-1.91700228874106,0.0,0.0,1.0,0.0,0.0,0.0,1.0,0.0,0.0,0.0,0.0,0.0,0.0,0.0,0.0,D.Maye,,D.Douglas,,,,,,,3
SEA,NE,1,SEA,NE,NE,47.0,1.0,run,4.0,0,0,0,,,,,-0.245866484707221,0.0,0.0,0.0,0.0,0.0,1.0,0.0,0.0,0.0,0.0,0.0,0.0,0.0,0.0,0.0,,,,,J.Price,4.0,,,,3
SEA,NE,1,SEA,NE,NE,43.0,2.0,pass,9.0,0,0,0,,,,,0.993143794359639,0.0,0.0,0.0,0.0,0.0,0.0,1.0,0.0,0.0,0.0,0.0,0.0,0.0,0.0,1.0,D.Lock,9.0,A.Barner,9.0,,,,,,3
SEA,NE,1,SEA,NE,NE,34.0,1.0,pass,11.0,0,0,0,,,,,0.884397905087099,0.0,0.0,0.0,0.0,0.0,0.0,1.0,0.0,0.0,0.0,0.0,0.0,0.0,0.0,1.0,D.Lock,11.0,J.Smith-Njigba,11.0,,,,,,3
SEA,NE,1,SEA,NE,NE,23.0,1.0,pass,11.0,0,0,0,,,,,0.565966888796538,0.0,0.0,0.0,0.0,0.0,0.0,1.0,0.0,0.0,0.0,0.0,0.0,0.0,0.0,1.0,D.Lock,11.0,C.Kupp,11.0,,,,,,3
SEA,NE,1,SEA,NE,NE,12.0,1.0,no_play,0.0,0,0,0,,,,,-0.66676557273604,0.0,0.0,0.0,1.0,0.0,0.0,0.0,0.0,0.0,0.0,0.0,0.0,0.0,0.0,0.0,,,,,,,,SEA,5.0,3
SEA,NE,1,SEA,NE,NE,17.0,1.0,run,14.0,0,0,1,,,,,1.73395041114418,0.0,0.0,0.0,0.0,0.0,1.0,0.0,0.0,0.0,0.0,0.0,0.0,0.0,0.0,0.0,,,,,D.Lock,14.0,,,,3
SEA,NE,1,SEA,NE,NE,3.0,2.0,no_play,0.0,0,0,0,,,,,-1.16015914489981,0.0,0.0,0.0,1.0,0.0,0.0,0.0,0.0,0.0,0.0,0.0,0.0,0.0,0.0,0.0,,,,,,,,SEA,5.0,3
SEA,NE,1,SEA,NE,NE,8.0,2.0,pass,0.0,0,0,0,,,,,-0.796233873697929,0.0,0.0,0.0,0.0,0.0,0.0,1.0,0.0,0.0,0.0,0.0,0.0,0.0,0.0,0.0,D.Lock,,J.Smith-Njigba,,,,,,,3
SEA,NE,1,SEA,NE,NE,8.0,3.0,pass,0.0,0,0,0,,,,,-1.04626090595221,0.0,0.0,0.0,0.0,0.0,0.0,1.0,0.0,0.0,0.0,0.0,0.0,0.0,0.0,0.0,D.Lock,,J.Smith-Njigba,,,,,,,3
SEA,NE,1,SEA,NE,NE,8.0,4.0,field_goal,0.0,0,0,0,made,,,,0.0800046506100505,0.0,0.0,0.0,0.0,0.0,0.0,0.0,0.0,0.0,0.0,0.0,0.0,0.0,0.0,0.0,,,,,,,,,,3
SEA,NE,1,NE,SEA,SEA,35.0,,kickoff,0.0,0,0,0,,,,,0.0504940892569721,0.0,0.0,0.0,0.0,0.0,0.0,0.0,0.0,0.0,0.0,0.0,0.0,0.0,1.0,0.0,,,,,,,,,,3
SEA,NE,1,NE,SEA,NE,73.0,1.0,no_play,0.0,0,0,0,,,,,-0.97412669705227,0.0,0.0,0.0,1.0,0.0,0.0,0.0,0.0,0.0,0.0,0.0,0.0,0.0,0.0,0.0,,,,,,,,NE,10.0,3
SEA,NE,1,NE,SEA,NE,83.0,1.0,pass,-1.0,0,0,0,,,,,-0.506427427520976,0.0,0.0,0.0,0.0,0.0,0.0,1.0,1.0,0.0,0.0,0.0,0.0,0.0,0.0,0.0,D.Maye,,,,,,,,,3
SEA,NE,1,NE,SEA,NE,84.0,2.0,pass,19.0,0,0,0,,,,,1.45118588826153,0.0,0.0,0.0,0.0,0.0,0.0,1.0,0.0,0.0,0.0,0.0,0.0,0.0,0.0,1.0,D.Maye,19.0,M.Hollins,19.0,,,,,,3
SEA,NE,1,NE,SEA,NE,65.0,3.0,pass,0.0,0,0,0,,,,,-1.32093957613688,0.0,0.0,0.0,0.0,0.0,0.0,1.0,0.0,0.0,0.0,0.0,0.0,0.0,0.0,0.0,D.Maye,,R.Doubs,,,,,,,3
SEA,NE,1,NE,SEA,NE,65.0,4.0,run,5.0,0,0,1,,,,,2.00023593788501,0.0,1.0,0.0,0.0,0.0,1.0,0.0,0.0,0.0,0.0,0.0,0.0,0.0,0.0,0.0,,,,,D.Maye,5.0,,,,3
SEA,NE,1,NE,SEA,NE,60.0,1.0,run,12.0,0,0,0,,,,,0.815812118991744,0.0,0.0,0.0,0.0,0.0,1.0,0.0,0.0,0.0,0.0,0.0,0.0,0.0,0.0,0.0,,,,,R.Stevenson,12.0,,,,3
SEA,NE,1,NE,SEA,SEA,48.0,1.0,no_play,0.0,0,0,0,,,,,-0.476101824955549,0.0,0.0,0.0,1.0,0.0,0.0,0.0,0.0,0.0,0.0,0.0,0.0,0.0,0.0,0.0,,,,,,,,NE,5.0,3
SEA,NE,1,NE,SEA,NE,53.0,1.0,pass,-2.0,0,0,0,,,,,-0.624519902630709,0.0,0.0,0.0,0.0,0.0,0.0,1.0,0.0,0.0,0.0,0.0,0.0,0.0,0.0,1.0,D.Maye,-2.0,L.Larison,-2.0,,,,,,3
SEA,NE,1,NE,SEA,NE,55.0,2.0,pass,-2.0,0,0,0,,,,,-0.656519694835879,0.0,0.0,0.0,0.0,0.0,0.0,1.0,1.0,0.0,0.0,0.0,0.0,0.0,0.0,0.0,D.Maye,,,,,,,,,3
SEA,NE,1,NE,SEA,NE,57.0,3.0,pass,10.0,0,0,0,,,,,-0.603564326069318,0.0,0.0,0.0,0.0,0.0,0.0,1.0,0.0,0.0,0.0,0.0,0.0,0.0,0.0,1.0,D.Maye,10.0,H.Henry,10.0,,,,,,3
SEA,NE,1,,,,,,no_play,0.0,0,0,0,,,,,0.0,0.0,0.0,0.0,0.0,0.0,0.0,0.0,0.0,0.0,0.0,0.0,0.0,0.0,0.0,0.0,,,,,,,,,,3
SEA,NE,1,NE,SEA,SEA,47.0,4.0,pass,11.0,0,0,0,,,,,2.42490030504996,0.0,1.0,0.0,0.0,0.0,0.0,1.0,0.0,0.0,0.0,0.0,0.0,0.0,0.0,1.0,D.Maye,11.0,M.Hollins,11.0,,,,,,3
SEA,NE,1,NE,SEA,SEA,36.0,1.0,run,8.0,0,0,0,,,,,-0.733056870638393,0.0,0.0,0.0,0.0,0.0,1.0,0.0,0.0,0.0,0.0,0.0,0.0,0.0,0.0,0.0,,,,,R.Stevenson,8.0,,,,3
SEA,NE,1,,,,,,no_play,0.0,0,0,0,,,,,0.0,0.0,0.0,0.0,0.0,0.0,0.0,0.0,0.0,0.0,0.0,0.0,0.0,0.0,0.0,0.0,,,,,,,,,,3
SEA,NE,1,NE,SEA,SEA,28.0,2.0,pass,1.0,0,0,0,,,,,0.0687830519163981,0.0,0.0,0.0,0.0,0.0,0.0,1.0,0.0,0.0,0.0,0.0,0.0,0.0,0.0,1.0,D.Maye,1.0,D.Douglas,1.0,,,,,,3
SEA,NE,1,,,,,,no_play,0.0,0,0,0,,,,,0.0,0.0,0.0,0.0,0.0,0.0,0.0,0.0,0.0,0.0,0.0,0.0,0.0,0.0,0.0,0.0,,,,,,,,,,3
SEA,NE,1,NE,SEA,SEA,27.0,3.0,run,6.0,0,0,1,,,,,0.987571089877747,1.0,0.0,0.0,0.0,0.0,1.0,0.0,0.0,0.0,0.0,0.0,0.0,0.0,0.0,0.0,,,,,D.Maye,6.0,,,,3
SEA,NE,1,NE,SEA,SEA,21.0,1.0,pass,-7.0,0,0,0,,,,,-0.885519482893869,0.0,0.0,0.0,0.0,0.0,0.0,1.0,1.0,0.0,0.0,0.0,0.0,0.0,0.0,0.0,D.Maye,,,,,,,,,3
SEA,NE,1,,,,,,no_play,0.0,0,0,0,,,,,0.0,0.0,0.0,0.0,0.0,0.0,0.0,0.0,0.0,0.0,0.0,0.0,0.0,0.0,0.0,0.0,,,,,,,,,,3
SEA,NE,1,NE,SEA,SEA,28.0,2.0,pass,12.0,0,0,0,,,,,0.630582676327322,0.0,0.0,0.0,0.0,0.0,0.0,1.0,0.0,0.0,0.0,0.0,0.0,0.0,0.0,1.0,D.Maye,12.0,M.Hollins,12.0,,,,,,3
SEA,NE,1,NE,SEA,SEA,16.0,3.0,pass,0.0,0,0,0,,,,,-2.66681623412296,0.0,0.0,1.0,0.0,0.0,0.0,1.0,0.0,0.0,0.0,0.0,0.0,0.0,0.0,0.0,D.Maye,,M.Hollins,,,,,,,3
SEA,NE,1,SEA,NE,SEA,80.0,1.0,qb_kneel,-1.0,1,0,0,,,,,0.0,0.0,0.0,0.0,0.0,0.0,1.0,0.0,0.0,0.0,0.0,0.0,0.0,0.0,0.0,0.0,,,,,D.Lock,-1.0,,,,3
SEA,NE,1,SEA,NE,,,,,,0,0,0,,,,,,,,,,,,,,,,,,,,,,,,,,,,,,3
DET,NO,1,,,,,,,,0,0,0,,,,,0.0,,,,,,,,,,,,,,,,,,,,,,,,,1
DET,NO,1,DET,NO,NO,35.0,,kickoff,0.0,0,0,0,,,,,-0.541373710613698,0.0,0.0,0.0,0.0,0.0,0.0,0.0,0.0,0.0,0.0,0.0,0.0,0.0,1.0,0.0,,,,,,,,,,1
DET,NO,1,DET,NO,DET,82.0,1.0,run,4.0,0,0,0,,,,,-0.315992350690067,0.0,0.0,0.0,0.0,0.0,1.0,0.0,0.0,0.0,0.0,0.0,0.0,0.0,0.0,0.0,,,,,J.Gibbs,4.0,,,,1
DET,NO,1,DET,NO,DET,78.0,2.0,pass,5.0,0,0,0,,,,,0.652588262222707,0.0,0.0,0.0,0.0,0.0,0.0,1.0,0.0,0.0,0.0,0.0,0.0,0.0,0.0,1.0,J.Goff,5.0,A.St. Brown,5.0,,,,,,1
DET,NO,1,DET,NO,DET,73.0,3.0,run,-3.0,0,0,0,,,,,-2.82510716514662,0.0,0.0,0.0,0.0,0.0,1.0,0.0,0.0,0.0,0.0,0.0,0.0,0.0,0.0,0.0,,,,,J.Gibbs,-3.0,,,,1
DET,NO,1,DET,NO,DET,76.0,4.0,punt,0.0,0,0,0,,,,,0.372534638736397,0.0,0.0,0.0,0.0,0.0,0.0,0.0,0.0,0.0,0.0,0.0,0.0,0.0,0.0,0.0,,,,,,,,,,1
DET,NO,1,NO,DET,NO,77.0,1.0,run,0.0,0,0,0,,,,,-0.652344696689397,0.0,0.0,0.0,0.0,0.0,1.0,0.0,0.0,0.0,0.0,0.0,0.0,0.0,0.0,0.0,,,,,T.Etienne,0.0,,,,1
DET,NO,1,NO,DET,NO,77.0,2.0,pass,9.0,0,0,0,,,,,1.0503938831389,0.0,0.0,0.0,0.0,0.0,0.0,1.0,0.0,0.0,0.0,0.0,0.0,0.0,0.0,1.0,T.Shough,9.0,D.Vele,9.0,,,,,,1
DET,NO,1,NO,DET,NO,68.0,3.0,run,3.0,0,0,0,,,,,0.378751775249839,1.0,0.0,0.0,0.0,0.0,1.0,0.0,0.0,0.0,0.0,0.0,0.0,0.0,0.0,0.0,,,,,C.Donaldson,3.0,,,,1
DET,NO,1,NO,DET,NO,65.0,1.0,pass,6.0,0,0,0,,,,,0.281748224515468,0.0,0.0,0.0,0.0,0.0,0.0,1.0,0.0,0.0,0.0,0.0,0.0,0.0,0.0,1.0,T.Shough,6.0,N.Fant,6.0,,,,,,1
DET,NO,1,NO,DET,NO,59.0,2.0,run,2.0,0,0,0,,,,,-0.483457307796925,0.0,0.0,0.0,0.0,0.0,1.0,0.0,0.0,0.0,0.0,0.0,0.0,0.0,0.0,0.0,,,,,K.Miller,2.0,,,,1
DET,NO,1,NO,DET,NO,57.0,3.0,pass,0.0,0,0,0,,,,,-1.90068854391575,0.0,0.0,0.0,0.0,0.0,0.0,1.0,0.0,0.0,0.0,0.0,0.0,0.0,0.0,0.0,T.Shough,,N.Fant,,,,,,,1
DET,NO,1,NO,DET,NO,57.0,4.0,punt,0.0,0,0,0,,,,,-0.227621259633452,0.0,0.0,0.0,0.0,0.0,0.0,0.0,0.0,0.0,0.0,0.0,0.0,0.0,0.0,0.0,,,,,,,,,,1
DET,NO,1,DET,NO,DET,89.0,1.0,run,3.0,0,0,0,,,,,-0.438515551388264,0.0,0.0,0.0,0.0,0.0,1.0,0.0,0.0,0.0,0.0,0.0,0.0,0.0,0.0,0.0,,,,,J.Gibbs,3.0,,,,1
DET,NO,1,DET,NO,DET,86.0,2.0,run,2.0,0,0,0,,,,,-0.475648881867528,0.0,0.0,0.0,0.0,0.0,1.0,0.0,0.0,0.0,0.0,0.0,0.0,0.0,0.0,0.0,,,,,J.Gibbs,2.0,,,,1
DET,NO,1,DET,NO,DET,84.0,3.0,pass,8.0,0,0,0,,,,,1.53676726482809,1.0,0.0,0.0,0.0,0.0,0.0,1.0,0.0,0.0,0.0,0.0,0.0,0.0,0.0,1.0,J.Goff,8.0,S.LaPorta,8.0,,,,,,1
DET,NO,1,DET,NO,DET,76.0,1.0,pass,11.0,0,0,0,,,,,0.830891897436231,0.0,0.0,0.0,0.0,0.0,0.0,1.0,0.0,0.0,0.0,0.0,0.0,0.0,0.0,1.0,J.Goff,11.0,J.Gibbs,11.0,,,,,,1
DET,NO,1,DET,NO,DET,65.0,1.0,pass,0.0,0,0,0,,,,,-0.571687055751681,0.0,0.0,0.0,0.0,0.0,0.0,1.0,0.0,0.0,0.0,0.0,0.0,0.0,0.0,0.0,J.Goff,,I.TeSlaa,,,,,,,1
DET,NO,1,DET,NO,DET,65.0,2.0,no_play,0.0,0,0,0,,,,,-0.580835583619773,0.0,0.0,0.0,1.0,0.0,0.0,0.0,0.0,0.0,0.0,0.0,0.0,0.0,0.0,0.0,,,,,,,,DET,5.0,1
DET,NO,1,DET,NO,DET,70.0,2.0,pass,19.0,0,0,0,,,,,2.05485660163686,0.0,0.0,0.0,0.0,0.0,0.0,1.0,0.0,0.0,0.0,0.0,0.0,0.0,0.0,1.0,J.Goff,19.0,S.LaPorta,19.0,,,,,,1
DET,NO,1,DET,NO,DET,51.0,1.0,run,6.0,0,0,0,,,,,0.163897797698155,0.0,0.0,0.0,0.0,0.0,1.0,0.0,0.0,0.0,0.0,0.0,0.0,0.0,0.0,0.0,,,,,J.Gibbs,6.0,,,,1
DET,NO,1,DET,NO,NO,45.0,2.0,run,21.0,0,0,0,,,,,1.58340219245292,0.0,0.0,0.0,0.0,0.0,1.0,0.0,0.0,0.0,0.0,0.0,0.0,0.0,0.0,0.0,,,,,J.Gibbs,21.0,,,,1
DET,NO,1,DET,NO,NO,24.0,1.0,run,11.0,0,0,0,,,,,0.541965799522586,0.0,0.0,0.0,0.0,0.0,1.0,0.0,0.0,0.0,0.0,0.0,0.0,0.0,0.0,0.0,,,,,J.Gibbs,11.0,,,,1
DET,NO,1,DET,NO,NO,13.0,1.0,run,2.0,0,0,0,,,,,-0.467260011704639,0.0,0.0,0.0,0.0,0.0,1.0,0.0,0.0,0.0,0.0,0.0,0.0,0.0,0.0,0.0,,,,,J.Gibbs,2.0,,,,1
DET,NO,1,DET,NO,NO,11.0,2.0,pass,0.0,0,0,0,,,,,-0.795998645480722,0.0,0.0,0.0,0.0,0.0,0.0,1.0,0.0,0.0,0.0,0.0,0.0,0.0,0.0,0.0,J.Goff,,A.St. Brown,,,,,,,1
DET,NO,1,DET,NO,NO,11.0,3.0,pass,10.0,0,0,0,,,,,2.43639869539766,1.0,0.0,0.0,0.0,0.0,0.0,1.0,0.0,0.0,0.0,0.0,0.0,0.0,0.0,1.0,J.Goff,10.0,J.Williams,10.0,,,,,,1
DET,NO,1,DET,NO,NO,1.0,1.0,run,1.0,0,0,0,,,,DET,0.444613897183444,0.0,0.0,0.0,0.0,0.0,1.0,0.0,0.0,1.0,0.0,1.0,0.0,0.0,0.0,0.0,,,,,J.Gibbs,1.0,,,,1
DET,NO,1,DET,NO,NO,15.0,,extra_point,0.0,0,0,0,,good,,,0.0511715660706391,0.0,0.0,0.0,0.0,0.0,0.0,0.0,0.0,0.0,0.0,0.0,1.0,0.0,0.0,0.0,,,,,,,,,,1
DET,NO,1,NO,DET,DET,35.0,,kickoff,0.0,0,0,0,,,,,0.0883263829164207,0.0,0.0,0.0,0.0,0.0,0.0,0.0,0.0,0.0,0.0,0.0,0.0,0.0,1.0,0.0,,,,,,,,,,1
DET,NO,1,NO,DET,NO,73.0,1.0,pass,0.0,0,0,0,,,,,-0.609788088593632,0.0,0.0,0.0,0.0,0.0,0.0,1.0,0.0,0.0,0.0,0.0,0.0,0.0,0.0,0.0,T.Shough,,D.Vele,,,,,,,1
DET,NO,1,NO,DET,NO,73.0,2.0,run,3.0,0,0,0,,,,,-0.485397190321237,0.0,0.0,0.0,0.0,0.0,1.0,0.0,0.0,0.0,0.0,0.0,0.0,0.0,0.0,0.0,,,,,T.Etienne,3.0,,,,1
DET,NO,1,NO,DET,NO,70.0,3.0,pass,0.0,0,0,0,,,,,-1.40104500390589,0.0,0.0,0.0,0.0,0.0,0.0,1.0,0.0,0.0,0.0,0.0,0.0,0.0,0.0,0.0,T.Shough,,J.Johnson,,,,,,,1
DET,NO,1,NO,DET,NO,70.0,4.0,punt,0.0,0,0,0,,,,,-0.371796152554452,0.0,0.0,0.0,0.0,0.0,0.0,0.0,0.0,0.0,0.0,0.0,0.0,0.0,0.0,0.0,,,,,,,,,,1
DET,NO,1,DET,NO,DET,74.0,1.0,run,3.0,0,0,0,,,,,-0.24858562881127,0.0,0.0,0.0,0.0,0.0,1.0,0.0,0.0,0.0,0.0,0.0,0.0,0.0,0.0,0.0,,,,,S.Vaki,3.0,,,,1
DET,NO,1,DET,NO,DET,71.0,2.0,pass,8.0,0,0,0,,,,,0.904680407373235,0.0,0.0,0.0,0.0,0.0,0.0,1.0,0.0,0.0,0.0,0.0,0.0,0.0,0.0,1.0,J.Goff,8.0,A.St. Brown,8.0,,,,,,1
DET,NO,1,DET,NO,DET,63.0,1.0,pass,0.0,0,0,0,,,,,-0.556292794412002,0.0,0.0,0.0,0.0,0.0,0.0,1.0,0.0,0.0,0.0,0.0,0.0,0.0,0.0,0.0,J.Goff,,J.Williams,,,,,,,1
DET,NO,1,DET,NO,DET,63.0,2.0,run,5.0,0,0,0,,,,,-0.484399437438697,0.0,0.0,0.0,0.0,0.0,1.0,0.0,0.0,0.0,0.0,0.0,0.0,0.0,0.0,0.0,,,,,J.Gibbs,5.0,,,,1
DET,NO,1,DET,NO,DET,58.0,3.0,pass,5.0,0,0,0,,,,,1.54425203963183,1.0,0.0,0.0,0.0,0.0,0.0,1.0,0.0,0.0,0.0,0.0,0.0,0.0,0.0,1.0,J.Goff,5.0,A.St. Brown,5.0,,,,,,1
DET,NO,1,DET,NO,,,,,,0,0,0,,,,,0.0,,,,,,,,,,,,,,,,,,,,,,,,,1
DET,NO,1,DET,NO,DET,53.0,1.0,no_play,0.0,0,0,0,,,,,-0.980600028065965,0.0,0.0,0.0,1.0,0.0,0.0,0.0,0.0,0.0,0.0,0.0,0.0,0.0,0.0,0.0,,,,,,,,DET,10.0,1
DET,NO,1,DET,NO,DET,63.0,1.0,pass,5.0,0,0,0,,,,,-0.350750243291259,0.0,0.0,0.0,0.0,0.0,0.0,1.0,0.0,0.0,0.0,0.0,0.0,0.0,0.0,1.0,J.Goff,5.0,S.LaPorta,5.0,,,,,,1
DET,NO,1,DET,NO,DET,58.0,2.0,pass,0.0,0,0,0,,,,,-0.976098292972893,0.0,0.0,0.0,0.0,0.0,0.0,1.0,0.0,0.0,0.0,0.0,0.0,0.0,0.0,0.0,J.Goff,,J.Williams,,,,,,,1
DET,NO,1,DET,NO,DET,58.0,3.0,pass,0.0,0,0,0,,,,,-1.26355231739581,0.0,0.0,0.0,0.0,0.0,0.0,1.0,0.0,0.0,0.0,0.0,0.0,0.0,0.0,0.0,J.Goff,,A.St. Brown,,,,,,,1
DET,NO,1,DET,NO,DET,58.0,4.0,punt,0.0,0,0,0,,,,,0.35554393613711,0.0,0.0,0.0,0.0,0.0,0.0,0.0,0.0,0.0,0.0,0.0,0.0,0.0,0.0,0.0,,,,,,,,,,1
DET,NO,1,NO,DET,NO,87.0,1.0,run,3.0,0,0,0,,,,,-0.296891707926989,0.0,0.0,0.0,0.0,0.0,1.0,0.0,0.0,0.0,0.0,0.0,0.0,0.0,0.0,0.0,,,,,B.Brown,3.0,,,,1
DET,NO,1,NO,DET,NO,84.0,2.0,pass,22.0,0,0,0,,,,,1.81378712621517,0.0,0.0,0.0,0.0,0.0,0.0,1.0,0.0,0.0,0.0,0.0,0.0,0.0,0.0,1.0,T.Shough,22.0,C.Olave,22.0,,,,,,1
DET,NO,1,NO,DET,NO,62.0,1.0,pass,0.0,0,0,0,,,,,-0.531027740333229,0.0,0.0,0.0,0.0,0.0,0.0,1.0,0.0,0.0,0.0,0.0,0.0,0.0,0.0,0.0,T.Shough,,C.Olave,,,,,,,1
DET,NO,1,NO,DET,NO,62.0,2.0,pass,0.0,0,0,0,,,,,-0.851939876098186,0.0,0.0,0.0,0.0,0.0,0.0,1.0,0.0,0.0,0.0,0.0,0.0,0.0,0.0,0.0,T.Shough,,T.Etienne,,,,,,,1
DET,NO,1,NO,DET,NO,62.0,3.0,pass,0.0,0,0,0,,,,,-1.37810887652449,0.0,0.0,0.0,0.0,0.0,0.0,1.0,0.0,0.0,0.0,0.0,0.0,0.0,0.0,0.0,T.Shough,,C.Olave,,,,,,,1
DET,NO,1,NO,DET,NO,62.0,4.0,punt,0.0,0,0,0,,,,,-0.241088842041791,0.0,0.0,0.0,0.0,0.0,0.0,0.0,0.0,0.0,0.0,0.0,0.0,0.0,0.0,0.0,,,,,,,,,,1
DET,NO,1,DET,NO,DET,79.0,1.0,no_play,0.0,0,0,0,,,,,0.403713325969875,0.0,0.0,0.0,1.0,0.0,0.0,0.0,0.0,0.0,0.0,0.0,0.0,0.0,0.0,0.0,,,,,,,,NO,5.0,1
DET,NO,1,DET,NO,DET,74.0,1.0,pass,7.0,0,0,0,,,,,0.264035437721759,0.0,0.0,0.0,0.0,0.0,0.0,1.0,0.0,0.0,0.0,0.0,0.0,0.0,0.0,1.0,J.Goff,7.0,J.Williams,7.0,,,,,,1
DET,NO,1,DET,NO,DET,67.0,2.0,run,5.0,0,0,0,,,,,0.417640500469133,0.0,0.0,0.0,0.0,0.0,1.0,0.0,0.0,0.0,0.0,0.0,0.0,0.0,0.0,0.0,,,,,J.Gibbs,5.0,,,,1
DET,NO,1,DET,NO,DET,62.0,1.0,run,0.0,0,0,0,,,,,-1.26464901794679,0.0,0.0,0.0,0.0,0.0,1.0,0.0,0.0,0.0,0.0,0.0,0.0,0.0,0.0,0.0,,,,,J.Goff,0.0,J.Goff,,,1
DET,NO,1,DET,NO,DET,68.0,2.0,pass,0.0,0,0,0,,,,,-0.976443805731833,0.0,0.0,0.0,0.0,0.0,0.0,1.0,0.0,0.0,0.0,0.0,0.0,0.0,0.0,1.0,J.Goff,0.0,A.St. Brown,0.0,,,,,,1
DET,NO,1,DET,NO,DET,68.0,3.0,pass,0.0,0,0,0,,,,,-0.988827145658433,0.0,0.0,0.0,0.0,0.0,0.0,1.0,0.0,0.0,0.0,0.0,0.0,0.0,0.0,0.0,J.Goff,,S.LaPorta,,,,,,,1
DET,NO,1,DET,NO,DET,68.0,4.0,punt,0.0,0,0,0,,,,,0.550768920220435,0.0,0.0,0.0,0.0,0.0,0.0,0.0,0.0,0.0,0.0,0.0,0.0,0.0,0.0,0.0,,,,,,,,,,1
DET,NO,1,NO,DET,NO,86.0,1.0,run,1.0,0,0,0,,,,,-0.541719700209796,0.0,0.0,0.0,0.0,0.0,1.0,0.0,0.0,0.0,0.0,0.0,0.0,0.0,0.0,0.0,,,,,T.Etienne,1.0,,,,1
DET,NO,1,NO,DET,NO,85.0,2.0,pass,0.0,0,0,0,,,,,-0.689589449204505,0.0,0.0,0.0,0.0,0.0,0.0,1.0,0.0,0.0,0.0,0.0,0.0,0.0,0.0,0.0,T.Shough,,D.Vele,,,,,,,1
DET,NO,1,NO,DET,NO,85.0,3.0,pass,11.0,0,0,0,,,,,2.1140991221182,1.0,0.0,0.0,0.0,0.0,0.0,1.0,0.0,0.0,0.0,0.0,0.0,0.0,0.0,1.0,T.Shough,11.0,C.Olave,11.0,,,,,,1
DET,NO,1,NO,DET,NO,74.0,1.0,pass,0.0,0,0,0,,,,,-0.501742153894156,0.0,0.0,0.0,0.0,0.0,0.0,1.0,0.0,0.0,0.0,0.0,0.0,0.0,0.0,0.0,T.Shough,,C.Donaldson,,,,,,,1
DET,NO,1,NO,DET,NO,74.0,2.0,pass,0.0,0,0,0,,,,,-0.877286041388288,0.0,0.0,0.0,0.0,0.0,0.0,1.0,0.0,0.0,0.0,0.0,0.0,0.0,0.0,0.0,T.Shough,,C.Olave,,,,,,,1
DET,NO,1,,,,,,no_play,0.0,0,0,0,,,,,0.0,0.0,0.0,0.0,0.0,0.0,0.0,0.0,0.0,0.0,0.0,0.0,0.0,0.0,0.0,0.0,,,,,,,,,,1
DET,NO,1,NO,DET,NO,74.0,3.0,pass,0.0,0,0,0,,,,,-2.30652218381874,0.0,0.0,0.0,1.0,0.0,0.0,1.0,0.0,0.0,0.0,0.0,0.0,0.0,0.0,0.0,T.Shough,,,,,,,NO,13.0,1
DET,NO,1,NO,DET,NO,87.0,4.0,punt,0.0,0,0,0,,,,,-0.876164900138974,0.0,0.0,0.0,0.0,0.0,0.0,0.0,0.0,0.0,0.0,0.0,0.0,0.0,0.0,0.0,,,,,,,,,,1
DET,NO,1,DET,NO,NO,44.0,1.0,pass,4.0,0,0,0,,,,,-5.2399834820535,0.0,0.0,0.0,0.0,1.0,0.0,1.0,0.0,0.0,0.0,0.0,0.0,0.0,0.0,1.0,J.Goff,4.0,J.Gibbs,4.0,,,J.Gibbs,,,1
DET,NO,1,NO,DET,NO,60.0,1.0,run,4.0,0,0,0,,,,,-0.12537179957144,0.0,0.0,0.0,0.0,0.0,1.0,0.0,0.0,0.0,0.0,0.0,0.0,0.0,0.0,0.0,,,,,K.Miller,4.0,,,,1
DET,NO,1,NO,DET,NO,56.0,2.0,run,4.0,0,0,0,,,,,-0.0728954819496721,0.0,0.0,0.0,0.0,0.0,1.0,0.0,0.0,0.0,0.0,0.0,0.0,0.0,0.0,0.0,,,,,K.Miller,4.0,,,,1
DET,NO,1,NO,DET,NO,52.0,3.0,run,8.0,0,0,0,,,,,1.1909256625222,1.0,0.0,0.0,0.0,0.0,1.0,0.0,0.0,0.0,0.0,0.0,0.0,0.0,0.0,0.0,,,,,K.Miller,8.0,,,,1
DET,NO,1,NO,DET,DET,44.0,1.0,run,4.0,0,0,0,,,,,-0.0523754376918078,0.0,0.0,0.0,0.0,0.0,1.0,0.0,0.0,0.0,0.0,0.0,0.0,0.0,0.0,0.0,,,,,T.Shough,4.0,,,,1
DET,NO,1,NO,DET,DET,40.0,2.0,pass,0.0,0,0,0,,,,,-4.89121058804449,0.0,0.0,1.0,0.0,0.0,0.0,1.0,0.0,0.0,0.0,0.0,0.0,0.0,0.0,0.0,T.Shough,,N.Fant,,,,,,,1
DET,NO,1,DET,NO,DET,64.0,1.0,run,2.0,0,0,0,,,,,-0.617359945666976,0.0,0.0,0.0,0.0,0.0,1.0,0.0,0.0,0.0,0.0,0.0,0.0,0.0,0.0,0.0,,,,,J.Gibbs,2.0,,,,1
DET,NO,1,DET,NO,DET,62.0,2.0,run,-3.0,0,0,0,,,,,-0.981270030955784,0.0,0.0,0.0,0.0,0.0,1.0,0.0,0.0,0.0,0.0,0.0,0.0,0.0,0.0,0.0,,,,,J.Gibbs,-3.0,,,,1
DET,NO,1,DET,NO,DET,65.0,3.0,pass,9.0,0,0,0,,,,,-0.419799910392612,0.0,0.0,0.0,0.0,0.0,0.0,1.0,0.0,0.0,0.0,0.0,0.0,0.0,0.0,1.0,J.Goff,9.0,A.St. Brown,9.0,,,,,,1
DET,NO,1,DET,NO,DET,56.0,4.0,no_play,0.0,0,0,0,,,,,-0.546678516431712,0.0,0.0,0.0,1.0,0.0,0.0,0.0,0.0,0.0,0.0,0.0,0.0,0.0,0.0,0.0,,,,,,,,DET,5.0,1
DET,NO,1,DET,NO,DET,61.0,4.0,punt,0.0,0,0,0,,,,,0.178448873921298,0.0,0.0,0.0,0.0,0.0,0.0,0.0,0.0,0.0,0.0,0.0,0.0,0.0,0.0,0.0,,,,,,,,,,1
DET,NO,1,NO,DET,NO,86.0,1.0,run,2.0,0,0,0,,,,,-0.376943009439856,0.0,0.0,0.0,0.0,0.0,1.0,0.0,0.0,0.0,0.0,0.0,0.0,0.0,0.0,0.0,,,,,T.Etienne,2.0,,,,1
DET,NO,1,NO,DET,NO,84.0,2.0,pass,3.0,0,0,0,,,,,-0.292161702411249,0.0,0.0,0.0,0.0,0.0,0.0,1.0,0.0,0.0,0.0,0.0,0.0,0.0,0.0,1.0,T.Shough,3.0,T.Etienne,3.0,,,,,,1
DET,NO,1,NO,DET,NO,81.0,3.0,pass,7.0,0,0,0,,,,,1.25175916054286,1.0,0.0,0.0,0.0,0.0,0.0,1.0,0.0,0.0,0.0,0.0,0.0,0.0,0.0,1.0,T.Shough,7.0,C.Olave,7.0,,,,,,1
DET,NO,1,NO,DET,NO,74.0,1.0,pass,0.0,0,0,0,,,,,-0.272311547538266,0.0,0.0,0.0,0.0,0.0,0.0,1.0,0.0,0.0,0.0,0.0,0.0,0.0,0.0,0.0,T.Shough,,T.Etienne,,,,,,,1
DET,NO,1,NO,DET,NO,74.0,2.0,pass,4.0,0,0,0,,,,,-0.14163035643287,0.0,0.0,0.0,0.0,0.0,0.0,1.0,0.0,0.0,0.0,0.0,0.0,0.0,0.0,1.0,T.Shough,4.0,D.Vele,4.0,,,,,,1
DET,NO,1,NO,DET,NO,70.0,3.0,no_play,0.0,0,0,0,,,,,0.651847108267248,0.0,0.0,0.0,1.0,0.0,0.0,0.0,0.0,0.0,0.0,0.0,0.0,0.0,0.0,0.0,,,,,,,,DET,5.0,1
DET,NO,1,NO,DET,NO,65.0,1.0,pass,19.0,0,0,0,,,,,1.35380930633983,0.0,0.0,0.0,0.0,0.0,0.0,1.0,0.0,0.0,0.0,0.0,0.0,0.0,0.0,1.0,T.Shough,19.0,B.Lance,19.0,,,,,,1
DET,NO,1,NO,DET,DET,46.0,1.0,pass,-2.0,0,0,0,,,,,-0.784540268476121,0.0,0.0,0.0,0.0,0.0,0.0,1.0,0.0,0.0,0.0,0.0,0.0,0.0,0.0,1.0,T.Shough,-2.0,C.Donaldson,-2.0,,,,,,1
DET,NO,1,NO,DET,DET,48.0,2.0,pass,6.0,0,0,0,,,,,0.16329413902713,0.0,0.0,0.0,0.0,0.0,0.0,1.0,0.0,0.0,0.0,0.0,0.0,0.0,0.0,1.0,T.Shough,6.0,D.Vele,6.0,,,,,,1
DET,NO,1,,,,,,no_play,0.0,0,0,0,,,,,0.0,0.0,0.0,0.0,0.0,0.0,0.0,0.0,0.0,0.0,0.0,0.0,0.0,0.0,0.0,0.0,,,,,,,,,,1
DET,NO,1,NO,DET,DET,42.0,3.0,pass,-8.0,0,0,0,,,,,-1.65013687836472,0.0,0.0,0.0,0.0,0.0,0.0,1.0,1.0,0.0,0.0,0.0,0.0,0.0,0.0,0.0,T.Shough,,,,,,,,,1
DET,NO,1,,,,50.0,,no_play,0.0,0,0,0,,,,,0.0,0.0,0.0,0.0,0.0,0.0,0.0,0.0,0.0,0.0,0.0,0.0,0.0,0.0,0.0,0.0,,,,,,,,,,1
DET,NO,1,NO,DET,50,50.0,4.0,punt,0.0,0,0,0,,,,,-0.528405606106389,0.0,0.0,0.0,0.0,0.0,0.0,0.0,0.0,0.0,0.0,0.0,0.0,0.0,0.0,0.0,,,,,,,,,,1
DET,NO,1,DET,NO,DET,91.0,1.0,pass,0.0,0,0,0,,,,,-0.0912095579551533,0.0,0.0,0.0,0.0,0.0,0.0,1.0,0.0,0.0,0.0,0.0,0.0,0.0,0.0,1.0,J.Goff,0.0,J.Gibbs,0.0,,,,,,1
DET,NO,1,DET,NO,DET,91.0,2.0,run,11.0,0,0,0,,,,,-0.0658724005916156,0.0,0.0,0.0,0.0,0.0,1.0,0.0,0.0,0.0,0.0,0.0,0.0,0.0,0.0,0.0,,,,,J.Gibbs,11.0,,,,1
DET,NO,1,,,,,,,,0,0,0,,,,,,,,,,,,,,,,,,,,,,,,,,,,,,1
DET,NO,1,NO,DET,DET,35.0,,kickoff,0.0,0,0,0,,,,,0.856707097496837,0.0,0.0,0.0,1.0,0.0,0.0,0.0,0.0,0.0,0.0,0.0,0.0,0.0,1.0,0.0,,,,,,,,DET,0.0,1
DET,NO,1,NO,DET,NO,60.0,1.0,pass,0.0,0,0,0,,,,,-5.67019338184036,0.0,0.0,1.0,0.0,0.0,0.0,1.0,0.0,0.0,0.0,0.0,0.0,0.0,0.0,0.0,T.Shough,,N.Fant,,,,,,,1
DET,NO,1,DET,NO,NO,41.0,1.0,pass,11.0,0,0,0,,,,,0.628779410733841,0.0,0.0,0.0,0.0,0.0,0.0,1.0,0.0,0.0,0.0,0.0,0.0,0.0,0.0,1.0,J.Goff,11.0,S.Vaki,11.0,,,,,,1
DET,NO,1,DET,NO,NO,30.0,1.0,run,18.0,0,0,0,,,,,1.02981595962774,0.0,0.0,0.0,0.0,0.0,1.0,0.0,0.0,0.0,0.0,0.0,0.0,0.0,0.0,0.0,,,,,J.Gibbs,18.0,,,,1
DET,NO,1,DET,NO,NO,12.0,1.0,run,2.0,0,0,0,,,,,-0.466554610873573,0.0,0.0,0.0,0.0,0.0,1.0,0.0,0.0,0.0,0.0,0.0,0.0,0.0,0.0,0.0,,,,,J.Gibbs,2.0,,,,1
DET,NO,1,DET,NO,NO,10.0,2.0,pass,7.0,0,0,0,,,,,0.803464664146304,0.0,0.0,0.0,0.0,0.0,0.0,1.0,0.0,0.0,0.0,0.0,0.0,0.0,0.0,1.0,J.Goff,7.0,S.LaPorta,7.0,,,,,,1
DET,NO,1,DET,NO,NO,3.0,3.0,run,2.0,0,0,0,,,,,0.774853125854861,1.0,0.0,0.0,0.0,0.0,1.0,0.0,0.0,0.0,0.0,0.0,0.0,0.0,0.0,0.0,,,,,J.Gibbs,2.0,,,,1
DET,NO,1,DET,NO,NO,1.0,1.0,pass,0.0,0,0,0,,,,,-0.19872221321566,0.0,0.0,0.0,0.0,0.0,0.0,1.0,0.0,0.0,0.0,0.0,0.0,0.0,0.0,0.0,J.Goff,,S.LaPorta,,,,,,,1
DET,NO,1,DET,NO,NO,1.0,2.0,run,1.0,0,0,0,,,,DET,0.623128737672232,0.0,0.0,0.0,0.0,0.0,1.0,0.0,0.0,1.0,0.0,1.0,0.0,0.0,0.0,0.0,,,,,J.Gibbs,1.0,,,,1
DET,NO,1,DET,NO,NO,15.0,,extra_point,0.0,0,0,0,,good,,,0.0511715660706391,0.0,0.0,0.0,0.0,0.0,0.0,0.0,0.0,0.0,0.0,0.0,1.0,0.0,0.0,0.0,,,,,,,,,,1
DET,NO,1,NO,DET,DET,35.0,,kickoff,0.0,0,0,0,,,,,0.52271425165236,0.0,0.0,0.0,0.0,0.0,0.0,0.0,0.0,0.0,0.0,0.0,0.0,0.0,1.0,0.0,,,,,,,,,,1
DET,NO,1,NO,DET,NO,65.0,1.0,run,2.0,0,0,0,,,,,-0.404661229345948,0.0,0.0,0.0,0.0,0.0,1.0,0.0,0.0,0.0,0.0,0.0,0.0,0.0,0.0,0.0,,,,,K.Miller,2.0,,,,1
DET,NO,1,NO,DET,NO,63.0,2.0,pass,-6.0,0,0,0,,,,,-1.62314481334761,0.0,0.0,0.0,0.0,0.0,0.0,1.0,1.0,0.0,0.0,0.0,0.0,0.0,0.0,0.0,T.Shough,,,,,,,,,1
DET,NO,1,NO,DET,NO,69.0,3.0,pass,-6.0,0,0,0,,,,,-4.28161043673754,0.0,0.0,0.0,0.0,1.0,0.0,1.0,1.0,0.0,0.0,0.0,0.0,0.0,0.0,0.0,T.Shough,,,,,,T.Shough,,,1
DET,NO,1,DET,NO,NO,25.0,1.0,pass,0.0,0,0,0,,,,,-0.474866451811977,0.0,0.0,0.0,0.0,0.0,0.0,1.0,0.0,0.0,0.0,0.0,0.0,0.0,0.0,0.0,J.Goff,,S.LaPorta,,,,,,,1
DET,NO,1,DET,NO,NO,25.0,2.0,pass,6.0,0,0,0,,,,,-0.0387494347523898,0.0,0.0,0.0,0.0,0.0,0.0,1.0,0.0,0.0,0.0,0.0,0.0,0.0,0.0,1.0,J.Goff,6.0,J.Williams,6.0,,,,,,1
DET,NO,1,DET,NO,NO,19.0,3.0,pass,19.0,0,0,0,,,,DET,2.80531271768268,1.0,0.0,0.0,0.0,0.0,0.0,1.0,0.0,1.0,1.0,0.0,0.0,0.0,0.0,1.0,J.Goff,19.0,A.St. Brown,19.0,,,,,,1
DET,NO,1,DET,NO,NO,15.0,,extra_point,0.0,0,0,0,,good,,,0.0511715660706391,0.0,0.0,0.0,0.0,0.0,0.0,0.0,0.0,0.0,0.0,0.0,1.0,0.0,0.0,0.0,,,,,,,,,,1
DET,NO,1,NO,DET,DET,35.0,,kickoff,0.0,0,0,0,,,,,-0.375605077017099,0.0,0.0,0.0,0.0,0.0,0.0,0.0,0.0,0.0,0.0,0.0,0.0,0.0,1.0,0.0,,,,,,,,,,1
DET,NO,1,NO,DET,NO,79.0,1.0,pass,47.0,0,0,0,,,,,3.23698448482901,0.0,0.0,0.0,0.0,0.0,0.0,1.0,0.0,0.0,0.0,0.0,0.0,0.0,0.0,1.0,T.Shough,47.0,C.Olave,47.0,,,,,,1
DET,NO,1,NO,DET,DET,32.0,1.0,pass,9.0,0,0,0,,,,,0.806469863862731,0.0,0.0,0.0,0.0,0.0,0.0,1.0,0.0,0.0,0.0,0.0,0.0,0.0,0.0,1.0,T.Shough,9.0,N.Fant,9.0,,,,,,1
DET,NO,1,NO,DET,DET,23.0,2.0,run,0.0,0,0,0,,,,,-0.510451122769155,0.0,0.0,0.0,0.0,0.0,1.0,0.0,0.0,0.0,0.0,0.0,0.0,0.0,0.0,0.0,,,,,T.Etienne,0.0,,,,1
DET,NO,1,NO,DET,DET,23.0,3.0,run,3.0,0,0,1,,,,,0.487131982110441,1.0,0.0,0.0,0.0,0.0,1.0,0.0,0.0,0.0,0.0,0.0,0.0,0.0,0.0,0.0,,,,,T.Shough,3.0,,,,1
DET,NO,1,NO,DET,DET,20.0,1.0,pass,0.0,0,0,0,,,,,-0.498707385151647,0.0,0.0,0.0,0.0,0.0,0.0,1.0,0.0,0.0,0.0,0.0,0.0,0.0,0.0,0.0,T.Shough,,J.Johnson,,,,,,,1
DET,NO,1,NO,DET,DET,20.0,2.0,run,7.0,0,0,0,,,,,0.197018842794932,0.0,0.0,0.0,0.0,0.0,1.0,0.0,0.0,0.0,0.0,0.0,0.0,0.0,0.0,0.0,,,,,T.Etienne,7.0,,,,1
DET,NO,1,NO,DET,DET,13.0,3.0,pass,6.0,0,0,0,,,,,1.15363947837614,1.0,0.0,0.0,0.0,0.0,0.0,1.0,0.0,0.0,0.0,0.0,0.0,0.0,0.0,1.0,T.Shough,6.0,T.Etienne,6.0,,,,,,1
DET,NO,1,NO,DET,DET,7.0,1.0,run,-1.0,0,0,0,,,,,-0.69155195588246,0.0,0.0,0.0,0.0,0.0,1.0,0.0,0.0,0.0,0.0,0.0,0.0,0.0,0.0,0.0,,,,,K.Miller,-1.0,,,,1
DET,NO,1,NO,DET,DET,8.0,2.0,run,8.0,0,0,0,,,,NO,2.12295068474486,0.0,0.0,0.0,0.0,0.0,1.0,0.0,0.0,1.0,0.0,1.0,0.0,0.0,0.0,0.0,,,,,K.Miller,8.0,,,,1
DET,NO,1,NO,DET,DET,15.0,,extra_point,0.0,0,0,0,,good,,,0.0511715660706391,0.0,0.0,0.0,0.0,0.0,0.0,0.0,0.0,0.0,0.0,0.0,1.0,0.0,0.0,0.0,,,,,,,,,,1
DET,NO,1,DET,NO,NO,35.0,,kickoff,0.0,0,0,0,,,,,-0.414598132716492,0.0,0.0,0.0,0.0,0.0,0.0,0.0,0.0,0.0,0.0,0.0,0.0,0.0,1.0,0.0,,,,,,,,,,1
DET,NO,1,DET,NO,DET,80.0,1.0,pass,0.0,0,0,0,,,,,-0.626604184042662,0.0,0.0,0.0,0.0,0.0,0.0,1.0,0.0,0.0,0.0,0.0,0.0,0.0,0.0,0.0,J.Goff,,A.St. Brown,,,,,,,1
DET,NO,1,DET,NO,DET,80.0,2.0,pass,5.0,0,0,0,,,,,-0.199289370793849,0.0,0.0,0.0,0.0,0.0,0.0,1.0,0.0,0.0,0.0,0.0,0.0,0.0,0.0,1.0,J.Goff,5.0,B.Wright,5.0,,,,,,1
DET,NO,1,DET,NO,DET,75.0,3.0,pass,0.0,0,0,0,,,,,-1.66520581720397,0.0,0.0,0.0,0.0,0.0,0.0,1.0,0.0,0.0,0.0,0.0,0.0,0.0,0.0,0.0,J.Goff,,J.Williams,,,,,,,1
DET,NO,1,DET,NO,DET,75.0,4.0,punt,0.0,0,0,0,,,,,-1.20557933975942,0.0,0.0,0.0,0.0,0.0,0.0,0.0,0.0,0.0,0.0,0.0,0.0,0.0,0.0,0.0,,,,,,,,,,1
DET,NO,1,NO,DET,NO,54.0,1.0,pass,0.0,0,0,0,,,,,-0.55983040924184,0.0,0.0,0.0,0.0,0.0,0.0,1.0,0.0,0.0,0.0,0.0,0.0,0.0,0.0,1.0,T.Shough,0.0,T.Etienne,0.0,,,,,,1
DET,NO,1,NO,DET,NO,54.0,2.0,pass,11.0,0,0,0,,,,,1.15343473828398,0.0,0.0,0.0,0.0,0.0,0.0,1.0,0.0,0.0,0.0,0.0,0.0,0.0,0.0,1.0,T.Shough,11.0,C.Olave,11.0,,,,,,1
DET,NO,1,NO,DET,DET,43.0,1.0,pass,4.0,0,0,0,,,,,-0.0756349982693791,0.0,0.0,0.0,0.0,0.0,0.0,1.0,0.0,0.0,0.0,0.0,0.0,0.0,0.0,1.0,T.Shough,4.0,T.Etienne,4.0,,,,,,1
DET,NO,1,NO,DET,DET,39.0,2.0,pass,16.0,0,0,0,,,,,1.61002427339554,0.0,0.0,0.0,0.0,0.0,0.0,1.0,0.0,0.0,0.0,0.0,0.0,0.0,0.0,1.0,T.Shough,16.0,T.Etienne,16.0,,,,,,1
DET,NO,1,NO,DET,DET,23.0,1.0,run,1.0,0,0,0,,,,,-0.447592377429828,0.0,0.0,0.0,0.0,0.0,1.0,0.0,0.0,0.0,0.0,0.0,0.0,0.0,0.0,0.0,,,,,K.Miller,1.0,,,,1
DET,NO,1,NO,DET,DET,22.0,2.0,pass,0.0,0,0,0,,,,,-0.627883037668653,0.0,0.0,0.0,0.0,0.0,0.0,1.0,0.0,0.0,0.0,0.0,0.0,0.0,0.0,0.0,T.Shough,,B.Lance,,,,,,,1
DET,NO,1,NO,DET,DET,22.0,3.0,no_play,0.0,0,0,0,,,,,2.98695385432802,0.0,0.0,0.0,1.0,0.0,0.0,0.0,0.0,0.0,0.0,0.0,0.0,0.0,0.0,0.0,,,,,,,,DET,21.0,1
DET,NO,1,NO,DET,DET,1.0,1.0,pass,1.0,0,0,0,,,,NO,0.532917888252996,0.0,0.0,0.0,0.0,0.0,0.0,1.0,0.0,1.0,1.0,0.0,0.0,0.0,0.0,1.0,T.Shough,1.0,D.Vele,1.0,,,,,,1
DET,NO,1,NO,DET,DET,15.0,,extra_point,0.0,0,0,0,,good,,,0.0511715660706391,0.0,0.0,0.0,0.0,0.0,0.0,0.0,0.0,0.0,0.0,0.0,1.0,0.0,0.0,0.0,,,,,,,,,,1
DET,NO,1,DET,NO,NO,35.0,,kickoff,0.0,0,0,0,,,,,0.0953481560572982,0.0,0.0,0.0,0.0,0.0,0.0,0.0,0.0,0.0,0.0,0.0,0.0,0.0,1.0,0.0,,,,,,,,,,1
DET,NO,1,DET,NO,DET,73.0,1.0,run,6.0,0,0,0,,,,,0.169305296149105,0.0,0.0,0.0,0.0,0.0,1.0,0.0,0.0,0.0,0.0,0.0,0.0,0.0,0.0,0.0,,,,,J.Gibbs,6.0,,,,1
DET,NO,1,DET,NO,,,,,,0,0,0,,,,,0.0,,,,,,,,,,,,,,,,,,,,,,,,,1
DET,NO,1,DET,NO,DET,67.0,2.0,run,5.0,0,0,0,,,,,0.348955671070144,0.0,0.0,0.0,0.0,0.0,1.0,0.0,0.0,0.0,0.0,0.0,0.0,0.0,0.0,0.0,,,,,J.Gibbs,5.0,,,,1
DET,NO,1,DET,NO,DET,62.0,1.0,run,1.0,0,0,0,,,,,-0.492004683241248,0.0,0.0,0.0,0.0,0.0,1.0,0.0,0.0,0.0,0.0,0.0,0.0,0.0,0.0,0.0,,,,,J.Gibbs,1.0,,,,1
DET,NO,1,DET,NO,DET,61.0,2.0,pass,6.0,0,0,0,,,,,-0.0412843823432922,0.0,0.0,0.0,0.0,0.0,0.0,1.0,0.0,0.0,0.0,0.0,0.0,0.0,0.0,1.0,J.Goff,6.0,A.St. Brown,6.0,,,,,,1
DET,NO,1,DET,NO,DET,55.0,3.0,pass,0.0,0,0,0,,,,,-1.82621775311418,0.0,0.0,0.0,0.0,0.0,0.0,1.0,0.0,0.0,0.0,0.0,0.0,0.0,0.0,0.0,J.Goff,,A.St. Brown,,,,,,,1
DET,NO,1,DET,NO,DET,55.0,4.0,punt,0.0,0,0,0,,,,,-0.788147078361362,0.0,0.0,0.0,0.0,0.0,0.0,0.0,0.0,0.0,0.0,0.0,0.0,0.0,0.0,0.0,,,,,,,,,,1
DET,NO,1,NO,DET,NO,76.0,1.0,run,14.0,0,0,0,,,,,0.882806237321347,0.0,0.0,0.0,0.0,0.0,1.0,0.0,0.0,0.0,0.0,0.0,0.0,0.0,0.0,0.0,,,,,T.Etienne,14.0,,,,1
DET,NO,1,NO,DET,NO,62.0,1.0,pass,2.0,0,0,0,,,,,-0.431393306236714,0.0,0.0,0.0,0.0,0.0,0.0,1.0,0.0,0.0,0.0,0.0,0.0,0.0,0.0,1.0,T.Shough,2.0,T.Etienne,2.0,,,,,,1
DET,NO,1,NO,DET,NO,60.0,2.0,pass,7.0,0,0,0,,,,,0.674209954915568,0.0,0.0,0.0,0.0,0.0,0.0,1.0,0.0,0.0,0.0,0.0,0.0,0.0,0.0,1.0,T.Shough,7.0,D.Vele,7.0,,,,,,1
DET,NO,1,NO,DET,NO,53.0,3.0,run,1.0,0,0,0,,,,,0.538109548157081,1.0,0.0,0.0,0.0,0.0,1.0,0.0,0.0,0.0,0.0,0.0,0.0,0.0,0.0,0.0,,,,,C.Donaldson,1.0,,,,1
DET,NO,1,NO,DET,NO,52.0,1.0,pass,0.0,0,0,0,,,,,-0.509327511535958,0.0,0.0,0.0,0.0,0.0,0.0,1.0,0.0,0.0,0.0,0.0,0.0,0.0,0.0,0.0,T.Shough,,N.Fant,,,,,,,1
DET,NO,1,NO,DET,NO,52.0,2.0,pass,5.0,0,0,0,,,,,-0.281098055886105,0.0,0.0,0.0,0.0,0.0,0.0,1.0,0.0,0.0,0.0,0.0,0.0,0.0,0.0,1.0,T.Shough,5.0,C.Olave,5.0,,,,,,1
DET,NO,1,NO,DET,DET,47.0,3.0,pass,31.0,0,0,0,,,,,3.00189484085422,1.0,0.0,0.0,0.0,0.0,0.0,1.0,0.0,0.0,0.0,0.0,0.0,0.0,0.0,1.0,T.Shough,31.0,D.Vele,31.0,,,,,,1
DET,NO,1,NO,DET,DET,16.0,1.0,run,1.0,0,0,1,,,,,-0.416895405272953,0.0,0.0,0.0,0.0,0.0,1.0,0.0,0.0,0.0,0.0,0.0,0.0,0.0,0.0,0.0,,,,,T.Shough,1.0,,,,1
DET,NO,1,NO,DET,DET,15.0,2.0,no_play,0.0,0,0,0,,,,,-0.761282587656751,0.0,0.0,0.0,1.0,0.0,0.0,0.0,0.0,0.0,0.0,0.0,0.0,0.0,0.0,0.0,,,,,,,,NO,5.0,1
DET,NO,1,NO,DET,DET,20.0,2.0,pass,9.0,0,0,0,,,,,0.50722884084098,0.0,0.0,0.0,0.0,0.0,0.0,1.0,0.0,0.0,0.0,0.0,0.0,0.0,0.0,1.0,T.Shough,9.0,C.Olave,9.0,,,,,,1
DET,NO,1,NO,DET,DET,11.0,3.0,pass,1.0,0,0,0,,,,,-1.27518978419497,0.0,0.0,0.0,0.0,0.0,0.0,1.0,0.0,0.0,0.0,0.0,0.0,0.0,0.0,1.0,T.Shough,1.0,T.Etienne,1.0,,,,,,1
DET,NO,1,NO,DET,DET,10.0,4.0,field_goal,0.0,0,0,0,made,,,,0.0787042284642059,0.0,0.0,0.0,0.0,0.0,0.0,0.0,0.0,0.0,0.0,0.0,0.0,0.0,0.0,0.0,,,,,,,,,,1
DET,NO,1,DET,NO,NO,35.0,,kickoff,0.0,0,0,0,,,,,1.35066784219816,0.0,0.0,0.0,1.0,0.0,0.0,0.0,0.0,0.0,0.0,0.0,0.0,0.0,1.0,0.0,,,,,,,,NO,15.0,1
DET,NO,1,DET,NO,50,50.0,1.0,run,15.0,0,0,0,,,,,0.83949924306944,0.0,0.0,0.0,0.0,0.0,1.0,0.0,0.0,0.0,0.0,0.0,0.0,0.0,0.0,0.0,,,,,J.Gibbs,15.0,,,,1
DET,NO,1,DET,NO,NO,35.0,1.0,pass,8.0,0,0,0,,,,,1.3916745375609,0.0,0.0,0.0,1.0,0.0,0.0,1.0,0.0,0.0,0.0,0.0,0.0,0.0,0.0,1.0,J.Goff,8.0,J.Gibbs,8.0,,,,NO,14.0,1
DET,NO,1,DET,NO,NO,13.0,1.0,run,8.0,0,0,0,,,,,0.586436703044456,0.0,0.0,0.0,0.0,0.0,1.0,0.0,0.0,0.0,0.0,0.0,0.0,0.0,0.0,0.0,,,,,J.Gibbs,8.0,,,,1
DET,NO,1,DET,NO,NO,5.0,2.0,run,3.0,0,0,0,,,,,0.634770859731361,0.0,0.0,0.0,0.0,0.0,1.0,0.0,0.0,0.0,0.0,0.0,0.0,0.0,0.0,0.0,,,,,J.Gibbs,3.0,,,,1
DET,NO,1,DET,NO,NO,2.0,1.0,no_play,0.0,0,0,0,,,,,0.176746280922089,0.0,0.0,0.0,1.0,0.0,0.0,0.0,0.0,0.0,0.0,0.0,0.0,0.0,0.0,0.0,,,,,,,,NO,1.0,1
DET,NO,1,DET,NO,NO,1.0,1.0,no_play,0.0,0,0,0,,,,,-1.72379795939196,0.0,0.0,0.0,1.0,0.0,0.0,0.0,0.0,0.0,0.0,0.0,0.0,0.0,0.0,0.0,,,,,,,,DET,10.0,1
DET,NO,1,DET,NO,NO,11.0,1.0,pass,-2.0,0,0,0,,,,,-0.53345777024515,0.0,0.0,0.0,0.0,0.0,0.0,1.0,1.0,0.0,0.0,0.0,0.0,0.0,0.0,0.0,J.Goff,,,,,,,,,1
DET,NO,1,DET,NO,NO,13.0,2.0,run,4.0,0,0,0,,,,,-0.394907044130377,0.0,0.0,0.0,0.0,0.0,1.0,0.0,0.0,0.0,0.0,0.0,0.0,0.0,0.0,0.0,,,,,S.Vaki,4.0,,,,1
DET,NO,1,DET,NO,NO,9.0,3.0,pass,4.0,0,0,0,,,,,-0.819806033453725,0.0,0.0,0.0,0.0,0.0,0.0,1.0,0.0,0.0,0.0,0.0,0.0,0.0,0.0,1.0,J.Goff,4.0,A.St. Brown,4.0,,,,,,1
DET,NO,1,DET,NO,NO,5.0,4.0,field_goal,0.0,0,0,0,made,,,,0.0264510489644549,0.0,0.0,0.0,0.0,0.0,0.0,0.0,0.0,0.0,0.0,0.0,0.0,0.0,0.0,0.0,,,,,,,,,,1
DET,NO,1,NO,DET,DET,35.0,,kickoff,0.0,0,0,0,,,,,0.0064336641225963,0.0,0.0,0.0,0.0,0.0,0.0,0.0,0.0,0.0,0.0,0.0,0.0,0.0,1.0,0.0,,,,,,,,,,1
DET,NO,1,NO,DET,NO,75.0,1.0,pass,8.0,0,0,0,,,,,0.531848521321081,0.0,0.0,0.0,0.0,0.0,0.0,1.0,0.0,0.0,0.0,0.0,0.0,0.0,0.0,1.0,T.Shough,8.0,C.Olave,8.0,,,,,,1
DET,NO,1,NO,DET,NO,67.0,2.0,pass,-10.0,0,0,0,,,,,-1.94090386375319,0.0,0.0,0.0,0.0,0.0,0.0,1.0,1.0,0.0,0.0,0.0,0.0,0.0,0.0,0.0,T.Shough,,,,,,,,,1
DET,NO,1,NO,DET,NO,77.0,3.0,pass,0.0,0,0,0,,,,,-1.05666138068773,0.0,0.0,0.0,0.0,0.0,0.0,1.0,0.0,0.0,0.0,0.0,0.0,0.0,0.0,0.0,T.Shough,,J.Johnson,,,,,,,1
DET,NO,1,NO,DET,NO,77.0,4.0,pass,15.0,0,0,0,,,,,2.94056102680042,0.0,1.0,0.0,0.0,0.0,0.0,1.0,0.0,0.0,0.0,0.0,0.0,0.0,0.0,1.0,T.Shough,15.0,B.Lance,15.0,,,,,,1
DET,NO,1,,,,,,no_play,0.0,0,0,0,,,,,0.0,0.0,0.0,0.0,0.0,0.0,0.0,0.0,0.0,0.0,0.0,0.0,0.0,0.0,0.0,0.0,,,,,,,,,,1
DET,NO,1,NO,DET,NO,62.0,1.0,pass,11.0,0,0,0,,,,,0.875174386892468,0.0,0.0,0.0,0.0,0.0,0.0,1.0,0.0,0.0,0.0,0.0,0.0,0.0,0.0,1.0,T.Shough,11.0,D.Vele,11.0,,,,,,1
DET,NO,1,NO,DET,NO,51.0,1.0,pass,0.0,0,0,0,,,,,-0.503577574854717,0.0,0.0,0.0,0.0,0.0,0.0,1.0,0.0,0.0,0.0,0.0,0.0,0.0,0.0,0.0,T.Shough,,,,,,,,,1
DET,NO,1,NO,DET,NO,51.0,2.0,pass,42.0,0,0,0,,,,,2.8795612580725,0.0,0.0,0.0,0.0,0.0,0.0,1.0,0.0,0.0,0.0,0.0,0.0,0.0,0.0,1.0,T.Shough,42.0,C.Olave,42.0,,,,,,1
DET,NO,1,,,,,,no_play,0.0,0,0,0,,,,,0.0,0.0,0.0,0.0,0.0,0.0,0.0,0.0,0.0,0.0,0.0,0.0,0.0,0.0,0.0,0.0,,,,,,,,,,1
DET,NO,1,NO,DET,DET,9.0,1.0,pass,9.0,0,0,0,,,,NO,2.18347488733707,0.0,0.0,0.0,0.0,0.0,0.0,1.0,0.0,1.0,1.0,0.0,0.0,0.0,0.0,1.0,T.Shough,9.0,J.Johnson,9.0,,,,,,1
DET,NO,1,NO,DET,DET,15.0,,extra_point,0.0,0,0,0,,good,,,0.0511715660706391,0.0,0.0,0.0,0.0,0.0,0.0,0.0,0.0,0.0,0.0,0.0,1.0,0.0,0.0,0.0,,,,,,,,,,1
DET,NO,1,DET,NO,NO,35.0,,kickoff,0.0,0,0,0,,,,,0.229296450736001,0.0,0.0,0.0,0.0,0.0,0.0,0.0,0.0,0.0,0.0,0.0,0.0,0.0,1.0,0.0,,,,,,,,,,1
DET,NO,1,DET,NO,DET,65.0,1.0,run,2.0,0,0,1,,,,,-0.237578940344974,0.0,0.0,0.0,0.0,0.0,1.0,0.0,0.0,0.0,0.0,0.0,0.0,0.0,0.0,0.0,,,,,J.Goff,2.0,,,,1
DET,NO,1,DET,NO,DET,63.0,2.0,pass,7.0,0,0,0,,,,,0.146685351850465,0.0,0.0,0.0,0.0,0.0,0.0,1.0,0.0,0.0,0.0,0.0,0.0,0.0,0.0,1.0,J.Goff,7.0,A.St. Brown,7.0,,,,,,1
DET,NO,1,DET,NO,DET,56.0,3.0,pass,0.0,0,0,0,,,,,-0.936831303755753,0.0,0.0,0.0,0.0,0.0,0.0,1.0,0.0,0.0,0.0,0.0,0.0,0.0,0.0,0.0,J.Goff,,J.Williams,,,,,,,1
DET,NO,1,DET,NO,DET,56.0,4.0,punt,0.0,0,0,0,,,,,-0.580358112114482,0.0,0.0,0.0,0.0,0.0,0.0,0.0,0.0,0.0,0.0,0.0,0.0,0.0,0.0,0.0,,,,,,,,,,1
DET,NO,1,NO,DET,NO,80.0,1.0,run,18.0,0,0,0,,,,,0.116378293547314,0.0,0.0,0.0,0.0,0.0,1.0,0.0,0.0,0.0,0.0,0.0,0.0,0.0,0.0,0.0,,,,,T.Etienne,18.0,,,,1
DET,NO,1,,,,,,no_play,0.0,0,0,0,,,,,0.0,0.0,0.0,0.0,0.0,0.0,0.0,0.0,0.0,0.0,0.0,0.0,0.0,0.0,0.0,0.0,,,,,,,,,,1
DET,NO,1,NO,DET,NO,62.0,1.0,pass,18.0,0,0,0,,,,,0.384609036322217,0.0,0.0,0.0,0.0,0.0,0.0,1.0,0.0,0.0,0.0,0.0,0.0,0.0,0.0,1.0,T.Shough,18.0,J.Johnson,18.0,,,,,,1
DET,NO,1,NO,DET,DET,44.0,1.0,qb_spike,0.0,0,1,0,,,,,-0.0253340708441101,0.0,0.0,0.0,0.0,0.0,0.0,1.0,0.0,0.0,0.0,0.0,0.0,0.0,0.0,0.0,T.Shough,,,,,,,,,1
DET,NO,1,,,,,,no_play,0.0,0,0,0,,,,,0.0,0.0,0.0,0.0,0.0,0.0,0.0,0.0,0.0,0.0,0.0,0.0,0.0,0.0,0.0,0.0,,,,,,,,,,1
DET,NO,1,NO,DET,DET,44.0,2.0,pass,0.0,0,0,0,,,,,0.367392566718999,0.0,0.0,0.0,0.0,0.0,0.0,1.0,0.0,0.0,0.0,0.0,0.0,0.0,0.0,0.0,T.Shough,,,,,,,,,1
DET,NO,1,NO,DET,DET,44.0,3.0,field_goal,0.0,0,0,0,missed,,,,-1.1948466043923,0.0,0.0,0.0,0.0,0.0,0.0,0.0,0.0,0.0,0.0,0.0,0.0,0.0,0.0,0.0,,,,,,,,,,1
DET,NO,1,,,,,,,,0,0,0,,,,,0.0,,,,,,,,,,,,,,,,,,,,,,,,,1
DET,NO,1,DET,NO,NO,35.0,,kickoff,0.0,0,0,0,,,,,0.227970308158547,0.0,0.0,0.0,0.0,0.0,0.0,0.0,0.0,0.0,0.0,0.0,0.0,0.0,1.0,0.0,,,,,,,,,,1
DET,NO,1,DET,NO,DET,70.0,1.0,pass,9.0,0,0,0,,,,,0.660715681733564,0.0,0.0,0.0,0.0,0.0,0.0,1.0,0.0,0.0,0.0,0.0,0.0,0.0,0.0,1.0,J.Goff,9.0,S.LaPorta,9.0,,,,,,1
DET,NO,1,DET,NO,DET,61.0,2.0,run,11.0,0,0,0,,,,,0.399980389629491,0.0,0.0,0.0,0.0,0.0,1.0,0.0,0.0,0.0,0.0,0.0,0.0,0.0,0.0,0.0,,,,,J.Gibbs,11.0,,,,1
DET,NO,1,DET,NO,50,50.0,1.0,pass,7.0,0,0,0,,,,,0.223212492419407,0.0,0.0,0.0,0.0,0.0,0.0,1.0,0.0,0.0,0.0,0.0,0.0,0.0,0.0,1.0,J.Goff,7.0,J.Gibbs,7.0,,,,,,1
DET,NO,1,DET,NO,NO,43.0,2.0,run,7.0,0,0,0,,,,,0.543709352728911,0.0,0.0,0.0,0.0,0.0,1.0,0.0,0.0,0.0,0.0,0.0,0.0,0.0,0.0,0.0,,,,,J.Gibbs,7.0,,,,1
DET,NO,1,DET,NO,NO,36.0,1.0,pass,0.0,0,0,0,,,,,-0.430402872851118,0.0,0.0,0.0,0.0,0.0,0.0,1.0,0.0,0.0,0.0,0.0,0.0,0.0,0.0,0.0,J.Goff,,J.Williams,,,,,,,1
DET,NO,1,DET,NO,NO,36.0,2.0,run,10.0,0,0,0,,,,,1.04153219796717,0.0,0.0,0.0,0.0,0.0,1.0,0.0,0.0,0.0,0.0,0.0,0.0,0.0,0.0,0.0,,,,,J.Gibbs,10.0,,,,1
DET,NO,1,DET,NO,NO,26.0,1.0,run,-1.0,0,0,0,,,,,-0.838591614214238,0.0,0.0,0.0,0.0,0.0,1.0,0.0,0.0,0.0,0.0,0.0,0.0,0.0,0.0,0.0,,,,,J.Gibbs,-1.0,,,,1
DET,NO,1,DET,NO,NO,27.0,2.0,pass,22.0,0,0,0,,,,,2.34777308977209,0.0,0.0,0.0,0.0,0.0,0.0,1.0,0.0,0.0,0.0,0.0,0.0,0.0,0.0,1.0,J.Goff,22.0,J.Williams,22.0,,,,,,1
DET,NO,1,DET,NO,NO,5.0,1.0,run,1.0,0,0,0,,,,,-0.236417616833933,0.0,0.0,0.0,0.0,0.0,1.0,0.0,0.0,0.0,0.0,0.0,0.0,0.0,0.0,0.0,,,,,J.Gibbs,1.0,,,,1
DET,NO,1,DET,NO,NO,4.0,2.0,pass,4.0,0,0,0,,,,DET,1.52711686125258,0.0,0.0,0.0,0.0,0.0,0.0,1.0,0.0,1.0,1.0,0.0,0.0,0.0,0.0,1.0,J.Goff,4.0,A.St. Brown,4.0,,,,,,1
DET,NO,1,DET,NO,NO,15.0,,extra_point,0.0,0,0,0,,good,,,0.0511715660706391,0.0,0.0,0.0,0.0,0.0,0.0,0.0,0.0,0.0,0.0,0.0,1.0,0.0,0.0,0.0,,,,,,,,,,1
DET,NO,1,NO,DET,DET,35.0,,kickoff,0.0,0,0,0,,,,,-0.272272381233051,0.0,0.0,0.0,0.0,0.0,0.0,0.0,0.0,0.0,0.0,0.0,0.0,0.0,1.0,0.0,,,,,,,,,,1
DET,NO,1,NO,DET,NO,80.0,1.0,pass,-2.0,0,0,0,,,,,-0.962158642243594,0.0,0.0,0.0,0.0,0.0,0.0,1.0,1.0,0.0,0.0,0.0,0.0,0.0,0.0,0.0,T.Shough,,,,,,,,,1
DET,NO,1,NO,DET,NO,82.0,2.0,pass,8.0,0,0,0,,,,,0.458389702253044,0.0,0.0,0.0,0.0,0.0,0.0,1.0,0.0,0.0,0.0,0.0,0.0,0.0,0.0,1.0,T.Shough,8.0,B.Lance,8.0,,,,,,1
DET,NO,1,NO,DET,NO,74.0,3.0,run,0.0,0,0,0,,,,,-1.17862559272908,0.0,0.0,0.0,0.0,0.0,1.0,0.0,0.0,0.0,0.0,0.0,0.0,0.0,0.0,0.0,,,,,T.Shough,0.0,T.Shough,,,1
DET,NO,1,NO,DET,NO,73.0,4.0,pass,20.0,0,0,0,,,,,3.28852539340733,0.0,1.0,0.0,0.0,0.0,0.0,1.0,0.0,0.0,0.0,0.0,0.0,0.0,0.0,1.0,T.Shough,20.0,C.Olave,20.0,,,,,,1
DET,NO,1,NO,DET,NO,53.0,1.0,run,1.0,0,0,0,,,,,-0.461688184470404,0.0,0.0,0.0,0.0,0.0,1.0,0.0,0.0,0.0,0.0,0.0,0.0,0.0,0.0,0.0,,,,,T.Etienne,1.0,,,,1
DET,NO,1,NO,DET,NO,52.0,2.0,pass,10.0,0,0,0,,,,,1.07765777752502,0.0,0.0,0.0,0.0,0.0,0.0,1.0,0.0,0.0,0.0,0.0,0.0,0.0,0.0,1.0,T.Shough,10.0,N.Fant,10.0,,,,,,1
DET,NO,1,NO,DET,DET,42.0,1.0,run,2.0,0,0,0,,,,,-0.371448238031007,0.0,0.0,0.0,0.0,0.0,1.0,0.0,0.0,0.0,0.0,0.0,0.0,0.0,0.0,0.0,,,,,K.Miller,2.0,,,,1
DET,NO,1,NO,DET,DET,40.0,2.0,no_play,0.0,0,0,0,,,,,0.681530980800744,0.0,0.0,0.0,1.0,0.0,0.0,0.0,0.0,0.0,0.0,0.0,0.0,0.0,0.0,0.0,,,,,,,,DET,5.0,1
DET,NO,1,NO,DET,DET,35.0,1.0,pass,27.0,0,0,0,,,,,1.90439500450157,0.0,0.0,0.0,0.0,0.0,0.0,1.0,0.0,0.0,0.0,0.0,0.0,0.0,0.0,1.0,T.Shough,27.0,J.Johnson,27.0,,,,,,1
DET,NO,1,NO,DET,DET,8.0,1.0,pass,0.0,0,0,0,,,,,-0.535242085519712,0.0,0.0,0.0,0.0,0.0,0.0,1.0,0.0,0.0,0.0,0.0,0.0,0.0,0.0,0.0,T.Shough,,J.Johnson,,,,,,,1
DET,NO,1,NO,DET,DET,8.0,2.0,pass,8.0,0,0,0,,,,NO,2.28001487773145,0.0,0.0,0.0,0.0,0.0,0.0,1.0,0.0,1.0,1.0,0.0,0.0,0.0,0.0,1.0,T.Shough,8.0,N.Fant,8.0,,,,,,1
DET,NO,1,,,,,,no_play,0.0,0,0,0,,,,,0.0,0.0,0.0,0.0,0.0,0.0,0.0,0.0,0.0,0.0,0.0,0.0,0.0,0.0,0.0,0.0,,,,,,,,,,1
DET,NO,1,NO,DET,DET,2.0,,pass,0.0,0,0,0,,,failure,,-0.947,0.0,0.0,0.0,0.0,0.0,0.0,1.0,0.0,0.0,0.0,0.0,0.0,1.0,0.0,0.0,T.Shough,,B.Lance,,,,,,,1
DET,NO,1,DET,NO,,,,,,0,0,0,,,,,,,,,,,,,,,,,,,,,,,,,,,,,,1
TEN,NYJ,1,,,,,,,,0,0,0,,,,,0.0,,,,,,,,,,,,,,,,,,,,,,,,,-13
TEN,NYJ,1,NYJ,TEN,TEN,35.0,,kickoff,0.0,0,0,0,,,,,0.894723295234144,0.0,0.0,0.0,1.0,0.0,0.0,0.0,0.0,0.0,0.0,0.0,0.0,0.0,1.0,0.0,,,,,,,,TEN,0.0,-13
TEN,NYJ,1,NYJ,TEN,NYJ,60.0,1.0,run,4.0,0,0,0,,,,,0.0529459528625011,0.0,0.0,0.0,0.0,0.0,1.0,0.0,0.0,0.0,0.0,0.0,0.0,0.0,0.0,0.0,,,,,B.Hall,4.0,,,,-13
TEN,NYJ,1,NYJ,TEN,NYJ,56.0,2.0,no_play,0.0,0,0,0,,,,,1.05896994611248,0.0,0.0,0.0,1.0,0.0,0.0,0.0,0.0,0.0,0.0,0.0,0.0,0.0,0.0,0.0,,,,,,,,TEN,10.0,-13
TEN,NYJ,1,NYJ,TEN,TEN,46.0,1.0,pass,7.0,0,0,0,,,,,0.369248094968498,0.0,0.0,0.0,0.0,0.0,0.0,1.0,0.0,0.0,0.0,0.0,0.0,0.0,0.0,1.0,G.Smith,7.0,K.Sadiq,7.0,,,,,,-13
TEN,NYJ,1,NYJ,TEN,TEN,39.0,2.0,run,4.0,0,0,0,,,,,0.43517447495833,0.0,0.0,0.0,0.0,0.0,1.0,0.0,0.0,0.0,0.0,0.0,0.0,0.0,0.0,0.0,,,,,B.Hall,4.0,,,,-13
TEN,NYJ,1,NYJ,TEN,TEN,35.0,1.0,pass,0.0,0,0,0,,,,,-0.525966144283302,0.0,0.0,0.0,0.0,0.0,0.0,1.0,0.0,0.0,0.0,0.0,0.0,0.0,0.0,0.0,G.Smith,,G.Wilson,,,,,,,-13
TEN,NYJ,1,NYJ,TEN,TEN,35.0,2.0,no_play,0.0,0,0,0,,,,,-0.779094162746333,0.0,0.0,0.0,1.0,0.0,0.0,0.0,0.0,0.0,0.0,0.0,0.0,0.0,0.0,0.0,,,,,,,,NYJ,5.0,-13
TEN,NYJ,1,NYJ,TEN,TEN,40.0,2.0,run,6.0,0,0,0,,,,,0.0301949200220406,0.0,0.0,0.0,0.0,0.0,1.0,0.0,0.0,0.0,0.0,0.0,0.0,0.0,0.0,0.0,,,,,B.Hall,6.0,,,,-13
TEN,NYJ,1,NYJ,TEN,TEN,34.0,3.0,pass,30.0,0,0,0,,,,,3.58215110830497,1.0,0.0,0.0,0.0,0.0,0.0,1.0,0.0,0.0,0.0,0.0,0.0,0.0,0.0,1.0,G.Smith,30.0,O.Cooper,30.0,,,,,,-13
TEN,NYJ,1,NYJ,TEN,TEN,4.0,1.0,run,1.0,0,0,0,,,,,-0.128531332360581,0.0,0.0,0.0,0.0,0.0,1.0,0.0,0.0,0.0,0.0,0.0,0.0,0.0,0.0,0.0,,,,,B.Hall,1.0,,,,-13
TEN,NYJ,1,,,,,,no_play,0.0,0,0,0,,,,,0.0,0.0,0.0,0.0,0.0,0.0,0.0,0.0,0.0,0.0,0.0,0.0,0.0,0.0,0.0,0.0,,,,,,,,,,-13
TEN,NYJ,1,NYJ,TEN,TEN,3.0,2.0,run,3.0,0,0,0,,,,NYJ,1.23996148013975,0.0,0.0,0.0,0.0,0.0,1.0,0.0,0.0,1.0,0.0,1.0,0.0,0.0,0.0,0.0,,,,,K.Sadiq,3.0,,,,-13
TEN,NYJ,1,NYJ,TEN,TEN,15.0,,extra_point,0.0,0,0,0,,good,,,0.0675730031076331,0.0,0.0,0.0,0.0,0.0,0.0,0.0,0.0,0.0,0.0,0.0,1.0,0.0,0.0,0.0,,,,,,,,,,-13
TEN,NYJ,1,TEN,NYJ,NYJ,35.0,,kickoff,0.0,0,0,0,,,,,0.597637817729265,0.0,0.0,0.0,0.0,0.0,0.0,0.0,0.0,0.0,0.0,0.0,0.0,0.0,1.0,0.0,,,,,,,,,,-13
TEN,NYJ,1,TEN,NYJ,TEN,65.0,1.0,run,2.0,0,0,0,,,,,-0.372239406919107,0.0,0.0,0.0,0.0,0.0,1.0,0.0,0.0,0.0,0.0,0.0,0.0,0.0,0.0,0.0,,,,,T.Pollard,2.0,,,,-13
TEN,NYJ,1,TEN,NYJ,TEN,63.0,2.0,run,5.0,0,0,0,,,,,-0.097980193560943,0.0,0.0,0.0,0.0,0.0,1.0,0.0,0.0,0.0,0.0,0.0,0.0,0.0,0.0,0.0,,,,,T.Pollard,5.0,,,,-13
TEN,NYJ,1,TEN,NYJ,TEN,58.0,3.0,run,4.0,0,0,1,,,,,1.35115782544017,1.0,0.0,0.0,0.0,0.0,1.0,0.0,0.0,0.0,0.0,0.0,0.0,0.0,0.0,0.0,,,,,C.Ward,4.0,,,,-13
TEN,NYJ,1,TEN,NYJ,TEN,54.0,1.0,pass,7.0,0,0,0,,,,,0.292017281404696,0.0,0.0,0.0,0.0,0.0,0.0,1.0,0.0,0.0,0.0,0.0,0.0,0.0,0.0,1.0,C.Ward,7.0,C.Dike,7.0,,,,,,-13
TEN,NYJ,1,TEN,NYJ,NYJ,47.0,2.0,pass,0.0,0,0,0,,,,,-0.815308339544572,0.0,0.0,0.0,0.0,0.0,0.0,1.0,0.0,0.0,0.0,0.0,0.0,0.0,0.0,0.0,C.Ward,,W.Robinson,,,,,,,-13
TEN,NYJ,1,TEN,NYJ,NYJ,47.0,3.0,run,5.0,0,0,1,,,,,1.19649015192408,1.0,0.0,0.0,0.0,0.0,1.0,0.0,0.0,0.0,0.0,0.0,0.0,0.0,0.0,0.0,,,,,C.Ward,5.0,,,,-13
TEN,NYJ,1,TEN,NYJ,NYJ,42.0,1.0,run,5.0,0,0,0,,,,,0.0438484762562439,0.0,0.0,0.0,0.0,0.0,1.0,0.0,0.0,0.0,0.0,0.0,0.0,0.0,0.0,0.0,,,,,T.Pollard,5.0,,,,-13
TEN,NYJ,1,TEN,NYJ,NYJ,37.0,2.0,no_play,0.0,0,0,0,,,,,-1.24048861232586,0.0,0.0,0.0,1.0,0.0,0.0,0.0,0.0,0.0,0.0,0.0,0.0,0.0,0.0,0.0,,,,,,,,TEN,10.0,-13
TEN,NYJ,1,TEN,NYJ,NYJ,47.0,2.0,pass,12.0,0,0,0,,,,,0.813125262502581,0.0,0.0,0.0,0.0,0.0,0.0,1.0,0.0,0.0,0.0,0.0,0.0,0.0,0.0,1.0,C.Ward,12.0,C.Tate,12.0,,,,,,-13
TEN,NYJ,1,TEN,NYJ,NYJ,35.0,3.0,no_play,0.0,0,0,0,,,,,1.13519432174508,0.0,0.0,0.0,1.0,0.0,0.0,0.0,0.0,0.0,0.0,0.0,0.0,0.0,0.0,0.0,,,,,,,,NYJ,5.0,-13
TEN,NYJ,1,TEN,NYJ,NYJ,30.0,1.0,pass,-1.0,0,0,0,,,,,-0.761800046311691,0.0,0.0,0.0,0.0,0.0,0.0,1.0,1.0,0.0,0.0,0.0,0.0,0.0,0.0,0.0,C.Ward,,,,,,,,,-13
TEN,NYJ,1,TEN,NYJ,NYJ,31.0,2.0,pass,0.0,0,0,0,,,,,-0.752083513769321,0.0,0.0,0.0,0.0,0.0,0.0,1.0,0.0,0.0,0.0,0.0,0.0,0.0,0.0,0.0,C.Ward,,T.Pollard,,,,,,,-13
TEN,NYJ,1,TEN,NYJ,NYJ,31.0,3.0,pass,7.0,0,0,0,,,,,-0.36864963174626,0.0,0.0,0.0,0.0,0.0,0.0,1.0,0.0,0.0,0.0,0.0,0.0,0.0,0.0,1.0,C.Ward,7.0,D.Bellinger,7.0,,,,,,-13
TEN,NYJ,1,TEN,NYJ,NYJ,24.0,4.0,field_goal,0.0,0,0,0,made,,,,0.849644674461482,0.0,0.0,0.0,0.0,0.0,0.0,0.0,0.0,0.0,0.0,0.0,0.0,0.0,0.0,0.0,,,,,,,,,,-13
TEN,NYJ,1,NYJ,TEN,TEN,35.0,,kickoff,0.0,0,0,0,,,,,-0.217437449842691,0.0,0.0,0.0,0.0,0.0,0.0,0.0,0.0,0.0,0.0,0.0,0.0,0.0,1.0,0.0,,,,,,,,,,-13
TEN,NYJ,1,NYJ,TEN,NYJ,80.0,1.0,pass,0.0,0,0,0,,,,,-0.606143292505294,0.0,0.0,0.0,0.0,0.0,0.0,1.0,0.0,0.0,0.0,0.0,0.0,0.0,0.0,0.0,G.Smith,,M.Taylor,,,,,,,-13
TEN,NYJ,1,NYJ,TEN,NYJ,80.0,2.0,pass,4.0,0,0,0,,,,,-0.382922981865704,0.0,0.0,0.0,0.0,0.0,0.0,1.0,0.0,0.0,0.0,0.0,0.0,0.0,0.0,1.0,G.Smith,4.0,G.Wilson,4.0,,,,,,-13
TEN,NYJ,1,NYJ,TEN,NYJ,76.0,3.0,run,0.0,0,0,0,,,,,-2.02492296253331,0.0,0.0,0.0,0.0,0.0,1.0,0.0,0.0,0.0,0.0,0.0,0.0,0.0,0.0,0.0,,,,,G.Smith,0.0,G.Smith,,,-13
TEN,NYJ,1,NYJ,TEN,NYJ,82.0,4.0,punt,0.0,0,0,0,,,,,0.0360040359664708,0.0,0.0,0.0,0.0,0.0,0.0,0.0,0.0,0.0,0.0,0.0,0.0,0.0,0.0,0.0,,,,,,,,,,-13
TEN,NYJ,1,TEN,NYJ,TEN,63.0,1.0,run,1.0,0,0,0,,,,,-0.511417088331655,0.0,0.0,0.0,0.0,0.0,1.0,0.0,0.0,0.0,0.0,0.0,0.0,0.0,0.0,0.0,,,,,T.Spears,1.0,,,,-13
TEN,NYJ,1,TEN,NYJ,TEN,62.0,2.0,pass,0.0,0,0,0,,,,,-0.833038239972666,0.0,0.0,0.0,0.0,0.0,0.0,1.0,0.0,0.0,0.0,0.0,0.0,0.0,0.0,0.0,C.Ward,,,,,,,,,-13
TEN,NYJ,1,TEN,NYJ,TEN,62.0,3.0,pass,1.0,0,0,0,,,,,-1.34163484326564,0.0,0.0,0.0,0.0,0.0,0.0,1.0,0.0,0.0,0.0,0.0,0.0,0.0,0.0,1.0,C.Ward,1.0,G.Helm,1.0,,,,,,-13
TEN,NYJ,1,TEN,NYJ,TEN,61.0,4.0,punt,0.0,0,0,0,,,,,0.210913923103362,0.0,0.0,0.0,0.0,0.0,0.0,0.0,0.0,0.0,0.0,0.0,0.0,0.0,0.0,0.0,,,,,,,,,,-13
TEN,NYJ,1,NYJ,TEN,NYJ,88.0,1.0,run,5.0,0,0,0,,,,,-0.064629212487489,0.0,0.0,0.0,0.0,0.0,1.0,0.0,0.0,0.0,0.0,0.0,0.0,0.0,0.0,0.0,,,,,B.Hall,5.0,,,,-13
TEN,NYJ,1,NYJ,TEN,NYJ,83.0,2.0,run,4.0,0,0,0,,,,,0.192973733181134,0.0,0.0,0.0,0.0,0.0,1.0,0.0,0.0,0.0,0.0,0.0,0.0,0.0,0.0,0.0,,,,,B.Hall,4.0,,,,-13
TEN,NYJ,1,NYJ,TEN,NYJ,79.0,3.0,run,3.0,0,0,0,,,,,0.472735464572907,1.0,0.0,0.0,0.0,0.0,1.0,0.0,0.0,0.0,0.0,0.0,0.0,0.0,0.0,0.0,,,,,B.Hall,3.0,,,,-13
TEN,NYJ,1,NYJ,TEN,,,,,,0,0,0,,,,,0.0,,,,,,,,,,,,,,,,,,,,,,,,,-13
TEN,NYJ,1,NYJ,TEN,NYJ,76.0,1.0,run,7.0,0,0,0,,,,,0.385294519364834,0.0,0.0,0.0,0.0,0.0,1.0,0.0,0.0,0.0,0.0,0.0,0.0,0.0,0.0,0.0,,,,,B.Allen,7.0,,,,-13
TEN,NYJ,1,NYJ,TEN,NYJ,69.0,2.0,run,9.0,0,0,0,,,,,0.682366216555238,0.0,0.0,0.0,0.0,0.0,1.0,0.0,0.0,0.0,0.0,0.0,0.0,0.0,0.0,0.0,,,,,B.Allen,9.0,,,,-13
TEN,NYJ,1,NYJ,TEN,NYJ,60.0,1.0,run,8.0,0,0,0,,,,,0.55490810982883,0.0,0.0,0.0,0.0,0.0,1.0,0.0,0.0,0.0,0.0,0.0,0.0,0.0,0.0,0.0,,,,,B.Allen,8.0,,,,-13
TEN,NYJ,1,NYJ,TEN,NYJ,52.0,2.0,run,4.0,0,0,0,,,,,0.139631040859967,0.0,0.0,0.0,0.0,0.0,1.0,0.0,0.0,0.0,0.0,0.0,0.0,0.0,0.0,0.0,,,,,B.Allen,4.0,,,,-13
TEN,NYJ,1,NYJ,TEN,TEN,48.0,1.0,run,0.0,0,0,0,,,,,-0.531032281229273,0.0,0.0,0.0,0.0,0.0,1.0,0.0,0.0,0.0,0.0,0.0,0.0,0.0,0.0,0.0,,,,,B.Hall,0.0,,,,-13
TEN,NYJ,1,NYJ,TEN,TEN,48.0,2.0,run,5.0,0,0,0,,,,,-0.354993030196056,0.0,0.0,0.0,0.0,0.0,1.0,0.0,0.0,0.0,0.0,0.0,0.0,0.0,0.0,0.0,,,,,B.Hall,5.0,,,,-13
TEN,NYJ,1,NYJ,TEN,TEN,43.0,3.0,run,3.0,0,0,1,,,,,-1.20558754913509,0.0,0.0,0.0,0.0,0.0,1.0,0.0,0.0,0.0,0.0,0.0,0.0,0.0,0.0,0.0,,,,,G.Smith,3.0,,,,-13
TEN,NYJ,1,,,,,,no_play,0.0,0,0,0,,,,,0.0,0.0,0.0,0.0,0.0,0.0,0.0,0.0,0.0,0.0,0.0,0.0,0.0,0.0,0.0,0.0,,,,,,,,,,-13
TEN,NYJ,1,NYJ,TEN,TEN,40.0,4.0,pass,9.0,0,0,0,,,,,2.81590366153978,0.0,1.0,0.0,0.0,0.0,0.0,1.0,0.0,0.0,0.0,0.0,0.0,0.0,0.0,1.0,G.Smith,9.0,G.Wilson,9.0,,,,,,-13
TEN,NYJ,1,NYJ,TEN,TEN,31.0,1.0,pass,8.0,0,0,0,,,,,0.631018318817951,0.0,0.0,0.0,0.0,0.0,0.0,1.0,0.0,0.0,0.0,0.0,0.0,0.0,0.0,1.0,G.Smith,8.0,B.Hall,8.0,,,,,,-13
TEN,NYJ,1,NYJ,TEN,TEN,23.0,2.0,run,1.0,0,0,0,,,,,-0.358706980012357,0.0,0.0,0.0,0.0,0.0,1.0,0.0,0.0,0.0,0.0,0.0,0.0,0.0,0.0,0.0,,,,,B.Hall,1.0,,,,-13
TEN,NYJ,1,NYJ,TEN,TEN,22.0,3.0,run,0.0,0,0,0,,,,,-1.10349134833086,0.0,0.0,0.0,0.0,0.0,1.0,0.0,0.0,0.0,0.0,0.0,0.0,0.0,0.0,0.0,,,,,B.Allen,0.0,,,,-13
TEN,NYJ,1,NYJ,TEN,TEN,22.0,4.0,run,3.0,0,0,0,,,,,1.5687720758724,0.0,1.0,0.0,0.0,0.0,1.0,0.0,0.0,0.0,0.0,0.0,0.0,0.0,0.0,0.0,,,,,B.Allen,3.0,,,,-13
TEN,NYJ,1,NYJ,TEN,TEN,19.0,1.0,run,4.0,0,0,0,,,,,-0.0580045359674841,0.0,0.0,0.0,0.0,0.0,1.0,0.0,0.0,0.0,0.0,0.0,0.0,0.0,0.0,0.0,,,,,B.Hall,4.0,,,,-13
TEN,NYJ,1,NYJ,TEN,TEN,15.0,2.0,run,5.0,0,0,0,,,,,0.310679426474962,0.0,0.0,0.0,0.0,0.0,1.0,0.0,0.0,0.0,0.0,0.0,0.0,0.0,0.0,0.0,,,,,B.Hall,5.0,,,,-13
TEN,NYJ,1,NYJ,TEN,TEN,10.0,3.0,no_play,0.0,0,0,0,,,,,-0.81853942485759,0.0,0.0,0.0,1.0,0.0,0.0,0.0,0.0,0.0,0.0,0.0,0.0,0.0,0.0,0.0,,,,,,,,NYJ,4.0,-13
TEN,NYJ,1,NYJ,TEN,TEN,14.0,3.0,pass,0.0,0,0,0,,,,,-0.970727254496469,0.0,0.0,0.0,0.0,0.0,0.0,1.0,0.0,0.0,0.0,0.0,0.0,0.0,0.0,0.0,G.Smith,,B.Allen,,,,,,,-13
TEN,NYJ,1,NYJ,TEN,TEN,14.0,4.0,field_goal,0.0,0,0,0,made,,,,0.209050172159496,0.0,0.0,0.0,0.0,0.0,0.0,0.0,0.0,0.0,0.0,0.0,0.0,0.0,0.0,0.0,,,,,,,,,,-13
TEN,NYJ,1,TEN,NYJ,NYJ,35.0,,kickoff,0.0,0,0,0,,,,,-3.99145445832983,0.0,0.0,0.0,0.0,1.0,0.0,0.0,0.0,0.0,0.0,0.0,0.0,0.0,1.0,0.0,,,,,,,C.Dike,,,-13
TEN,NYJ,1,NYJ,TEN,TEN,38.0,1.0,run,3.0,0,0,0,,,,,-0.384728011384141,0.0,0.0,0.0,0.0,0.0,1.0,0.0,0.0,0.0,0.0,0.0,0.0,0.0,0.0,0.0,,,,,B.Hall,3.0,,,,-13
TEN,NYJ,1,NYJ,TEN,TEN,35.0,2.0,pass,-8.0,0,0,0,,,,,-1.74387600860791,0.0,0.0,0.0,0.0,0.0,0.0,1.0,0.0,0.0,0.0,0.0,0.0,0.0,0.0,1.0,G.Smith,-8.0,M.Taylor,-8.0,,,,,,-13
TEN,NYJ,1,NYJ,TEN,TEN,43.0,3.0,pass,7.0,0,0,0,,,,,0.111347603987754,0.0,0.0,0.0,0.0,0.0,0.0,1.0,0.0,0.0,0.0,0.0,0.0,0.0,0.0,1.0,G.Smith,7.0,G.Wilson,7.0,,,,,,-13
TEN,NYJ,1,NYJ,TEN,TEN,36.0,4.0,field_goal,0.0,0,0,0,missed,,,,-3.02737722897794,0.0,0.0,0.0,0.0,0.0,0.0,0.0,0.0,0.0,0.0,0.0,0.0,0.0,0.0,0.0,,,,,,,,,,-13
TEN,NYJ,1,TEN,NYJ,TEN,56.0,1.0,run,2.0,0,0,0,,,,,-0.369936520699412,0.0,0.0,0.0,0.0,0.0,1.0,0.0,0.0,0.0,0.0,0.0,0.0,0.0,0.0,0.0,,,,,T.Pollard,2.0,,,,-13
TEN,NYJ,1,TEN,NYJ,TEN,54.0,2.0,pass,5.0,0,0,0,,,,,0.150577254709788,0.0,0.0,0.0,0.0,0.0,0.0,1.0,0.0,0.0,0.0,0.0,0.0,0.0,0.0,1.0,C.Ward,5.0,W.Robinson,5.0,,,,,,-13
TEN,NYJ,1,TEN,NYJ,NYJ,49.0,3.0,pass,0.0,0,0,0,,,,,-1.03448542638216,0.0,0.0,0.0,0.0,0.0,0.0,1.0,0.0,0.0,0.0,0.0,0.0,0.0,0.0,0.0,C.Ward,,C.Tate,,,,,,,-13
TEN,NYJ,1,TEN,NYJ,NYJ,49.0,4.0,punt,0.0,0,0,0,,,,,-1.13702690717764,0.0,0.0,0.0,0.0,0.0,0.0,0.0,0.0,0.0,0.0,0.0,0.0,0.0,0.0,0.0,,,,,,,,,,-13
TEN,NYJ,1,NYJ,TEN,NYJ,80.0,1.0,pass,6.0,0,0,0,,,,,-0.0323875255417079,0.0,0.0,0.0,0.0,0.0,0.0,1.0,0.0,0.0,0.0,0.0,0.0,0.0,0.0,1.0,G.Smith,6.0,M.Taylor,6.0,,,,,,-13
TEN,NYJ,1,NYJ,TEN,NYJ,74.0,2.0,pass,7.0,0,0,0,,,,,0.214310623181518,0.0,0.0,0.0,0.0,0.0,0.0,1.0,0.0,0.0,0.0,0.0,0.0,0.0,0.0,1.0,G.Smith,7.0,I.Williams,7.0,,,,,,-13
TEN,NYJ,1,,,,,,no_play,0.0,0,0,0,,,,,0.0,0.0,0.0,0.0,0.0,0.0,0.0,0.0,0.0,0.0,0.0,0.0,0.0,0.0,0.0,0.0,,,,,,,,,,-13
TEN,NYJ,1,NYJ,TEN,NYJ,67.0,1.0,pass,0.0,0,0,0,,,,,-0.159467294753995,0.0,0.0,0.0,0.0,0.0,0.0,1.0,0.0,0.0,0.0,0.0,0.0,0.0,0.0,0.0,G.Smith,,,,,,,,,-13
TEN,NYJ,1,NYJ,TEN,NYJ,67.0,2.0,pass,18.0,0,0,0,,,,,0.733847491792403,0.0,0.0,0.0,0.0,0.0,0.0,1.0,0.0,0.0,0.0,0.0,0.0,0.0,0.0,1.0,G.Smith,18.0,A.Mitchell,18.0,,,,,,-13
TEN,NYJ,1,,,,,,no_play,0.0,0,0,0,,,,,0.0,0.0,0.0,0.0,0.0,0.0,0.0,0.0,0.0,0.0,0.0,0.0,0.0,0.0,0.0,0.0,,,,,,,,,,-13
TEN,NYJ,1,NYJ,TEN,TEN,49.0,1.0,pass,2.0,0,0,0,,,,,-0.360833228332922,0.0,0.0,0.0,0.0,0.0,0.0,1.0,0.0,0.0,0.0,0.0,0.0,0.0,0.0,1.0,G.Smith,2.0,A.Mitchell,2.0,,,,,,-13
TEN,NYJ,1,NYJ,TEN,TEN,47.0,2.0,no_play,0.0,0,0,0,,,,,-0.826258426299319,0.0,0.0,0.0,1.0,0.0,0.0,0.0,0.0,0.0,0.0,0.0,0.0,0.0,0.0,0.0,,,,,,,,NYJ,5.0,-13
TEN,NYJ,1,,,,,,,,0,0,0,,,,,,,,,,,,,,,,,,,,,,,,,,,,,,-13
TEN,NYJ,1,TEN,NYJ,NYJ,35.0,,kickoff,0.0,0,0,0,,,,,0.562355830334127,0.0,0.0,0.0,0.0,0.0,0.0,0.0,0.0,0.0,0.0,0.0,0.0,0.0,1.0,0.0,,,,,,,,,,-13
TEN,NYJ,1,TEN,NYJ,TEN,65.0,1.0,pass,5.0,0,0,0,,,,,0.132369214901701,0.0,0.0,0.0,0.0,0.0,0.0,1.0,0.0,0.0,0.0,0.0,0.0,0.0,0.0,1.0,C.Ward,5.0,C.Tate,5.0,,,,,,-13
TEN,NYJ,1,TEN,NYJ,TEN,60.0,2.0,pass,9.0,0,0,0,,,,,0.840747071895748,0.0,0.0,0.0,0.0,0.0,0.0,1.0,0.0,0.0,0.0,0.0,0.0,0.0,0.0,1.0,C.Ward,9.0,W.Robinson,9.0,,,,,,-13
TEN,NYJ,1,TEN,NYJ,TEN,51.0,1.0,pass,7.0,0,0,0,,,,,0.248229663120583,0.0,0.0,0.0,0.0,0.0,0.0,1.0,0.0,0.0,0.0,0.0,0.0,0.0,0.0,1.0,C.Ward,7.0,C.Tate,7.0,,,,,,-13
TEN,NYJ,1,TEN,NYJ,NYJ,44.0,2.0,pass,-1.0,0,0,0,,,,,-0.823514685500413,0.0,0.0,0.0,0.0,0.0,0.0,1.0,0.0,0.0,0.0,0.0,0.0,0.0,0.0,1.0,C.Ward,-1.0,T.Pollard,-1.0,,,,,,-13
TEN,NYJ,1,TEN,NYJ,NYJ,45.0,3.0,pass,0.0,0,0,0,,,,,-1.71617606910877,0.0,0.0,0.0,0.0,0.0,0.0,1.0,0.0,0.0,0.0,0.0,0.0,0.0,0.0,0.0,C.Ward,,E.Ayomanor,,,,,,,-13
TEN,NYJ,1,TEN,NYJ,NYJ,45.0,4.0,punt,0.0,0,0,0,,,,,-1.1771273619961,0.0,0.0,0.0,0.0,0.0,0.0,0.0,0.0,0.0,0.0,0.0,0.0,0.0,0.0,0.0,,,,,,,,,,-13
TEN,NYJ,1,NYJ,TEN,NYJ,80.0,1.0,pass,8.0,0,0,0,,,,,0.611694612540305,0.0,0.0,0.0,0.0,0.0,0.0,1.0,0.0,0.0,0.0,0.0,0.0,0.0,0.0,1.0,G.Smith,8.0,B.Hall,8.0,,,,,,-13
TEN,NYJ,1,NYJ,TEN,NYJ,72.0,2.0,pass,31.0,0,0,0,,,,,2.11899432330392,0.0,0.0,0.0,0.0,0.0,0.0,1.0,0.0,0.0,0.0,0.0,0.0,0.0,0.0,1.0,G.Smith,31.0,G.Wilson,31.0,,,,,,-13
TEN,NYJ,1,NYJ,TEN,TEN,41.0,1.0,no_play,0.0,0,0,0,,,,,-0.91450588288717,0.0,0.0,0.0,1.0,0.0,0.0,0.0,0.0,0.0,0.0,0.0,0.0,0.0,0.0,0.0,,,,,,,,NYJ,10.0,-13
TEN,NYJ,1,NYJ,TEN,NYJ,51.0,1.0,pass,40.0,0,0,0,,,,,2.7204505399568,0.0,0.0,0.0,0.0,0.0,0.0,1.0,0.0,0.0,0.0,0.0,0.0,0.0,0.0,1.0,G.Smith,40.0,A.Mitchell,40.0,,,,,,-13
TEN,NYJ,1,NYJ,TEN,TEN,11.0,1.0,run,7.0,0,0,1,,,,,0.553999349009246,0.0,0.0,0.0,0.0,0.0,1.0,0.0,0.0,0.0,0.0,0.0,0.0,0.0,0.0,0.0,,,,,G.Smith,7.0,,,,-13
TEN,NYJ,1,NYJ,TEN,TEN,4.0,2.0,run,4.0,0,0,0,,,,NYJ,1.45034848956857,0.0,0.0,0.0,0.0,0.0,1.0,0.0,0.0,1.0,0.0,1.0,0.0,0.0,0.0,0.0,,,,,B.Hall,4.0,,,,-13
TEN,NYJ,1,NYJ,TEN,TEN,15.0,,extra_point,0.0,0,0,0,,good,,,0.0675730031076331,0.0,0.0,0.0,0.0,0.0,0.0,0.0,0.0,0.0,0.0,0.0,1.0,0.0,0.0,0.0,,,,,,,,,,-13
TEN,NYJ,1,TEN,NYJ,NYJ,35.0,,kickoff,0.0,0,0,0,,,,,0.524983203969896,0.0,0.0,0.0,0.0,0.0,0.0,0.0,0.0,0.0,0.0,0.0,0.0,0.0,1.0,0.0,,,,,,,,,,-13
TEN,NYJ,1,TEN,NYJ,TEN,68.0,1.0,pass,0.0,0,0,0,,,,,-0.547768799122423,0.0,0.0,0.0,0.0,0.0,0.0,1.0,0.0,0.0,0.0,0.0,0.0,0.0,0.0,0.0,C.Ward,,,,,,,,,-13
TEN,NYJ,1,TEN,NYJ,TEN,68.0,2.0,run,7.0,0,0,1,,,,,0.0142256370745599,0.0,0.0,0.0,0.0,0.0,1.0,0.0,0.0,0.0,0.0,0.0,0.0,0.0,0.0,0.0,,,,,C.Ward,7.0,,,,-13
TEN,NYJ,1,TEN,NYJ,TEN,61.0,3.0,pass,0.0,0,0,0,,,,,-1.64878577739,0.0,0.0,0.0,0.0,0.0,0.0,1.0,0.0,0.0,0.0,0.0,0.0,0.0,0.0,0.0,C.Ward,,T.Spears,,,,,,,-13
TEN,NYJ,1,TEN,NYJ,TEN,61.0,4.0,punt,0.0,0,0,0,,,,,-0.215968789067119,0.0,0.0,0.0,0.0,0.0,0.0,0.0,0.0,0.0,0.0,0.0,0.0,0.0,0.0,0.0,,,,,,,,,,-13
TEN,NYJ,1,NYJ,TEN,NYJ,78.0,1.0,run,12.0,0,0,0,,,,,0.941912525333464,0.0,0.0,0.0,0.0,0.0,1.0,0.0,0.0,0.0,0.0,0.0,0.0,0.0,0.0,0.0,,,,,B.Hall,12.0,,,,-13
TEN,NYJ,1,NYJ,TEN,NYJ,66.0,1.0,run,12.0,0,0,0,,,,,0.890468208817765,0.0,0.0,0.0,0.0,0.0,1.0,0.0,0.0,0.0,0.0,0.0,0.0,0.0,0.0,0.0,,,,,B.Hall,12.0,,,,-13
TEN,NYJ,1,NYJ,TEN,NYJ,54.0,1.0,pass,22.0,0,0,0,,,,,1.46025613474194,0.0,0.0,0.0,0.0,0.0,0.0,1.0,0.0,0.0,0.0,0.0,0.0,0.0,0.0,1.0,G.Smith,22.0,G.Wilson,22.0,,,,,,-13
TEN,NYJ,1,NYJ,TEN,TEN,32.0,1.0,no_play,0.0,0,0,0,,,,,-0.709410500130616,0.0,0.0,0.0,1.0,0.0,0.0,0.0,0.0,0.0,0.0,0.0,0.0,0.0,0.0,0.0,,,,,,,,NYJ,5.0,-13
TEN,NYJ,1,NYJ,TEN,TEN,37.0,1.0,pass,0.0,0,0,0,,,,,-0.597929609240964,0.0,0.0,0.0,0.0,0.0,0.0,1.0,0.0,0.0,0.0,0.0,0.0,0.0,0.0,0.0,G.Smith,,A.Smith,,,,,,,-13
TEN,NYJ,1,NYJ,TEN,TEN,37.0,2.0,pass,8.0,0,0,0,,,,,0.458804646856152,0.0,0.0,0.0,0.0,0.0,0.0,1.0,0.0,0.0,0.0,0.0,0.0,0.0,0.0,1.0,G.Smith,8.0,K.Sadiq,8.0,,,,,,-13
TEN,NYJ,1,NYJ,TEN,TEN,29.0,3.0,pass,6.0,0,0,0,,,,,-0.108391592861153,0.0,0.0,0.0,0.0,0.0,0.0,1.0,0.0,0.0,0.0,0.0,0.0,0.0,0.0,1.0,G.Smith,6.0,G.Wilson,6.0,,,,,,-13
TEN,NYJ,1,NYJ,TEN,TEN,23.0,4.0,no_play,0.0,0,0,0,,,,,-1.44255770198551,0.0,0.0,0.0,1.0,0.0,0.0,0.0,0.0,0.0,0.0,0.0,0.0,0.0,0.0,0.0,,,,,,,,NYJ,9.0,-13
TEN,NYJ,1,NYJ,TEN,TEN,32.0,4.0,field_goal,0.0,0,0,0,made,,,,1.63769818437767,0.0,0.0,0.0,0.0,0.0,0.0,0.0,0.0,0.0,0.0,0.0,0.0,0.0,0.0,0.0,,,,,,,,,,-13
TEN,NYJ,1,TEN,NYJ,NYJ,35.0,,kickoff,0.0,0,0,0,,,,,0.120331439655274,0.0,0.0,0.0,0.0,0.0,0.0,0.0,0.0,0.0,0.0,0.0,0.0,0.0,1.0,0.0,,,,,,,,,,-13
TEN,NYJ,1,TEN,NYJ,TEN,73.0,1.0,run,6.0,0,0,0,,,,,0.225492581259459,0.0,0.0,0.0,0.0,0.0,1.0,0.0,0.0,0.0,0.0,0.0,0.0,0.0,0.0,0.0,,,,,T.Pollard,6.0,,,,-13
TEN,NYJ,1,TEN,NYJ,TEN,67.0,2.0,pass,0.0,0,0,0,,,,,-0.812766923569143,0.0,0.0,0.0,0.0,0.0,0.0,1.0,0.0,0.0,0.0,0.0,0.0,0.0,0.0,0.0,C.Ward,,,,,,,,,-13
TEN,NYJ,1,TEN,NYJ,TEN,67.0,3.0,pass,10.0,0,0,0,,,,,1.61209010495804,1.0,0.0,0.0,0.0,0.0,0.0,1.0,0.0,0.0,0.0,0.0,0.0,0.0,0.0,1.0,C.Ward,10.0,W.Robinson,10.0,,,,,,-13
TEN,NYJ,1,TEN,NYJ,TEN,57.0,1.0,run,13.0,0,0,0,,,,,0.708238100865856,0.0,0.0,0.0,0.0,0.0,1.0,0.0,0.0,0.0,0.0,0.0,0.0,0.0,0.0,0.0,,,,,T.Pollard,13.0,,,,-13
TEN,NYJ,1,TEN,NYJ,NYJ,44.0,1.0,run,2.0,0,0,0,,,,,-0.624966423842125,0.0,0.0,0.0,0.0,0.0,1.0,0.0,0.0,0.0,0.0,0.0,0.0,0.0,0.0,0.0,,,,,T.Pollard,2.0,,,,-13
TEN,NYJ,1,,,,,,no_play,0.0,0,0,0,,,,,0.0,0.0,0.0,0.0,0.0,0.0,0.0,0.0,0.0,0.0,0.0,0.0,0.0,0.0,0.0,0.0,,,,,,,,,,-13
TEN,NYJ,1,TEN,NYJ,NYJ,42.0,2.0,pass,0.0,0,0,0,,,,,-0.862886072020046,0.0,0.0,0.0,0.0,0.0,0.0,1.0,0.0,0.0,0.0,0.0,0.0,0.0,0.0,0.0,C.Ward,,T.Spears,,,,,,,-13
TEN,NYJ,1,TEN,NYJ,NYJ,42.0,3.0,pass,-1.0,0,0,0,,,,,-1.78508882550523,0.0,0.0,0.0,0.0,0.0,0.0,1.0,1.0,0.0,0.0,0.0,0.0,0.0,0.0,0.0,C.Ward,,,,,,,,,-13
TEN,NYJ,1,TEN,NYJ,NYJ,43.0,4.0,punt,0.0,0,0,0,,,,,-0.824277060106397,0.0,0.0,0.0,0.0,0.0,0.0,0.0,0.0,0.0,0.0,0.0,0.0,0.0,0.0,0.0,,,,,,,,,,-13
TEN,NYJ,1,NYJ,TEN,NYJ,80.0,1.0,pass,4.0,0,0,0,,,,,-0.26420405972749,0.0,0.0,0.0,0.0,0.0,0.0,1.0,0.0,0.0,0.0,0.0,0.0,0.0,0.0,1.0,G.Smith,4.0,J.Ruckert,4.0,,,,,,-13
TEN,NYJ,1,NYJ,TEN,NYJ,76.0,2.0,run,3.0,0,0,0,,,,,-0.19767435407266,0.0,0.0,0.0,0.0,0.0,1.0,0.0,0.0,0.0,0.0,0.0,0.0,0.0,0.0,0.0,,,,,B.Hall,3.0,,,,-13
TEN,NYJ,1,NYJ,TEN,,,,,,0,0,0,,,,,0.0,,,,,,,,,,,,,,,,,,,,,,,,,-13
TEN,NYJ,1,NYJ,TEN,NYJ,73.0,3.0,run,2.0,0,0,0,,,,,-0.873559897532687,0.0,0.0,0.0,0.0,0.0,1.0,0.0,0.0,0.0,0.0,0.0,0.0,0.0,0.0,0.0,,,,,B.Hall,2.0,,,,-13
TEN,NYJ,1,NYJ,TEN,NYJ,71.0,4.0,punt,0.0,0,0,0,,,,,0.143834637477994,0.0,0.0,0.0,0.0,0.0,0.0,0.0,0.0,0.0,0.0,0.0,0.0,0.0,0.0,0.0,,,,,,,,,,-13
TEN,NYJ,1,TEN,NYJ,TEN,84.0,1.0,run,1.0,0,0,0,,,,,-0.476484031882137,0.0,0.0,0.0,0.0,0.0,1.0,0.0,0.0,0.0,0.0,0.0,0.0,0.0,0.0,0.0,,,,,T.Spears,1.0,,,,-13
TEN,NYJ,1,TEN,NYJ,TEN,83.0,2.0,no_play,0.0,0,0,0,,,,,-0.753965212032199,0.0,0.0,0.0,1.0,0.0,0.0,0.0,0.0,0.0,0.0,0.0,0.0,0.0,0.0,0.0,,,,,,,,TEN,5.0,-13
TEN,NYJ,1,TEN,NYJ,TEN,88.0,2.0,pass,-11.0,0,0,0,,,,,-1.65502188215032,0.0,0.0,0.0,0.0,0.0,0.0,1.0,1.0,0.0,0.0,0.0,0.0,0.0,0.0,0.0,C.Ward,,,,,,,,,-13
TEN,NYJ,1,TEN,NYJ,TEN,99.0,3.0,pass,12.0,0,0,0,,,,,0.119217885192484,0.0,0.0,0.0,0.0,0.0,0.0,1.0,0.0,0.0,0.0,0.0,0.0,0.0,0.0,1.0,C.Ward,12.0,G.Helm,12.0,,,,,,-13
TEN,NYJ,1,TEN,NYJ,TEN,87.0,4.0,punt,0.0,0,0,0,,,,,-0.340416089165956,0.0,0.0,0.0,0.0,0.0,0.0,0.0,0.0,0.0,0.0,0.0,0.0,0.0,0.0,0.0,,,,,,,,,,-13
TEN,NYJ,1,NYJ,TEN,50,50.0,1.0,run,4.0,0,0,0,,,,,-0.178864444373176,0.0,0.0,0.0,0.0,0.0,1.0,0.0,0.0,0.0,0.0,0.0,0.0,0.0,0.0,0.0,,,,,B.Allen,4.0,,,,-13
TEN,NYJ,1,NYJ,TEN,TEN,46.0,2.0,run,-1.0,0,0,0,,,,,-0.869285305263475,0.0,0.0,0.0,0.0,0.0,1.0,0.0,0.0,0.0,0.0,0.0,0.0,0.0,0.0,0.0,,,,,B.Allen,-1.0,,,,-13
TEN,NYJ,1,NYJ,TEN,TEN,47.0,3.0,pass,6.0,0,0,0,,,,,-0.320326063316315,0.0,0.0,0.0,0.0,0.0,0.0,1.0,0.0,0.0,0.0,0.0,0.0,0.0,0.0,1.0,G.Smith,6.0,K.Sadiq,6.0,,,,,,-13
TEN,NYJ,1,NYJ,TEN,TEN,41.0,4.0,no_play,0.0,0,0,0,,,,,-1.13776180078276,0.0,0.0,0.0,1.0,0.0,0.0,0.0,0.0,0.0,0.0,0.0,0.0,0.0,0.0,0.0,,,,,,,,NYJ,5.0,-13
TEN,NYJ,1,NYJ,TEN,TEN,46.0,4.0,punt,0.0,0,0,0,,,,,0.229225096991286,0.0,0.0,0.0,0.0,0.0,0.0,0.0,0.0,0.0,0.0,0.0,0.0,0.0,0.0,0.0,,,,,,,,,,-13
TEN,NYJ,1,TEN,NYJ,TEN,98.0,1.0,run,5.0,0,0,1,,,,,-0.0629001138731837,0.0,0.0,0.0,0.0,0.0,1.0,0.0,0.0,0.0,0.0,0.0,0.0,0.0,0.0,0.0,,,,,C.Ward,5.0,,,,-13
TEN,NYJ,1,TEN,NYJ,TEN,93.0,2.0,pass,6.0,0,0,0,,,,,0.618327535223216,0.0,0.0,0.0,0.0,0.0,0.0,1.0,0.0,0.0,0.0,0.0,0.0,0.0,0.0,1.0,C.Ward,6.0,W.Robinson,6.0,,,,,,-13
TEN,NYJ,1,TEN,NYJ,TEN,87.0,1.0,pass,5.0,0,0,0,,,,,0.106186201097444,0.0,0.0,0.0,0.0,0.0,0.0,1.0,0.0,0.0,0.0,0.0,0.0,0.0,0.0,1.0,C.Ward,5.0,G.Helm,5.0,,,,,,-13
TEN,NYJ,1,TEN,NYJ,TEN,82.0,2.0,pass,0.0,0,0,0,,,,,-0.7517105252482,0.0,0.0,0.0,0.0,0.0,0.0,1.0,0.0,0.0,0.0,0.0,0.0,0.0,0.0,0.0,C.Ward,,C.Tate,,,,,,,-13
TEN,NYJ,1,TEN,NYJ,TEN,82.0,3.0,pass,0.0,0,0,0,,,,,-0.994752728147432,0.0,0.0,0.0,0.0,0.0,0.0,1.0,0.0,0.0,0.0,0.0,0.0,0.0,0.0,0.0,C.Ward,,,,,,,,,-13
TEN,NYJ,1,TEN,NYJ,TEN,82.0,4.0,punt,0.0,0,0,0,,,,,-0.94084010948427,0.0,0.0,0.0,0.0,0.0,0.0,0.0,0.0,0.0,0.0,0.0,0.0,0.0,0.0,0.0,,,,,,,,,,-13
TEN,NYJ,1,NYJ,TEN,NYJ,53.0,1.0,run,13.0,0,0,0,,,,,0.818729180260561,0.0,0.0,0.0,0.0,0.0,1.0,0.0,0.0,0.0,0.0,0.0,0.0,0.0,0.0,0.0,,,,,B.Hall,13.0,,,,-13
TEN,NYJ,1,NYJ,TEN,TEN,40.0,1.0,run,0.0,0,0,0,,,,,-0.4444996684324,0.0,0.0,0.0,0.0,0.0,1.0,0.0,0.0,0.0,0.0,0.0,0.0,0.0,0.0,0.0,,,,,B.Hall,0.0,,,,-13
TEN,NYJ,1,NYJ,TEN,TEN,40.0,2.0,run,2.0,0,0,0,,,,,-0.640357534517534,0.0,0.0,0.0,0.0,0.0,1.0,0.0,0.0,0.0,0.0,0.0,0.0,0.0,0.0,0.0,,,,,B.Allen,2.0,,,,-13
TEN,NYJ,1,NYJ,TEN,TEN,38.0,3.0,run,4.0,0,0,0,,,,,-1.10583438174978,0.0,0.0,0.0,0.0,0.0,1.0,0.0,0.0,0.0,0.0,0.0,0.0,0.0,0.0,0.0,,,,,B.Allen,4.0,,,,-13
TEN,NYJ,1,,,,,,no_play,0.0,0,0,0,,,,,0.0,0.0,0.0,0.0,0.0,0.0,0.0,0.0,0.0,0.0,0.0,0.0,0.0,0.0,0.0,0.0,,,,,,,,,,-13
TEN,NYJ,1,NYJ,TEN,TEN,34.0,4.0,field_goal,0.0,0,0,0,made,,,,1.86728496416651,0.0,0.0,0.0,0.0,0.0,0.0,0.0,0.0,0.0,0.0,0.0,0.0,0.0,0.0,0.0,,,,,,,,,,-13
TEN,NYJ,1,TEN,NYJ,NYJ,35.0,,kickoff,0.0,0,0,0,,,,,0.562896727118641,0.0,0.0,0.0,0.0,0.0,0.0,0.0,0.0,0.0,0.0,0.0,0.0,0.0,1.0,0.0,,,,,,,,,,-13
TEN,NYJ,1,TEN,NYJ,TEN,65.0,1.0,pass,8.0,0,0,0,,,,,0.559079581522383,0.0,0.0,0.0,0.0,0.0,0.0,1.0,0.0,0.0,0.0,0.0,0.0,0.0,0.0,1.0,C.Ward,8.0,W.Robinson,8.0,,,,,,-13
TEN,NYJ,1,TEN,NYJ,TEN,57.0,2.0,pass,14.0,0,0,0,,,,,0.896084851468913,0.0,0.0,0.0,0.0,0.0,0.0,1.0,0.0,0.0,0.0,0.0,0.0,0.0,0.0,1.0,C.Ward,14.0,C.Tate,14.0,,,,,,-13
TEN,NYJ,1,TEN,NYJ,NYJ,43.0,1.0,pass,4.0,0,0,0,,,,,-0.167278546374291,0.0,0.0,0.0,0.0,0.0,0.0,1.0,0.0,0.0,0.0,0.0,0.0,0.0,0.0,1.0,C.Ward,4.0,T.Spears,4.0,,,,,,-13
TEN,NYJ,1,TEN,NYJ,NYJ,39.0,2.0,pass,10.0,0,0,0,,,,,0.95666548225563,0.0,0.0,0.0,0.0,0.0,0.0,1.0,0.0,0.0,0.0,0.0,0.0,0.0,0.0,1.0,C.Ward,10.0,G.Helm,10.0,,,,,,-13
TEN,NYJ,1,TEN,NYJ,NYJ,29.0,1.0,pass,8.0,0,0,0,,,,,0.72069849120453,0.0,0.0,0.0,0.0,0.0,0.0,1.0,0.0,0.0,0.0,0.0,0.0,0.0,0.0,1.0,C.Ward,8.0,T.Spears,8.0,,,,,,-13
TEN,NYJ,1,TEN,NYJ,NYJ,21.0,2.0,run,10.0,0,0,0,,,,,0.515159805916483,0.0,0.0,0.0,0.0,0.0,1.0,0.0,0.0,0.0,0.0,0.0,0.0,0.0,0.0,0.0,,,,,T.Spears,10.0,,,,-13
TEN,NYJ,1,TEN,NYJ,NYJ,11.0,1.0,pass,0.0,0,0,0,,,,,-0.459346584248124,0.0,0.0,0.0,0.0,0.0,0.0,1.0,0.0,0.0,0.0,0.0,0.0,0.0,0.0,0.0,C.Ward,,E.Ayomanor,,,,,,,-13
TEN,NYJ,1,TEN,NYJ,NYJ,11.0,2.0,pass,0.0,0,0,0,,,,,-0.702047761413269,0.0,0.0,0.0,0.0,0.0,0.0,1.0,0.0,0.0,0.0,0.0,0.0,0.0,0.0,0.0,C.Ward,,G.Helm,,,,,,,-13
TEN,NYJ,1,TEN,NYJ,NYJ,11.0,3.0,pass,11.0,0,0,0,,,,TEN,3.41747559380019,1.0,0.0,0.0,0.0,0.0,0.0,1.0,0.0,1.0,1.0,0.0,0.0,0.0,0.0,1.0,C.Ward,11.0,E.Ayomanor,11.0,,,,,,-13
TEN,NYJ,1,TEN,NYJ,NYJ,15.0,,extra_point,0.0,0,0,0,,good,,,0.0675730031076331,0.0,0.0,0.0,0.0,0.0,0.0,0.0,0.0,0.0,0.0,0.0,1.0,0.0,0.0,0.0,,,,,,,,,,-13
TEN,NYJ,1,NYJ,TEN,TEN,35.0,,kickoff,0.0,0,0,0,,,,,1.60472364339512,0.0,0.0,0.0,0.0,0.0,0.0,0.0,0.0,0.0,0.0,0.0,0.0,0.0,1.0,0.0,,,,,,,,,,-13
TEN,NYJ,1,NYJ,TEN,TEN,46.0,1.0,run,5.0,0,0,0,,,,,-0.435041868709959,0.0,0.0,0.0,0.0,0.0,1.0,0.0,0.0,0.0,0.0,0.0,0.0,0.0,0.0,0.0,,,,,B.Hall,5.0,,,,-13
TEN,NYJ,1,,,,,,no_play,0.0,0,0,0,,,,,0.0,0.0,0.0,0.0,0.0,0.0,0.0,0.0,0.0,0.0,0.0,0.0,0.0,0.0,0.0,0.0,,,,,,,,,,-13
TEN,NYJ,1,NYJ,TEN,TEN,41.0,2.0,run,6.0,0,0,0,,,,,0.584804048063234,0.0,0.0,0.0,0.0,0.0,1.0,0.0,0.0,0.0,0.0,0.0,0.0,0.0,0.0,0.0,,,,,B.Hall,6.0,,,,-13
TEN,NYJ,1,NYJ,TEN,TEN,35.0,1.0,qb_kneel,-1.0,1,0,0,,,,,-0.445298101112712,0.0,0.0,0.0,0.0,0.0,1.0,0.0,0.0,0.0,0.0,0.0,0.0,0.0,0.0,0.0,,,,,G.Smith,-1.0,,,,-13
TEN,NYJ,1,NYJ,TEN,TEN,36.0,2.0,qb_kneel,-1.0,1,0,0,,,,,-0.396338308812119,0.0,0.0,0.0,0.0,0.0,1.0,0.0,0.0,0.0,0.0,0.0,0.0,0.0,0.0,0.0,,,,,G.Smith,-1.0,,,,-13
TEN,NYJ,1,NYJ,TEN,TEN,37.0,3.0,qb_kneel,-1.0,1,0,0,,,,,-1.73855785146588,0.0,0.0,0.0,0.0,0.0,1.0,0.0,0.0,0.0,0.0,0.0,0.0,0.0,0.0,0.0,,,,,G.Smith,-1.0,,,,-13
TEN,NYJ,1,NYJ,TEN,,,,,,0,0,0,,,,,,,,,,,,,,,,,,,,,,,,,,,,,,-13
LA,SF,1,,,,,,,,0,0,0,,,,,0.0,,,,,,,,,,,,,,,,,,,,,,,,,-20
LA,SF,1,LA,SF,SF,35.0,,kickoff,0.0,0,0,0,,,,,-0.543505490757525,0.0,0.0,0.0,0.0,0.0,0.0,0.0,0.0,0.0,0.0,0.0,0.0,0.0,1.0,0.0,,,,,,,,,,-20
LA,SF,1,LA,SF,LA,83.0,1.0,pass,0.0,0,0,0,,,,,-0.648500078357756,0.0,0.0,0.0,0.0,0.0,0.0,1.0,0.0,0.0,0.0,0.0,0.0,0.0,0.0,0.0,M.Stafford,,P.Nacua,,,,,,,-20
LA,SF,1,LA,SF,LA,83.0,2.0,run,5.0,0,0,0,,,,,-0.339741055388004,0.0,0.0,0.0,0.0,0.0,1.0,0.0,0.0,0.0,0.0,0.0,0.0,0.0,0.0,0.0,,,,,K.Williams,5.0,,,,-20
LA,SF,1,LA,SF,LA,78.0,3.0,pass,4.0,0,0,0,,,,,-0.714586923830211,0.0,0.0,0.0,0.0,0.0,0.0,1.0,0.0,0.0,0.0,0.0,0.0,0.0,0.0,1.0,M.Stafford,4.0,P.Nacua,4.0,,,,,,-20
LA,SF,1,LA,SF,LA,74.0,4.0,punt,0.0,0,0,0,,,,,-0.35207062214613,0.0,0.0,0.0,0.0,0.0,0.0,0.0,0.0,0.0,0.0,0.0,0.0,0.0,0.0,0.0,,,,,,,,,,-20
LA,SF,1,SF,LA,SF,67.0,1.0,run,6.0,0,0,0,,,,,0.236048907507211,0.0,0.0,0.0,0.0,0.0,1.0,0.0,0.0,0.0,0.0,0.0,0.0,0.0,0.0,0.0,,,,,C.McCaffrey,6.0,,,,-20
LA,SF,1,SF,LA,SF,61.0,2.0,pass,0.0,0,0,0,,,,,-0.920205037575215,0.0,0.0,0.0,0.0,0.0,0.0,1.0,0.0,0.0,0.0,0.0,0.0,0.0,0.0,0.0,B.Purdy,,G.Kittle,,,,,,,-20
LA,SF,1,SF,LA,SF,61.0,3.0,pass,7.0,0,0,0,,,,,1.58273472776636,1.0,0.0,0.0,0.0,0.0,0.0,1.0,0.0,0.0,0.0,0.0,0.0,0.0,0.0,1.0,B.Purdy,7.0,M.Evans,7.0,,,,,,-20
LA,SF,1,SF,LA,SF,54.0,1.0,pass,6.0,0,0,0,,,,,0.167279719607905,0.0,0.0,0.0,0.0,0.0,0.0,1.0,0.0,0.0,0.0,0.0,0.0,0.0,0.0,1.0,B.Purdy,6.0,G.Kittle,6.0,,,,,,-20
LA,SF,1,SF,LA,LA,48.0,2.0,pass,9.0,0,0,0,,,,,0.779545123688877,0.0,0.0,0.0,0.0,0.0,0.0,1.0,0.0,0.0,0.0,0.0,0.0,0.0,0.0,1.0,B.Purdy,9.0,D.Samuel,9.0,,,,,,-20
LA,SF,1,SF,LA,LA,39.0,1.0,run,1.0,0,0,0,,,,,-0.621228995500132,0.0,0.0,0.0,0.0,0.0,1.0,0.0,0.0,0.0,0.0,0.0,0.0,0.0,0.0,0.0,,,,,K.Black,1.0,,,,-20
LA,SF,1,SF,LA,LA,38.0,2.0,pass,5.0,0,0,0,,,,,0.179298444883898,0.0,0.0,0.0,0.0,0.0,0.0,1.0,0.0,0.0,0.0,0.0,0.0,0.0,0.0,1.0,B.Purdy,5.0,K.Black,5.0,,,,,,-20
LA,SF,1,SF,LA,LA,33.0,3.0,pass,7.0,0,0,0,,,,,1.4030419671908,1.0,0.0,0.0,0.0,0.0,0.0,1.0,0.0,0.0,0.0,0.0,0.0,0.0,0.0,1.0,B.Purdy,7.0,M.Evans,7.0,,,,,,-20
LA,SF,1,SF,LA,LA,26.0,1.0,pass,0.0,0,0,0,,,,,-0.484734788886271,0.0,0.0,0.0,0.0,0.0,0.0,1.0,0.0,0.0,0.0,0.0,0.0,0.0,0.0,0.0,B.Purdy,,G.Kittle,,,,,,,-20
LA,SF,1,SF,LA,LA,26.0,2.0,pass,8.0,0,0,0,,,,,0.437154067447409,0.0,0.0,0.0,0.0,0.0,0.0,1.0,0.0,0.0,0.0,0.0,0.0,0.0,0.0,1.0,B.Purdy,8.0,C.McCaffrey,8.0,,,,,,-20
LA,SF,1,SF,LA,LA,18.0,3.0,pass,8.0,0,0,0,,,,,0.851502589182928,1.0,0.0,0.0,0.0,0.0,0.0,1.0,0.0,0.0,0.0,0.0,0.0,0.0,0.0,1.0,B.Purdy,8.0,M.Evans,8.0,,,,,,-20
LA,SF,1,SF,LA,LA,10.0,1.0,pass,2.0,0,0,0,,,,,-0.312918658717535,0.0,0.0,0.0,0.0,0.0,0.0,1.0,0.0,0.0,0.0,0.0,0.0,0.0,0.0,1.0,B.Purdy,2.0,D.Samuel,2.0,,,,,,-20
LA,SF,1,SF,LA,LA,8.0,2.0,pass,6.0,0,0,0,,,,,0.230917570530437,0.0,0.0,0.0,0.0,0.0,0.0,1.0,0.0,0.0,0.0,0.0,0.0,0.0,0.0,1.0,B.Purdy,6.0,G.Kittle,6.0,,,,,,-20
LA,SF,1,SF,LA,LA,2.0,3.0,pass,0.0,0,0,0,,,,,-2.12971984002224,0.0,0.0,0.0,0.0,0.0,0.0,1.0,0.0,0.0,0.0,0.0,0.0,0.0,0.0,0.0,B.Purdy,,D.Robinson,,,,,,,-20
LA,SF,1,SF,LA,LA,2.0,4.0,field_goal,0.0,0,0,0,made,,,,0.011131390705212,0.0,0.0,0.0,0.0,0.0,0.0,0.0,0.0,0.0,0.0,0.0,0.0,0.0,0.0,0.0,,,,,,,,,,-20
LA,SF,1,LA,SF,SF,35.0,,kickoff,0.0,0,0,0,,,,,-0.0017368225380778,0.0,0.0,0.0,0.0,0.0,0.0,0.0,0.0,0.0,0.0,0.0,0.0,0.0,1.0,0.0,,,,,,,,,,-20
LA,SF,1,LA,SF,LA,75.0,1.0,run,9.0,0,0,0,,,,,0.736590838991106,0.0,0.0,0.0,0.0,0.0,1.0,0.0,0.0,0.0,0.0,0.0,0.0,0.0,0.0,0.0,,,,,B.Corum,9.0,,,,-20
LA,SF,1,LA,SF,LA,66.0,2.0,run,-1.0,0,0,0,,,,,-0.999216947238892,0.0,0.0,0.0,0.0,0.0,1.0,0.0,0.0,0.0,0.0,0.0,0.0,0.0,0.0,0.0,,,,,B.Corum,-1.0,,,,-20
LA,SF,1,LA,SF,LA,67.0,3.0,run,3.0,0,0,0,,,,,0.95485233864747,1.0,0.0,0.0,0.0,0.0,1.0,0.0,0.0,0.0,0.0,0.0,0.0,0.0,0.0,0.0,,,,,K.Williams,3.0,,,,-20
LA,SF,1,LA,SF,LA,64.0,1.0,pass,0.0,0,0,0,,,,,-0.561917589744553,0.0,0.0,0.0,0.0,0.0,0.0,1.0,0.0,0.0,0.0,0.0,0.0,0.0,0.0,0.0,M.Stafford,,P.Nacua,,,,,,,-20
LA,SF,1,LA,SF,LA,64.0,2.0,pass,4.0,0,0,0,,,,,-0.523124467814341,0.0,0.0,0.0,0.0,0.0,0.0,1.0,0.0,0.0,0.0,0.0,0.0,0.0,0.0,1.0,M.Stafford,4.0,K.Williams,4.0,,,,,,-20
LA,SF,1,LA,SF,LA,60.0,3.0,pass,0.0,0,0,0,,,,,-1.48936485429294,0.0,0.0,0.0,0.0,0.0,0.0,1.0,0.0,0.0,0.0,0.0,0.0,0.0,0.0,0.0,M.Stafford,,D.Adams,,,,,,,-20
LA,SF,1,LA,SF,LA,60.0,4.0,punt,0.0,0,0,0,,,,,0.25869824225083,0.0,0.0,0.0,0.0,0.0,0.0,0.0,0.0,0.0,0.0,0.0,0.0,0.0,0.0,0.0,,,,,,,,,,-20
LA,SF,1,SF,LA,SF,83.0,1.0,pass,5.0,0,0,0,,,,,-0.127728302031755,0.0,0.0,0.0,0.0,0.0,0.0,1.0,0.0,0.0,0.0,0.0,0.0,0.0,0.0,1.0,B.Purdy,5.0,L.Farrell,5.0,,,,,,-20
LA,SF,1,SF,LA,SF,78.0,2.0,run,3.0,0,0,0,,,,,0.0184284821152687,0.0,0.0,0.0,0.0,0.0,1.0,0.0,0.0,0.0,0.0,0.0,0.0,0.0,0.0,0.0,,,,,K.Black,3.0,,,,-20
LA,SF,1,SF,LA,SF,75.0,3.0,pass,0.0,0,0,0,,,,,-1.82164002768695,0.0,0.0,0.0,0.0,0.0,0.0,1.0,0.0,0.0,0.0,0.0,0.0,0.0,0.0,0.0,B.Purdy,,C.McCaffrey,,,,,,,-20
LA,SF,1,SF,LA,SF,75.0,4.0,punt,0.0,0,0,0,,,,,-0.829647399485111,0.0,0.0,0.0,0.0,0.0,0.0,0.0,0.0,0.0,0.0,0.0,0.0,0.0,0.0,0.0,,,,,,,,,,-20
LA,SF,1,LA,SF,LA,57.0,1.0,run,8.0,0,0,0,,,,,0.544944852823392,0.0,0.0,0.0,0.0,0.0,1.0,0.0,0.0,0.0,0.0,0.0,0.0,0.0,0.0,0.0,,,,,K.Williams,8.0,,,,-20
LA,SF,1,LA,SF,SF,49.0,2.0,pass,41.0,0,0,0,,,,,2.72263719257899,0.0,0.0,0.0,0.0,0.0,0.0,1.0,0.0,0.0,0.0,0.0,0.0,0.0,0.0,1.0,M.Stafford,41.0,P.Nacua,41.0,,,,,,-20
LA,SF,1,LA,SF,SF,8.0,1.0,run,3.0,0,0,0,,,,,-0.0725198453292251,0.0,0.0,0.0,0.0,0.0,1.0,0.0,0.0,0.0,0.0,0.0,0.0,0.0,0.0,0.0,,,,,K.Williams,3.0,,,,-20
LA,SF,1,LA,SF,,,,,,0,0,0,,,,,0.0,,,,,,,,,,,,,,,,,,,,,,,,,-20
LA,SF,1,LA,SF,SF,5.0,2.0,run,5.0,0,0,0,,,,LA,1.58292883774266,0.0,0.0,0.0,0.0,0.0,1.0,0.0,0.0,1.0,0.0,1.0,0.0,0.0,0.0,0.0,,,,,K.Williams,5.0,,,,-20
LA,SF,1,LA,SF,SF,15.0,,extra_point,0.0,0,0,0,,good,,,0.0511715660706391,0.0,0.0,0.0,0.0,0.0,0.0,0.0,0.0,0.0,0.0,0.0,1.0,0.0,0.0,0.0,,,,,,,,,,-20
LA,SF,1,SF,LA,LA,35.0,,kickoff,0.0,0,0,0,,,,,0.273949909023941,0.0,0.0,0.0,0.0,0.0,0.0,0.0,0.0,0.0,0.0,0.0,0.0,0.0,1.0,0.0,,,,,,,,,,-20
LA,SF,1,SF,LA,SF,69.0,1.0,pass,0.0,0,0,0,,,,,-0.569705520290881,0.0,0.0,0.0,0.0,0.0,0.0,1.0,0.0,0.0,0.0,0.0,0.0,0.0,0.0,0.0,B.Purdy,,D.Samuel,,,,,,,-20
LA,SF,1,SF,LA,SF,69.0,2.0,pass,12.0,0,0,0,,,,,1.34324990282767,0.0,0.0,0.0,0.0,0.0,0.0,1.0,0.0,0.0,0.0,0.0,0.0,0.0,0.0,1.0,B.Purdy,12.0,M.Evans,12.0,,,,,,-20
LA,SF,1,SF,LA,SF,57.0,1.0,run,4.0,0,0,0,,,,,-0.0931531931273639,0.0,0.0,0.0,0.0,0.0,1.0,0.0,0.0,0.0,0.0,0.0,0.0,0.0,0.0,0.0,,,,,C.McCaffrey,4.0,,,,-20
LA,SF,1,SF,LA,SF,53.0,2.0,pass,5.0,0,0,0,,,,,0.0101381277199835,0.0,0.0,0.0,0.0,0.0,0.0,1.0,0.0,0.0,0.0,0.0,0.0,0.0,0.0,1.0,B.Purdy,5.0,C.McCaffrey,5.0,,,,,,-20
LA,SF,1,,,,,,no_play,0.0,0,0,0,,,,,0.0,0.0,0.0,0.0,0.0,0.0,0.0,0.0,0.0,0.0,0.0,0.0,0.0,0.0,0.0,0.0,,,,,,,,,,-20
LA,SF,1,SF,LA,LA,48.0,3.0,run,2.0,0,0,0,,,,,0.653212656965479,1.0,0.0,0.0,0.0,0.0,1.0,0.0,0.0,0.0,0.0,0.0,0.0,0.0,0.0,0.0,,,,,B.Purdy,2.0,,,,-20
LA,SF,1,SF,LA,LA,46.0,1.0,pass,0.0,0,0,0,,,,,-4.57409330527298,0.0,0.0,1.0,0.0,0.0,0.0,1.0,0.0,0.0,0.0,0.0,0.0,0.0,0.0,0.0,B.Purdy,,G.Kittle,,,,,,,-20
LA,SF,1,LA,SF,LA,69.0,1.0,run,5.0,0,0,0,,,,,0.13684707833454,0.0,0.0,0.0,0.0,0.0,1.0,0.0,0.0,0.0,0.0,0.0,0.0,0.0,0.0,0.0,,,,,B.Corum,5.0,,,,-20
LA,SF,1,LA,SF,LA,64.0,2.0,run,10.0,0,0,0,,,,,0.892444507451728,0.0,0.0,0.0,0.0,0.0,1.0,0.0,0.0,0.0,0.0,0.0,0.0,0.0,0.0,0.0,,,,,B.Corum,10.0,,,,-20
LA,SF,1,LA,SF,LA,54.0,1.0,run,6.0,0,0,0,,,,,0.16471235267818,0.0,0.0,0.0,0.0,0.0,1.0,0.0,0.0,0.0,0.0,0.0,0.0,0.0,0.0,0.0,,,,,B.Corum,6.0,,,,-20
LA,SF,1,LA,SF,SF,48.0,2.0,run,13.0,0,0,0,,,,,0.838355717016384,0.0,0.0,0.0,0.0,0.0,1.0,0.0,0.0,0.0,0.0,0.0,0.0,0.0,0.0,0.0,,,,,B.Corum,13.0,,,,-20
LA,SF,1,LA,SF,SF,35.0,1.0,run,0.0,0,0,0,,,,,-0.450075334520079,0.0,0.0,0.0,0.0,0.0,1.0,0.0,0.0,0.0,0.0,0.0,0.0,0.0,0.0,0.0,,,,,K.Williams,0.0,,,,-20
LA,SF,1,LA,SF,SF,35.0,2.0,pass,0.0,0,0,0,,,,,-0.749181200400926,0.0,0.0,0.0,0.0,0.0,0.0,1.0,0.0,0.0,0.0,0.0,0.0,0.0,0.0,0.0,M.Stafford,,,,,,,,,-20
LA,SF,1,LA,SF,SF,35.0,3.0,pass,0.0,0,0,0,,,,,-2.98322040750645,0.0,0.0,1.0,0.0,0.0,0.0,1.0,0.0,0.0,0.0,0.0,0.0,0.0,0.0,0.0,M.Stafford,,P.Nacua,,,,,,,-20
LA,SF,1,SF,LA,SF,86.0,1.0,run,5.0,0,0,0,,,,,0.156463462626562,0.0,0.0,0.0,0.0,0.0,1.0,0.0,0.0,0.0,0.0,0.0,0.0,0.0,0.0,0.0,,,,,K.Black,5.0,,,,-20
LA,SF,1,SF,LA,SF,81.0,2.0,run,9.0,0,0,0,,,,,0.814796606311575,0.0,0.0,0.0,0.0,0.0,1.0,0.0,0.0,0.0,0.0,0.0,0.0,0.0,0.0,0.0,,,,,K.Black,9.0,,,,-20
LA,SF,1,SF,LA,SF,72.0,1.0,pass,2.0,0,0,0,,,,,-0.444575506495312,0.0,0.0,0.0,0.0,0.0,0.0,1.0,0.0,0.0,0.0,0.0,0.0,0.0,0.0,1.0,B.Purdy,2.0,J.Brendel,2.0,,,,,,-20
LA,SF,1,SF,LA,SF,70.0,2.0,pass,0.0,0,0,0,,,,,-0.715180520666763,0.0,0.0,0.0,0.0,0.0,0.0,1.0,0.0,0.0,0.0,0.0,0.0,0.0,0.0,0.0,B.Purdy,,C.McCaffrey,,,,,,,-20
LA,SF,1,SF,LA,SF,70.0,3.0,pass,13.0,0,0,0,,,,,2.04843191755936,1.0,0.0,0.0,0.0,0.0,0.0,1.0,0.0,0.0,0.0,0.0,0.0,0.0,0.0,1.0,B.Purdy,13.0,M.Evans,13.0,,,,,,-20
LA,SF,1,SF,LA,SF,57.0,1.0,run,9.0,0,0,0,,,,,0.75160554505419,0.0,0.0,0.0,0.0,0.0,1.0,0.0,0.0,0.0,0.0,0.0,0.0,0.0,0.0,0.0,,,,,K.Black,9.0,,,,-20
LA,SF,1,SF,LA,LA,48.0,2.0,run,5.0,0,0,0,,,,,0.0765907263848931,0.0,0.0,0.0,0.0,0.0,1.0,0.0,0.0,0.0,0.0,0.0,0.0,0.0,0.0,0.0,,,,,K.Black,5.0,,,,-20
LA,SF,1,SF,LA,LA,43.0,1.0,run,4.0,0,0,0,,,,,-0.108996642928105,0.0,0.0,0.0,0.0,0.0,1.0,0.0,0.0,0.0,0.0,0.0,0.0,0.0,0.0,0.0,,,,,K.Black,4.0,,,,-20
LA,SF,1,SF,LA,LA,39.0,2.0,pass,39.0,0,0,0,,,,SF,4.05608121358091,0.0,0.0,0.0,0.0,0.0,0.0,1.0,0.0,1.0,1.0,0.0,0.0,0.0,0.0,1.0,B.Purdy,39.0,D.Robinson,39.0,,,,,,-20
LA,SF,1,SF,LA,LA,15.0,,extra_point,0.0,0,0,0,,good,,,0.0511715660706391,0.0,0.0,0.0,0.0,0.0,0.0,0.0,0.0,0.0,0.0,0.0,1.0,0.0,0.0,0.0,,,,,,,,,,-20
LA,SF,1,LA,SF,SF,35.0,,kickoff,0.0,0,0,0,,,,,0.613540523685515,0.0,0.0,0.0,0.0,0.0,0.0,0.0,0.0,0.0,0.0,0.0,0.0,0.0,1.0,0.0,,,,,,,,,,-20
LA,SF,1,LA,SF,LA,65.0,1.0,pass,16.0,0,0,0,,,,,1.01411543274298,0.0,0.0,0.0,0.0,0.0,0.0,1.0,0.0,0.0,0.0,0.0,0.0,0.0,0.0,1.0,M.Stafford,16.0,K.Williams,16.0,,,,,,-20
LA,SF,1,LA,SF,SF,49.0,1.0,run,7.0,0,0,0,,,,,0.211734797630925,0.0,0.0,0.0,0.0,0.0,1.0,0.0,0.0,0.0,0.0,0.0,0.0,0.0,0.0,0.0,,,,,K.Williams,7.0,,,,-20
LA,SF,1,LA,SF,SF,42.0,2.0,no_play,0.0,0,0,0,,,,,-1.28021790919593,0.0,0.0,0.0,1.0,0.0,0.0,0.0,0.0,0.0,0.0,0.0,0.0,0.0,0.0,0.0,,,,,,,,LA,10.0,-20
LA,SF,1,LA,SF,LA,52.0,2.0,pass,0.0,0,0,0,,,,,-0.730439235921949,0.0,0.0,0.0,0.0,0.0,0.0,1.0,0.0,0.0,0.0,0.0,0.0,0.0,0.0,0.0,M.Stafford,,C.Parkinson,,,,,,,-20
LA,SF,1,LA,SF,LA,52.0,3.0,pass,0.0,0,0,0,,,,,-1.22009477508254,0.0,0.0,0.0,0.0,0.0,0.0,1.0,0.0,0.0,0.0,0.0,0.0,0.0,0.0,0.0,M.Stafford,,D.Adams,,,,,,,-20
LA,SF,1,LA,SF,LA,52.0,4.0,punt,0.0,0,0,0,,,,,-0.0962453944375739,0.0,0.0,0.0,0.0,0.0,0.0,0.0,0.0,0.0,0.0,0.0,0.0,0.0,0.0,0.0,,,,,,,,,,-20
LA,SF,1,SF,LA,SF,92.0,1.0,run,12.0,0,0,0,,,,,0.380924516823143,0.0,0.0,0.0,0.0,0.0,1.0,0.0,0.0,0.0,0.0,0.0,0.0,0.0,0.0,0.0,,,,,D.Samuel,12.0,,,,-20
LA,SF,1,SF,LA,SF,80.0,1.0,run,7.0,0,0,0,,,,,0.194248134503141,0.0,0.0,0.0,0.0,0.0,1.0,0.0,0.0,0.0,0.0,0.0,0.0,0.0,0.0,0.0,,,,,C.McCaffrey,7.0,,,,-20
LA,SF,1,SF,LA,SF,73.0,2.0,no_play,0.0,0,0,0,,,,,0.920684266253375,0.0,0.0,0.0,1.0,0.0,0.0,0.0,0.0,0.0,0.0,0.0,0.0,0.0,0.0,0.0,,,,,,,,LA,15.0,-20
LA,SF,1,SF,LA,SF,58.0,1.0,pass,-1.0,0,0,0,,,,,-0.63216646166984,0.0,0.0,0.0,0.0,0.0,0.0,1.0,0.0,0.0,0.0,0.0,0.0,0.0,0.0,1.0,B.Purdy,-1.0,C.McCaffrey,-1.0,,,,,,-20
LA,SF,1,SF,LA,SF,59.0,2.0,pass,8.0,0,0,0,,,,,0.327254613046534,0.0,0.0,0.0,0.0,0.0,0.0,1.0,0.0,0.0,0.0,0.0,0.0,0.0,0.0,1.0,B.Purdy,8.0,C.McCaffrey,8.0,,,,,,-20
LA,SF,1,,,,,,no_play,0.0,0,0,0,,,,,0.0,0.0,0.0,0.0,0.0,0.0,0.0,0.0,0.0,0.0,0.0,0.0,0.0,0.0,0.0,0.0,,,,,,,,,,-20
LA,SF,1,SF,LA,SF,51.0,3.0,pass,0.0,0,0,0,,,,,-1.06852931517642,0.0,0.0,0.0,0.0,0.0,0.0,1.0,0.0,0.0,0.0,0.0,0.0,0.0,0.0,0.0,B.Purdy,,M.Evans,,,,,,,-20
LA,SF,1,SF,LA,SF,51.0,4.0,punt,0.0,0,0,0,,,,,-0.378668424207717,0.0,0.0,0.0,0.0,0.0,0.0,0.0,0.0,0.0,0.0,0.0,0.0,0.0,0.0,0.0,,,,,,,,,,-20
LA,SF,1,LA,SF,LA,80.0,1.0,qb_kneel,-1.0,1,0,0,,,,,0.0,0.0,0.0,0.0,0.0,0.0,1.0,0.0,0.0,0.0,0.0,0.0,0.0,0.0,0.0,0.0,,,,,M.Stafford,-1.0,,,,-20
LA,SF,1,,,,,,,,0,0,0,,,,,,,,,,,,,,,,,,,,,,,,,,,,,,-20
LA,SF,1,SF,LA,LA,35.0,,kickoff,0.0,0,0,0,,,,,1.55138366133906,0.0,0.0,0.0,0.0,0.0,0.0,0.0,0.0,0.0,0.0,0.0,0.0,0.0,1.0,0.0,,,,,,,,,,-20
LA,SF,1,SF,LA,SF,51.0,1.0,run,14.0,0,0,0,,,,,1.02458056272008,0.0,0.0,0.0,0.0,0.0,1.0,0.0,0.0,0.0,0.0,0.0,0.0,0.0,0.0,0.0,,,,,C.McCaffrey,14.0,,,,-20
LA,SF,1,SF,LA,LA,37.0,1.0,run,16.0,0,0,0,,,,,1.09339094627649,0.0,0.0,0.0,0.0,0.0,1.0,0.0,0.0,0.0,0.0,0.0,0.0,0.0,0.0,0.0,,,,,C.McCaffrey,16.0,,,,-20
LA,SF,1,SF,LA,LA,21.0,1.0,run,4.0,0,0,0,,,,,-0.0273557351902127,0.0,0.0,0.0,0.0,0.0,1.0,0.0,0.0,0.0,0.0,0.0,0.0,0.0,0.0,0.0,,,,,K.Black,4.0,,,,-20
LA,SF,1,SF,LA,LA,17.0,2.0,pass,11.0,0,0,0,,,,,1.02701339148916,0.0,0.0,0.0,0.0,0.0,0.0,1.0,0.0,0.0,0.0,0.0,0.0,0.0,0.0,1.0,B.Purdy,11.0,D.Robinson,11.0,,,,,,-20
LA,SF,1,SF,LA,LA,6.0,1.0,run,1.0,0,0,0,,,,,-0.384030066546984,0.0,0.0,0.0,0.0,0.0,1.0,0.0,0.0,0.0,0.0,0.0,0.0,0.0,0.0,0.0,,,,,C.McCaffrey,1.0,,,,-20
LA,SF,1,,,,,,no_play,0.0,0,0,0,,,,,0.0,0.0,0.0,0.0,0.0,0.0,0.0,0.0,0.0,0.0,0.0,0.0,0.0,0.0,0.0,0.0,,,,,,,,,,-20
LA,SF,1,SF,LA,LA,5.0,2.0,pass,3.0,0,0,0,,,,,-0.317994622746483,0.0,0.0,0.0,0.0,0.0,0.0,1.0,0.0,0.0,0.0,0.0,0.0,0.0,0.0,1.0,B.Purdy,3.0,D.Samuel,3.0,,,,,,-20
LA,SF,1,SF,LA,LA,2.0,3.0,pass,2.0,0,0,0,,,,SF,2.02476050436962,1.0,0.0,0.0,0.0,0.0,0.0,1.0,0.0,1.0,1.0,0.0,0.0,0.0,0.0,1.0,B.Purdy,2.0,M.Evans,2.0,,,,,,-20
LA,SF,1,SF,LA,LA,15.0,,extra_point,0.0,0,0,0,,good,,,0.0511715660706391,0.0,0.0,0.0,0.0,0.0,0.0,0.0,0.0,0.0,0.0,0.0,1.0,0.0,0.0,0.0,,,,,,,,,,-20
LA,SF,1,LA,SF,SF,35.0,,kickoff,0.0,0,0,0,,,,,0.0937959665898234,0.0,0.0,0.0,0.0,0.0,0.0,0.0,0.0,0.0,0.0,0.0,0.0,0.0,1.0,0.0,,,,,,,J.Whittington,,,-20
LA,SF,1,LA,SF,LA,73.0,1.0,run,-1.0,0,0,0,,,,,-0.940268617123365,0.0,0.0,0.0,0.0,0.0,1.0,0.0,0.0,0.0,0.0,0.0,0.0,0.0,0.0,0.0,,,,,B.Corum,-1.0,,,,-20
LA,SF,1,LA,SF,LA,74.0,2.0,no_play,0.0,0,0,0,,,,,1.14918261929415,0.0,0.0,0.0,1.0,0.0,0.0,0.0,0.0,0.0,0.0,0.0,0.0,0.0,0.0,0.0,,,,,,,,SF,5.0,-20
LA,SF,1,LA,SF,LA,69.0,1.0,run,8.0,0,0,0,,,,,0.603680297033861,0.0,0.0,0.0,0.0,0.0,1.0,0.0,0.0,0.0,0.0,0.0,0.0,0.0,0.0,0.0,,,,,B.Corum,8.0,,,,-20
LA,SF,1,LA,SF,LA,61.0,2.0,run,1.0,0,0,0,,,,,-0.405698464252055,0.0,0.0,0.0,0.0,0.0,1.0,0.0,0.0,0.0,0.0,0.0,0.0,0.0,0.0,0.0,,,,,B.Corum,1.0,,,,-20
LA,SF,1,LA,SF,LA,60.0,3.0,pass,13.0,0,0,0,,,,,1.19796585571021,1.0,0.0,0.0,0.0,0.0,0.0,1.0,0.0,0.0,0.0,0.0,0.0,0.0,0.0,1.0,M.Stafford,13.0,D.Allen,13.0,,,,,,-20
LA,SF,1,LA,SF,SF,47.0,1.0,run,5.0,0,0,0,,,,,-0.0736919674091041,0.0,0.0,0.0,0.0,0.0,1.0,0.0,0.0,0.0,0.0,0.0,0.0,0.0,0.0,0.0,,,,,K.Williams,5.0,,,,-20
LA,SF,1,LA,SF,SF,42.0,2.0,pass,23.0,0,0,0,,,,,1.7707871159073,0.0,0.0,0.0,0.0,0.0,0.0,1.0,0.0,0.0,0.0,0.0,0.0,0.0,0.0,1.0,M.Stafford,23.0,P.Nacua,23.0,,,,,,-20
LA,SF,1,LA,SF,SF,19.0,1.0,no_play,0.0,0,0,0,,,,,-0.634334495989606,0.0,0.0,0.0,1.0,0.0,0.0,0.0,0.0,0.0,0.0,0.0,0.0,0.0,0.0,0.0,,,,,,,,LA,5.0,-20
LA,SF,1,LA,SF,SF,24.0,1.0,pass,13.0,0,0,0,,,,,1.13822323468048,0.0,0.0,0.0,0.0,0.0,0.0,1.0,0.0,0.0,0.0,0.0,0.0,0.0,0.0,1.0,M.Stafford,13.0,D.Adams,13.0,,,,,,-20
LA,SF,1,LA,SF,SF,11.0,2.0,run,2.0,0,0,0,,,,,0.0107131983386353,0.0,0.0,0.0,0.0,0.0,1.0,0.0,0.0,0.0,0.0,0.0,0.0,0.0,0.0,0.0,,,,,K.Williams,2.0,,,,-20
LA,SF,1,LA,SF,SF,9.0,1.0,pass,6.0,0,0,0,,,,,0.471664179814979,0.0,0.0,0.0,0.0,0.0,0.0,1.0,0.0,0.0,0.0,0.0,0.0,0.0,0.0,1.0,M.Stafford,6.0,C.Parkinson,6.0,,,,,,-20
LA,SF,1,LA,SF,SF,3.0,2.0,run,1.0,0,0,0,,,,,-0.6364902270725,0.0,0.0,0.0,0.0,0.0,1.0,0.0,0.0,0.0,0.0,0.0,0.0,0.0,0.0,0.0,,,,,K.Williams,1.0,,,,-20
LA,SF,1,LA,SF,SF,2.0,3.0,pass,1.0,0,0,0,,,,,-0.492917772033252,0.0,0.0,0.0,0.0,0.0,0.0,1.0,0.0,0.0,0.0,0.0,0.0,0.0,0.0,1.0,M.Stafford,1.0,P.Nacua,1.0,,,,,,-20
LA,SF,1,LA,SF,SF,1.0,4.0,run,0.0,0,0,0,,,,,-3.81403467035852,0.0,0.0,0.0,0.0,0.0,1.0,0.0,0.0,0.0,0.0,0.0,0.0,0.0,0.0,0.0,,,,,M.Stafford,0.0,,,,-20
LA,SF,1,SF,LA,SF,99.0,1.0,run,0.0,0,0,0,,,,,-0.552593195810914,0.0,0.0,0.0,0.0,0.0,1.0,0.0,0.0,0.0,0.0,0.0,0.0,0.0,0.0,0.0,,,,,B.Purdy,0.0,,,,-20
LA,SF,1,SF,LA,SF,99.0,2.0,pass,14.0,0,0,0,,,,,1.65257279551588,0.0,0.0,0.0,0.0,0.0,0.0,1.0,0.0,0.0,0.0,0.0,0.0,0.0,0.0,1.0,B.Purdy,14.0,L.Farrell,14.0,,,,,,-20
LA,SF,1,SF,LA,SF,85.0,1.0,run,9.0,0,0,0,,,,,0.807462390512228,0.0,0.0,0.0,0.0,0.0,1.0,0.0,0.0,0.0,0.0,0.0,0.0,0.0,0.0,0.0,,,,,C.McCaffrey,9.0,,,,-20
LA,SF,1,SF,LA,SF,76.0,2.0,pass,13.0,0,0,0,,,,,0.608648109948263,0.0,0.0,0.0,0.0,0.0,0.0,1.0,0.0,0.0,0.0,0.0,0.0,0.0,0.0,1.0,B.Purdy,13.0,D.Samuel,13.0,,,,,,-20
LA,SF,1,SF,LA,SF,63.0,1.0,run,14.0,0,0,0,,,,,1.00507994624786,0.0,0.0,0.0,0.0,0.0,1.0,0.0,0.0,0.0,0.0,0.0,0.0,0.0,0.0,0.0,,,,,K.Black,14.0,,,,-20
LA,SF,1,SF,LA,LA,49.0,1.0,run,0.0,0,0,0,,,,,-0.587256060447544,0.0,0.0,0.0,0.0,0.0,1.0,0.0,0.0,0.0,0.0,0.0,0.0,0.0,0.0,0.0,,,,,K.Black,0.0,,,,-20
LA,SF,1,SF,LA,LA,49.0,2.0,run,18.0,0,0,1,,,,,1.86876320966985,0.0,0.0,0.0,0.0,0.0,1.0,0.0,0.0,0.0,0.0,0.0,0.0,0.0,0.0,0.0,,,,,B.Purdy,18.0,,,,-20
LA,SF,1,SF,LA,,,,,,0,0,0,,,,,0.0,,,,,,,,,,,,,,,,,,,,,,,,,-20
LA,SF,1,SF,LA,LA,31.0,1.0,pass,6.0,0,0,0,,,,,0.229788716649637,0.0,0.0,0.0,0.0,0.0,0.0,1.0,0.0,0.0,0.0,0.0,0.0,0.0,0.0,1.0,B.Purdy,6.0,D.Samuel,6.0,,,,,,-20
LA,SF,1,SF,LA,LA,25.0,2.0,run,8.0,0,0,1,,,,,0.782775520463474,0.0,0.0,0.0,0.0,0.0,1.0,0.0,0.0,0.0,0.0,0.0,0.0,0.0,0.0,0.0,,,,,B.Purdy,8.0,,,,-20
LA,SF,1,SF,LA,LA,17.0,1.0,run,2.0,0,0,0,,,,,-0.401369306026027,0.0,0.0,0.0,0.0,0.0,1.0,0.0,0.0,0.0,0.0,0.0,0.0,0.0,0.0,0.0,,,,,C.McCaffrey,2.0,,,,-20
LA,SF,1,SF,LA,LA,15.0,2.0,pass,15.0,0,0,0,,,,SF,2.50436988845468,0.0,0.0,0.0,0.0,0.0,0.0,1.0,0.0,1.0,1.0,0.0,0.0,0.0,0.0,1.0,B.Purdy,15.0,D.Samuel,15.0,,,,,,-20
LA,SF,1,SF,LA,LA,15.0,,extra_point,0.0,0,0,0,,good,,,0.0511715660706391,0.0,0.0,0.0,0.0,0.0,0.0,0.0,0.0,0.0,0.0,0.0,1.0,0.0,0.0,0.0,,,,,,,,,,-20
LA,SF,1,LA,SF,SF,35.0,,kickoff,0.0,0,0,0,,,,,-0.234276748728007,0.0,0.0,0.0,0.0,0.0,0.0,0.0,0.0,0.0,0.0,0.0,0.0,0.0,1.0,0.0,,,,,,,,,,-20
LA,SF,1,LA,SF,LA,77.0,1.0,pass,3.0,0,0,0,,,,,-0.281331535428762,0.0,0.0,0.0,0.0,0.0,0.0,1.0,0.0,0.0,0.0,0.0,0.0,0.0,0.0,1.0,M.Stafford,3.0,D.Adams,3.0,,,,,,-20
LA,SF,1,LA,SF,LA,74.0,2.0,no_play,0.0,0,0,0,,,,,-1.45273949741386,0.0,0.0,0.0,1.0,0.0,0.0,0.0,0.0,0.0,0.0,0.0,0.0,0.0,0.0,0.0,,,,,,,,LA,13.0,-20
LA,SF,1,LA,SF,LA,87.0,2.0,run,2.0,0,0,0,,,,,-0.590328347869217,0.0,0.0,0.0,0.0,0.0,1.0,0.0,0.0,0.0,0.0,0.0,0.0,0.0,0.0,0.0,,,,,K.Williams,2.0,,,,-20
LA,SF,1,LA,SF,LA,85.0,3.0,no_play,0.0,0,0,0,,,,,2.87277071038261,0.0,0.0,0.0,1.0,0.0,0.0,0.0,0.0,0.0,0.0,0.0,0.0,0.0,0.0,0.0,,,,,,,,SF,16.0,-20
LA,SF,1,LA,SF,LA,69.0,1.0,pass,8.0,0,0,0,,,,,0.619778599822894,0.0,0.0,0.0,0.0,0.0,0.0,1.0,0.0,0.0,0.0,0.0,0.0,0.0,0.0,1.0,M.Stafford,8.0,T.Higbee,8.0,,,,,,-20
LA,SF,1,LA,SF,LA,61.0,2.0,pass,4.0,0,0,0,,,,,-5.35220291907899,0.0,0.0,0.0,0.0,1.0,0.0,1.0,0.0,0.0,0.0,0.0,0.0,0.0,0.0,1.0,M.Stafford,4.0,T.Higbee,4.0,,,T.Higbee,,,-20
LA,SF,1,SF,LA,LA,43.0,1.0,run,4.0,0,0,0,,,,,-0.0568653042428196,0.0,0.0,0.0,0.0,0.0,1.0,0.0,0.0,0.0,0.0,0.0,0.0,0.0,0.0,0.0,,,,,K.Black,4.0,,,,-20
LA,SF,1,SF,LA,LA,39.0,2.0,run,1.0,0,0,0,,,,,-0.600444021401927,0.0,0.0,0.0,0.0,0.0,1.0,0.0,0.0,0.0,0.0,0.0,0.0,0.0,0.0,0.0,,,,,K.Black,1.0,,,,-20
LA,SF,1,SF,LA,LA,38.0,3.0,pass,0.0,0,0,0,,,,,-1.3075290655676,0.0,0.0,0.0,0.0,0.0,0.0,1.0,0.0,0.0,0.0,0.0,0.0,0.0,0.0,0.0,B.Purdy,,C.McCaffrey,,,,,,,-20
LA,SF,1,SF,LA,LA,38.0,4.0,field_goal,0.0,0,0,0,made,,,,2.04207815094438,0.0,0.0,0.0,0.0,0.0,0.0,0.0,0.0,0.0,0.0,0.0,0.0,0.0,0.0,0.0,,,,,,,,,,-20
LA,SF,1,LA,SF,SF,35.0,,kickoff,0.0,0,0,0,,,,,0.286006807349622,0.0,0.0,0.0,0.0,0.0,0.0,0.0,0.0,0.0,0.0,0.0,0.0,0.0,1.0,0.0,,,,,,,,,,-20
LA,SF,1,LA,SF,LA,68.0,1.0,pass,4.0,0,0,0,,,,,-0.0765867752488703,0.0,0.0,0.0,0.0,0.0,0.0,1.0,0.0,0.0,0.0,0.0,0.0,0.0,0.0,1.0,M.Stafford,4.0,K.Williams,4.0,,,,,,-20
LA,SF,1,LA,SF,LA,64.0,2.0,pass,10.0,0,0,0,,,,,0.967614771798253,0.0,0.0,0.0,0.0,0.0,0.0,1.0,0.0,0.0,0.0,0.0,0.0,0.0,0.0,1.0,M.Stafford,10.0,D.Adams,10.0,,,,,,-20
LA,SF,1,LA,SF,LA,54.0,1.0,pass,0.0,0,0,0,,,,,-0.518293417757377,0.0,0.0,0.0,0.0,0.0,0.0,1.0,0.0,0.0,0.0,0.0,0.0,0.0,0.0,0.0,M.Stafford,,P.Nacua,,,,,,,-20
LA,SF,1,LA,SF,LA,54.0,2.0,pass,0.0,0,0,0,,,,,-0.81977593107149,0.0,0.0,0.0,0.0,0.0,0.0,1.0,0.0,0.0,0.0,0.0,0.0,0.0,0.0,0.0,M.Stafford,,D.Adams,,,,,,,-20
LA,SF,1,LA,SF,LA,54.0,3.0,pass,5.0,0,0,0,,,,,-1.18124169367366,0.0,0.0,0.0,0.0,0.0,0.0,1.0,0.0,0.0,0.0,0.0,0.0,0.0,0.0,1.0,M.Stafford,5.0,P.Nacua,5.0,,,,,,-20
LA,SF,1,LA,SF,SF,49.0,4.0,pass,0.0,0,0,0,,,,,-2.77673818939365,0.0,0.0,0.0,0.0,0.0,0.0,1.0,0.0,0.0,0.0,0.0,0.0,0.0,0.0,0.0,M.Stafford,,T.Ferguson,,,,,,,-20
LA,SF,1,SF,LA,50,50.0,1.0,run,7.0,0,0,0,,,,,0.392676285002381,0.0,0.0,0.0,0.0,0.0,1.0,0.0,0.0,0.0,0.0,0.0,0.0,0.0,0.0,0.0,,,,,C.McCaffrey,7.0,,,,-20
LA,SF,1,SF,LA,LA,43.0,2.0,run,2.0,0,0,0,,,,,-0.130244279629551,0.0,0.0,0.0,0.0,0.0,1.0,0.0,0.0,0.0,0.0,0.0,0.0,0.0,0.0,0.0,,,,,C.McCaffrey,2.0,,,,-20
LA,SF,1,SF,LA,LA,41.0,3.0,run,1.0,0,0,0,,,,,0.47029235959053,1.0,0.0,0.0,0.0,0.0,1.0,0.0,0.0,0.0,0.0,0.0,0.0,0.0,0.0,0.0,,,,,B.Purdy,1.0,,,,-20
LA,SF,1,SF,LA,LA,40.0,1.0,run,2.0,0,0,0,,,,,-0.35713948099874,0.0,0.0,0.0,0.0,0.0,1.0,0.0,0.0,0.0,0.0,0.0,0.0,0.0,0.0,0.0,,,,,K.Black,2.0,,,,-20
LA,SF,1,SF,LA,LA,38.0,2.0,run,4.0,0,0,0,,,,,-0.191167580953334,0.0,0.0,0.0,0.0,0.0,1.0,0.0,0.0,0.0,0.0,0.0,0.0,0.0,0.0,0.0,,,,,K.Black,4.0,,,,-20
LA,SF,1,SF,LA,LA,34.0,3.0,pass,0.0,0,0,0,,,,,-1.21143488277313,0.0,0.0,0.0,0.0,0.0,0.0,1.0,0.0,0.0,0.0,0.0,0.0,0.0,0.0,1.0,B.Purdy,0.0,C.McCaffrey,0.0,,,,,,-20
LA,SF,1,,,,,,no_play,0.0,0,0,0,,,,,0.0,0.0,0.0,0.0,0.0,0.0,0.0,0.0,0.0,0.0,0.0,0.0,0.0,0.0,0.0,0.0,,,,,,,,,,-20
LA,SF,1,SF,LA,LA,34.0,4.0,field_goal,0.0,0,0,0,missed,,,,-3.49476676655603,0.0,0.0,0.0,0.0,0.0,0.0,0.0,0.0,0.0,0.0,0.0,0.0,0.0,0.0,0.0,,,,,,,,,,-20
LA,SF,1,LA,SF,LA,58.0,1.0,run,4.0,0,0,0,,,,,-0.241644385969266,0.0,0.0,0.0,0.0,0.0,1.0,0.0,0.0,0.0,0.0,0.0,0.0,0.0,0.0,0.0,,,,,B.Corum,4.0,,,,-20
LA,SF,1,LA,SF,LA,54.0,2.0,run,9.0,0,0,1,,,,,0.831906788866036,0.0,0.0,0.0,0.0,0.0,1.0,0.0,0.0,0.0,0.0,0.0,0.0,0.0,0.0,0.0,,,,,S.Bennett,9.0,,,,-20
LA,SF,1,LA,SF,SF,45.0,1.0,run,7.0,0,0,0,,,,,0.365019942459185,0.0,0.0,0.0,0.0,0.0,1.0,0.0,0.0,0.0,0.0,0.0,0.0,0.0,0.0,0.0,,,,,R.Rivers,7.0,,,,-20
LA,SF,1,LA,SF,SF,38.0,2.0,pass,0.0,0,0,0,,,,,-0.568224496557377,0.0,0.0,0.0,0.0,0.0,0.0,1.0,0.0,0.0,0.0,0.0,0.0,0.0,0.0,0.0,S.Bennett,,K.Mumpfield,,,,,,,-20
LA,SF,1,LA,SF,SF,38.0,3.0,run,1.0,0,0,0,,,,,-1.20658269029809,0.0,0.0,0.0,0.0,0.0,1.0,0.0,0.0,0.0,0.0,0.0,0.0,0.0,0.0,0.0,,,,,R.Rivers,1.0,,,,-20
LA,SF,1,LA,SF,SF,37.0,4.0,run,5.0,0,0,0,,,,,2.39137623639544,0.0,1.0,0.0,0.0,0.0,1.0,0.0,0.0,0.0,0.0,0.0,0.0,0.0,0.0,0.0,,,,,R.Rivers,5.0,,,,-20
LA,SF,1,LA,SF,SF,32.0,1.0,pass,8.0,0,0,0,,,,,0.320402403129265,0.0,0.0,0.0,0.0,0.0,0.0,1.0,0.0,0.0,0.0,0.0,0.0,0.0,0.0,1.0,S.Bennett,8.0,J.Whittington,8.0,,,,,,-20
LA,SF,1,LA,SF,SF,24.0,2.0,pass,5.0,0,0,0,,,,,0.436692280520219,0.0,0.0,0.0,0.0,0.0,0.0,1.0,0.0,0.0,0.0,0.0,0.0,0.0,0.0,1.0,S.Bennett,5.0,R.Rivers,5.0,,,,,,-20
LA,SF,1,,,,,,no_play,0.0,0,0,0,,,,,0.0,0.0,0.0,0.0,0.0,0.0,0.0,0.0,0.0,0.0,0.0,0.0,0.0,0.0,0.0,0.0,,,,,,,,,,-20
LA,SF,1,LA,SF,SF,19.0,1.0,run,4.0,0,0,0,,,,,-0.779173868475482,0.0,0.0,0.0,0.0,0.0,1.0,0.0,0.0,0.0,0.0,0.0,0.0,0.0,0.0,0.0,,,,,R.Rivers,4.0,,,,-20
LA,SF,1,LA,SF,SF,15.0,2.0,run,2.0,0,0,0,,,,,-3.50855987460818,0.0,0.0,0.0,0.0,0.0,1.0,0.0,0.0,0.0,0.0,0.0,0.0,0.0,0.0,0.0,,,,,R.Rivers,2.0,,,,-20
LA,SF,1,LA,SF,,,,,,0,0,0,,,,,,,,,,,,,,,,,,,,,,,,,,,,,,-20
CIN,TB,1,,,,,,,,0,0,0,,,,,0.0,,,,,,,,,,,,,,,,,,,,,,,,,6
CIN,TB,1,TB,CIN,CIN,35.0,,kickoff,0.0,0,0,0,,,,,0.123363373335451,0.0,0.0,0.0,0.0,0.0,0.0,0.0,0.0,0.0,0.0,0.0,0.0,0.0,1.0,0.0,,,,,,,,,,6
CIN,TB,1,TB,CIN,TB,72.0,1.0,run,9.0,0,0,0,,,,,1.02539250231348,0.0,0.0,0.0,0.0,0.0,1.0,0.0,0.0,0.0,0.0,0.0,0.0,0.0,0.0,0.0,,,,,B.Irving,9.0,,,,6
CIN,TB,1,TB,CIN,TB,63.0,2.0,pass,0.0,0,0,0,,,,,-1.09455561661161,0.0,0.0,0.0,0.0,0.0,0.0,1.0,0.0,0.0,0.0,0.0,0.0,0.0,0.0,0.0,B.Mayfield,,E.Egbuka,,,,,,,6
CIN,TB,1,,,,,,no_play,0.0,0,0,0,,,,,0.0,0.0,0.0,0.0,0.0,0.0,0.0,0.0,0.0,0.0,0.0,0.0,0.0,0.0,0.0,0.0,,,,,,,,,,6
CIN,TB,1,TB,CIN,TB,63.0,3.0,pass,17.0,0,0,0,,,,,1.6367830587551,1.0,0.0,0.0,0.0,0.0,0.0,1.0,0.0,0.0,0.0,0.0,0.0,0.0,0.0,1.0,B.Mayfield,17.0,E.Egbuka,17.0,,,,,,6
CIN,TB,1,TB,CIN,CIN,46.0,1.0,no_play,0.0,0,0,0,,,,,0.668806093279272,0.0,0.0,0.0,1.0,0.0,0.0,0.0,0.0,0.0,0.0,0.0,0.0,0.0,0.0,0.0,,,,,,,,CIN,5.0,6
CIN,TB,1,TB,CIN,CIN,41.0,1.0,run,9.0,0,0,0,,,,,0.450295262504369,0.0,0.0,0.0,0.0,0.0,1.0,0.0,0.0,0.0,0.0,0.0,0.0,0.0,0.0,0.0,,,,,B.Irving,9.0,,,,6
CIN,TB,1,TB,CIN,CIN,32.0,1.0,run,-4.0,0,0,0,,,,,-1.22356549976394,0.0,0.0,0.0,0.0,0.0,1.0,0.0,0.0,0.0,0.0,0.0,0.0,0.0,0.0,0.0,,,,,T.Johnson,-4.0,,,,6
CIN,TB,1,TB,CIN,CIN,36.0,2.0,pass,10.0,0,0,0,,,,,0.893757302430458,0.0,0.0,0.0,0.0,0.0,0.0,1.0,0.0,0.0,0.0,0.0,0.0,0.0,0.0,1.0,B.Mayfield,10.0,E.Egbuka,10.0,,,,,,6
CIN,TB,1,TB,CIN,CIN,26.0,3.0,pass,5.0,0,0,0,,,,,1.10514666768722,1.0,0.0,0.0,0.0,0.0,0.0,1.0,0.0,0.0,0.0,0.0,0.0,0.0,0.0,1.0,B.Mayfield,5.0,C.Godwin,5.0,,,,,,6
CIN,TB,1,TB,CIN,CIN,21.0,1.0,run,2.0,0,0,0,,,,,-0.46070086810505,0.0,0.0,0.0,0.0,0.0,1.0,0.0,0.0,0.0,0.0,0.0,0.0,0.0,0.0,0.0,,,,,K.Gainwell,2.0,,,,6
CIN,TB,1,TB,CIN,CIN,19.0,2.0,run,3.0,0,0,0,,,,,-0.108283406298142,0.0,0.0,0.0,0.0,0.0,1.0,0.0,0.0,0.0,0.0,0.0,0.0,0.0,0.0,0.0,,,,,B.Irving,3.0,,,,6
CIN,TB,1,TB,CIN,CIN,16.0,3.0,pass,0.0,0,0,0,,,,,-1.03473217600922,0.0,0.0,0.0,0.0,0.0,0.0,1.0,0.0,0.0,0.0,0.0,0.0,0.0,0.0,0.0,B.Mayfield,,,,,,,,,6
CIN,TB,1,TB,CIN,CIN,16.0,4.0,field_goal,0.0,0,0,0,made,,,,0.248070939695113,0.0,0.0,0.0,0.0,0.0,0.0,0.0,0.0,0.0,0.0,0.0,0.0,0.0,0.0,0.0,,,,,,,,,,6
CIN,TB,1,CIN,TB,TB,35.0,,kickoff,0.0,0,0,0,,,,,0.0367011772468686,0.0,0.0,0.0,0.0,0.0,0.0,0.0,0.0,0.0,0.0,0.0,0.0,0.0,1.0,0.0,,,,,,,,,,6
CIN,TB,1,CIN,TB,CIN,74.0,1.0,run,3.0,0,0,0,,,,,-0.187323916237801,0.0,0.0,0.0,0.0,0.0,1.0,0.0,0.0,0.0,0.0,0.0,0.0,0.0,0.0,0.0,,,,,C.Brown,3.0,,,,6
CIN,TB,1,CIN,TB,CIN,71.0,2.0,pass,1.0,0,0,0,,,,,-0.676150064449757,0.0,0.0,0.0,0.0,0.0,0.0,1.0,0.0,0.0,0.0,0.0,0.0,0.0,0.0,1.0,J.Burrow,1.0,C.Brown,1.0,,,,,,6
CIN,TB,1,CIN,TB,CIN,70.0,3.0,pass,0.0,0,0,0,,,,,-1.46073250332847,0.0,0.0,0.0,0.0,0.0,0.0,1.0,0.0,0.0,0.0,0.0,0.0,0.0,0.0,0.0,J.Burrow,,J.Chase,,,,,,,6
CIN,TB,1,CIN,TB,CIN,70.0,4.0,punt,0.0,0,0,0,,,,,-0.349045364651829,0.0,0.0,0.0,0.0,0.0,0.0,0.0,0.0,0.0,0.0,0.0,0.0,0.0,0.0,0.0,,,,,,,,,,6
CIN,TB,1,TB,CIN,TB,68.0,1.0,run,0.0,0,0,0,,,,,-0.537857160903513,0.0,0.0,0.0,0.0,0.0,1.0,0.0,0.0,0.0,0.0,0.0,0.0,0.0,0.0,0.0,,,,,B.Irving,0.0,,,,6
CIN,TB,1,TB,CIN,TB,68.0,2.0,pass,1.0,0,0,0,,,,,-0.820438222959638,0.0,0.0,0.0,0.0,0.0,0.0,1.0,0.0,0.0,0.0,0.0,0.0,0.0,0.0,1.0,B.Mayfield,1.0,B.Irving,1.0,,,,,,6
CIN,TB,1,TB,CIN,TB,67.0,3.0,pass,-7.0,0,0,0,,,,CIN,-6.56918739201501,0.0,0.0,0.0,0.0,1.0,0.0,1.0,1.0,1.0,0.0,0.0,0.0,0.0,0.0,0.0,B.Mayfield,,,,,,B.Mayfield,,,6
CIN,TB,1,CIN,TB,TB,15.0,,extra_point,0.0,0,0,0,,good,,,0.0675730031076331,0.0,0.0,0.0,0.0,0.0,0.0,0.0,0.0,0.0,0.0,0.0,1.0,0.0,0.0,0.0,,,,,,,,,,6
CIN,TB,1,TB,CIN,CIN,35.0,,kickoff,0.0,0,0,0,,,,,0.295017768163234,0.0,0.0,0.0,0.0,0.0,0.0,0.0,0.0,0.0,0.0,0.0,0.0,0.0,1.0,0.0,,,,,,,,,,6
CIN,TB,1,TB,CIN,TB,71.0,1.0,pass,-4.0,0,0,0,,,,,-1.17733521899208,0.0,0.0,0.0,0.0,0.0,0.0,1.0,1.0,0.0,0.0,0.0,0.0,0.0,0.0,0.0,B.Mayfield,,,,,,,,,6
CIN,TB,1,TB,CIN,TB,75.0,2.0,pass,0.0,0,0,0,,,,,-0.81863190094009,0.0,0.0,0.0,0.0,0.0,0.0,1.0,0.0,0.0,0.0,0.0,0.0,0.0,0.0,0.0,B.Mayfield,,C.Otton,,,,,,,6
CIN,TB,1,TB,CIN,TB,75.0,3.0,pass,7.0,0,0,0,,,,,-2.81523446773645,0.0,0.0,0.0,0.0,1.0,0.0,1.0,0.0,0.0,0.0,0.0,0.0,0.0,0.0,1.0,B.Mayfield,7.0,B.Irving,7.0,,,B.Irving,,,6
CIN,TB,1,CIN,TB,TB,33.0,1.0,pass,12.0,0,0,0,,,,,0.762168635381386,0.0,0.0,0.0,0.0,0.0,0.0,1.0,0.0,0.0,0.0,0.0,0.0,0.0,0.0,1.0,J.Burrow,12.0,A.Iosivas,12.0,,,,,,6
CIN,TB,1,CIN,TB,TB,21.0,1.0,run,4.0,0,0,0,,,,,-0.12708538089646,0.0,0.0,0.0,0.0,0.0,1.0,0.0,0.0,0.0,0.0,0.0,0.0,0.0,0.0,0.0,,,,,C.Brown,4.0,,,,6
CIN,TB,1,CIN,TB,TB,17.0,2.0,pass,0.0,0,0,0,,,,,-0.727355744864326,0.0,0.0,0.0,0.0,0.0,0.0,1.0,0.0,0.0,0.0,0.0,0.0,0.0,0.0,0.0,J.Burrow,,J.Chase,,,,,,,6
CIN,TB,1,CIN,TB,TB,17.0,3.0,run,6.0,0,0,1,,,,,1.29250294435769,1.0,0.0,0.0,0.0,0.0,1.0,0.0,0.0,0.0,0.0,0.0,0.0,0.0,0.0,0.0,,,,,J.Burrow,6.0,,,,6
CIN,TB,1,CIN,TB,TB,11.0,1.0,run,8.0,0,0,0,,,,,0.690847987425514,0.0,0.0,0.0,0.0,0.0,1.0,0.0,0.0,0.0,0.0,0.0,0.0,0.0,0.0,0.0,,,,,C.Brown,8.0,,,,6
CIN,TB,1,CIN,TB,TB,3.0,2.0,run,1.0,0,0,0,,,,,-0.23410590540152,0.0,0.0,0.0,0.0,0.0,1.0,0.0,0.0,0.0,0.0,0.0,0.0,0.0,0.0,0.0,,,,,C.Brown,1.0,,,,6
CIN,TB,1,CIN,TB,TB,2.0,3.0,pass,2.0,0,0,0,,,,CIN,1.25474308663979,1.0,0.0,0.0,0.0,0.0,0.0,1.0,0.0,1.0,1.0,0.0,0.0,0.0,0.0,1.0,J.Burrow,2.0,M.Gesicki,2.0,,,,,,6
CIN,TB,1,CIN,TB,TB,15.0,,extra_point,0.0,0,0,0,,good,,,0.0675730031076331,0.0,0.0,0.0,0.0,0.0,0.0,0.0,0.0,0.0,0.0,0.0,1.0,0.0,0.0,0.0,,,,,,,,,,6
CIN,TB,1,TB,CIN,CIN,35.0,,kickoff,0.0,0,0,0,,,,,0.529608148382977,0.0,0.0,0.0,0.0,0.0,0.0,0.0,0.0,0.0,0.0,0.0,0.0,0.0,1.0,0.0,,,,,,,,,,6
CIN,TB,1,TB,CIN,TB,66.0,1.0,pass,4.0,0,0,0,,,,,-0.0199704158585519,0.0,0.0,0.0,0.0,0.0,0.0,1.0,0.0,0.0,0.0,0.0,0.0,0.0,0.0,1.0,B.Mayfield,4.0,C.Godwin,4.0,,,,,,6
CIN,TB,1,TB,CIN,TB,62.0,2.0,run,7.0,0,0,0,,,,,0.848042267141864,0.0,0.0,0.0,0.0,0.0,1.0,0.0,0.0,0.0,0.0,0.0,0.0,0.0,0.0,0.0,,,,,K.Gainwell,7.0,,,,6
CIN,TB,1,TB,CIN,TB,55.0,1.0,pass,13.0,0,0,0,,,,,0.873240759829059,0.0,0.0,0.0,0.0,0.0,0.0,1.0,0.0,0.0,0.0,0.0,0.0,0.0,0.0,1.0,B.Mayfield,13.0,C.Otton,13.0,,,,,,6
CIN,TB,1,TB,CIN,,,,,,0,0,0,,,,,0.0,,,,,,,,,,,,,,,,,,,,,,,,,6
CIN,TB,1,TB,CIN,CIN,42.0,1.0,no_play,0.0,0,0,0,,,,,-0.606756103923544,0.0,0.0,0.0,1.0,0.0,0.0,0.0,0.0,0.0,0.0,0.0,0.0,0.0,0.0,0.0,,,,,,,,TB,5.0,6
CIN,TB,1,TB,CIN,CIN,47.0,1.0,pass,3.0,0,0,0,,,,,-0.392871659016237,0.0,0.0,0.0,0.0,0.0,0.0,1.0,0.0,0.0,0.0,0.0,0.0,0.0,0.0,1.0,B.Mayfield,3.0,K.Gainwell,3.0,,,,,,6
CIN,TB,1,TB,CIN,CIN,44.0,2.0,pass,12.0,0,0,0,,,,,1.77694187464658,0.0,0.0,0.0,0.0,0.0,0.0,1.0,0.0,0.0,0.0,0.0,0.0,0.0,0.0,1.0,B.Mayfield,12.0,E.Egbuka,12.0,,,,,,6
CIN,TB,1,TB,CIN,CIN,32.0,1.0,run,3.0,0,0,0,,,,,-0.131124019389972,0.0,0.0,0.0,0.0,0.0,1.0,0.0,0.0,0.0,0.0,0.0,0.0,0.0,0.0,0.0,,,,,C.Godwin,3.0,,,,6
CIN,TB,1,TB,CIN,CIN,29.0,2.0,no_play,0.0,0,0,0,,,,,1.24074119655415,0.0,0.0,0.0,1.0,0.0,0.0,0.0,0.0,0.0,0.0,0.0,0.0,0.0,0.0,0.0,,,,,,,,CIN,12.0,6
CIN,TB,1,TB,CIN,CIN,17.0,1.0,no_play,0.0,0,0,0,,,,,0.390376670111436,0.0,0.0,0.0,1.0,0.0,0.0,0.0,0.0,0.0,0.0,0.0,0.0,0.0,0.0,0.0,,,,,,,,CIN,5.0,6
CIN,TB,1,TB,CIN,CIN,12.0,1.0,run,8.0,0,0,1,,,,,-6.10711980116321,0.0,0.0,0.0,0.0,1.0,1.0,0.0,0.0,0.0,0.0,0.0,0.0,0.0,0.0,0.0,,,,,B.Mayfield,8.0,B.Mayfield,,,6
CIN,TB,1,CIN,TB,CIN,80.0,1.0,pass,0.0,0,0,0,,,,,-0.516359200701118,0.0,0.0,0.0,0.0,0.0,0.0,1.0,0.0,0.0,0.0,0.0,0.0,0.0,0.0,0.0,J.Burrow,,T.Higgins,,,,,,,6
CIN,TB,1,CIN,TB,CIN,80.0,2.0,run,3.0,0,0,0,,,,,-0.567399786319584,0.0,0.0,0.0,0.0,0.0,1.0,0.0,0.0,0.0,0.0,0.0,0.0,0.0,0.0,0.0,,,,,S.Perine,3.0,,,,6
CIN,TB,1,CIN,TB,CIN,77.0,3.0,pass,9.0,0,0,0,,,,,1.87220855918713,1.0,0.0,0.0,0.0,0.0,0.0,1.0,0.0,0.0,0.0,0.0,0.0,0.0,0.0,1.0,J.Burrow,9.0,S.Perine,9.0,,,,,,6
CIN,TB,1,CIN,TB,CIN,68.0,1.0,pass,9.0,0,0,0,,,,,0.696917664958164,0.0,0.0,0.0,0.0,0.0,0.0,1.0,0.0,0.0,0.0,0.0,0.0,0.0,0.0,1.0,J.Burrow,9.0,C.Brown,9.0,,,,,,6
CIN,TB,1,CIN,TB,CIN,59.0,2.0,run,4.0,0,0,0,,,,,-0.0717154496815056,0.0,0.0,0.0,0.0,0.0,1.0,0.0,0.0,0.0,0.0,0.0,0.0,0.0,0.0,0.0,,,,,C.Brown,4.0,,,,6
CIN,TB,1,CIN,TB,CIN,55.0,1.0,pass,16.0,0,0,0,,,,,0.894530403777026,0.0,0.0,0.0,0.0,0.0,0.0,1.0,0.0,0.0,0.0,0.0,0.0,0.0,0.0,1.0,J.Burrow,16.0,J.Chase,16.0,,,,,,6
CIN,TB,1,CIN,TB,TB,39.0,1.0,pass,2.0,0,0,0,,,,,-0.372506230021827,0.0,0.0,0.0,0.0,0.0,0.0,1.0,0.0,0.0,0.0,0.0,0.0,0.0,0.0,1.0,J.Burrow,2.0,D.Sample,2.0,,,,,,6
CIN,TB,1,CIN,TB,TB,37.0,2.0,pass,7.0,0,0,0,,,,,0.4813596814638,0.0,0.0,0.0,0.0,0.0,0.0,1.0,0.0,0.0,0.0,0.0,0.0,0.0,0.0,1.0,J.Burrow,7.0,S.Perine,7.0,,,,,,6
CIN,TB,1,CIN,TB,TB,30.0,3.0,run,2.0,0,0,0,,,,,0.475737439235672,1.0,0.0,0.0,0.0,0.0,1.0,0.0,0.0,0.0,0.0,0.0,0.0,0.0,0.0,0.0,,,,,J.Burrow,2.0,,,,6
CIN,TB,1,CIN,TB,TB,28.0,1.0,pass,12.0,0,0,0,,,,,0.696412933699321,0.0,0.0,0.0,0.0,0.0,0.0,1.0,0.0,0.0,0.0,0.0,0.0,0.0,0.0,1.0,J.Burrow,12.0,T.Higgins,12.0,,,,,,6
CIN,TB,1,CIN,TB,TB,16.0,1.0,pass,11.0,0,0,0,,,,,1.00153548084199,0.0,0.0,0.0,0.0,0.0,0.0,1.0,0.0,0.0,0.0,0.0,0.0,0.0,0.0,1.0,J.Burrow,11.0,D.Sample,11.0,,,,,,6
CIN,TB,1,CIN,TB,TB,5.0,1.0,run,5.0,0,0,0,,,,CIN,1.32752440305194,0.0,0.0,0.0,0.0,0.0,1.0,0.0,0.0,1.0,0.0,1.0,0.0,0.0,0.0,0.0,,,,,C.Brown,5.0,,,,6
CIN,TB,1,CIN,TB,TB,15.0,,extra_point,0.0,0,0,0,,good,,,0.0675730031076331,0.0,0.0,0.0,0.0,0.0,0.0,0.0,0.0,0.0,0.0,0.0,1.0,0.0,0.0,0.0,,,,,,,,,,6
CIN,TB,1,TB,CIN,CIN,35.0,,kickoff,0.0,0,0,0,,,,,-0.0023785878438502,0.0,0.0,0.0,0.0,0.0,0.0,0.0,0.0,0.0,0.0,0.0,0.0,0.0,1.0,0.0,,,,,,,,,,6
CIN,TB,1,TB,CIN,TB,75.0,1.0,pass,-4.0,0,0,0,,,,,-0.98708959040232,0.0,0.0,0.0,0.0,0.0,0.0,1.0,0.0,0.0,0.0,0.0,0.0,0.0,0.0,1.0,B.Mayfield,-4.0,B.Irving,-4.0,,,,,,6
CIN,TB,1,TB,CIN,TB,79.0,2.0,pass,11.0,0,0,0,,,,,0.80474276188761,0.0,0.0,0.0,0.0,0.0,0.0,1.0,0.0,0.0,0.0,0.0,0.0,0.0,0.0,1.0,B.Mayfield,11.0,E.Egbuka,11.0,,,,,,6
CIN,TB,1,TB,CIN,TB,68.0,3.0,pass,30.0,0,0,0,,,,,2.4206758539076,1.0,0.0,0.0,0.0,0.0,0.0,1.0,0.0,0.0,0.0,0.0,0.0,0.0,0.0,1.0,B.Mayfield,30.0,C.Godwin,30.0,,,,,,6
CIN,TB,1,TB,CIN,CIN,38.0,1.0,no_play,0.0,0,0,0,,,,,0.537518905475736,0.0,0.0,0.0,1.0,0.0,0.0,0.0,0.0,0.0,0.0,0.0,0.0,0.0,0.0,0.0,,,,,,,,CIN,5.0,6
CIN,TB,1,TB,CIN,CIN,33.0,1.0,pass,13.0,0,0,0,,,,,0.734051190316677,0.0,0.0,0.0,0.0,0.0,0.0,1.0,0.0,0.0,0.0,0.0,0.0,0.0,0.0,1.0,B.Mayfield,13.0,E.Egbuka,13.0,,,,,,6
CIN,TB,1,TB,CIN,CIN,20.0,1.0,pass,10.0,0,0,0,,,,,0.503069607773796,0.0,0.0,0.0,0.0,0.0,0.0,1.0,0.0,0.0,0.0,0.0,0.0,0.0,0.0,1.0,B.Mayfield,10.0,C.Otton,10.0,,,,,,6
CIN,TB,1,TB,CIN,CIN,10.0,1.0,run,10.0,0,0,0,,,,TB,2.33257431659149,0.0,0.0,0.0,0.0,0.0,1.0,0.0,0.0,1.0,0.0,1.0,0.0,0.0,0.0,0.0,,,,,B.Irving,10.0,,,,6
CIN,TB,1,TB,CIN,CIN,15.0,,extra_point,0.0,0,0,0,,good,,,0.0675730031076331,0.0,0.0,0.0,0.0,0.0,0.0,0.0,0.0,0.0,0.0,0.0,1.0,0.0,0.0,0.0,,,,,,,,,,6
CIN,TB,1,CIN,TB,TB,35.0,,kickoff,0.0,0,0,0,,,,,0.117525709792972,0.0,0.0,0.0,0.0,0.0,0.0,0.0,0.0,0.0,0.0,0.0,0.0,0.0,1.0,0.0,,,,,,,,,,6
CIN,TB,1,CIN,TB,CIN,72.0,1.0,pass,0.0,0,0,0,,,,,-0.21527606761083,0.0,0.0,0.0,0.0,0.0,0.0,1.0,0.0,0.0,0.0,0.0,0.0,0.0,0.0,0.0,J.Burrow,,M.Gesicki,,,,,,,6
CIN,TB,1,CIN,TB,CIN,72.0,2.0,pass,16.0,0,0,0,,,,,0.961041777394712,0.0,0.0,0.0,0.0,0.0,0.0,1.0,0.0,0.0,0.0,0.0,0.0,0.0,0.0,1.0,J.Burrow,16.0,M.Gesicki,16.0,,,,,,6
CIN,TB,1,CIN,TB,CIN,56.0,1.0,pass,0.0,0,0,0,,,,,-0.260093026445247,0.0,0.0,0.0,0.0,0.0,0.0,1.0,0.0,0.0,0.0,0.0,0.0,0.0,0.0,0.0,J.Burrow,,C.Brown,,,,,,,6
CIN,TB,1,CIN,TB,CIN,56.0,2.0,pass,11.0,0,0,0,,,,,0.90434543590527,0.0,0.0,0.0,0.0,0.0,0.0,1.0,0.0,0.0,0.0,0.0,0.0,0.0,0.0,1.0,J.Burrow,11.0,M.Gesicki,11.0,,,,,,6
CIN,TB,1,CIN,TB,TB,45.0,1.0,pass,25.0,0,0,0,,,,,1.61762968322728,0.0,0.0,0.0,0.0,0.0,0.0,1.0,0.0,0.0,0.0,0.0,0.0,0.0,0.0,1.0,J.Burrow,25.0,M.Gesicki,25.0,,,,,,6
CIN,TB,1,,,,,,no_play,0.0,0,0,0,,,,,0.0,0.0,0.0,0.0,0.0,0.0,0.0,0.0,0.0,0.0,0.0,0.0,0.0,0.0,0.0,0.0,,,,,,,,,,6
CIN,TB,1,CIN,TB,TB,20.0,1.0,run,12.0,0,0,0,,,,,1.62882156579872,0.0,0.0,0.0,1.0,0.0,1.0,0.0,0.0,0.0,0.0,0.0,0.0,0.0,0.0,0.0,,,,,J.Burrow,12.0,,TB,4.0,6
CIN,TB,1,CIN,TB,TB,4.0,1.0,run,2.0,0,0,0,,,,,-0.227442524279468,0.0,0.0,0.0,0.0,0.0,1.0,0.0,0.0,0.0,0.0,0.0,0.0,0.0,0.0,0.0,,,,,C.Brown,2.0,,,,6
CIN,TB,1,,,,,,no_play,0.0,0,0,0,,,,,0.0,0.0,0.0,0.0,0.0,0.0,0.0,0.0,0.0,0.0,0.0,0.0,0.0,0.0,0.0,0.0,,,,,,,,,,6
CIN,TB,1,CIN,TB,TB,2.0,2.0,pass,0.0,0,0,0,,,,,-0.796970541123301,0.0,0.0,0.0,0.0,0.0,0.0,1.0,0.0,0.0,0.0,0.0,0.0,0.0,0.0,0.0,J.Burrow,,M.Gesicki,,,,,,,6
CIN,TB,1,CIN,TB,TB,2.0,3.0,pass,0.0,0,0,0,,,,,-1.63700619967426,0.0,0.0,0.0,0.0,0.0,0.0,1.0,0.0,0.0,0.0,0.0,0.0,0.0,0.0,1.0,J.Burrow,0.0,A.Iosivas,0.0,,,,,,6
CIN,TB,1,,,,,,no_play,0.0,0,0,0,,,,,0.0,0.0,0.0,0.0,0.0,0.0,0.0,0.0,0.0,0.0,0.0,0.0,0.0,0.0,0.0,0.0,,,,,,,,,,6
CIN,TB,1,CIN,TB,TB,2.0,4.0,field_goal,0.0,0,0,0,made,,,,0.0314588362409758,0.0,0.0,0.0,0.0,0.0,0.0,0.0,0.0,0.0,0.0,0.0,0.0,0.0,0.0,0.0,,,,,,,,,,6
CIN,TB,1,TB,CIN,CIN,35.0,,kickoff,0.0,0,0,0,,,,,-0.0225574104115367,0.0,0.0,0.0,0.0,0.0,0.0,0.0,0.0,0.0,0.0,0.0,0.0,0.0,1.0,0.0,,,,,,,,,,6
CIN,TB,1,TB,CIN,TB,65.0,1.0,qb_kneel,-1.0,1,0,0,,,,,0.0,0.0,0.0,0.0,0.0,0.0,1.0,0.0,0.0,0.0,0.0,0.0,0.0,0.0,0.0,0.0,,,,,B.Mayfield,-1.0,,,,6
CIN,TB,1,,,,,,,,0,0,0,,,,,,,,,,,,,,,,,,,,,,,,,,,,,,6
CIN,TB,1,CIN,TB,TB,35.0,,kickoff,0.0,0,0,0,,,,,0.128043855540454,0.0,0.0,0.0,0.0,0.0,0.0,0.0,0.0,0.0,0.0,0.0,0.0,0.0,1.0,0.0,,,,,,,,,,6
CIN,TB,1,CIN,TB,CIN,73.0,1.0,run,4.0,0,0,0,,,,,-0.121707368642092,0.0,0.0,0.0,0.0,0.0,1.0,0.0,0.0,0.0,0.0,0.0,0.0,0.0,0.0,0.0,,,,,C.Brown,4.0,,,,6
CIN,TB,1,CIN,TB,CIN,69.0,2.0,pass,-4.0,0,0,0,,,,,-1.24359706277028,0.0,0.0,0.0,0.0,0.0,0.0,1.0,0.0,0.0,0.0,0.0,0.0,0.0,0.0,1.0,J.Burrow,-4.0,J.Chase,-4.0,,,,,,6
CIN,TB,1,CIN,TB,CIN,73.0,3.0,pass,29.0,0,0,0,,,,,2.96075949259102,1.0,0.0,0.0,0.0,0.0,0.0,1.0,0.0,0.0,0.0,0.0,0.0,0.0,0.0,1.0,J.Burrow,29.0,T.Higgins,29.0,,,,,,6
CIN,TB,1,,,,,,no_play,0.0,0,0,0,,,,,0.0,0.0,0.0,0.0,0.0,0.0,0.0,0.0,0.0,0.0,0.0,0.0,0.0,0.0,0.0,0.0,,,,,,,,,,6
CIN,TB,1,CIN,TB,TB,44.0,1.0,run,13.0,0,0,0,,,,,0.893591914442368,0.0,0.0,0.0,0.0,0.0,1.0,0.0,0.0,0.0,0.0,0.0,0.0,0.0,0.0,0.0,,,,,C.Brown,13.0,,,,6
CIN,TB,1,CIN,TB,TB,31.0,1.0,run,-1.0,0,0,0,,,,,-0.820499603869394,0.0,0.0,0.0,0.0,0.0,1.0,0.0,0.0,0.0,0.0,0.0,0.0,0.0,0.0,0.0,,,,,C.Brown,-1.0,,,,6
CIN,TB,1,CIN,TB,TB,32.0,2.0,pass,4.0,0,0,0,,,,,-0.059483043034561,0.0,0.0,0.0,0.0,0.0,0.0,1.0,0.0,0.0,0.0,0.0,0.0,0.0,0.0,1.0,J.Burrow,4.0,T.Hudson,4.0,,,,,,6
CIN,TB,1,CIN,TB,TB,28.0,3.0,pass,-9.0,0,0,0,,,,,-2.75944509692829,0.0,0.0,0.0,0.0,0.0,0.0,1.0,1.0,0.0,0.0,0.0,0.0,0.0,0.0,0.0,J.Burrow,,,,,,,,,6
CIN,TB,1,CIN,TB,TB,37.0,4.0,field_goal,0.0,0,0,0,made,,,,2.54823914482597,0.0,0.0,0.0,0.0,0.0,0.0,0.0,0.0,0.0,0.0,0.0,0.0,0.0,0.0,0.0,,,,,,,,,,6
CIN,TB,1,TB,CIN,CIN,35.0,,kickoff,0.0,0,0,0,,,,,0.283628136152402,0.0,0.0,0.0,0.0,0.0,0.0,0.0,0.0,0.0,0.0,0.0,0.0,0.0,1.0,0.0,,,,,,,,,,6
CIN,TB,1,TB,CIN,TB,71.0,1.0,run,1.0,0,0,0,,,,,-0.531681940658018,0.0,0.0,0.0,0.0,0.0,1.0,0.0,0.0,0.0,0.0,0.0,0.0,0.0,0.0,0.0,,,,,B.Irving,1.0,,,,6
CIN,TB,1,TB,CIN,TB,70.0,2.0,run,6.0,0,0,1,,,,,0.0306730014272034,0.0,0.0,0.0,0.0,0.0,1.0,0.0,0.0,0.0,0.0,0.0,0.0,0.0,0.0,0.0,,,,,B.Mayfield,6.0,,,,6
CIN,TB,1,TB,CIN,TB,64.0,3.0,pass,22.0,0,0,0,,,,,2.26377231162041,1.0,0.0,0.0,0.0,0.0,0.0,1.0,0.0,0.0,0.0,0.0,0.0,0.0,0.0,1.0,B.Mayfield,22.0,B.Irving,22.0,,,,,,6
CIN,TB,1,TB,CIN,CIN,42.0,1.0,pass,7.0,0,0,0,,,,,0.319119805237278,0.0,0.0,0.0,0.0,0.0,0.0,1.0,0.0,0.0,0.0,0.0,0.0,0.0,0.0,1.0,B.Mayfield,7.0,B.Irving,7.0,,,,,,6
CIN,TB,1,TB,CIN,CIN,35.0,2.0,run,2.0,0,0,0,,,,,-0.208526817383245,0.0,0.0,0.0,0.0,0.0,1.0,0.0,0.0,0.0,0.0,0.0,0.0,0.0,0.0,0.0,,,,,K.Gainwell,2.0,,,,6
CIN,TB,1,TB,CIN,CIN,33.0,3.0,run,0.0,0,0,0,,,,,-1.23478116374463,0.0,0.0,0.0,0.0,0.0,1.0,0.0,0.0,0.0,0.0,0.0,0.0,0.0,0.0,0.0,,,,,K.Gainwell,0.0,,,,6
CIN,TB,1,TB,CIN,CIN,33.0,4.0,no_play,0.0,0,0,0,,,,,2.05252967413981,0.0,0.0,0.0,1.0,0.0,0.0,0.0,0.0,0.0,0.0,0.0,0.0,0.0,0.0,0.0,,,,,,,,CIN,5.0,6
CIN,TB,1,TB,CIN,CIN,28.0,1.0,run,4.0,0,0,0,,,,,-0.0615189631935209,0.0,0.0,0.0,0.0,0.0,1.0,0.0,0.0,0.0,0.0,0.0,0.0,0.0,0.0,0.0,,,,,K.Gainwell,4.0,,,,6
CIN,TB,1,TB,CIN,CIN,24.0,2.0,pass,0.0,0,0,0,,,,,-0.603989993804134,0.0,0.0,0.0,0.0,0.0,0.0,1.0,0.0,0.0,0.0,0.0,0.0,0.0,0.0,0.0,B.Mayfield,,C.Otton,,,,,,,6
CIN,TB,1,TB,CIN,CIN,24.0,3.0,pass,-9.0,0,0,0,,,,,-2.48065054297339,0.0,0.0,0.0,0.0,0.0,0.0,1.0,1.0,0.0,0.0,0.0,0.0,0.0,0.0,0.0,B.Mayfield,,,,,,,,,6
CIN,TB,1,TB,CIN,CIN,33.0,4.0,field_goal,0.0,0,0,0,made,,,,1.91188533135582,0.0,0.0,0.0,0.0,0.0,0.0,0.0,0.0,0.0,0.0,0.0,0.0,0.0,0.0,0.0,,,,,,,,,,6
CIN,TB,1,CIN,TB,TB,35.0,,kickoff,0.0,0,0,0,,,,,0.31982572725974,0.0,0.0,0.0,0.0,0.0,0.0,0.0,0.0,0.0,0.0,0.0,0.0,0.0,1.0,0.0,,,,,,,,,,6
CIN,TB,1,CIN,TB,CIN,71.0,1.0,pass,1.0,0,0,0,,,,,-0.540367758832872,0.0,0.0,0.0,0.0,0.0,0.0,1.0,0.0,0.0,0.0,0.0,0.0,0.0,0.0,1.0,J.Burrow,1.0,C.Brown,1.0,,,,,,6
CIN,TB,1,CIN,TB,CIN,70.0,2.0,run,4.0,0,0,0,,,,,-0.384342240169644,0.0,0.0,0.0,0.0,0.0,1.0,0.0,0.0,0.0,0.0,0.0,0.0,0.0,0.0,0.0,,,,,S.Perine,4.0,,,,6
CIN,TB,1,CIN,TB,CIN,66.0,3.0,pass,0.0,0,0,0,,,,TB,-7.48411461478099,0.0,0.0,1.0,0.0,0.0,0.0,1.0,0.0,1.0,0.0,0.0,0.0,0.0,0.0,0.0,J.Burrow,,A.Iosivas,,,,,,,6
CIN,TB,1,TB,CIN,CIN,15.0,,extra_point,0.0,0,0,0,,good,,,0.0675730031076331,0.0,0.0,0.0,0.0,0.0,0.0,0.0,0.0,0.0,0.0,0.0,1.0,0.0,0.0,0.0,,,,,,,,,,6
CIN,TB,1,CIN,TB,TB,35.0,,kickoff,0.0,0,0,0,,,,,-0.571362015558407,0.0,0.0,0.0,1.0,0.0,0.0,0.0,0.0,0.0,0.0,0.0,0.0,0.0,1.0,0.0,,,,,,,,CIN,10.0,6
CIN,TB,1,CIN,TB,CIN,83.0,1.0,no_play,0.0,0,0,0,,,,,0.1808032754343,0.0,0.0,0.0,1.0,0.0,0.0,0.0,0.0,0.0,0.0,0.0,0.0,0.0,0.0,0.0,,,,,,,,TB,5.0,6
CIN,TB,1,CIN,TB,CIN,78.0,1.0,pass,0.0,0,0,0,,,,,-0.559143487364054,0.0,0.0,0.0,0.0,0.0,0.0,1.0,0.0,0.0,0.0,0.0,0.0,0.0,0.0,0.0,J.Burrow,,T.Higgins,,,,,,,6
CIN,TB,1,CIN,TB,CIN,78.0,2.0,pass,0.0,0,0,0,,,,,-0.821858471725136,0.0,0.0,0.0,0.0,0.0,0.0,1.0,0.0,0.0,0.0,0.0,0.0,0.0,0.0,0.0,J.Burrow,,T.Higgins,,,,,,,6
CIN,TB,1,CIN,TB,CIN,78.0,3.0,pass,24.0,0,0,0,,,,,3.13339710468426,1.0,0.0,0.0,0.0,0.0,0.0,1.0,0.0,0.0,0.0,0.0,0.0,0.0,0.0,1.0,J.Burrow,24.0,M.Gesicki,24.0,,,,,,6
CIN,TB,1,CIN,TB,CIN,54.0,1.0,run,10.0,0,0,0,,,,,0.480721483821981,0.0,0.0,0.0,0.0,0.0,1.0,0.0,0.0,0.0,0.0,0.0,0.0,0.0,0.0,0.0,,,,,D.Meyers,10.0,,,,6
CIN,TB,1,CIN,TB,TB,44.0,1.0,pass,8.0,0,0,0,,,,,0.565583827439696,0.0,0.0,0.0,0.0,0.0,0.0,1.0,0.0,0.0,0.0,0.0,0.0,0.0,0.0,1.0,J.Burrow,8.0,C.Brown,8.0,,,,,,6
CIN,TB,1,CIN,TB,,,,,,0,0,0,,,,,0.0,,,,,,,,,,,,,,,,,,,,,,,,,6
CIN,TB,1,CIN,TB,TB,36.0,2.0,run,-4.0,0,0,0,,,,,-1.50711893464904,0.0,0.0,0.0,0.0,0.0,1.0,0.0,0.0,0.0,0.0,0.0,0.0,0.0,0.0,0.0,,,,,C.Brown,-4.0,,,,6
CIN,TB,1,,,,,,no_play,0.0,0,0,0,,,,,0.0,0.0,0.0,0.0,0.0,0.0,0.0,0.0,0.0,0.0,0.0,0.0,0.0,0.0,0.0,0.0,,,,,,,,,,6
CIN,TB,1,CIN,TB,TB,40.0,3.0,pass,0.0,0,0,0,,,,,-1.9961208316064,0.0,0.0,0.0,0.0,0.0,0.0,1.0,0.0,0.0,0.0,0.0,0.0,0.0,0.0,0.0,J.Burrow,,,,,,,,,6
CIN,TB,1,CIN,TB,TB,40.0,4.0,field_goal,0.0,0,0,0,made,,,,2.99485892327824,0.0,0.0,0.0,0.0,0.0,0.0,0.0,0.0,0.0,0.0,0.0,0.0,0.0,0.0,0.0,,,,,,,,,,6
CIN,TB,1,TB,CIN,CIN,35.0,,kickoff,0.0,0,0,0,,,,,0.128464874345809,0.0,0.0,0.0,0.0,0.0,0.0,0.0,0.0,0.0,0.0,0.0,0.0,0.0,1.0,0.0,,,,,,,,,,6
CIN,TB,1,TB,CIN,TB,73.0,1.0,pass,4.0,0,0,0,,,,,-0.152118069352582,0.0,0.0,0.0,0.0,0.0,0.0,1.0,0.0,0.0,0.0,0.0,0.0,0.0,0.0,1.0,B.Mayfield,4.0,B.Irving,4.0,,,,,,6
CIN,TB,1,TB,CIN,TB,69.0,2.0,run,8.0,0,0,0,,,,,0.879072000039741,0.0,0.0,0.0,0.0,0.0,1.0,0.0,0.0,0.0,0.0,0.0,0.0,0.0,0.0,0.0,,,,,B.Irving,8.0,,,,6
CIN,TB,1,TB,CIN,TB,61.0,1.0,run,5.0,0,0,0,,,,,0.0461045983247459,0.0,0.0,0.0,0.0,0.0,1.0,0.0,0.0,0.0,0.0,0.0,0.0,0.0,0.0,0.0,,,,,B.Irving,5.0,,,,6
CIN,TB,1,TB,CIN,TB,56.0,2.0,pass,1.0,0,0,0,,,,,-0.63668297836557,0.0,0.0,0.0,0.0,0.0,0.0,1.0,0.0,0.0,0.0,0.0,0.0,0.0,0.0,1.0,B.Mayfield,1.0,C.Godwin,1.0,,,,,,6
CIN,TB,1,TB,CIN,TB,55.0,3.0,no_play,0.0,0,0,0,,,,,-0.651060069911182,0.0,0.0,0.0,1.0,0.0,0.0,0.0,0.0,0.0,0.0,0.0,0.0,0.0,0.0,0.0,,,,,,,,TB,5.0,6
CIN,TB,1,TB,CIN,TB,60.0,3.0,pass,11.0,0,0,0,,,,,1.89295296883211,1.0,0.0,0.0,0.0,0.0,0.0,1.0,0.0,0.0,0.0,0.0,0.0,0.0,0.0,1.0,B.Mayfield,11.0,B.Irving,11.0,,,,,,6
CIN,TB,1,TB,CIN,CIN,49.0,1.0,no_play,0.0,0,0,0,,,,,-0.468870660290122,0.0,0.0,0.0,1.0,0.0,0.0,0.0,0.0,0.0,0.0,0.0,0.0,0.0,0.0,0.0,,,,,,,,TB,5.0,6
CIN,TB,1,TB,CIN,TB,54.0,1.0,pass,-3.0,0,0,0,,,,,-5.20812350639608,0.0,0.0,0.0,0.0,1.0,0.0,1.0,1.0,0.0,0.0,0.0,0.0,0.0,0.0,0.0,B.Mayfield,,,,,,B.Mayfield,,,6
CIN,TB,1,CIN,TB,TB,44.0,1.0,pass,6.0,0,0,0,,,,,0.252255709143356,0.0,0.0,0.0,0.0,0.0,0.0,1.0,0.0,0.0,0.0,0.0,0.0,0.0,0.0,1.0,J.Burrow,6.0,D.Sample,6.0,,,,,,6
CIN,TB,1,CIN,TB,TB,38.0,2.0,run,2.0,0,0,0,,,,,-0.377614268334582,0.0,0.0,0.0,0.0,0.0,1.0,0.0,0.0,0.0,0.0,0.0,0.0,0.0,0.0,0.0,,,,,S.Perine,2.0,,,,6
CIN,TB,1,CIN,TB,TB,36.0,3.0,run,8.0,0,0,0,,,,,1.0585668644635,1.0,0.0,0.0,0.0,0.0,1.0,0.0,0.0,0.0,0.0,0.0,0.0,0.0,0.0,0.0,,,,,S.Perine,8.0,,,,6
CIN,TB,1,CIN,TB,TB,28.0,1.0,run,11.0,0,0,0,,,,,0.738739781663753,0.0,0.0,0.0,0.0,0.0,1.0,0.0,0.0,0.0,0.0,0.0,0.0,0.0,0.0,0.0,,,,,C.Brown,11.0,,,,6
CIN,TB,1,CIN,TB,TB,17.0,1.0,run,2.0,0,0,0,,,,,-0.354425355966669,0.0,0.0,0.0,0.0,0.0,1.0,0.0,0.0,0.0,0.0,0.0,0.0,0.0,0.0,0.0,,,,,C.Brown,2.0,,,,6
CIN,TB,1,CIN,TB,TB,15.0,2.0,run,3.0,0,0,0,,,,,-0.289926510071382,0.0,0.0,0.0,0.0,0.0,1.0,0.0,0.0,0.0,0.0,0.0,0.0,0.0,0.0,0.0,,,,,S.Perine,3.0,,,,6
CIN,TB,1,CIN,TB,TB,12.0,3.0,pass,3.0,0,0,0,,,,,-0.924888471548911,0.0,0.0,0.0,0.0,0.0,0.0,1.0,0.0,0.0,0.0,0.0,0.0,0.0,0.0,1.0,J.Burrow,3.0,C.Brown,3.0,,,,,,6
CIN,TB,1,CIN,TB,TB,9.0,4.0,no_play,0.0,0,0,0,,,,,-0.229298674072964,0.0,0.0,0.0,1.0,0.0,0.0,0.0,0.0,0.0,0.0,0.0,0.0,0.0,0.0,0.0,,,,,,,,CIN,5.0,6
CIN,TB,1,CIN,TB,TB,14.0,4.0,field_goal,0.0,0,0,0,made,,,,0.206059362776471,0.0,0.0,0.0,0.0,0.0,0.0,0.0,0.0,0.0,0.0,0.0,0.0,0.0,0.0,0.0,,,,,,,,,,6
CIN,TB,1,TB,CIN,CIN,35.0,,kickoff,0.0,0,0,0,,,,,1.44694985053502,0.0,0.0,0.0,0.0,0.0,0.0,0.0,0.0,0.0,0.0,0.0,0.0,0.0,1.0,0.0,,,,,,,,,,6
CIN,TB,1,TB,CIN,TB,51.0,1.0,no_play,0.0,0,0,0,,,,,-0.564770199358463,0.0,0.0,0.0,1.0,0.0,0.0,0.0,0.0,0.0,0.0,0.0,0.0,0.0,0.0,0.0,,,,,,,,TB,5.0,6
CIN,TB,1,TB,CIN,TB,56.0,1.0,pass,16.0,0,0,0,,,,,1.2115438595647,0.0,0.0,0.0,0.0,0.0,0.0,1.0,0.0,0.0,0.0,0.0,0.0,0.0,0.0,1.0,B.Mayfield,16.0,T.Hurst,16.0,,,,,,6
CIN,TB,1,TB,CIN,CIN,40.0,1.0,pass,8.0,0,0,0,,,,,0.485989528067876,0.0,0.0,0.0,0.0,0.0,0.0,1.0,0.0,0.0,0.0,0.0,0.0,0.0,0.0,1.0,B.Mayfield,8.0,T.Hurst,8.0,,,,,,6
CIN,TB,1,TB,CIN,CIN,32.0,2.0,pass,12.0,0,0,0,,,,,0.61988654662855,0.0,0.0,0.0,0.0,0.0,0.0,1.0,0.0,0.0,0.0,0.0,0.0,0.0,0.0,1.0,B.Mayfield,12.0,T.Hurst,12.0,,,,,,6
CIN,TB,1,TB,CIN,CIN,20.0,1.0,run,8.0,0,0,1,,,,,0.728324477619026,0.0,0.0,0.0,0.0,0.0,1.0,0.0,0.0,0.0,0.0,0.0,0.0,0.0,0.0,0.0,,,,,B.Mayfield,8.0,,,,6
CIN,TB,1,TB,CIN,CIN,12.0,2.0,pass,3.0,0,0,0,,,,,-0.0427275418187492,0.0,0.0,0.0,0.0,0.0,0.0,1.0,0.0,0.0,0.0,0.0,0.0,0.0,0.0,1.0,B.Mayfield,3.0,C.Otton,3.0,,,,,,6
CIN,TB,1,TB,CIN,CIN,9.0,1.0,pass,0.0,0,0,0,,,,,-0.599597594409715,0.0,0.0,0.0,0.0,0.0,0.0,1.0,0.0,0.0,0.0,0.0,0.0,0.0,0.0,0.0,B.Mayfield,,T.Johnson,,,,,,,6
CIN,TB,1,TB,CIN,CIN,9.0,2.0,run,9.0,0,0,1,,,,TB,2.73103673022706,0.0,0.0,0.0,0.0,0.0,1.0,0.0,0.0,1.0,0.0,1.0,0.0,0.0,0.0,0.0,,,,,B.Mayfield,9.0,,,,6
CIN,TB,1,TB,CIN,CIN,15.0,,no_play,0.0,0,0,0,,,,,0.0,0.0,0.0,0.0,1.0,0.0,0.0,0.0,0.0,0.0,0.0,0.0,0.0,0.0,0.0,0.0,,,,,,,,TB,5.0,6
CIN,TB,1,TB,CIN,CIN,20.0,,extra_point,0.0,0,0,0,,good,,,0.122089253921219,0.0,0.0,0.0,0.0,0.0,0.0,0.0,0.0,0.0,0.0,0.0,1.0,0.0,0.0,0.0,,,,,,,,,,6
CIN,TB,1,CIN,TB,TB,35.0,,kickoff,0.0,0,0,0,,,,,-0.0623407751554623,0.0,0.0,0.0,0.0,0.0,0.0,0.0,0.0,0.0,0.0,0.0,0.0,0.0,1.0,0.0,,,,,,,,,,6
CIN,TB,1,CIN,TB,CIN,76.0,1.0,pass,18.0,0,0,0,,,,,1.03430245193886,0.0,0.0,0.0,0.0,0.0,0.0,1.0,0.0,0.0,0.0,0.0,0.0,0.0,0.0,1.0,J.Burrow,18.0,D.Meyers,18.0,,,,,,6
CIN,TB,1,CIN,TB,CIN,58.0,1.0,pass,14.0,0,0,0,,,,,0.762321571761277,0.0,0.0,0.0,0.0,0.0,0.0,1.0,0.0,0.0,0.0,0.0,0.0,0.0,0.0,1.0,J.Burrow,14.0,S.Perine,14.0,,,,,,6
CIN,TB,1,,,,,,no_play,0.0,0,0,0,,,,,0.0,0.0,0.0,0.0,0.0,0.0,0.0,0.0,0.0,0.0,0.0,0.0,0.0,0.0,0.0,0.0,,,,,,,,,,6
CIN,TB,1,CIN,TB,TB,44.0,1.0,run,0.0,0,0,0,,,,,-0.899928730912507,0.0,0.0,0.0,0.0,0.0,1.0,0.0,0.0,0.0,0.0,0.0,0.0,0.0,0.0,0.0,,,,,C.Brown,0.0,,,,6
CIN,TB,1,,,,,,no_play,0.0,0,0,0,,,,,0.0,0.0,0.0,0.0,0.0,0.0,0.0,0.0,0.0,0.0,0.0,0.0,0.0,0.0,0.0,0.0,,,,,,,,,,6
CIN,TB,1,CIN,TB,TB,44.0,2.0,pass,18.0,0,0,0,,,,,0.573001854354516,0.0,0.0,0.0,0.0,0.0,0.0,1.0,0.0,0.0,0.0,0.0,0.0,0.0,0.0,1.0,J.Burrow,18.0,T.Higgins,18.0,,,,,,6
CIN,TB,1,,,,,,no_play,0.0,0,0,0,,,,,0.0,0.0,0.0,0.0,0.0,0.0,0.0,0.0,0.0,0.0,0.0,0.0,0.0,0.0,0.0,0.0,,,,,,,,,,6
CIN,TB,1,CIN,TB,TB,26.0,1.0,run,-1.0,0,0,0,,,,,-0.506092203373555,0.0,0.0,0.0,0.0,0.0,1.0,0.0,0.0,0.0,0.0,0.0,0.0,0.0,0.0,0.0,,,,,C.Brown,-1.0,,,,6
CIN,TB,1,CIN,TB,TB,27.0,2.0,no_play,0.0,0,0,0,,,,,0.758676195517182,0.0,0.0,0.0,1.0,0.0,0.0,0.0,0.0,0.0,0.0,0.0,0.0,0.0,0.0,0.0,,,,,,,,TB,5.0,6
CIN,TB,1,CIN,TB,TB,22.0,2.0,run,5.0,0,0,0,,,,,0.345915440178942,0.0,0.0,0.0,0.0,0.0,1.0,0.0,0.0,0.0,0.0,0.0,0.0,0.0,0.0,0.0,,,,,C.Brown,5.0,,,,6
CIN,TB,1,CIN,TB,TB,17.0,3.0,run,1.0,0,0,0,,,,,0.273980831319932,1.0,0.0,0.0,0.0,0.0,1.0,0.0,0.0,0.0,0.0,0.0,0.0,0.0,0.0,0.0,,,,,J.Burrow,1.0,,,,6
CIN,TB,1,CIN,TB,TB,16.0,1.0,qb_kneel,-1.0,1,0,0,,,,,-3.18640339077683,0.0,0.0,0.0,0.0,0.0,1.0,0.0,0.0,0.0,0.0,0.0,0.0,0.0,0.0,0.0,,,,,J.Burrow,-1.0,,,,6
CIN,TB,1,CIN,TB,,,,,,0,0,0,,,,,,,,,,,,,,,,,,,,,,,,,,,,,,6
PHI,WAS,1,,,,,,,,0,0,0,,,,,0.0,,,,,,,,,,,,,,,,,,,,,,,,,2
PHI,WAS,1,WAS,PHI,PHI,35.0,,kickoff,0.0,0,0,0,,,,,0.771852406207472,0.0,0.0,0.0,0.0,0.0,0.0,0.0,0.0,0.0,0.0,0.0,0.0,0.0,1.0,0.0,,,,,,,,,,2
PHI,WAS,1,WAS,PHI,WAS,64.0,1.0,run,11.0,0,0,0,,,,,0.789821512531489,0.0,0.0,0.0,0.0,0.0,1.0,0.0,0.0,0.0,0.0,0.0,0.0,0.0,0.0,0.0,,,,,J.Croskey-Merritt,11.0,,,,2
PHI,WAS,1,WAS,PHI,WAS,53.0,1.0,run,0.0,0,0,0,,,,,-0.490735299652442,0.0,0.0,0.0,0.0,0.0,1.0,0.0,0.0,0.0,0.0,0.0,0.0,0.0,0.0,0.0,,,,,R.White,0.0,,,,2
PHI,WAS,1,WAS,PHI,WAS,53.0,2.0,pass,0.0,0,0,0,,,,,-0.904342998284847,0.0,0.0,0.0,0.0,0.0,0.0,1.0,0.0,0.0,0.0,0.0,0.0,0.0,0.0,0.0,J.Daniels,,T.McLaurin,,,,,,,2
PHI,WAS,1,WAS,PHI,WAS,53.0,3.0,pass,13.0,0,0,0,,,,,2.34013134194538,1.0,0.0,0.0,0.0,0.0,0.0,1.0,0.0,0.0,0.0,0.0,0.0,0.0,0.0,1.0,J.Daniels,13.0,S.Diggs,13.0,,,,,,2
PHI,WAS,1,WAS,PHI,PHI,40.0,1.0,pass,0.0,0,0,0,,,,,-0.566083805868402,0.0,0.0,0.0,0.0,0.0,0.0,1.0,0.0,0.0,0.0,0.0,0.0,0.0,0.0,0.0,J.Daniels,,,,,,,,,2
PHI,WAS,1,WAS,PHI,PHI,40.0,2.0,run,0.0,0,0,0,,,,,-0.86365701071918,0.0,0.0,0.0,0.0,0.0,1.0,0.0,0.0,0.0,0.0,0.0,0.0,0.0,0.0,0.0,,,,,J.Croskey-Merritt,0.0,,,,2
PHI,WAS,1,WAS,PHI,PHI,40.0,3.0,run,3.0,0,0,0,,,,,-1.24215332279964,0.0,0.0,0.0,0.0,0.0,1.0,0.0,0.0,0.0,0.0,0.0,0.0,0.0,0.0,0.0,,,,,R.White,3.0,,,,2
PHI,WAS,1,WAS,PHI,PHI,37.0,4.0,field_goal,0.0,0,0,0,made,,,,2.39494480985268,0.0,0.0,0.0,0.0,0.0,0.0,0.0,0.0,0.0,0.0,0.0,0.0,0.0,0.0,0.0,,,,,,,,,,2
PHI,WAS,1,PHI,WAS,WAS,35.0,,kickoff,0.0,0,0,0,,,,,0.582038165302947,0.0,0.0,0.0,0.0,0.0,0.0,0.0,0.0,0.0,0.0,0.0,0.0,0.0,1.0,0.0,,,,,,,,,,2
PHI,WAS,1,PHI,WAS,PHI,65.0,1.0,pass,0.0,0,0,0,,,,,-0.5467571222689,0.0,0.0,0.0,0.0,0.0,0.0,1.0,0.0,0.0,0.0,0.0,0.0,0.0,0.0,0.0,J.Hurts,,S.Barkley,,,,,,,2
PHI,WAS,1,PHI,WAS,PHI,65.0,2.0,run,5.0,0,0,0,,,,,-0.246078847674653,0.0,0.0,0.0,0.0,0.0,1.0,0.0,0.0,0.0,0.0,0.0,0.0,0.0,0.0,0.0,,,,,S.Barkley,5.0,,,,2
PHI,WAS,1,PHI,WAS,PHI,60.0,3.0,run,6.0,0,0,1,,,,,1.57692843442783,1.0,0.0,0.0,0.0,0.0,1.0,0.0,0.0,0.0,0.0,0.0,0.0,0.0,0.0,0.0,,,,,J.Hurts,6.0,,,,2
PHI,WAS,1,PHI,WAS,PHI,54.0,1.0,run,-1.0,0,0,0,,,,,-0.813657256541774,0.0,0.0,0.0,0.0,0.0,1.0,0.0,0.0,0.0,0.0,0.0,0.0,0.0,0.0,0.0,,,,,S.Barkley,-1.0,,,,2
PHI,WAS,1,PHI,WAS,PHI,55.0,2.0,pass,3.0,0,0,0,,,,,-0.499943060567603,0.0,0.0,0.0,0.0,0.0,0.0,1.0,0.0,0.0,0.0,0.0,0.0,0.0,0.0,1.0,J.Hurts,3.0,M.Lemon,3.0,,,,,,2
PHI,WAS,1,PHI,WAS,PHI,52.0,3.0,pass,0.0,0,0,0,,,,,-1.60603993549012,0.0,0.0,0.0,0.0,0.0,0.0,1.0,0.0,0.0,0.0,0.0,0.0,0.0,0.0,0.0,J.Hurts,,D.Wicks,,,,,,,2
PHI,WAS,1,PHI,WAS,PHI,52.0,4.0,punt,0.0,0,0,0,,,,,0.37931750761345,0.0,0.0,0.0,0.0,0.0,0.0,0.0,0.0,0.0,0.0,0.0,0.0,0.0,0.0,0.0,,,,,,,,,,2
PHI,WAS,1,WAS,PHI,WAS,94.0,1.0,run,0.0,0,0,0,,,,,-0.614069192204624,0.0,0.0,0.0,0.0,0.0,1.0,0.0,0.0,0.0,0.0,0.0,0.0,0.0,0.0,0.0,,,,,J.Croskey-Merritt,0.0,,,,2
PHI,WAS,1,WAS,PHI,WAS,94.0,2.0,pass,0.0,0,0,0,,,,,-0.672716805012897,0.0,0.0,0.0,0.0,0.0,0.0,1.0,0.0,0.0,0.0,0.0,0.0,0.0,0.0,0.0,J.Daniels,,S.Diggs,,,,,,,2
PHI,WAS,1,WAS,PHI,WAS,94.0,3.0,pass,0.0,0,0,0,,,,,-1.13333140616305,0.0,0.0,0.0,0.0,0.0,0.0,1.0,0.0,0.0,0.0,0.0,0.0,0.0,0.0,0.0,J.Daniels,,D.Brown,,,,,,,2
PHI,WAS,1,WAS,PHI,WAS,94.0,4.0,punt,0.0,0,0,0,,,,,0.367692152969539,0.0,0.0,0.0,0.0,0.0,0.0,0.0,0.0,0.0,0.0,0.0,0.0,0.0,0.0,0.0,,,,,,,,,,2
PHI,WAS,1,PHI,WAS,PHI,61.0,1.0,run,1.0,0,0,0,,,,,-0.842250477522612,0.0,0.0,0.0,1.0,0.0,1.0,0.0,0.0,0.0,0.0,0.0,0.0,0.0,0.0,0.0,,,,,S.Barkley,1.0,,PHI,10.0,2
PHI,WAS,1,PHI,WAS,PHI,70.0,1.0,pass,-5.0,0,0,0,,,,,-1.09684042353183,0.0,0.0,0.0,0.0,0.0,0.0,1.0,0.0,0.0,0.0,0.0,0.0,0.0,0.0,1.0,J.Hurts,-5.0,M.Lemon,-5.0,,,,,,2
PHI,WAS,1,PHI,WAS,PHI,75.0,2.0,pass,12.0,0,0,0,,,,,0.102225888520479,0.0,0.0,0.0,0.0,0.0,0.0,1.0,0.0,0.0,0.0,0.0,0.0,0.0,0.0,1.0,J.Hurts,12.0,D.Smith,12.0,,,,,,2
PHI,WAS,1,PHI,WAS,PHI,63.0,3.0,pass,-9.0,0,0,0,,,,,-1.65311141032726,0.0,0.0,0.0,0.0,0.0,0.0,1.0,1.0,0.0,0.0,0.0,0.0,0.0,0.0,0.0,J.Hurts,,,,,,,,,2
PHI,WAS,1,PHI,WAS,PHI,72.0,4.0,punt,0.0,0,0,0,,,,,0.695443654432893,0.0,0.0,0.0,0.0,0.0,0.0,0.0,0.0,0.0,0.0,0.0,0.0,0.0,0.0,0.0,,,,,,,,,,2
PHI,WAS,1,WAS,PHI,WAS,78.0,1.0,run,4.0,0,0,0,,,,,0.06198865827173,0.0,0.0,0.0,0.0,0.0,1.0,0.0,0.0,0.0,0.0,0.0,0.0,0.0,0.0,0.0,,,,,R.White,4.0,,,,2
PHI,WAS,1,WAS,PHI,WAS,74.0,2.0,pass,5.0,0,0,0,,,,,0.31649539526552,0.0,0.0,0.0,0.0,0.0,0.0,1.0,0.0,0.0,0.0,0.0,0.0,0.0,0.0,1.0,J.Daniels,5.0,J.Bates,5.0,,,,,,2
PHI,WAS,1,WAS,PHI,WAS,69.0,3.0,run,0.0,0,0,0,,,,,-1.64431489957497,0.0,0.0,0.0,0.0,0.0,1.0,0.0,0.0,0.0,0.0,0.0,0.0,0.0,0.0,0.0,,,,,R.White,0.0,,,,2
PHI,WAS,1,WAS,PHI,WAS,69.0,4.0,punt,0.0,0,0,0,,,,,-0.283131523057818,0.0,0.0,0.0,0.0,0.0,0.0,0.0,0.0,0.0,0.0,0.0,0.0,0.0,0.0,0.0,,,,,,,,,,2
PHI,WAS,1,PHI,WAS,PHI,76.0,1.0,run,6.0,0,0,0,,,,,0.463630568701774,0.0,0.0,0.0,0.0,0.0,1.0,0.0,0.0,0.0,0.0,0.0,0.0,0.0,0.0,0.0,,,,,S.Barkley,6.0,,,,2
PHI,WAS,1,PHI,WAS,PHI,70.0,2.0,pass,64.0,0,0,0,,,,,4.17429588356754,0.0,0.0,0.0,0.0,0.0,0.0,1.0,0.0,0.0,0.0,0.0,0.0,0.0,0.0,1.0,J.Hurts,64.0,D.Wicks,64.0,,,,,,2
PHI,WAS,1,,,,,,no_play,0.0,0,0,0,,,,,0.0,0.0,0.0,0.0,0.0,0.0,0.0,0.0,0.0,0.0,0.0,0.0,0.0,0.0,0.0,0.0,,,,,,,,,,2
PHI,WAS,1,PHI,WAS,WAS,6.0,1.0,no_play,0.0,0,0,0,,,,,-1.31453712499933,0.0,0.0,0.0,1.0,0.0,0.0,0.0,0.0,0.0,0.0,0.0,0.0,0.0,0.0,0.0,,,,,,,,PHI,10.0,2
PHI,WAS,1,PHI,WAS,WAS,16.0,1.0,run,-2.0,0,0,0,,,,,-0.699284374248236,0.0,0.0,0.0,0.0,0.0,1.0,0.0,0.0,0.0,0.0,0.0,0.0,0.0,0.0,0.0,,,,,S.Barkley,-2.0,,,,2
PHI,WAS,1,PHI,WAS,,,,,,0,0,0,,,,,0.0,,,,,,,,,,,,,,,,,,,,,,,,,2
PHI,WAS,1,PHI,WAS,WAS,18.0,2.0,run,1.0,0,0,0,,,,,-0.620281526877079,0.0,0.0,0.0,0.0,0.0,1.0,0.0,0.0,0.0,0.0,0.0,0.0,0.0,0.0,0.0,,,,,S.Barkley,1.0,,,,2
PHI,WAS,1,PHI,WAS,WAS,17.0,3.0,pass,17.0,0,0,0,,,,PHI,3.92568318493431,1.0,0.0,0.0,0.0,0.0,0.0,1.0,0.0,1.0,1.0,0.0,0.0,0.0,0.0,1.0,J.Hurts,17.0,D.Goedert,17.0,,,,,,2
PHI,WAS,1,PHI,WAS,WAS,15.0,,extra_point,0.0,0,0,0,,good,,,0.0675730031076331,0.0,0.0,0.0,0.0,0.0,0.0,0.0,0.0,0.0,0.0,0.0,1.0,0.0,0.0,0.0,,,,,,,,,,2
PHI,WAS,1,WAS,PHI,PHI,35.0,,kickoff,0.0,0,0,0,,,,,0.45073860231787,0.0,0.0,0.0,0.0,0.0,0.0,0.0,0.0,0.0,0.0,0.0,0.0,0.0,1.0,0.0,,,,,,,,,,2
PHI,WAS,1,WAS,PHI,WAS,68.0,1.0,pass,1.0,0,0,0,,,,,-0.503693870501593,0.0,0.0,0.0,0.0,0.0,0.0,1.0,0.0,0.0,0.0,0.0,0.0,0.0,0.0,1.0,J.Daniels,1.0,C.Okonkwo,1.0,,,,,,2
PHI,WAS,1,WAS,PHI,WAS,67.0,2.0,pass,0.0,0,0,0,,,,,-0.715304277371615,0.0,0.0,0.0,0.0,0.0,0.0,1.0,0.0,0.0,0.0,0.0,0.0,0.0,0.0,0.0,J.Daniels,,T.McLaurin,,,,,,,2
PHI,WAS,1,WAS,PHI,WAS,67.0,3.0,pass,0.0,0,0,0,,,,,-1.3113966549281,0.0,0.0,0.0,0.0,0.0,0.0,1.0,0.0,0.0,0.0,0.0,0.0,0.0,0.0,0.0,J.Daniels,,S.Diggs,,,,,,,2
PHI,WAS,1,WAS,PHI,WAS,67.0,4.0,punt,0.0,0,0,0,,,,,-0.133127070497721,0.0,0.0,0.0,0.0,0.0,0.0,0.0,0.0,0.0,0.0,0.0,0.0,0.0,0.0,0.0,,,,,,,,,,2
PHI,WAS,1,PHI,WAS,PHI,73.0,1.0,run,4.0,0,0,0,,,,,-0.139051167294383,0.0,0.0,0.0,0.0,0.0,1.0,0.0,0.0,0.0,0.0,0.0,0.0,0.0,0.0,0.0,,,,,S.Barkley,4.0,,,,2
PHI,WAS,1,PHI,WAS,PHI,69.0,2.0,pass,0.0,0,0,0,,,,,-0.784780157031491,0.0,0.0,0.0,0.0,0.0,0.0,1.0,0.0,0.0,0.0,0.0,0.0,0.0,0.0,0.0,J.Hurts,,M.Lemon,,,,,,,2
PHI,WAS,1,PHI,WAS,PHI,69.0,3.0,pass,0.0,0,0,0,,,,,-1.23962287814356,0.0,0.0,0.0,0.0,0.0,0.0,1.0,0.0,0.0,0.0,0.0,0.0,0.0,0.0,0.0,J.Hurts,,D.Wicks,,,,,,,2
PHI,WAS,1,PHI,WAS,PHI,69.0,4.0,punt,0.0,0,0,0,,,,,0.472453342983499,0.0,0.0,0.0,0.0,0.0,0.0,0.0,0.0,0.0,0.0,0.0,0.0,0.0,0.0,0.0,,,,,,,,,,2
PHI,WAS,1,WAS,PHI,WAS,84.0,1.0,run,2.0,0,0,1,,,,,-0.483002955792472,0.0,0.0,0.0,0.0,0.0,1.0,0.0,0.0,0.0,0.0,0.0,0.0,0.0,0.0,0.0,,,,,J.Daniels,2.0,,,,2
PHI,WAS,1,WAS,PHI,WAS,82.0,2.0,run,9.0,0,0,0,,,,,1.20209529600106,0.0,0.0,0.0,0.0,0.0,1.0,0.0,0.0,0.0,0.0,0.0,0.0,0.0,0.0,0.0,,,,,J.Croskey-Merritt,9.0,,,,2
PHI,WAS,1,WAS,PHI,WAS,73.0,1.0,no_play,0.0,0,0,1,,,,,-0.994795609032735,0.0,0.0,0.0,1.0,0.0,0.0,0.0,0.0,0.0,0.0,0.0,0.0,0.0,0.0,0.0,,,,,,,,WAS,10.0,2
PHI,WAS,1,WAS,PHI,WAS,83.0,1.0,pass,0.0,0,0,0,,,,,-0.562156515428796,0.0,0.0,0.0,0.0,0.0,0.0,1.0,0.0,0.0,0.0,0.0,0.0,0.0,0.0,0.0,J.Daniels,,S.Diggs,,,,,,,2
PHI,WAS,1,WAS,PHI,WAS,83.0,2.0,pass,-7.0,0,0,0,,,,,-1.34161964408122,0.0,0.0,0.0,0.0,0.0,0.0,1.0,0.0,0.0,0.0,0.0,0.0,0.0,0.0,1.0,J.Daniels,-7.0,J.Croskey-Merritt,-7.0,,,,,,2
PHI,WAS,1,WAS,PHI,WAS,90.0,3.0,run,9.0,0,0,0,,,,,-0.131694914307445,0.0,0.0,0.0,0.0,0.0,1.0,0.0,0.0,0.0,0.0,0.0,0.0,0.0,0.0,0.0,,,,,R.White,9.0,,,,2
PHI,WAS,1,WAS,PHI,WAS,81.0,4.0,punt,0.0,0,0,0,,,,,0.0555834758561105,0.0,0.0,0.0,0.0,0.0,0.0,0.0,0.0,0.0,0.0,0.0,0.0,0.0,0.0,0.0,,,,,,,,,,2
PHI,WAS,1,PHI,WAS,PHI,62.0,1.0,pass,0.0,0,0,0,,,,,-0.479371538385749,0.0,0.0,0.0,0.0,0.0,0.0,1.0,0.0,0.0,0.0,0.0,0.0,0.0,0.0,0.0,J.Hurts,,,,,,,,,2
PHI,WAS,1,PHI,WAS,PHI,62.0,2.0,run,8.0,0,0,0,,,,,0.392742924392223,0.0,0.0,0.0,0.0,0.0,1.0,0.0,0.0,0.0,0.0,0.0,0.0,0.0,0.0,0.0,,,,,S.Barkley,8.0,,,,2
PHI,WAS,1,PHI,WAS,PHI,54.0,3.0,run,42.0,0,0,0,,,,,3.33232641412178,1.0,0.0,0.0,0.0,0.0,1.0,0.0,0.0,0.0,0.0,0.0,0.0,0.0,0.0,0.0,,,,,S.Barkley,42.0,,,,2
PHI,WAS,1,PHI,WAS,WAS,12.0,1.0,run,3.0,0,0,0,,,,,-0.317280971154105,0.0,0.0,0.0,0.0,0.0,1.0,0.0,0.0,0.0,0.0,0.0,0.0,0.0,0.0,0.0,,,,,T.Bigsby,3.0,,,,2
PHI,WAS,1,PHI,WAS,WAS,9.0,2.0,pass,9.0,0,0,0,,,,PHI,2.43083880876657,0.0,0.0,0.0,0.0,0.0,0.0,1.0,0.0,1.0,1.0,0.0,0.0,0.0,0.0,1.0,J.Hurts,9.0,D.Wicks,9.0,,,,,,2
PHI,WAS,1,PHI,WAS,WAS,15.0,,extra_point,0.0,0,0,0,,good,,,0.0675730031076331,0.0,0.0,0.0,0.0,0.0,0.0,0.0,0.0,0.0,0.0,0.0,1.0,0.0,0.0,0.0,,,,,,,,,,2
PHI,WAS,1,WAS,PHI,PHI,35.0,,kickoff,0.0,0,0,0,,,,,0.521563208429143,0.0,0.0,0.0,0.0,0.0,0.0,0.0,0.0,0.0,0.0,0.0,0.0,0.0,1.0,0.0,,,,,,,,,,2
PHI,WAS,1,WAS,PHI,WAS,67.0,1.0,run,11.0,0,0,0,,,,,0.668864293256775,0.0,0.0,0.0,0.0,0.0,1.0,0.0,0.0,0.0,0.0,0.0,0.0,0.0,0.0,0.0,,,,,J.Croskey-Merritt,11.0,,,,2
PHI,WAS,1,WAS,PHI,WAS,56.0,1.0,pass,15.0,0,0,0,,,,,1.01414980727714,0.0,0.0,0.0,0.0,0.0,0.0,1.0,0.0,0.0,0.0,0.0,0.0,0.0,0.0,1.0,J.Daniels,15.0,S.Diggs,15.0,,,,,,2
PHI,WAS,1,WAS,PHI,PHI,41.0,1.0,pass,0.0,0,0,0,,,,,-0.437083935248666,0.0,0.0,0.0,0.0,0.0,0.0,1.0,0.0,0.0,0.0,0.0,0.0,0.0,0.0,0.0,J.Daniels,,C.Okonkwo,,,,,,,2
PHI,WAS,1,WAS,PHI,PHI,41.0,2.0,no_play,0.0,0,0,0,,,,,-0.778634654125199,0.0,0.0,0.0,1.0,0.0,0.0,0.0,0.0,0.0,0.0,0.0,0.0,0.0,0.0,0.0,,,,,,,,WAS,5.0,2
PHI,WAS,1,WAS,PHI,PHI,46.0,2.0,pass,0.0,0,0,0,,,,,-0.865498884348199,0.0,0.0,0.0,0.0,0.0,0.0,1.0,0.0,0.0,0.0,0.0,0.0,0.0,0.0,0.0,J.Daniels,,,,,,,,,2
PHI,WAS,1,WAS,PHI,PHI,46.0,3.0,run,14.0,0,0,1,,,,,1.04176444088807,0.0,0.0,0.0,0.0,0.0,1.0,0.0,0.0,0.0,0.0,0.0,0.0,0.0,0.0,0.0,,,,,J.Daniels,14.0,,,,2
PHI,WAS,1,WAS,PHI,PHI,32.0,4.0,run,4.0,0,0,0,,,,,1.57977931248024,0.0,1.0,0.0,0.0,0.0,1.0,0.0,0.0,0.0,0.0,0.0,0.0,0.0,0.0,0.0,,,,,J.Croskey-Merritt,4.0,,,,2
PHI,WAS,1,WAS,PHI,PHI,28.0,1.0,run,9.0,0,0,0,,,,,0.668349412386306,0.0,0.0,0.0,0.0,0.0,1.0,0.0,0.0,0.0,0.0,0.0,0.0,0.0,0.0,0.0,,,,,J.Croskey-Merritt,9.0,,,,2
PHI,WAS,1,WAS,PHI,PHI,19.0,2.0,run,0.0,0,0,0,,,,,-0.596637155977078,0.0,0.0,0.0,0.0,0.0,1.0,0.0,0.0,0.0,0.0,0.0,0.0,0.0,0.0,0.0,,,,,J.Daniels,0.0,,,,2
PHI,WAS,1,WAS,PHI,PHI,19.0,3.0,run,2.0,0,0,0,,,,,0.591778950823937,1.0,0.0,0.0,0.0,0.0,1.0,0.0,0.0,0.0,0.0,0.0,0.0,0.0,0.0,0.0,,,,,R.White,2.0,,,,2
PHI,WAS,1,WAS,PHI,PHI,17.0,1.0,pass,0.0,0,0,0,,,,,-0.425585386808962,0.0,0.0,0.0,0.0,0.0,0.0,1.0,0.0,0.0,0.0,0.0,0.0,0.0,0.0,0.0,J.Daniels,,,,,,,,,2
PHI,WAS,1,WAS,PHI,PHI,17.0,2.0,pass,16.0,0,0,0,,,,,2.23504710954148,0.0,0.0,0.0,0.0,0.0,0.0,1.0,0.0,0.0,0.0,0.0,0.0,0.0,0.0,1.0,J.Daniels,16.0,A.Williams,16.0,,,,,,2
PHI,WAS,1,WAS,PHI,PHI,1.0,1.0,run,1.0,0,0,0,,,,WAS,0.650273242616095,0.0,0.0,0.0,0.0,0.0,1.0,0.0,0.0,1.0,0.0,1.0,0.0,0.0,0.0,0.0,,,,,J.Croskey-Merritt,1.0,,,,2
PHI,WAS,1,WAS,PHI,PHI,15.0,,extra_point,0.0,0,0,0,,blocked,,,-0.932426996892367,0.0,0.0,0.0,0.0,0.0,0.0,0.0,0.0,0.0,0.0,0.0,1.0,0.0,0.0,0.0,,,,,,,,,,2
PHI,WAS,1,PHI,WAS,WAS,35.0,,kickoff,0.0,0,0,0,,,,,0.169750331435353,0.0,0.0,0.0,0.0,0.0,0.0,0.0,0.0,0.0,0.0,0.0,0.0,0.0,1.0,0.0,,,,,,,,,,2
PHI,WAS,1,PHI,WAS,PHI,71.0,1.0,run,5.0,0,0,1,,,,,-0.0939985696459189,0.0,0.0,0.0,0.0,0.0,1.0,0.0,0.0,0.0,0.0,0.0,0.0,0.0,0.0,0.0,,,,,J.Hurts,5.0,,,,2
PHI,WAS,1,PHI,WAS,PHI,66.0,2.0,pass,5.0,0,0,0,,,,,0.52743626839947,0.0,0.0,0.0,0.0,0.0,0.0,1.0,0.0,0.0,0.0,0.0,0.0,0.0,0.0,1.0,J.Hurts,5.0,D.Goedert,5.0,,,,,,2
PHI,WAS,1,PHI,WAS,PHI,61.0,1.0,pass,8.0,0,0,0,,,,,0.378289063926786,0.0,0.0,0.0,0.0,0.0,0.0,1.0,0.0,0.0,0.0,0.0,0.0,0.0,0.0,1.0,J.Hurts,8.0,W.Shipley,8.0,,,,,,2
PHI,WAS,1,PHI,WAS,PHI,53.0,2.0,pass,0.0,0,0,0,,,,,-0.504061647225171,0.0,0.0,0.0,0.0,0.0,0.0,1.0,0.0,0.0,0.0,0.0,0.0,0.0,0.0,0.0,J.Hurts,,D.Smith,,,,,,,2
PHI,WAS,1,PHI,WAS,PHI,53.0,3.0,pass,0.0,0,0,0,,,,,-1.02362494112458,0.0,0.0,0.0,0.0,0.0,0.0,1.0,0.0,0.0,0.0,0.0,0.0,0.0,0.0,0.0,J.Hurts,,D.Smith,,,,,,,2
PHI,WAS,1,PHI,WAS,PHI,53.0,4.0,punt,0.0,0,0,0,,,,,-0.063378956692759,0.0,0.0,0.0,0.0,0.0,0.0,0.0,0.0,0.0,0.0,0.0,0.0,0.0,0.0,0.0,,,,,,,,,,2
PHI,WAS,1,,,,,,no_play,0.0,0,0,0,,,,,0.0,0.0,0.0,0.0,0.0,0.0,0.0,0.0,0.0,0.0,0.0,0.0,0.0,0.0,0.0,0.0,,,,,,,,,,2
PHI,WAS,1,WAS,PHI,WAS,98.0,1.0,run,4.0,0,0,0,,,,,0.0874708433984779,0.0,0.0,0.0,0.0,0.0,1.0,0.0,0.0,0.0,0.0,0.0,0.0,0.0,0.0,0.0,,,,,R.White,4.0,,,,2
PHI,WAS,1,,,,,,,,0,0,0,,,,,,,,,,,,,,,,,,,,,,,,,,,,,,2
PHI,WAS,1,PHI,WAS,WAS,35.0,,kickoff,0.0,0,0,0,,,,,0.0434379845391959,0.0,0.0,0.0,0.0,0.0,0.0,0.0,0.0,0.0,0.0,0.0,0.0,0.0,1.0,0.0,,,,,,,,,,2
PHI,WAS,1,PHI,WAS,PHI,74.0,1.0,run,-1.0,0,0,0,,,,,-0.834452748531476,0.0,0.0,0.0,0.0,0.0,1.0,0.0,0.0,0.0,0.0,0.0,0.0,0.0,0.0,0.0,,,,,S.Barkley,-1.0,,,,2
PHI,WAS,1,PHI,WAS,PHI,75.0,2.0,pass,-3.0,0,0,0,,,,,-1.5036211675033,0.0,0.0,0.0,0.0,0.0,0.0,1.0,0.0,0.0,0.0,0.0,0.0,0.0,0.0,1.0,J.Hurts,-3.0,M.Lemon,-3.0,,,,,,2
PHI,WAS,1,PHI,WAS,PHI,78.0,3.0,pass,12.0,0,0,0,,,,,0.528570122085512,0.0,0.0,0.0,0.0,0.0,0.0,1.0,0.0,0.0,0.0,0.0,0.0,0.0,0.0,1.0,J.Hurts,12.0,D.Goedert,12.0,,,,,,2
PHI,WAS,1,PHI,WAS,PHI,66.0,4.0,punt,0.0,0,0,0,,,,,-1.60458878544159,0.0,0.0,0.0,0.0,0.0,0.0,0.0,0.0,0.0,0.0,0.0,0.0,0.0,0.0,0.0,,,,,,,,,,2
PHI,WAS,1,WAS,PHI,WAS,59.0,1.0,run,3.0,0,0,0,,,,,-0.215656015090644,0.0,0.0,0.0,0.0,0.0,1.0,0.0,0.0,0.0,0.0,0.0,0.0,0.0,0.0,0.0,,,,,J.Croskey-Merritt,3.0,,,,2
PHI,WAS,1,WAS,PHI,WAS,56.0,2.0,pass,0.0,0,0,0,,,,,-0.885495346738026,0.0,0.0,0.0,0.0,0.0,0.0,1.0,0.0,0.0,0.0,0.0,0.0,0.0,0.0,0.0,J.Daniels,,S.Diggs,,,,,,,2
PHI,WAS,1,WAS,PHI,WAS,56.0,3.0,pass,3.0,0,0,0,,,,,-1.14123423723504,0.0,0.0,0.0,0.0,0.0,0.0,1.0,0.0,0.0,0.0,0.0,0.0,0.0,0.0,1.0,J.Daniels,3.0,R.White,3.0,,,,,,2
PHI,WAS,1,WAS,PHI,WAS,53.0,4.0,punt,0.0,0,0,0,,,,,-0.610272048972547,0.0,0.0,0.0,0.0,0.0,0.0,0.0,0.0,0.0,0.0,0.0,0.0,0.0,0.0,0.0,,,,,,,,,,2
PHI,WAS,1,PHI,WAS,PHI,80.0,1.0,pass,-6.0,0,0,0,,,,,-1.49359102034941,0.0,0.0,0.0,0.0,0.0,0.0,1.0,1.0,0.0,0.0,0.0,0.0,0.0,0.0,0.0,J.Hurts,,,,,,,,,2
PHI,WAS,1,PHI,WAS,PHI,86.0,2.0,pass,10.0,0,0,0,,,,,0.754737352952361,0.0,0.0,0.0,0.0,0.0,0.0,1.0,0.0,0.0,0.0,0.0,0.0,0.0,0.0,1.0,J.Hurts,10.0,D.Smith,10.0,,,,,,2
PHI,WAS,1,,,,,,no_play,0.0,0,0,0,,,,,0.0,0.0,0.0,0.0,0.0,0.0,0.0,0.0,0.0,0.0,0.0,0.0,0.0,0.0,0.0,0.0,,,,,,,,,,2
PHI,WAS,1,PHI,WAS,PHI,76.0,3.0,pass,0.0,0,0,0,,,,,-1.45453642262146,0.0,0.0,0.0,0.0,0.0,0.0,1.0,0.0,0.0,0.0,0.0,0.0,0.0,0.0,0.0,J.Hurts,,D.Smith,,,,,,,2
PHI,WAS,1,PHI,WAS,PHI,76.0,4.0,punt,0.0,0,0,0,,,,,-0.49747425946407,0.0,0.0,0.0,0.0,0.0,0.0,0.0,0.0,0.0,0.0,0.0,0.0,0.0,0.0,0.0,,,,,,,,,,2
PHI,WAS,1,WAS,PHI,WAS,56.0,1.0,no_play,0.0,0,0,0,,,,,-0.667495050700381,0.0,0.0,0.0,1.0,0.0,0.0,0.0,0.0,0.0,0.0,0.0,0.0,0.0,0.0,0.0,,,,,,,,WAS,5.0,2
PHI,WAS,1,WAS,PHI,WAS,61.0,1.0,run,3.0,0,0,0,,,,,-0.327985114883631,0.0,0.0,0.0,0.0,0.0,1.0,0.0,0.0,0.0,0.0,0.0,0.0,0.0,0.0,0.0,,,,,J.Croskey-Merritt,3.0,,,,2
PHI,WAS,1,WAS,PHI,WAS,58.0,2.0,pass,15.0,0,0,0,,,,,1.86886973492801,0.0,0.0,0.0,0.0,0.0,0.0,1.0,0.0,0.0,0.0,0.0,0.0,0.0,0.0,1.0,J.Daniels,15.0,C.Okonkwo,15.0,,,,,,2
PHI,WAS,1,WAS,PHI,PHI,43.0,1.0,run,1.0,0,0,0,,,,,-0.468636211240664,0.0,0.0,0.0,0.0,0.0,1.0,0.0,0.0,0.0,0.0,0.0,0.0,0.0,0.0,0.0,,,,,J.Croskey-Merritt,1.0,,,,2
PHI,WAS,1,WAS,PHI,PHI,42.0,2.0,no_play,0.0,0,0,0,,,,,1.03406985220499,0.0,0.0,0.0,1.0,0.0,0.0,0.0,0.0,0.0,0.0,0.0,0.0,0.0,0.0,0.0,,,,,,,,PHI,5.0,2
PHI,WAS,1,WAS,PHI,PHI,37.0,1.0,run,1.0,0,0,0,,,,,-0.515563926193863,0.0,0.0,0.0,0.0,0.0,1.0,0.0,0.0,0.0,0.0,0.0,0.0,0.0,0.0,0.0,,,,,J.Croskey-Merritt,1.0,,,,2
PHI,WAS,1,WAS,PHI,PHI,36.0,2.0,pass,0.0,0,0,0,,,,,-0.814715652726591,0.0,0.0,0.0,0.0,0.0,0.0,1.0,0.0,0.0,0.0,0.0,0.0,0.0,0.0,0.0,J.Daniels,,S.Diggs,,,,,,,2
PHI,WAS,1,WAS,PHI,PHI,36.0,3.0,pass,0.0,0,0,0,,,,,-0.908793588497877,0.0,0.0,0.0,0.0,0.0,0.0,1.0,0.0,0.0,0.0,0.0,0.0,0.0,0.0,0.0,J.Daniels,,D.Brown,,,,,,,2
PHI,WAS,1,WAS,PHI,PHI,36.0,4.0,field_goal,0.0,0,0,0,missed,,,,-3.84085577367505,0.0,0.0,0.0,0.0,0.0,0.0,0.0,0.0,0.0,0.0,0.0,0.0,0.0,0.0,0.0,,,,,,,,,,2
PHI,WAS,1,PHI,WAS,PHI,56.0,1.0,run,3.0,0,0,0,,,,,-0.258331281365827,0.0,0.0,0.0,0.0,0.0,1.0,0.0,0.0,0.0,0.0,0.0,0.0,0.0,0.0,0.0,,,,,S.Barkley,3.0,,,,2
PHI,WAS,1,PHI,WAS,PHI,53.0,2.0,run,-3.0,0,0,0,,,,,-1.05658956477419,0.0,0.0,0.0,0.0,0.0,1.0,0.0,0.0,0.0,0.0,0.0,0.0,0.0,0.0,0.0,,,,,S.Barkley,-3.0,,,,2
PHI,WAS,1,PHI,WAS,PHI,56.0,3.0,pass,-6.0,0,0,0,,,,,-1.95597949833609,0.0,0.0,0.0,0.0,0.0,0.0,1.0,1.0,0.0,0.0,0.0,0.0,0.0,0.0,0.0,J.Hurts,,,,,,,,,2
PHI,WAS,1,PHI,WAS,PHI,62.0,4.0,punt,0.0,0,0,0,,,,,0.89126883726567,0.0,0.0,0.0,0.0,0.0,0.0,0.0,0.0,0.0,0.0,0.0,0.0,0.0,0.0,0.0,,,,,,,,,,2
PHI,WAS,1,WAS,PHI,WAS,89.0,1.0,run,5.0,0,0,0,,,,,0.147122731432319,0.0,0.0,0.0,0.0,0.0,1.0,0.0,0.0,0.0,0.0,0.0,0.0,0.0,0.0,0.0,,,,,K.Allen,5.0,,,,2
PHI,WAS,1,WAS,PHI,WAS,84.0,2.0,pass,0.0,0,0,0,,,,,-0.819512327201664,0.0,0.0,0.0,0.0,0.0,0.0,1.0,0.0,0.0,0.0,0.0,0.0,0.0,0.0,0.0,J.Daniels,,,,,,,,,2
PHI,WAS,1,WAS,PHI,WAS,84.0,3.0,no_play,0.0,0,0,0,,,,,-0.515501738525927,0.0,0.0,0.0,1.0,0.0,0.0,0.0,0.0,0.0,0.0,0.0,0.0,0.0,0.0,0.0,,,,,,,,WAS,5.0,2
PHI,WAS,1,WAS,PHI,WAS,89.0,3.0,pass,4.0,0,0,0,,,,,-0.79734163871035,0.0,0.0,0.0,0.0,0.0,0.0,1.0,0.0,0.0,0.0,0.0,0.0,0.0,0.0,1.0,J.Daniels,4.0,J.Lane,4.0,,,,,,2
PHI,WAS,1,WAS,PHI,WAS,85.0,4.0,punt,0.0,0,0,0,,,,,-0.111169122392312,0.0,0.0,0.0,0.0,0.0,0.0,0.0,0.0,0.0,0.0,0.0,0.0,0.0,0.0,0.0,,,,,,,,,,2
PHI,WAS,1,PHI,WAS,PHI,60.0,1.0,no_play,0.0,0,0,0,,,,,-0.864160589175299,0.0,0.0,0.0,1.0,0.0,0.0,0.0,0.0,0.0,0.0,0.0,0.0,0.0,0.0,0.0,,,,,,,,PHI,10.0,2
PHI,WAS,1,PHI,WAS,PHI,70.0,1.0,run,14.0,0,0,1,,,,,0.740145381307229,0.0,0.0,0.0,0.0,0.0,1.0,0.0,0.0,0.0,0.0,0.0,0.0,0.0,0.0,0.0,,,,,J.Hurts,14.0,,,,2
PHI,WAS,1,PHI,WAS,PHI,56.0,2.0,run,1.0,0,0,1,,,,,-0.744710355531424,0.0,0.0,0.0,0.0,0.0,1.0,0.0,0.0,0.0,0.0,0.0,0.0,0.0,0.0,0.0,,,,,J.Hurts,1.0,,,,2
PHI,WAS,1,PHI,WAS,PHI,55.0,3.0,pass,31.0,0,0,0,,,,,2.94266255537514,1.0,0.0,0.0,0.0,0.0,0.0,1.0,0.0,0.0,0.0,0.0,0.0,0.0,0.0,1.0,J.Hurts,31.0,D.Smith,31.0,,,,,,2
PHI,WAS,1,PHI,WAS,WAS,24.0,1.0,pass,0.0,0,0,0,,,,,-0.412417097017169,0.0,0.0,0.0,0.0,0.0,0.0,1.0,0.0,0.0,0.0,0.0,0.0,0.0,0.0,0.0,J.Hurts,,,,,,,,,2
PHI,WAS,1,PHI,WAS,WAS,24.0,2.0,run,7.0,0,0,0,,,,,-0.0130256724660285,0.0,0.0,0.0,0.0,0.0,1.0,0.0,0.0,0.0,0.0,0.0,0.0,0.0,0.0,0.0,,,,,S.Barkley,7.0,,,,2
PHI,WAS,1,PHI,WAS,WAS,17.0,3.0,pass,0.0,0,0,0,,,,,-1.66414265522339,0.0,0.0,0.0,0.0,0.0,0.0,1.0,0.0,0.0,0.0,0.0,0.0,0.0,0.0,0.0,J.Hurts,,D.Goedert,,,,,,,2
PHI,WAS,1,PHI,WAS,WAS,17.0,4.0,field_goal,0.0,0,0,0,made,,,,0.392535642211577,0.0,0.0,0.0,0.0,0.0,0.0,0.0,0.0,0.0,0.0,0.0,0.0,0.0,0.0,0.0,,,,,,,,,,2
PHI,WAS,1,WAS,PHI,PHI,35.0,,kickoff,0.0,0,0,0,,,,,0.474266429431737,0.0,0.0,0.0,0.0,0.0,0.0,0.0,0.0,0.0,0.0,0.0,0.0,0.0,1.0,0.0,,,,,,,,,,2
PHI,WAS,1,WAS,PHI,WAS,67.0,1.0,run,13.0,0,0,1,,,,,0.955880069639534,0.0,0.0,0.0,0.0,0.0,1.0,0.0,0.0,0.0,0.0,0.0,0.0,0.0,0.0,0.0,,,,,J.Daniels,13.0,,,,2
PHI,WAS,1,WAS,PHI,,,,,,0,0,0,,,,,0.0,,,,,,,,,,,,,,,,,,,,,,,,,2
PHI,WAS,1,WAS,PHI,WAS,54.0,1.0,pass,8.0,0,0,0,,,,,0.531902374466881,0.0,0.0,0.0,0.0,0.0,0.0,1.0,0.0,0.0,0.0,0.0,0.0,0.0,0.0,1.0,J.Daniels,8.0,J.Bates,8.0,,,,,,2
PHI,WAS,1,WAS,PHI,PHI,46.0,2.0,run,3.0,0,0,0,,,,,0.034872125601396,0.0,0.0,0.0,0.0,0.0,1.0,0.0,0.0,0.0,0.0,0.0,0.0,0.0,0.0,0.0,,,,,J.Croskey-Merritt,3.0,,,,2
PHI,WAS,1,WAS,PHI,PHI,43.0,1.0,run,2.0,0,0,0,,,,,-0.267035842640325,0.0,0.0,0.0,0.0,0.0,1.0,0.0,0.0,0.0,0.0,0.0,0.0,0.0,0.0,0.0,,,,,J.Croskey-Merritt,2.0,,,,2
PHI,WAS,1,WAS,PHI,PHI,41.0,2.0,pass,-1.0,0,0,0,,,,,-1.01060852082446,0.0,0.0,0.0,0.0,0.0,0.0,1.0,1.0,0.0,0.0,0.0,0.0,0.0,0.0,0.0,J.Daniels,,,,,,,,,2
PHI,WAS,1,WAS,PHI,PHI,42.0,3.0,no_play,0.0,0,0,0,,,,,-0.662975407205522,0.0,0.0,0.0,1.0,0.0,0.0,0.0,0.0,0.0,0.0,0.0,0.0,0.0,0.0,0.0,,,,,,,,WAS,5.0,2
PHI,WAS,1,WAS,PHI,PHI,47.0,3.0,pass,33.0,0,0,0,,,,,4.12814564513974,1.0,0.0,0.0,0.0,0.0,0.0,1.0,0.0,0.0,0.0,0.0,0.0,0.0,0.0,1.0,J.Daniels,33.0,A.Williams,33.0,,,,,,2
PHI,WAS,1,WAS,PHI,PHI,14.0,1.0,run,2.0,0,0,0,,,,,-0.416879719356075,0.0,0.0,0.0,0.0,0.0,1.0,0.0,0.0,0.0,0.0,0.0,0.0,0.0,0.0,0.0,,,,,J.Daniels,2.0,,,,2
PHI,WAS,1,WAS,PHI,PHI,12.0,2.0,pass,2.0,0,0,0,,,,,-0.536756315035746,0.0,0.0,0.0,0.0,0.0,0.0,1.0,0.0,0.0,0.0,0.0,0.0,0.0,0.0,1.0,J.Daniels,2.0,R.White,2.0,,,,,,2
PHI,WAS,1,WAS,PHI,PHI,10.0,3.0,pass,10.0,0,0,0,,,,WAS,3.18522408325225,1.0,0.0,0.0,1.0,0.0,0.0,1.0,0.0,1.0,1.0,0.0,0.0,0.0,0.0,1.0,J.Daniels,10.0,S.Diggs,10.0,,,,WAS,15.0,2
PHI,WAS,1,WAS,PHI,PHI,30.0,,extra_point,0.0,0,0,0,,good,,,0.297928662813532,0.0,0.0,0.0,0.0,0.0,0.0,0.0,0.0,0.0,0.0,0.0,1.0,0.0,0.0,0.0,,,,,,,,,,2
PHI,WAS,1,PHI,WAS,WAS,35.0,,kickoff,0.0,0,0,0,,,,,0.0296863131225109,0.0,0.0,0.0,0.0,0.0,0.0,0.0,0.0,0.0,0.0,0.0,0.0,0.0,1.0,0.0,,,,,,,,,,2
PHI,WAS,1,PHI,WAS,PHI,74.0,1.0,run,6.0,0,0,0,,,,,0.160796352662146,0.0,0.0,0.0,0.0,0.0,1.0,0.0,0.0,0.0,0.0,0.0,0.0,0.0,0.0,0.0,,,,,S.Barkley,6.0,,,,2
PHI,WAS,1,PHI,WAS,PHI,68.0,2.0,run,7.0,0,0,0,,,,,0.509134819963947,0.0,0.0,0.0,0.0,0.0,1.0,0.0,0.0,0.0,0.0,0.0,0.0,0.0,0.0,0.0,,,,,S.Barkley,7.0,,,,2
PHI,WAS,1,PHI,WAS,PHI,61.0,1.0,pass,-3.0,0,0,0,,,,,-0.810519919963554,0.0,0.0,0.0,0.0,0.0,0.0,1.0,0.0,0.0,0.0,0.0,0.0,0.0,0.0,1.0,J.Hurts,-3.0,S.Barkley,-3.0,,,,,,2
PHI,WAS,1,PHI,WAS,PHI,64.0,2.0,no_play,0.0,0,0,0,,,,,-0.395188972353935,0.0,0.0,0.0,1.0,0.0,0.0,0.0,0.0,0.0,0.0,0.0,0.0,0.0,0.0,0.0,,,,,,,,PHI,5.0,2
PHI,WAS,1,PHI,WAS,PHI,69.0,2.0,pass,0.0,0,0,0,,,,,-0.74269653391093,0.0,0.0,0.0,0.0,0.0,0.0,1.0,0.0,0.0,0.0,0.0,0.0,0.0,0.0,0.0,J.Hurts,,,,,,,,,2
PHI,WAS,1,PHI,WAS,PHI,69.0,3.0,run,22.0,0,0,1,,,,,2.72039051470347,1.0,0.0,0.0,0.0,0.0,1.0,0.0,0.0,0.0,0.0,0.0,0.0,0.0,0.0,0.0,,,,,J.Hurts,22.0,,,,2
PHI,WAS,1,PHI,WAS,WAS,47.0,1.0,run,2.0,0,0,0,,,,,-0.385840819450095,0.0,0.0,0.0,0.0,0.0,1.0,0.0,0.0,0.0,0.0,0.0,0.0,0.0,0.0,0.0,,,,,W.Shipley,2.0,,,,2
PHI,WAS,1,PHI,WAS,WAS,45.0,2.0,run,2.0,0,0,0,,,,,-0.482803907478228,0.0,0.0,0.0,0.0,0.0,1.0,0.0,0.0,0.0,0.0,0.0,0.0,0.0,0.0,0.0,,,,,W.Shipley,2.0,,,,2
PHI,WAS,1,PHI,WAS,WAS,43.0,3.0,pass,43.0,0,0,0,,,,PHI,4.98029462830164,1.0,0.0,0.0,0.0,0.0,0.0,1.0,0.0,1.0,1.0,0.0,0.0,0.0,0.0,1.0,J.Hurts,43.0,D.Goedert,43.0,,,,,,2
PHI,WAS,1,PHI,WAS,WAS,15.0,,extra_point,0.0,0,0,0,,good,,,0.0675730031076331,0.0,0.0,0.0,0.0,0.0,0.0,0.0,0.0,0.0,0.0,0.0,1.0,0.0,0.0,0.0,,,,,,,,,,2
PHI,WAS,1,WAS,PHI,PHI,35.0,,kickoff,0.0,0,0,0,,,,,0.744816973805428,0.0,0.0,0.0,0.0,0.0,0.0,0.0,0.0,0.0,0.0,0.0,0.0,0.0,1.0,0.0,,,,,,,,,,2
PHI,WAS,1,WAS,PHI,WAS,63.0,1.0,pass,14.0,0,0,0,,,,,0.962487386539578,0.0,0.0,0.0,0.0,0.0,0.0,1.0,0.0,0.0,0.0,0.0,0.0,0.0,0.0,1.0,J.Daniels,14.0,A.Williams,14.0,,,,,,2
PHI,WAS,1,WAS,PHI,PHI,49.0,1.0,run,3.0,0,0,0,,,,,-0.28268320299685,0.0,0.0,0.0,0.0,0.0,1.0,0.0,0.0,0.0,0.0,0.0,0.0,0.0,0.0,0.0,,,,,J.Croskey-Merritt,3.0,,,,2
PHI,WAS,1,WAS,PHI,PHI,46.0,2.0,pass,17.0,0,0,0,,,,,1.45954772288678,0.0,0.0,0.0,0.0,0.0,0.0,1.0,0.0,0.0,0.0,0.0,0.0,0.0,0.0,1.0,J.Daniels,17.0,S.Diggs,17.0,,,,,,2
PHI,WAS,1,WAS,PHI,PHI,29.0,1.0,pass,8.0,0,0,0,,,,,0.630139909044374,0.0,0.0,0.0,0.0,0.0,0.0,1.0,0.0,0.0,0.0,0.0,0.0,0.0,0.0,1.0,J.Daniels,8.0,T.McLaurin,8.0,,,,,,2
PHI,WAS,1,WAS,PHI,PHI,21.0,2.0,run,2.0,0,0,0,,,,,0.22502102603903,0.0,0.0,0.0,0.0,0.0,1.0,0.0,0.0,0.0,0.0,0.0,0.0,0.0,0.0,0.0,,,,,J.Croskey-Merritt,2.0,J.Croskey-Merritt,,,2
PHI,WAS,1,WAS,PHI,PHI,18.0,1.0,run,4.0,0,0,0,,,,,-0.214325957000256,0.0,0.0,0.0,0.0,0.0,1.0,0.0,0.0,0.0,0.0,0.0,0.0,0.0,0.0,0.0,,,,,K.Allen,4.0,,,,2
PHI,WAS,1,WAS,PHI,PHI,14.0,2.0,run,4.0,0,0,0,,,,,0.088623546413146,0.0,0.0,0.0,0.0,0.0,1.0,0.0,0.0,0.0,0.0,0.0,0.0,0.0,0.0,0.0,,,,,K.Allen,4.0,,,,2
PHI,WAS,1,WAS,PHI,PHI,10.0,3.0,pass,0.0,0,0,0,,,,,-1.53847100684652,0.0,0.0,0.0,0.0,0.0,0.0,1.0,0.0,0.0,0.0,0.0,0.0,0.0,0.0,0.0,J.Daniels,,J.Bates,,,,,,,2
PHI,WAS,1,,,,,,no_play,0.0,0,0,0,,,,,0.0,0.0,0.0,0.0,0.0,0.0,0.0,0.0,0.0,0.0,0.0,0.0,0.0,0.0,0.0,0.0,,,,,,,,,,2
PHI,WAS,1,WAS,PHI,PHI,10.0,4.0,pass,6.0,0,0,0,,,,,2.96007997880224,0.0,1.0,0.0,0.0,0.0,0.0,1.0,0.0,0.0,0.0,0.0,0.0,0.0,0.0,1.0,J.Daniels,6.0,T.McLaurin,6.0,,,,,,2
PHI,WAS,1,WAS,PHI,PHI,4.0,1.0,run,3.0,0,0,0,,,,,0.148471634602174,0.0,0.0,0.0,0.0,0.0,1.0,0.0,0.0,0.0,0.0,0.0,0.0,0.0,0.0,0.0,,,,,K.Allen,3.0,,,,2
PHI,WAS,1,WAS,PHI,PHI,1.0,2.0,pass,0.0,0,0,0,,,,,-0.368663546047173,0.0,0.0,0.0,0.0,0.0,0.0,1.0,0.0,0.0,0.0,0.0,0.0,0.0,0.0,0.0,J.Daniels,,,,,,,,,2
PHI,WAS,1,WAS,PHI,PHI,1.0,3.0,pass,1.0,0,0,0,,,,WAS,1.48102132999338,1.0,0.0,0.0,0.0,0.0,0.0,1.0,0.0,1.0,1.0,0.0,0.0,0.0,0.0,1.0,J.Daniels,1.0,A.Williams,1.0,,,,,,2
PHI,WAS,1,WAS,PHI,PHI,2.0,,pass,0.0,0,0,0,,,failure,,-0.947,0.0,0.0,0.0,0.0,0.0,0.0,1.0,0.0,0.0,0.0,0.0,0.0,1.0,0.0,0.0,J.Daniels,,J.Bates,,,,,,,2
PHI,WAS,1,,,,,,no_play,0.0,0,0,0,,,,,0.0,0.0,0.0,0.0,0.0,0.0,0.0,0.0,0.0,0.0,0.0,0.0,0.0,0.0,0.0,0.0,,,,,,,,,,2
PHI,WAS,1,PHI,WAS,WAS,35.0,,kickoff,0.0,0,0,0,,,,,-0.610708287218586,0.0,0.0,0.0,0.0,0.0,0.0,0.0,0.0,0.0,0.0,0.0,0.0,0.0,1.0,0.0,,,,,,,,,,2
PHI,WAS,1,PHI,WAS,PHI,52.0,1.0,qb_kneel,-1.0,1,0,0,,,,,0.0,0.0,0.0,0.0,0.0,0.0,1.0,0.0,0.0,0.0,0.0,0.0,0.0,0.0,0.0,0.0,,,,,J.Hurts,-1.0,,,,2
PHI,WAS,1,PHI,WAS,PHI,53.0,2.0,qb_kneel,-1.0,1,0,0,,,,,0.0,0.0,0.0,0.0,0.0,0.0,1.0,0.0,0.0,0.0,0.0,0.0,0.0,0.0,0.0,0.0,,,,,J.Hurts,-1.0,,,,2
PHI,WAS,1,PHI,WAS,,,,,,0,0,0,,,,,,,,,,,,,,,,,,,,,,,,,,,,,,2
ATL,CAR,2,,,,,,,,0,0,0,,,,,0.0,,,,,,,,,,,,,,,,,,,,,,,,,-31
ATL,CAR,2,ATL,CAR,CAR,35.0,,kickoff,0.0,0,0,0,,,,,-0.437463104724884,0.0,0.0,0.0,0.0,0.0,0.0,0.0,0.0,0.0,0.0,0.0,0.0,0.0,1.0,0.0,,,,,,,,,,-31
ATL,CAR,2,ATL,CAR,ATL,80.0,1.0,run,9.0,0,0,1,,,,,-4.77208358771168,0.0,0.0,0.0,0.0,1.0,1.0,0.0,0.0,0.0,0.0,0.0,0.0,0.0,0.0,0.0,,,,,C.Rush,9.0,C.Rush,,,-31
ATL,CAR,2,CAR,ATL,ATL,35.0,1.0,pass,8.0,0,0,0,,,,,0.675859242095612,0.0,0.0,0.0,0.0,0.0,0.0,1.0,0.0,0.0,0.0,0.0,0.0,0.0,0.0,1.0,B.Young,8.0,C.Hubbard,8.0,,,,,,-31
ATL,CAR,2,CAR,ATL,ATL,27.0,2.0,run,3.0,0,0,0,,,,,0.29932956257835,0.0,0.0,0.0,0.0,0.0,1.0,0.0,0.0,0.0,0.0,0.0,0.0,0.0,0.0,0.0,,,,,C.Hubbard,3.0,,,,-31
ATL,CAR,2,CAR,ATL,ATL,24.0,1.0,no_play,0.0,0,0,0,,,,,-0.782906991313212,0.0,0.0,0.0,1.0,0.0,0.0,0.0,0.0,0.0,0.0,0.0,0.0,0.0,0.0,0.0,,,,,,,,CAR,5.0,-31
ATL,CAR,2,CAR,ATL,ATL,29.0,1.0,pass,8.0,0,0,0,,,,,0.504845077171922,0.0,0.0,0.0,0.0,0.0,0.0,1.0,0.0,0.0,0.0,0.0,0.0,0.0,0.0,1.0,B.Young,8.0,J.Coker,8.0,,,,,,-31
ATL,CAR,2,CAR,ATL,ATL,21.0,2.0,no_play,0.0,0,0,0,,,,,-1.25444201636128,0.0,0.0,0.0,1.0,0.0,0.0,0.0,0.0,0.0,0.0,0.0,0.0,0.0,0.0,0.0,,,,,,,,CAR,10.0,-31
ATL,CAR,2,CAR,ATL,ATL,31.0,2.0,pass,26.0,0,0,0,,,,,3.27248566085473,0.0,0.0,0.0,1.0,0.0,0.0,1.0,0.0,0.0,0.0,0.0,0.0,0.0,0.0,1.0,B.Young,26.0,T.McMillan,26.0,,,,ATL,3.0,-31
ATL,CAR,2,CAR,ATL,ATL,2.0,1.0,pass,0.0,0,0,0,,,,,-0.377866671304218,0.0,0.0,0.0,0.0,0.0,0.0,1.0,0.0,0.0,0.0,0.0,0.0,0.0,0.0,0.0,B.Young,,T.McMillan,,,,,,,-31
ATL,CAR,2,CAR,ATL,ATL,2.0,2.0,no_play,0.0,0,0,0,,,,,-0.877159031864721,0.0,0.0,0.0,1.0,0.0,0.0,0.0,0.0,0.0,0.0,0.0,0.0,0.0,0.0,0.0,,,,,,,,CAR,5.0,-31
ATL,CAR,2,CAR,ATL,ATL,7.0,2.0,run,4.0,0,0,0,,,,,-0.306401712063234,0.0,0.0,0.0,0.0,0.0,1.0,0.0,0.0,0.0,0.0,0.0,0.0,0.0,0.0,0.0,,,,,C.Hubbard,4.0,,,,-31
ATL,CAR,2,CAR,ATL,ATL,3.0,3.0,pass,0.0,0,0,0,,,,,-1.72812688606791,0.0,0.0,0.0,0.0,0.0,0.0,1.0,0.0,0.0,0.0,0.0,0.0,0.0,0.0,0.0,B.Young,,J.Coker,,,,,,,-31
ATL,CAR,2,CAR,ATL,ATL,3.0,4.0,pass,3.0,0,0,0,,,,CAR,3.95783061452676,0.0,1.0,0.0,0.0,0.0,0.0,1.0,0.0,1.0,1.0,0.0,0.0,0.0,0.0,1.0,B.Young,3.0,C.Hubbard,3.0,,,,,,-31
ATL,CAR,2,CAR,ATL,ATL,15.0,,extra_point,0.0,0,0,0,,good,,,0.0685713509799278,0.0,0.0,0.0,0.0,0.0,0.0,0.0,0.0,0.0,0.0,0.0,1.0,0.0,0.0,0.0,,,,,,,,,,-31
ATL,CAR,2,ATL,CAR,CAR,35.0,,kickoff,0.0,0,0,0,,,,,0.294520731084049,0.0,0.0,0.0,0.0,0.0,0.0,0.0,0.0,0.0,0.0,0.0,0.0,0.0,1.0,0.0,,,,,,,,,,-31
ATL,CAR,2,ATL,CAR,ATL,71.0,1.0,pass,14.0,0,0,0,,,,,0.790988185908645,0.0,0.0,0.0,0.0,0.0,0.0,1.0,0.0,0.0,0.0,0.0,0.0,0.0,0.0,1.0,C.Rush,14.0,D.London,14.0,,,,,,-31
ATL,CAR,2,ATL,CAR,ATL,57.0,1.0,run,4.0,0,0,0,,,,,-0.121131601976231,0.0,0.0,0.0,0.0,0.0,1.0,0.0,0.0,0.0,0.0,0.0,0.0,0.0,0.0,0.0,,,,,Bi.Robinson,4.0,,,,-31
ATL,CAR,2,ATL,CAR,ATL,53.0,2.0,run,1.0,0,0,0,,,,,-0.743026995798573,0.0,0.0,0.0,0.0,0.0,1.0,0.0,0.0,0.0,0.0,0.0,0.0,0.0,0.0,0.0,,,,,Bi.Robinson,1.0,,,,-31
ATL,CAR,2,ATL,CAR,ATL,52.0,3.0,pass,0.0,0,0,0,,,,,-3.9450910622254,0.0,0.0,1.0,0.0,0.0,0.0,1.0,0.0,0.0,0.0,0.0,0.0,0.0,0.0,0.0,C.Rush,,Bi.Robinson,,,,,,,-31
ATL,CAR,2,CAR,ATL,CAR,56.0,1.0,no_play,0.0,0,0,0,,,,,-0.629164117854089,0.0,0.0,0.0,1.0,0.0,0.0,0.0,0.0,0.0,0.0,0.0,0.0,0.0,0.0,0.0,,,,,,,,CAR,5.0,-31
ATL,CAR,2,CAR,ATL,CAR,61.0,1.0,pass,0.0,0,0,0,,,,,-0.575858236290515,0.0,0.0,0.0,0.0,0.0,0.0,1.0,0.0,0.0,0.0,0.0,0.0,0.0,0.0,0.0,B.Young,,T.McMillan,,,,,,,-31
ATL,CAR,2,CAR,ATL,CAR,61.0,2.0,pass,0.0,0,0,0,,,,,-0.955528968945146,0.0,0.0,0.0,0.0,0.0,0.0,1.0,0.0,0.0,0.0,0.0,0.0,0.0,0.0,0.0,B.Young,,T.McMillan,,,,,,,-31
ATL,CAR,2,CAR,ATL,CAR,61.0,3.0,pass,0.0,0,0,0,,,,,-1.14767972333357,0.0,0.0,0.0,0.0,0.0,0.0,1.0,0.0,0.0,0.0,0.0,0.0,0.0,0.0,0.0,B.Young,,X.Legette,,,,,,,-31
ATL,CAR,2,CAR,ATL,CAR,61.0,4.0,punt,0.0,0,0,0,,,,,0.214737100061029,0.0,0.0,0.0,0.0,0.0,0.0,0.0,0.0,0.0,0.0,0.0,0.0,0.0,0.0,0.0,,,,,,,,,,-31
ATL,CAR,2,ATL,CAR,ATL,84.0,1.0,run,3.0,0,0,0,,,,,-0.428060958627611,0.0,0.0,0.0,0.0,0.0,1.0,0.0,0.0,0.0,0.0,0.0,0.0,0.0,0.0,0.0,,,,,Bi.Robinson,3.0,,,,-31
ATL,CAR,2,ATL,CAR,ATL,81.0,2.0,run,2.0,0,0,0,,,,,-0.575763341505081,0.0,0.0,0.0,0.0,0.0,1.0,0.0,0.0,0.0,0.0,0.0,0.0,0.0,0.0,0.0,,,,,Bi.Robinson,2.0,,,,-31
ATL,CAR,2,ATL,CAR,ATL,79.0,3.0,pass,0.0,0,0,0,,,,,-1.55961974291131,0.0,0.0,0.0,0.0,0.0,0.0,1.0,0.0,0.0,0.0,0.0,0.0,0.0,0.0,0.0,C.Rush,,K.Pitts,,,,,,,-31
ATL,CAR,2,ATL,CAR,ATL,79.0,4.0,punt,0.0,0,0,0,,,,,-2.52111358335242,0.0,0.0,0.0,1.0,0.0,0.0,0.0,0.0,0.0,0.0,0.0,0.0,0.0,0.0,0.0,,,,,,,,ATL,5.0,-31
ATL,CAR,2,CAR,ATL,ATL,29.0,1.0,pass,9.0,0,0,0,,,,,0.692513080663048,0.0,0.0,0.0,0.0,0.0,0.0,1.0,0.0,0.0,0.0,0.0,0.0,0.0,0.0,1.0,B.Young,9.0,X.Legette,9.0,,,,,,-31
ATL,CAR,2,CAR,ATL,ATL,20.0,2.0,pass,0.0,0,0,0,,,,,-0.523658435442485,0.0,0.0,0.0,0.0,0.0,0.0,1.0,0.0,0.0,0.0,0.0,0.0,0.0,0.0,0.0,B.Young,,,,,,,,,-31
ATL,CAR,2,CAR,ATL,ATL,20.0,3.0,run,3.0,0,0,0,,,,,0.619677406793926,1.0,0.0,0.0,0.0,0.0,1.0,0.0,0.0,0.0,0.0,0.0,0.0,0.0,0.0,0.0,,,,,C.Hubbard,3.0,,,,-31
ATL,CAR,2,CAR,ATL,ATL,17.0,1.0,run,3.0,0,0,0,,,,,-0.222842992166989,0.0,0.0,0.0,0.0,0.0,1.0,0.0,0.0,0.0,0.0,0.0,0.0,0.0,0.0,0.0,,,,,J.Brooks,3.0,,,,-31
ATL,CAR,2,CAR,ATL,ATL,14.0,2.0,pass,-5.0,0,0,0,,,,,-1.4787289230735,0.0,0.0,0.0,0.0,0.0,0.0,1.0,0.0,0.0,0.0,0.0,0.0,0.0,0.0,1.0,B.Young,-5.0,J.Brooks,-5.0,,,,,,-31
ATL,CAR,2,CAR,ATL,ATL,19.0,3.0,pass,0.0,0,0,0,,,,,-0.694547481937664,0.0,0.0,0.0,0.0,0.0,0.0,1.0,0.0,0.0,0.0,0.0,0.0,0.0,0.0,0.0,B.Young,,X.Legette,,,,,,,-31
ATL,CAR,2,CAR,ATL,ATL,19.0,4.0,field_goal,0.0,0,0,0,made,,,,0.431872803937043,0.0,0.0,0.0,0.0,0.0,0.0,0.0,0.0,0.0,0.0,0.0,0.0,0.0,0.0,0.0,,,,,,,,,,-31
ATL,CAR,2,ATL,CAR,CAR,35.0,,kickoff,0.0,0,0,0,,,,,0.300607234239578,0.0,0.0,0.0,0.0,0.0,0.0,0.0,0.0,0.0,0.0,0.0,0.0,0.0,1.0,0.0,,,,,,,,,,-31
ATL,CAR,2,ATL,CAR,ATL,70.0,1.0,pass,14.0,0,0,0,,,,,0.845117094460875,0.0,0.0,0.0,0.0,0.0,0.0,1.0,0.0,0.0,0.0,0.0,0.0,0.0,0.0,1.0,C.Rush,14.0,D.London,14.0,,,,,,-31
ATL,CAR,2,ATL,CAR,ATL,56.0,1.0,run,9.0,0,0,0,,,,,0.781284671742469,0.0,0.0,0.0,0.0,0.0,1.0,0.0,0.0,0.0,0.0,0.0,0.0,0.0,0.0,0.0,,,,,Br.Robinson,9.0,,,,-31
ATL,CAR,2,ATL,CAR,CAR,47.0,2.0,run,7.0,0,0,0,,,,,0.176167477853596,0.0,0.0,0.0,0.0,0.0,1.0,0.0,0.0,0.0,0.0,0.0,0.0,0.0,0.0,0.0,,,,,Br.Robinson,7.0,,,,-31
ATL,CAR,2,ATL,CAR,CAR,40.0,1.0,pass,3.0,0,0,0,,,,,-0.284527192008682,0.0,0.0,0.0,0.0,0.0,0.0,1.0,0.0,0.0,0.0,0.0,0.0,0.0,0.0,1.0,C.Rush,3.0,Z.Branch,3.0,,,,,,-31
ATL,CAR,2,ATL,CAR,CAR,37.0,2.0,run,5.0,0,0,0,,,,,0.218580164480954,0.0,0.0,0.0,0.0,0.0,1.0,0.0,0.0,0.0,0.0,0.0,0.0,0.0,0.0,0.0,,,,,Bi.Robinson,5.0,,,,-31
ATL,CAR,2,ATL,CAR,CAR,32.0,3.0,run,1.0,0,0,0,,,,,-1.00391794973984,0.0,0.0,0.0,0.0,0.0,1.0,0.0,0.0,0.0,0.0,0.0,0.0,0.0,0.0,0.0,,,,,Bi.Robinson,1.0,,,,-31
ATL,CAR,2,ATL,CAR,CAR,31.0,4.0,run,-2.0,0,0,0,,,,,-4.0876256324118,0.0,0.0,0.0,0.0,0.0,1.0,0.0,0.0,0.0,0.0,0.0,0.0,0.0,0.0,0.0,,,,,D.London,-2.0,,,,-31
ATL,CAR,2,CAR,ATL,CAR,67.0,1.0,pass,8.0,0,0,0,,,,,0.527031256118789,0.0,0.0,0.0,0.0,0.0,0.0,1.0,0.0,0.0,0.0,0.0,0.0,0.0,0.0,1.0,B.Young,8.0,T.McMillan,8.0,,,,,,-31
ATL,CAR,2,CAR,ATL,,,,,,0,0,0,,,,,0.0,,,,,,,,,,,,,,,,,,,,,,,,,-31
ATL,CAR,2,CAR,ATL,CAR,59.0,2.0,no_play,0.0,0,0,0,,,,,-1.5158375215251,0.0,0.0,0.0,1.0,0.0,0.0,0.0,0.0,0.0,0.0,0.0,0.0,0.0,0.0,0.0,,,,,,,,CAR,10.0,-31
ATL,CAR,2,CAR,ATL,CAR,69.0,2.0,pass,-9.0,0,0,0,,,,,-1.54718299070373,0.0,0.0,0.0,0.0,0.0,0.0,1.0,1.0,0.0,0.0,0.0,0.0,0.0,0.0,0.0,B.Young,,,,,,,,,-31
ATL,CAR,2,CAR,ATL,CAR,78.0,3.0,run,5.0,0,0,0,,,,,-0.602843987289816,0.0,0.0,0.0,0.0,0.0,1.0,0.0,0.0,0.0,0.0,0.0,0.0,0.0,0.0,0.0,,,,,C.Hubbard,5.0,,,,-31
ATL,CAR,2,CAR,ATL,CAR,73.0,4.0,punt,0.0,0,0,0,,,,,0.65293097589165,0.0,0.0,0.0,0.0,0.0,0.0,0.0,0.0,0.0,0.0,0.0,0.0,0.0,0.0,0.0,,,,,,,,,,-31
ATL,CAR,2,ATL,CAR,ATL,81.0,1.0,run,2.0,0,0,0,,,,,-0.473759792279452,0.0,0.0,0.0,0.0,0.0,1.0,0.0,0.0,0.0,0.0,0.0,0.0,0.0,0.0,0.0,,,,,Bi.Robinson,2.0,,,,-31
ATL,CAR,2,ATL,CAR,ATL,79.0,2.0,pass,8.0,0,0,0,,,,,1.21919336495921,0.0,0.0,0.0,0.0,0.0,0.0,1.0,0.0,0.0,0.0,0.0,0.0,0.0,0.0,1.0,C.Rush,8.0,J.Dotson,8.0,,,,,,-31
ATL,CAR,2,ATL,CAR,ATL,71.0,1.0,run,2.0,0,0,0,,,,,-0.530449482146651,0.0,0.0,0.0,0.0,0.0,1.0,0.0,0.0,0.0,0.0,0.0,0.0,0.0,0.0,0.0,,,,,Bi.Robinson,2.0,,,,-31
ATL,CAR,2,ATL,CAR,ATL,69.0,2.0,pass,3.0,0,0,0,,,,,-0.42198176169768,0.0,0.0,0.0,0.0,0.0,0.0,1.0,0.0,0.0,0.0,0.0,0.0,0.0,0.0,1.0,C.Rush,3.0,Bi.Robinson,3.0,,,,,,-31
ATL,CAR,2,ATL,CAR,ATL,66.0,3.0,pass,-3.0,0,0,0,,,,,-1.71746974391863,0.0,0.0,0.0,0.0,0.0,0.0,1.0,1.0,0.0,0.0,0.0,0.0,0.0,0.0,0.0,C.Rush,,,,,,,,,-31
ATL,CAR,2,ATL,CAR,ATL,69.0,4.0,punt,0.0,0,0,0,,,,,0.093154817353934,0.0,0.0,0.0,0.0,0.0,0.0,0.0,0.0,0.0,0.0,0.0,0.0,0.0,0.0,0.0,,,,,,,,,,-31
ATL,CAR,2,CAR,ATL,CAR,80.0,1.0,run,5.0,0,0,0,,,,,0.0650134142488241,0.0,0.0,0.0,0.0,0.0,1.0,0.0,0.0,0.0,0.0,0.0,0.0,0.0,0.0,0.0,,,,,C.Hubbard,5.0,,,,-31
ATL,CAR,2,CAR,ATL,CAR,75.0,2.0,pass,0.0,0,0,0,,,,,-0.788020060397685,0.0,0.0,0.0,0.0,0.0,0.0,1.0,0.0,0.0,0.0,0.0,0.0,0.0,0.0,0.0,B.Young,,T.Tremble,,,,,,,-31
ATL,CAR,2,CAR,ATL,CAR,75.0,3.0,pass,12.0,0,0,0,,,,,1.78129288880155,1.0,0.0,0.0,0.0,0.0,0.0,1.0,0.0,0.0,0.0,0.0,0.0,0.0,0.0,1.0,B.Young,12.0,T.McMillan,12.0,,,,,,-31
ATL,CAR,2,CAR,ATL,CAR,63.0,1.0,pass,27.0,0,0,0,,,,,1.72172262019012,0.0,0.0,0.0,0.0,0.0,0.0,1.0,0.0,0.0,0.0,0.0,0.0,0.0,0.0,1.0,B.Young,27.0,T.McMillan,27.0,,,,,,-31
ATL,CAR,2,CAR,ATL,ATL,36.0,1.0,pass,25.0,0,0,0,,,,,1.43774467072217,0.0,0.0,0.0,0.0,0.0,0.0,1.0,0.0,0.0,0.0,0.0,0.0,0.0,0.0,1.0,B.Young,25.0,J.Coker,25.0,,,,,,-31
ATL,CAR,2,CAR,ATL,ATL,11.0,1.0,pass,4.0,0,0,0,,,,,-0.0959359418484382,0.0,0.0,0.0,0.0,0.0,0.0,1.0,0.0,0.0,0.0,0.0,0.0,0.0,0.0,1.0,B.Young,4.0,T.Tremble,4.0,,,T.Tremble,,,-31
ATL,CAR,2,CAR,ATL,ATL,7.0,2.0,run,0.0,0,0,0,,,,,-0.827708076511044,0.0,0.0,0.0,0.0,0.0,1.0,0.0,0.0,0.0,0.0,0.0,0.0,0.0,0.0,0.0,,,,,C.Hubbard,0.0,,,,-31
ATL,CAR,2,CAR,ATL,ATL,7.0,3.0,pass,0.0,0,0,0,,,,,-1.25523243260627,0.0,0.0,0.0,0.0,0.0,0.0,1.0,0.0,0.0,0.0,0.0,0.0,0.0,0.0,0.0,B.Young,,T.McMillan,,,,,,,-31
ATL,CAR,2,CAR,ATL,ATL,7.0,4.0,field_goal,0.0,0,0,0,made,,,,0.081501391640038,0.0,0.0,0.0,0.0,0.0,0.0,0.0,0.0,0.0,0.0,0.0,0.0,0.0,0.0,0.0,,,,,,,,,,-31
ATL,CAR,2,ATL,CAR,CAR,35.0,,kickoff,0.0,0,0,0,,,,,-0.836923041846603,0.0,0.0,0.0,1.0,0.0,0.0,0.0,0.0,0.0,0.0,0.0,0.0,0.0,1.0,0.0,,,,,,,,ATL,10.0,-31
ATL,CAR,2,ATL,CAR,ATL,88.0,1.0,no_play,0.0,0,0,0,,,,,-0.774330554064363,0.0,0.0,0.0,1.0,0.0,0.0,0.0,0.0,0.0,0.0,0.0,0.0,0.0,0.0,0.0,,,,,,,,ATL,6.0,-31
ATL,CAR,2,ATL,CAR,ATL,94.0,1.0,run,6.0,0,0,0,,,,,0.263575273798779,0.0,0.0,0.0,0.0,0.0,1.0,0.0,0.0,0.0,0.0,0.0,0.0,0.0,0.0,0.0,,,,,Bi.Robinson,6.0,,,,-31
ATL,CAR,2,ATL,CAR,ATL,88.0,2.0,pass,0.0,0,0,0,,,,,-0.631134779425338,0.0,0.0,0.0,0.0,0.0,0.0,1.0,0.0,0.0,0.0,0.0,0.0,0.0,0.0,0.0,C.Rush,,O.Zaccheaus,,,,,,,-31
ATL,CAR,2,ATL,CAR,ATL,88.0,3.0,run,11.0,0,0,1,,,,,1.78592603770085,1.0,0.0,0.0,0.0,0.0,1.0,0.0,0.0,0.0,0.0,0.0,0.0,0.0,0.0,0.0,,,,,C.Rush,11.0,,,,-31
ATL,CAR,2,ATL,CAR,ATL,77.0,1.0,no_play,0.0,0,0,0,,,,,-0.552042829571292,0.0,0.0,0.0,1.0,0.0,0.0,0.0,0.0,0.0,0.0,0.0,0.0,0.0,0.0,0.0,,,,,,,,ATL,5.0,-31
ATL,CAR,2,ATL,CAR,ATL,82.0,1.0,pass,15.0,0,0,0,,,,,1.29695716744754,0.0,0.0,0.0,0.0,0.0,0.0,1.0,0.0,0.0,0.0,0.0,0.0,0.0,0.0,1.0,C.Rush,15.0,K.Pitts,15.0,,,,,,-31
ATL,CAR,2,ATL,CAR,ATL,67.0,1.0,run,8.0,0,0,0,,,,,0.344112079590559,0.0,0.0,0.0,0.0,0.0,1.0,0.0,0.0,0.0,0.0,0.0,0.0,0.0,0.0,0.0,,,,,Bi.Robinson,8.0,,,,-31
ATL,CAR,2,ATL,CAR,ATL,59.0,2.0,pass,0.0,0,0,0,,,,,-0.550610213540494,0.0,0.0,0.0,0.0,0.0,0.0,1.0,0.0,0.0,0.0,0.0,0.0,0.0,0.0,0.0,C.Rush,,D.London,,,,,,,-31
ATL,CAR,2,ATL,CAR,ATL,59.0,3.0,pass,17.0,0,0,0,,,,,1.62450567696942,1.0,0.0,0.0,0.0,0.0,0.0,1.0,0.0,0.0,0.0,0.0,0.0,0.0,0.0,1.0,C.Rush,17.0,D.London,17.0,,,,,,-31
ATL,CAR,2,ATL,CAR,CAR,42.0,1.0,run,2.0,0,0,0,,,,,-0.337967114523053,0.0,0.0,0.0,0.0,0.0,1.0,0.0,0.0,0.0,0.0,0.0,0.0,0.0,0.0,0.0,,,,,Bi.Robinson,2.0,,,,-31
ATL,CAR,2,ATL,CAR,CAR,40.0,2.0,run,11.0,0,0,0,,,,,1.10959665937116,0.0,0.0,0.0,0.0,0.0,1.0,0.0,0.0,0.0,0.0,0.0,0.0,0.0,0.0,0.0,,,,,Bi.Robinson,11.0,,,,-31
ATL,CAR,2,ATL,CAR,CAR,29.0,1.0,pass,2.0,0,0,0,,,,,-0.320850386982784,0.0,0.0,0.0,0.0,0.0,0.0,1.0,0.0,0.0,0.0,0.0,0.0,0.0,0.0,1.0,C.Rush,2.0,Bi.Robinson,2.0,,,,,,-31
ATL,CAR,2,ATL,CAR,CAR,27.0,2.0,pass,4.0,0,0,0,,,,,0.177994047058746,0.0,0.0,0.0,0.0,0.0,0.0,1.0,0.0,0.0,0.0,0.0,0.0,0.0,0.0,1.0,C.Rush,4.0,Bi.Robinson,4.0,,,,,,-31
ATL,CAR,2,,,,,,no_play,0.0,0,0,0,,,,,0.0,0.0,0.0,0.0,0.0,0.0,0.0,0.0,0.0,0.0,0.0,0.0,0.0,0.0,0.0,0.0,,,,,,,,,,-31
ATL,CAR,2,ATL,CAR,CAR,23.0,3.0,pass,0.0,0,0,0,,,,,-1.24396616599902,0.0,0.0,0.0,0.0,0.0,0.0,1.0,0.0,0.0,0.0,0.0,0.0,0.0,0.0,0.0,C.Rush,,O.Zaccheaus,,,,,,,-31
ATL,CAR,2,ATL,CAR,CAR,23.0,4.0,field_goal,0.0,0,0,0,made,,,,0.605424837976767,0.0,0.0,0.0,0.0,0.0,0.0,0.0,0.0,0.0,0.0,0.0,0.0,0.0,0.0,0.0,,,,,,,,,,-31
ATL,CAR,2,CAR,ATL,ATL,35.0,,kickoff,0.0,0,0,0,,,,,-0.0958103314042091,0.0,0.0,0.0,0.0,0.0,0.0,0.0,0.0,0.0,0.0,0.0,0.0,0.0,1.0,0.0,,,,,,,,,,-31
ATL,CAR,2,CAR,ATL,CAR,73.0,1.0,pass,14.0,0,0,0,,,,,0.872146542882547,0.0,0.0,0.0,0.0,0.0,0.0,1.0,0.0,0.0,0.0,0.0,0.0,0.0,0.0,1.0,B.Young,14.0,D.Waller,14.0,,,,,,-31
ATL,CAR,2,CAR,ATL,CAR,59.0,1.0,pass,-6.0,0,0,0,,,,,-1.12694280128926,0.0,0.0,0.0,0.0,0.0,0.0,1.0,1.0,0.0,0.0,0.0,0.0,0.0,0.0,0.0,B.Young,,,,,,,,,-31
ATL,CAR,2,CAR,ATL,CAR,65.0,2.0,pass,55.0,0,0,0,,,,,4.21978971612407,0.0,0.0,0.0,0.0,0.0,0.0,1.0,0.0,0.0,0.0,0.0,0.0,0.0,0.0,1.0,B.Young,55.0,X.Legette,55.0,,,,,,-31
ATL,CAR,2,,,,,,no_play,0.0,0,0,0,,,,,0.0,0.0,0.0,0.0,0.0,0.0,0.0,0.0,0.0,0.0,0.0,0.0,0.0,0.0,0.0,0.0,,,,,,,,,,-31
ATL,CAR,2,CAR,ATL,ATL,10.0,1.0,pass,0.0,0,0,0,,,,,-0.400472070090473,0.0,0.0,0.0,0.0,0.0,0.0,1.0,0.0,0.0,0.0,0.0,0.0,0.0,0.0,0.0,B.Young,,,,,,,,,-31
ATL,CAR,2,CAR,ATL,ATL,10.0,2.0,pass,3.0,0,0,0,,,,,-0.321022900461685,0.0,0.0,0.0,0.0,0.0,0.0,1.0,0.0,0.0,0.0,0.0,0.0,0.0,0.0,1.0,B.Young,3.0,J.Coker,3.0,,,,,,-31
ATL,CAR,2,,,,,,no_play,0.0,0,0,0,,,,,0.0,0.0,0.0,0.0,0.0,0.0,0.0,0.0,0.0,0.0,0.0,0.0,0.0,0.0,0.0,0.0,,,,,,,,,,-31
ATL,CAR,2,CAR,ATL,ATL,7.0,3.0,pass,7.0,0,0,0,,,,CAR,2.89518122596201,1.0,0.0,0.0,0.0,0.0,0.0,1.0,0.0,1.0,1.0,0.0,0.0,0.0,0.0,1.0,B.Young,7.0,D.Waller,7.0,,,,,,-31
ATL,CAR,2,CAR,ATL,ATL,15.0,,extra_point,0.0,0,0,0,,good,,,0.0685713509799278,0.0,0.0,0.0,0.0,0.0,0.0,0.0,0.0,0.0,0.0,0.0,1.0,0.0,0.0,0.0,,,,,,,,,,-31
ATL,CAR,2,ATL,CAR,CAR,35.0,,kickoff,0.0,0,0,0,,,,,-0.175510233675595,0.0,0.0,0.0,0.0,0.0,0.0,0.0,0.0,0.0,0.0,0.0,0.0,0.0,1.0,0.0,,,,,,,,,,-31
ATL,CAR,2,ATL,CAR,ATL,78.0,1.0,pass,0.0,0,0,0,,,,,-0.0170004828833044,0.0,0.0,0.0,0.0,0.0,0.0,1.0,0.0,0.0,0.0,0.0,0.0,0.0,0.0,0.0,C.Rush,,J.Dotson,,,,,,,-31
ATL,CAR,2,ATL,CAR,ATL,78.0,2.0,run,4.0,0,0,0,,,,,-0.0639777022297494,0.0,0.0,0.0,0.0,0.0,1.0,0.0,0.0,0.0,0.0,0.0,0.0,0.0,0.0,0.0,,,,,Br.Robinson,4.0,,,,-31
ATL,CAR,2,,,,,,,,0,0,0,,,,,,,,,,,,,,,,,,,,,,,,,,,,,,-31
ATL,CAR,2,CAR,ATL,ATL,35.0,,kickoff,0.0,0,0,0,,,,,0.111362179741263,0.0,0.0,0.0,0.0,0.0,0.0,0.0,0.0,0.0,0.0,0.0,0.0,0.0,1.0,0.0,,,,,,,,,,-31
ATL,CAR,2,CAR,ATL,CAR,73.0,1.0,run,1.0,0,0,0,,,,,-0.58839027909562,0.0,0.0,0.0,0.0,0.0,1.0,0.0,0.0,0.0,0.0,0.0,0.0,0.0,0.0,0.0,,,,,C.Hubbard,1.0,,,,-31
ATL,CAR,2,CAR,ATL,CAR,72.0,2.0,no_play,0.0,0,0,0,,,,,-1.02728701336309,0.0,0.0,0.0,1.0,0.0,0.0,0.0,0.0,0.0,0.0,0.0,0.0,0.0,0.0,0.0,,,,,,,,CAR,10.0,-31
ATL,CAR,2,CAR,ATL,CAR,82.0,2.0,pass,7.0,0,0,0,,,,,-0.113264324143529,0.0,0.0,0.0,0.0,0.0,0.0,1.0,0.0,0.0,0.0,0.0,0.0,0.0,0.0,1.0,B.Young,7.0,J.Coker,7.0,,,,,,-31
ATL,CAR,2,CAR,ATL,CAR,75.0,3.0,pass,12.0,0,0,0,,,,,2.45726712979376,1.0,0.0,0.0,0.0,0.0,0.0,1.0,0.0,0.0,0.0,0.0,0.0,0.0,0.0,1.0,B.Young,12.0,J.Coker,12.0,,,,,,-31
ATL,CAR,2,CAR,ATL,CAR,63.0,1.0,run,12.0,0,0,0,,,,,0.789519568905234,0.0,0.0,0.0,0.0,0.0,1.0,0.0,0.0,0.0,0.0,0.0,0.0,0.0,0.0,0.0,,,,,C.Hubbard,12.0,,,,-31
ATL,CAR,2,CAR,ATL,CAR,51.0,1.0,run,-1.0,0,0,0,,,,,-0.787690365919843,0.0,0.0,0.0,0.0,0.0,1.0,0.0,0.0,0.0,0.0,0.0,0.0,0.0,0.0,0.0,,,,,J.Brooks,-1.0,,,,-31
ATL,CAR,2,CAR,ATL,CAR,52.0,2.0,pass,28.0,0,0,0,,,,,2.7961667124182,0.0,0.0,0.0,0.0,0.0,0.0,1.0,0.0,0.0,0.0,0.0,0.0,0.0,0.0,1.0,B.Young,28.0,T.McMillan,28.0,,,,,,-31
ATL,CAR,2,CAR,ATL,ATL,24.0,1.0,pass,3.0,0,0,0,,,,,-0.29241901403293,0.0,0.0,0.0,0.0,0.0,0.0,1.0,0.0,0.0,0.0,0.0,0.0,0.0,0.0,1.0,B.Young,3.0,J.Coker,3.0,,,,,,-31
ATL,CAR,2,CAR,ATL,ATL,21.0,2.0,run,3.0,0,0,0,,,,,-0.157398032315541,0.0,0.0,0.0,0.0,0.0,1.0,0.0,0.0,0.0,0.0,0.0,0.0,0.0,0.0,0.0,,,,,C.Hubbard,3.0,,,,-31
ATL,CAR,2,CAR,ATL,ATL,18.0,3.0,run,6.0,0,0,1,,,,,1.07953948574141,1.0,0.0,0.0,0.0,0.0,1.0,0.0,0.0,0.0,0.0,0.0,0.0,0.0,0.0,0.0,,,,,B.Young,6.0,,,,-31
ATL,CAR,2,CAR,ATL,ATL,12.0,1.0,pass,12.0,0,0,0,,,,CAR,1.80190620111534,0.0,0.0,0.0,0.0,0.0,0.0,1.0,0.0,1.0,1.0,0.0,0.0,0.0,0.0,1.0,B.Young,12.0,D.Waller,12.0,,,,,,-31
ATL,CAR,2,CAR,ATL,ATL,15.0,,extra_point,0.0,0,0,0,,good,,,0.0685713509799278,0.0,0.0,0.0,0.0,0.0,0.0,0.0,0.0,0.0,0.0,0.0,1.0,0.0,0.0,0.0,,,,,,,,,,-31
ATL,CAR,2,ATL,CAR,CAR,35.0,,kickoff,0.0,0,0,0,,,,,0.53372918209061,0.0,0.0,0.0,0.0,0.0,0.0,0.0,0.0,0.0,0.0,0.0,0.0,0.0,1.0,0.0,,,,,,,,,,-31
ATL,CAR,2,ATL,CAR,ATL,65.0,1.0,run,6.0,0,0,0,,,,,0.265827188501135,0.0,0.0,0.0,0.0,0.0,1.0,0.0,0.0,0.0,0.0,0.0,0.0,0.0,0.0,0.0,,,,,Bi.Robinson,6.0,,,,-31
ATL,CAR,2,ATL,CAR,ATL,59.0,2.0,pass,6.0,0,0,0,,,,,0.594278265023604,0.0,0.0,0.0,0.0,0.0,0.0,1.0,0.0,0.0,0.0,0.0,0.0,0.0,0.0,1.0,C.Rush,6.0,D.London,6.0,,,,,,-31
ATL,CAR,2,ATL,CAR,ATL,53.0,1.0,run,11.0,0,0,0,,,,,0.58109608781524,0.0,0.0,0.0,0.0,0.0,1.0,0.0,0.0,0.0,0.0,0.0,0.0,0.0,0.0,0.0,,,,,Bi.Robinson,11.0,,,,-31
ATL,CAR,2,ATL,CAR,CAR,42.0,1.0,run,4.0,0,0,0,,,,,-0.171566096600145,0.0,0.0,0.0,0.0,0.0,1.0,0.0,0.0,0.0,0.0,0.0,0.0,0.0,0.0,0.0,,,,,Bi.Robinson,4.0,,,,-31
ATL,CAR,2,ATL,CAR,CAR,38.0,2.0,pass,0.0,0,0,0,,,,,-8.04785833577626,0.0,0.0,1.0,0.0,0.0,0.0,1.0,0.0,0.0,0.0,0.0,0.0,0.0,0.0,0.0,C.Rush,,K.Pitts,,,,,,,-31
ATL,CAR,2,CAR,ATL,ATL,20.0,1.0,run,7.0,0,0,0,,,,,0.426931533555035,0.0,0.0,0.0,0.0,0.0,1.0,0.0,0.0,0.0,0.0,0.0,0.0,0.0,0.0,0.0,,,,,J.Brooks,7.0,,,,-31
ATL,CAR,2,CAR,ATL,ATL,13.0,2.0,pass,0.0,0,0,0,,,,,-0.692873910535127,0.0,0.0,0.0,0.0,0.0,0.0,1.0,0.0,0.0,0.0,0.0,0.0,0.0,0.0,0.0,B.Young,,,,,,,,,-31
ATL,CAR,2,CAR,ATL,ATL,13.0,3.0,pass,3.0,0,0,0,,,,,0.749512755719479,1.0,0.0,0.0,0.0,0.0,0.0,1.0,0.0,0.0,0.0,0.0,0.0,0.0,0.0,1.0,B.Young,3.0,J.Coker,3.0,,,,,,-31
ATL,CAR,2,CAR,ATL,ATL,10.0,1.0,run,3.0,0,0,0,,,,,-0.142034182150383,0.0,0.0,0.0,0.0,0.0,1.0,0.0,0.0,0.0,0.0,0.0,0.0,0.0,0.0,0.0,,,,,J.Brooks,3.0,,,,-31
ATL,CAR,2,CAR,ATL,ATL,7.0,2.0,pass,0.0,0,0,0,,,,,-0.849645254027564,0.0,0.0,0.0,0.0,0.0,0.0,1.0,0.0,0.0,0.0,0.0,0.0,0.0,0.0,0.0,B.Young,,,,,,,,,-31
ATL,CAR,2,CAR,ATL,ATL,7.0,3.0,pass,5.0,0,0,0,,,,,-0.996358617790975,0.0,0.0,0.0,0.0,0.0,0.0,1.0,0.0,0.0,0.0,0.0,0.0,0.0,0.0,1.0,B.Young,5.0,J.Coker,5.0,,,,,,-31
ATL,CAR,2,CAR,ATL,ATL,2.0,4.0,pass,0.0,0,0,0,,,,,-3.35269431374036,0.0,0.0,0.0,0.0,0.0,0.0,1.0,0.0,0.0,0.0,0.0,0.0,0.0,0.0,0.0,B.Young,,T.McMillan,,,,,,,-31
ATL,CAR,2,ATL,CAR,ATL,98.0,1.0,run,4.0,0,0,0,,,,,-0.282477833796293,0.0,0.0,0.0,0.0,0.0,1.0,0.0,0.0,0.0,0.0,0.0,0.0,0.0,0.0,0.0,,,,,Br.Robinson,4.0,,,,-31
ATL,CAR,2,ATL,CAR,ATL,94.0,2.0,run,4.0,0,0,0,,,,,-0.0785137249622494,0.0,0.0,0.0,0.0,0.0,1.0,0.0,0.0,0.0,0.0,0.0,0.0,0.0,0.0,0.0,,,,,Br.Robinson,4.0,,,,-31
ATL,CAR,2,ATL,CAR,ATL,90.0,3.0,pass,0.0,0,0,0,,,,CAR,-6.77454480412416,0.0,0.0,1.0,0.0,0.0,0.0,1.0,0.0,1.0,0.0,0.0,0.0,0.0,0.0,0.0,J.Strand,,J.Dotson,,,,,,,-31
ATL,CAR,2,CAR,ATL,ATL,15.0,,extra_point,0.0,0,0,0,,good,,,0.0685713509799278,0.0,0.0,0.0,0.0,0.0,0.0,0.0,0.0,0.0,0.0,0.0,1.0,0.0,0.0,0.0,,,,,,,,,,-31
ATL,CAR,2,ATL,CAR,CAR,35.0,,kickoff,0.0,0,0,0,,,,,0.541177775012329,0.0,0.0,0.0,0.0,0.0,0.0,0.0,0.0,0.0,0.0,0.0,0.0,0.0,1.0,0.0,,,,,,,,,,-31
ATL,CAR,2,ATL,CAR,ATL,65.0,1.0,pass,0.0,0,0,0,,,,,-0.551501363748685,0.0,0.0,0.0,0.0,0.0,0.0,1.0,0.0,0.0,0.0,0.0,0.0,0.0,0.0,0.0,J.Strand,,C.Woerner,,,,,,,-31
ATL,CAR,2,ATL,CAR,ATL,65.0,2.0,run,3.0,0,0,0,,,,,-0.491457044612616,0.0,0.0,0.0,0.0,0.0,1.0,0.0,0.0,0.0,0.0,0.0,0.0,0.0,0.0,0.0,,,,,Br.Robinson,3.0,,,,-31
ATL,CAR,2,ATL,CAR,ATL,62.0,3.0,pass,12.0,0,0,0,,,,,2.0341117514763,1.0,0.0,0.0,0.0,0.0,0.0,1.0,0.0,0.0,0.0,0.0,0.0,0.0,0.0,1.0,J.Strand,12.0,Br.Robinson,12.0,,,,,,-31
ATL,CAR,2,ATL,CAR,50,50.0,1.0,run,4.0,0,0,0,,,,,-0.278849879978225,0.0,0.0,0.0,0.0,0.0,1.0,0.0,0.0,0.0,0.0,0.0,0.0,0.0,0.0,0.0,,,,,Bi.Robinson,4.0,,,,-31
ATL,CAR,2,ATL,CAR,CAR,46.0,2.0,pass,-6.0,0,0,0,,,,,-1.67138477554545,0.0,0.0,0.0,0.0,0.0,0.0,1.0,1.0,0.0,0.0,0.0,0.0,0.0,0.0,0.0,J.Strand,,,,,,,,,-31
ATL,CAR,2,ATL,CAR,ATL,52.0,3.0,pass,6.0,0,0,0,,,,,-0.926476665074006,0.0,0.0,0.0,0.0,0.0,0.0,1.0,0.0,0.0,0.0,0.0,0.0,0.0,0.0,1.0,J.Strand,6.0,C.Blair,6.0,,,,,,-31
ATL,CAR,2,ATL,CAR,,,,,,0,0,0,,,,,0.0,,,,,,,,,,,,,,,,,,,,,,,,,-31
ATL,CAR,2,ATL,CAR,CAR,46.0,4.0,punt,0.0,0,0,0,,,,,-0.0522886859253049,0.0,0.0,0.0,0.0,0.0,0.0,0.0,0.0,0.0,0.0,0.0,0.0,0.0,0.0,0.0,,,,,,,,,,-31
ATL,CAR,2,CAR,ATL,CAR,94.0,1.0,run,9.0,0,0,0,,,,,0.597614106489345,0.0,0.0,0.0,0.0,0.0,1.0,0.0,0.0,0.0,0.0,0.0,0.0,0.0,0.0,0.0,,,,,C.Hubbard,9.0,,,,-31
ATL,CAR,2,CAR,ATL,CAR,85.0,2.0,run,3.0,0,0,0,,,,,0.0906042517162859,0.0,0.0,0.0,0.0,0.0,1.0,0.0,0.0,0.0,0.0,0.0,0.0,0.0,0.0,0.0,,,,,C.Hubbard,3.0,,,,-31
ATL,CAR,2,CAR,ATL,CAR,82.0,1.0,no_play,0.0,0,0,0,,,,,-0.754381276667118,0.0,0.0,0.0,1.0,0.0,0.0,0.0,0.0,0.0,0.0,0.0,0.0,0.0,0.0,0.0,,,,,,,,CAR,5.0,-31
ATL,CAR,2,CAR,ATL,CAR,87.0,1.0,run,5.0,0,0,0,,,,,0.190120073501021,0.0,0.0,0.0,0.0,0.0,1.0,0.0,0.0,0.0,0.0,0.0,0.0,0.0,0.0,0.0,,,,,C.Hubbard,5.0,,,,-31
ATL,CAR,2,CAR,ATL,CAR,82.0,2.0,no_play,0.0,0,0,0,,,,,-0.989893396850675,0.0,0.0,0.0,1.0,0.0,0.0,0.0,0.0,0.0,0.0,0.0,0.0,0.0,0.0,0.0,,,,,,,,CAR,9.0,-31
ATL,CAR,2,CAR,ATL,CAR,91.0,2.0,no_play,0.0,0,0,0,,,,,-0.536609495757148,0.0,0.0,0.0,1.0,0.0,0.0,0.0,0.0,0.0,0.0,0.0,0.0,0.0,0.0,0.0,,,,,,,,CAR,4.0,-31
ATL,CAR,2,CAR,ATL,CAR,95.0,2.0,run,4.0,0,0,0,,,,,-0.104325228836387,0.0,0.0,0.0,0.0,0.0,1.0,0.0,0.0,0.0,0.0,0.0,0.0,0.0,0.0,0.0,,,,,J.Brooks,4.0,,,,-31
ATL,CAR,2,CAR,ATL,CAR,91.0,3.0,pass,13.0,0,0,0,,,,,0.0207993627991527,0.0,0.0,0.0,0.0,0.0,0.0,1.0,0.0,0.0,0.0,0.0,0.0,0.0,0.0,1.0,B.Young,13.0,M.Evans,13.0,,,,,,-31
ATL,CAR,2,CAR,ATL,CAR,78.0,4.0,punt,0.0,0,0,0,,,,,-0.518869966734201,0.0,0.0,0.0,0.0,0.0,0.0,0.0,0.0,0.0,0.0,0.0,0.0,0.0,0.0,0.0,,,,,,,,,,-31
ATL,CAR,2,ATL,CAR,ATL,64.0,1.0,pass,13.0,0,0,0,,,,,0.665695324307308,0.0,0.0,0.0,0.0,0.0,0.0,1.0,0.0,0.0,0.0,0.0,0.0,0.0,0.0,1.0,J.Strand,13.0,A.Hooper,13.0,,,,,,-31
ATL,CAR,2,ATL,CAR,ATL,51.0,1.0,run,4.0,0,0,0,,,,,-0.094579204916954,0.0,0.0,0.0,0.0,0.0,1.0,0.0,0.0,0.0,0.0,0.0,0.0,0.0,0.0,0.0,,,,,Br.Robinson,4.0,,,,-31
ATL,CAR,2,ATL,CAR,CAR,47.0,2.0,run,8.0,0,0,1,,,,,0.827360542025417,0.0,0.0,0.0,0.0,0.0,1.0,0.0,0.0,0.0,0.0,0.0,0.0,0.0,0.0,0.0,,,,,J.Strand,8.0,,,,-31
ATL,CAR,2,ATL,CAR,CAR,39.0,1.0,pass,3.0,0,0,0,,,,,-0.209267429658212,0.0,0.0,0.0,0.0,0.0,0.0,1.0,0.0,0.0,0.0,0.0,0.0,0.0,0.0,1.0,J.Strand,3.0,O.Zaccheaus,3.0,,,,,,-31
ATL,CAR,2,ATL,CAR,CAR,36.0,2.0,run,3.0,0,0,0,,,,,-0.138607208384201,0.0,0.0,0.0,0.0,0.0,1.0,0.0,0.0,0.0,0.0,0.0,0.0,0.0,0.0,0.0,,,,,Br.Robinson,3.0,,,,-31
ATL,CAR,2,ATL,CAR,CAR,33.0,3.0,run,5.0,0,0,0,,,,,1.03945523692528,1.0,0.0,0.0,0.0,0.0,1.0,0.0,0.0,0.0,0.0,0.0,0.0,0.0,0.0,0.0,,,,,Br.Robinson,5.0,,,,-31
ATL,CAR,2,ATL,CAR,CAR,28.0,1.0,pass,0.0,0,0,0,,,,,-0.385761852841824,0.0,0.0,0.0,0.0,0.0,0.0,1.0,0.0,0.0,0.0,0.0,0.0,0.0,0.0,0.0,J.Strand,,C.Blair,,,,,,,-31
ATL,CAR,2,ATL,CAR,CAR,28.0,2.0,pass,3.0,0,0,0,,,,,-0.423350902390666,0.0,0.0,0.0,0.0,0.0,0.0,1.0,0.0,0.0,0.0,0.0,0.0,0.0,0.0,1.0,J.Strand,3.0,J.Dotson,3.0,,,,,,-31
ATL,CAR,2,ATL,CAR,CAR,25.0,3.0,pass,0.0,0,0,0,,,,,-1.13696267758496,0.0,0.0,0.0,0.0,0.0,0.0,1.0,0.0,0.0,0.0,0.0,0.0,0.0,0.0,0.0,J.Strand,,A.Hooper,,,,,,,-31
ATL,CAR,2,ATL,CAR,CAR,25.0,4.0,no_play,0.0,0,0,1,,,,,-0.98312947017638,0.0,0.0,0.0,1.0,0.0,0.0,0.0,0.0,0.0,0.0,0.0,0.0,0.0,0.0,0.0,,,,,,,,ATL,10.0,-31
ATL,CAR,2,ATL,CAR,CAR,35.0,4.0,field_goal,0.0,0,0,0,missed,,,,-3.56256791881952,0.0,0.0,0.0,0.0,0.0,0.0,0.0,0.0,0.0,0.0,0.0,0.0,0.0,0.0,0.0,,,,,,,,,,-31
ATL,CAR,2,CAR,ATL,CAR,57.0,1.0,run,1.0,0,0,0,,,,,-0.635092889657244,0.0,0.0,0.0,0.0,0.0,1.0,0.0,0.0,0.0,0.0,0.0,0.0,0.0,0.0,0.0,,,,,A.Dillon,1.0,,,,-31
ATL,CAR,2,CAR,ATL,CAR,56.0,2.0,run,-4.0,0,0,0,,,,,-1.26325379079208,0.0,0.0,0.0,0.0,0.0,1.0,0.0,0.0,0.0,0.0,0.0,0.0,0.0,0.0,0.0,,,,,A.Dillon,-4.0,,,,-31
ATL,CAR,2,CAR,ATL,CAR,60.0,3.0,run,0.0,0,0,0,,,,,-1.20655036717653,0.0,0.0,0.0,0.0,0.0,1.0,0.0,0.0,0.0,0.0,0.0,0.0,0.0,0.0,0.0,,,,,A.Dillon,0.0,,,,-31
ATL,CAR,2,CAR,ATL,CAR,60.0,4.0,punt,0.0,0,0,0,,,,,0.328225118108094,0.0,0.0,0.0,0.0,0.0,0.0,0.0,0.0,0.0,0.0,0.0,0.0,0.0,0.0,0.0,,,,,,,,,,-31
ATL,CAR,2,ATL,CAR,ATL,85.0,1.0,run,5.0,0,0,0,,,,,0.106544406618923,0.0,0.0,0.0,0.0,0.0,1.0,0.0,0.0,0.0,0.0,0.0,0.0,0.0,0.0,0.0,,,,,Br.Robinson,5.0,,,,-31
ATL,CAR,2,ATL,CAR,ATL,80.0,2.0,run,8.0,0,0,1,,,,,0.65208092215471,0.0,0.0,0.0,0.0,0.0,1.0,0.0,0.0,0.0,0.0,0.0,0.0,0.0,0.0,0.0,,,,,J.Strand,8.0,,,,-31
ATL,CAR,2,ATL,CAR,ATL,72.0,1.0,run,3.0,0,0,0,,,,,-0.142930756672286,0.0,0.0,0.0,0.0,0.0,1.0,0.0,0.0,0.0,0.0,0.0,0.0,0.0,0.0,0.0,,,,,Br.Robinson,3.0,,,,-31
ATL,CAR,2,ATL,CAR,ATL,69.0,2.0,pass,11.0,0,0,0,,,,,0.800823506200686,0.0,0.0,0.0,0.0,0.0,0.0,1.0,0.0,0.0,0.0,0.0,0.0,0.0,0.0,1.0,J.Strand,11.0,Z.Branch,11.0,,,,,,-31
ATL,CAR,2,ATL,CAR,ATL,58.0,1.0,pass,0.0,0,0,0,,,,,-0.373913242132403,0.0,0.0,0.0,0.0,0.0,0.0,1.0,0.0,0.0,0.0,0.0,0.0,0.0,0.0,0.0,J.Strand,,A.Hooper,,,,,,,-31
ATL,CAR,2,ATL,CAR,ATL,58.0,2.0,pass,0.0,0,0,0,,,,,-0.492394334403798,0.0,0.0,0.0,0.0,0.0,0.0,1.0,0.0,0.0,0.0,0.0,0.0,0.0,0.0,0.0,J.Strand,,C.Blair,,,,,,,-31
ATL,CAR,2,ATL,CAR,ATL,58.0,3.0,pass,4.0,0,0,0,,,,,-0.830679437960498,0.0,0.0,0.0,0.0,0.0,0.0,1.0,0.0,0.0,0.0,0.0,0.0,0.0,0.0,1.0,J.Strand,4.0,Br.Robinson,4.0,,,,,,-31
ATL,CAR,2,ATL,CAR,ATL,54.0,4.0,pass,7.0,0,0,0,,,,,2.41782826086273,0.0,1.0,0.0,0.0,0.0,0.0,1.0,0.0,0.0,0.0,0.0,0.0,0.0,0.0,1.0,J.Strand,7.0,A.Hooper,7.0,,,,,,-31
ATL,CAR,2,ATL,CAR,CAR,47.0,1.0,pass,0.0,0,0,0,,,,,-0.387547717080452,0.0,0.0,0.0,0.0,0.0,0.0,1.0,0.0,0.0,0.0,0.0,0.0,0.0,0.0,0.0,J.Strand,,,,,,,,,-31
ATL,CAR,2,ATL,CAR,CAR,47.0,2.0,pass,-7.0,0,0,0,,,,,-4.61428622278618,0.0,0.0,0.0,0.0,1.0,0.0,1.0,1.0,0.0,0.0,0.0,0.0,0.0,0.0,0.0,J.Strand,,,,,,J.Strand,,,-31
ATL,CAR,2,CAR,ATL,ATL,46.0,1.0,qb_kneel,-4.0,1,0,0,,,,,-2.38200149277691,0.0,0.0,0.0,0.0,0.0,1.0,0.0,0.0,0.0,0.0,0.0,0.0,0.0,0.0,0.0,,,,,K.Pickett,-4.0,,,,-31
ATL,CAR,2,CAR,ATL,,,,,,0,0,0,,,,,,,,,,,,,,,,,,,,,,,,,,,,,,-31
HOU,CIN,2,,,,,,,,0,0,0,,,,,0.0,,,,,,,,,,,,,,,,,,,,,,,,,-14
HOU,CIN,2,CIN,HOU,HOU,35.0,,kickoff,0.0,0,0,0,,,,,0.979385760845616,0.0,0.0,0.0,0.0,0.0,0.0,0.0,0.0,0.0,0.0,0.0,0.0,0.0,1.0,0.0,,,,,,,,,,-14
HOU,CIN,2,CIN,HOU,CIN,59.0,1.0,pass,0.0,0,0,0,,,,,-0.5693389903754,0.0,0.0,0.0,0.0,0.0,0.0,1.0,0.0,0.0,0.0,0.0,0.0,0.0,0.0,0.0,J.Burrow,,C.Brown,,,,,,,-14
HOU,CIN,2,CIN,HOU,CIN,59.0,2.0,pass,6.0,0,0,0,,,,,-0.0178168877027929,0.0,0.0,0.0,0.0,0.0,0.0,1.0,0.0,0.0,0.0,0.0,0.0,0.0,0.0,1.0,J.Burrow,6.0,J.Chase,6.0,,,,,,-14
HOU,CIN,2,CIN,HOU,CIN,53.0,3.0,pass,0.0,0,0,0,,,,,-1.89479476748966,0.0,0.0,0.0,0.0,0.0,0.0,1.0,0.0,0.0,0.0,0.0,0.0,0.0,0.0,0.0,J.Burrow,,J.Chase,,,,,,,-14
HOU,CIN,2,CIN,HOU,CIN,53.0,4.0,punt,0.0,0,0,0,,,,,-0.154951308388263,0.0,0.0,0.0,0.0,0.0,0.0,0.0,0.0,0.0,0.0,0.0,0.0,0.0,0.0,0.0,,,,,,,,,,-14
HOU,CIN,2,HOU,CIN,HOU,87.0,1.0,run,2.0,0,0,0,,,,,-0.452081368304789,0.0,0.0,0.0,0.0,0.0,1.0,0.0,0.0,0.0,0.0,0.0,0.0,0.0,0.0,0.0,,,,,D.Montgomery,2.0,,,,-14
HOU,CIN,2,HOU,CIN,HOU,85.0,2.0,pass,0.0,0,0,0,,,,,-0.794490570668131,0.0,0.0,0.0,0.0,0.0,0.0,1.0,0.0,0.0,0.0,0.0,0.0,0.0,0.0,0.0,C.Stroud,,X.Hutchinson,,,,,,,-14
HOU,CIN,2,HOU,CIN,HOU,85.0,3.0,pass,0.0,0,0,0,,,,,-1.42573119001463,0.0,0.0,0.0,0.0,0.0,0.0,1.0,0.0,0.0,0.0,0.0,0.0,0.0,0.0,0.0,C.Stroud,,J.Wayne,,,,,,,-14
HOU,CIN,2,HOU,CIN,HOU,85.0,4.0,punt,0.0,0,0,0,,,,,-0.454151316778734,0.0,0.0,0.0,0.0,0.0,0.0,0.0,0.0,0.0,0.0,0.0,0.0,0.0,0.0,0.0,,,,,,,,,,-14
HOU,CIN,2,CIN,HOU,CIN,54.0,1.0,run,2.0,0,0,0,,,,,-0.461901234230027,0.0,0.0,0.0,0.0,0.0,1.0,0.0,0.0,0.0,0.0,0.0,0.0,0.0,0.0,0.0,,,,,S.Perine,2.0,,,,-14
HOU,CIN,2,CIN,HOU,CIN,52.0,2.0,pass,8.0,0,0,0,,,,,1.03091531642713,0.0,0.0,0.0,0.0,0.0,0.0,1.0,0.0,0.0,0.0,0.0,0.0,0.0,0.0,1.0,J.Burrow,8.0,J.Chase,8.0,,,,,,-14
HOU,CIN,2,CIN,HOU,HOU,44.0,1.0,no_play,0.0,0,0,0,,,,,-0.620804842794314,0.0,0.0,0.0,1.0,0.0,0.0,0.0,0.0,0.0,0.0,0.0,0.0,0.0,0.0,0.0,,,,,,,,CIN,5.0,-14
HOU,CIN,2,CIN,HOU,HOU,49.0,1.0,run,4.0,0,0,0,,,,,-0.200318294111639,0.0,0.0,0.0,0.0,0.0,1.0,0.0,0.0,0.0,0.0,0.0,0.0,0.0,0.0,0.0,,,,,C.Brown,4.0,,,,-14
HOU,CIN,2,CIN,HOU,HOU,45.0,2.0,pass,0.0,0,0,0,,,,,-0.956826205132529,0.0,0.0,0.0,0.0,0.0,0.0,1.0,0.0,0.0,0.0,0.0,0.0,0.0,0.0,0.0,J.Burrow,,C.Brown,,,,,,,-14
HOU,CIN,2,CIN,HOU,HOU,45.0,3.0,pass,-6.0,0,0,0,,,,,-1.95519395940937,0.0,0.0,0.0,0.0,0.0,0.0,1.0,1.0,0.0,0.0,0.0,0.0,0.0,0.0,0.0,J.Burrow,,,,,,,,,-14
HOU,CIN,2,CIN,HOU,CIN,51.0,4.0,punt,0.0,0,0,0,,,,,0.470256971428171,0.0,0.0,0.0,0.0,0.0,0.0,0.0,0.0,0.0,0.0,0.0,0.0,0.0,0.0,0.0,,,,,,,,,,-14
HOU,CIN,2,HOU,CIN,HOU,92.0,1.0,run,4.0,0,0,0,,,,,-0.125137076480314,0.0,0.0,0.0,0.0,0.0,1.0,0.0,0.0,0.0,0.0,0.0,0.0,0.0,0.0,0.0,,,,,D.Montgomery,4.0,,,,-14
HOU,CIN,2,HOU,CIN,HOU,88.0,2.0,run,1.0,0,0,0,,,,,-0.763969704974443,0.0,0.0,0.0,0.0,0.0,1.0,0.0,0.0,0.0,0.0,0.0,0.0,0.0,0.0,0.0,,,,,D.Montgomery,1.0,,,,-14
HOU,CIN,2,HOU,CIN,HOU,87.0,3.0,pass,0.0,0,0,0,,,,,-1.44722933648154,0.0,0.0,0.0,0.0,0.0,0.0,1.0,0.0,0.0,0.0,0.0,0.0,0.0,0.0,0.0,C.Stroud,,X.Hutchinson,,,,,,,-14
HOU,CIN,2,HOU,CIN,HOU,87.0,4.0,punt,0.0,0,0,0,,,,,0.157150415005162,0.0,0.0,0.0,0.0,0.0,0.0,0.0,0.0,0.0,0.0,0.0,0.0,0.0,0.0,0.0,,,,,,,,,,-14
HOU,CIN,2,CIN,HOU,CIN,60.0,1.0,run,5.0,0,0,0,,,,,0.126920157345012,0.0,0.0,0.0,0.0,0.0,1.0,0.0,0.0,0.0,0.0,0.0,0.0,0.0,0.0,0.0,,,,,C.Brown,5.0,,,,-14
HOU,CIN,2,CIN,HOU,CIN,55.0,2.0,run,10.0,0,0,0,,,,,0.959477887721732,0.0,0.0,0.0,0.0,0.0,1.0,0.0,0.0,0.0,0.0,0.0,0.0,0.0,0.0,0.0,,,,,C.Brown,10.0,,,,-14
HOU,CIN,2,CIN,HOU,HOU,45.0,1.0,no_play,0.0,0,0,0,,,,,-0.955842950381339,0.0,0.0,0.0,1.0,0.0,0.0,0.0,0.0,0.0,0.0,0.0,0.0,0.0,0.0,0.0,,,,,,,,CIN,10.0,-14
HOU,CIN,2,CIN,HOU,CIN,55.0,1.0,pass,7.0,0,0,0,,,,,-0.205102376174182,0.0,0.0,0.0,0.0,0.0,0.0,1.0,0.0,0.0,0.0,0.0,0.0,0.0,0.0,1.0,J.Burrow,7.0,C.Young,7.0,,,,,,-14
HOU,CIN,2,CIN,HOU,HOU,48.0,2.0,pass,2.0,0,0,0,,,,,-0.713506711414084,0.0,0.0,0.0,0.0,0.0,0.0,1.0,0.0,0.0,0.0,0.0,0.0,0.0,0.0,1.0,J.Burrow,2.0,J.Chase,2.0,,,,,,-14
HOU,CIN,2,CIN,HOU,HOU,46.0,3.0,pass,6.0,0,0,0,,,,,-0.885861687362194,0.0,0.0,0.0,0.0,0.0,0.0,1.0,0.0,0.0,0.0,0.0,0.0,0.0,0.0,1.0,J.Burrow,6.0,C.Brown,6.0,,,,,,-14
HOU,CIN,2,CIN,HOU,HOU,40.0,4.0,no_play,0.0,0,0,0,,,,,-0.441883735358715,0.0,0.0,0.0,1.0,0.0,0.0,0.0,0.0,0.0,0.0,0.0,0.0,0.0,0.0,0.0,,,,,,,,CIN,5.0,-14
HOU,CIN,2,CIN,HOU,HOU,45.0,4.0,punt,0.0,0,0,0,,,,,-0.0790354006458074,0.0,0.0,0.0,0.0,0.0,0.0,0.0,0.0,0.0,0.0,0.0,0.0,0.0,0.0,0.0,,,,,,,,,,-14
HOU,CIN,2,HOU,CIN,HOU,92.0,1.0,pass,0.0,0,0,0,,,,,-0.600841677747667,0.0,0.0,0.0,0.0,0.0,0.0,1.0,0.0,0.0,0.0,0.0,0.0,0.0,0.0,0.0,C.Stroud,,J.Noel,,,,,,,-14
HOU,CIN,2,HOU,CIN,HOU,92.0,2.0,pass,7.0,0,0,0,,,,,0.0904026727657765,0.0,0.0,0.0,0.0,0.0,0.0,1.0,0.0,0.0,0.0,0.0,0.0,0.0,0.0,1.0,C.Stroud,7.0,D.Schultz,7.0,,,,,,-14
HOU,CIN,2,HOU,CIN,HOU,85.0,3.0,pass,35.0,0,0,0,,,,,3.23812253004871,1.0,0.0,0.0,0.0,0.0,0.0,1.0,0.0,0.0,0.0,0.0,0.0,0.0,0.0,1.0,C.Stroud,35.0,D.Schultz,35.0,,,,,,-14
HOU,CIN,2,HOU,CIN,50,50.0,1.0,no_play,0.0,0,0,0,,,,,-0.950053356820717,0.0,0.0,0.0,1.0,0.0,0.0,0.0,0.0,0.0,0.0,0.0,0.0,0.0,0.0,0.0,,,,,,,,HOU,10.0,-14
HOU,CIN,2,HOU,CIN,HOU,60.0,1.0,pass,15.0,0,0,0,,,,,0.925997754558921,0.0,0.0,0.0,0.0,0.0,0.0,1.0,0.0,0.0,0.0,0.0,0.0,0.0,0.0,1.0,C.Stroud,15.0,K.Boutte,15.0,,,,,,-14
HOU,CIN,2,HOU,CIN,CIN,45.0,2.0,run,13.0,0,0,0,,,,,1.12176272831857,0.0,0.0,0.0,0.0,0.0,1.0,0.0,0.0,0.0,0.0,0.0,0.0,0.0,0.0,0.0,,,,,J.Noel,13.0,,,,-14
HOU,CIN,2,HOU,CIN,CIN,32.0,1.0,run,-2.0,0,0,0,,,,,-1.08869826293085,0.0,0.0,0.0,0.0,0.0,1.0,0.0,0.0,0.0,0.0,0.0,0.0,0.0,0.0,0.0,,,,,W.Marks,-2.0,,,,-14
HOU,CIN,2,HOU,CIN,CIN,34.0,2.0,pass,0.0,0,0,0,,,,,-0.797950717504136,0.0,0.0,0.0,0.0,0.0,0.0,1.0,0.0,0.0,0.0,0.0,0.0,0.0,0.0,0.0,C.Stroud,,X.Hutchinson,,,,,,,-14
HOU,CIN,2,HOU,CIN,CIN,34.0,3.0,pass,12.0,0,0,0,,,,,2.54788530670339,1.0,0.0,0.0,0.0,0.0,0.0,1.0,0.0,0.0,0.0,0.0,0.0,0.0,0.0,1.0,C.Stroud,12.0,W.Marks,12.0,,,,,,-14
HOU,CIN,2,HOU,CIN,,,,,,0,0,0,,,,,0.0,,,,,,,,,,,,,,,,,,,,,,,,,-14
HOU,CIN,2,HOU,CIN,CIN,22.0,1.0,run,0.0,0,0,0,,,,,-0.492660848831292,0.0,0.0,0.0,0.0,0.0,1.0,0.0,0.0,0.0,0.0,0.0,0.0,0.0,0.0,0.0,,,,,W.Marks,0.0,,,,-14
HOU,CIN,2,HOU,CIN,CIN,22.0,2.0,run,2.0,0,0,0,,,,,-0.647818633296993,0.0,0.0,0.0,0.0,0.0,1.0,0.0,0.0,0.0,0.0,0.0,0.0,0.0,0.0,0.0,,,,,W.Marks,2.0,,,,-14
HOU,CIN,2,HOU,CIN,CIN,20.0,3.0,pass,4.0,0,0,0,,,,,-0.873025928274728,0.0,0.0,0.0,0.0,0.0,0.0,1.0,0.0,0.0,0.0,0.0,0.0,0.0,0.0,1.0,C.Stroud,4.0,W.Marks,4.0,,,,,,-14
HOU,CIN,2,HOU,CIN,CIN,16.0,4.0,pass,0.0,0,0,0,,,,,-3.30416089302162,0.0,0.0,0.0,0.0,0.0,0.0,1.0,0.0,0.0,0.0,0.0,0.0,0.0,0.0,0.0,K.Kroeger,,,,,,K.Kroeger,,,-14
HOU,CIN,2,CIN,HOU,CIN,84.0,1.0,run,7.0,0,0,0,,,,,0.256841462105513,0.0,0.0,0.0,0.0,0.0,1.0,0.0,0.0,0.0,0.0,0.0,0.0,0.0,0.0,0.0,,,,,C.Brown,7.0,,,,-14
HOU,CIN,2,CIN,HOU,CIN,77.0,2.0,pass,21.0,0,0,0,,,,,1.47330470778979,0.0,0.0,0.0,0.0,0.0,0.0,1.0,0.0,0.0,0.0,0.0,0.0,0.0,0.0,1.0,J.Burrow,21.0,T.Higgins,21.0,,,,,,-14
HOU,CIN,2,CIN,HOU,CIN,56.0,1.0,pass,0.0,0,0,0,,,,,-0.455338505562395,0.0,0.0,0.0,0.0,0.0,0.0,1.0,0.0,0.0,0.0,0.0,0.0,0.0,0.0,0.0,J.Burrow,,T.Higgins,,,,,,,-14
HOU,CIN,2,CIN,HOU,CIN,56.0,2.0,no_play,0.0,0,0,0,,,,,-0.629141465062276,0.0,0.0,0.0,1.0,0.0,0.0,0.0,0.0,0.0,0.0,0.0,0.0,0.0,0.0,0.0,,,,,,,,CIN,5.0,-14
HOU,CIN,2,CIN,HOU,CIN,61.0,2.0,pass,-6.0,0,0,0,,,,,-1.21087110042572,0.0,0.0,0.0,0.0,0.0,0.0,1.0,1.0,0.0,0.0,0.0,0.0,0.0,0.0,0.0,J.Burrow,,,,,,,,,-14
HOU,CIN,2,CIN,HOU,CIN,67.0,3.0,no_play,0.0,0,0,0,,,,,-0.438528317026794,0.0,0.0,0.0,1.0,0.0,0.0,0.0,0.0,0.0,0.0,0.0,0.0,0.0,0.0,0.0,,,,,,,,CIN,5.0,-14
HOU,CIN,2,CIN,HOU,CIN,72.0,3.0,pass,-1.0,0,0,0,,,,,-0.593533507082611,0.0,0.0,0.0,0.0,0.0,0.0,1.0,0.0,0.0,0.0,0.0,0.0,0.0,0.0,1.0,J.Burrow,-1.0,C.Brown,-1.0,,,,,,-14
HOU,CIN,2,CIN,HOU,CIN,73.0,4.0,punt,0.0,0,0,0,,,,,-0.759639866184443,0.0,0.0,0.0,0.0,0.0,0.0,0.0,0.0,0.0,0.0,0.0,0.0,0.0,0.0,0.0,,,,,,,,,,-14
HOU,CIN,2,HOU,CIN,HOU,67.0,1.0,pass,25.0,0,0,0,,,,,1.46270351368003,0.0,0.0,0.0,0.0,0.0,0.0,1.0,0.0,0.0,0.0,0.0,0.0,0.0,0.0,1.0,C.Stroud,25.0,F.Moreau,25.0,,,,,,-14
HOU,CIN,2,HOU,CIN,CIN,42.0,1.0,run,4.0,0,0,0,,,,,-0.0737943756394088,0.0,0.0,0.0,0.0,0.0,1.0,0.0,0.0,0.0,0.0,0.0,0.0,0.0,0.0,0.0,,,,,D.Montgomery,4.0,,,,-14
HOU,CIN,2,HOU,CIN,CIN,38.0,2.0,pass,11.0,0,0,0,,,,,1.09402770432644,0.0,0.0,0.0,0.0,0.0,0.0,1.0,0.0,0.0,0.0,0.0,0.0,0.0,0.0,1.0,C.Stroud,11.0,D.Schultz,11.0,,,,,,-14
HOU,CIN,2,HOU,CIN,CIN,27.0,1.0,pass,1.0,0,0,0,,,,,-0.426416395464912,0.0,0.0,0.0,0.0,0.0,0.0,1.0,0.0,0.0,0.0,0.0,0.0,0.0,0.0,1.0,C.Stroud,1.0,K.Boutte,1.0,,,,,,-14
HOU,CIN,2,HOU,CIN,CIN,26.0,2.0,run,0.0,0,0,0,,,,,-0.628608253318816,0.0,0.0,0.0,0.0,0.0,1.0,0.0,0.0,0.0,0.0,0.0,0.0,0.0,0.0,0.0,,,,,D.Montgomery,0.0,,,,-14
HOU,CIN,2,HOU,CIN,CIN,26.0,3.0,pass,8.0,0,0,0,,,,,0.252128800842911,0.0,0.0,0.0,0.0,0.0,0.0,1.0,0.0,0.0,0.0,0.0,0.0,0.0,0.0,1.0,C.Stroud,8.0,D.Montgomery,8.0,,,,,,-14
HOU,CIN,2,HOU,CIN,CIN,18.0,4.0,run,-1.0,0,0,0,,,,,-4.35007447074167,0.0,0.0,0.0,0.0,0.0,1.0,0.0,0.0,0.0,0.0,0.0,0.0,0.0,0.0,0.0,,,,,D.Montgomery,-1.0,,,,-14
HOU,CIN,2,CIN,HOU,CIN,81.0,1.0,run,5.0,0,0,0,,,,,-0.161373127251863,0.0,0.0,0.0,0.0,0.0,1.0,0.0,0.0,0.0,0.0,0.0,0.0,0.0,0.0,0.0,,,,,C.Brown,5.0,,,,-14
HOU,CIN,2,CIN,HOU,CIN,76.0,2.0,pass,-3.0,0,0,0,,,,,-1.13250142312609,0.0,0.0,0.0,0.0,0.0,0.0,1.0,0.0,0.0,0.0,0.0,0.0,0.0,0.0,1.0,J.Burrow,-3.0,C.Brown,-3.0,,,,,,-14
HOU,CIN,2,CIN,HOU,CIN,79.0,3.0,pass,18.0,0,0,0,,,,,2.38089860905893,1.0,0.0,0.0,0.0,0.0,0.0,1.0,0.0,0.0,0.0,0.0,0.0,0.0,0.0,1.0,J.Burrow,18.0,T.Higgins,18.0,,,,,,-14
HOU,CIN,2,CIN,HOU,CIN,61.0,1.0,run,6.0,0,0,0,,,,,0.222117324825376,0.0,0.0,0.0,0.0,0.0,1.0,0.0,0.0,0.0,0.0,0.0,0.0,0.0,0.0,0.0,,,,,C.Brown,6.0,,,,-14
HOU,CIN,2,CIN,HOU,CIN,55.0,2.0,pass,0.0,0,0,0,,,,,-0.749201868078671,0.0,0.0,0.0,0.0,0.0,0.0,1.0,0.0,0.0,0.0,0.0,0.0,0.0,0.0,0.0,J.Burrow,,J.Chase,,,,,,,-14
HOU,CIN,2,CIN,HOU,CIN,55.0,3.0,pass,23.0,0,0,0,,,,,2.3122945461655,1.0,0.0,0.0,0.0,0.0,0.0,1.0,0.0,0.0,0.0,0.0,0.0,0.0,0.0,1.0,J.Burrow,23.0,T.Higgins,23.0,,,,,,-14
HOU,CIN,2,CIN,HOU,HOU,32.0,1.0,pass,32.0,0,0,0,,,,CIN,3.29349508485757,0.0,0.0,0.0,0.0,0.0,0.0,1.0,0.0,1.0,1.0,0.0,0.0,0.0,0.0,1.0,J.Burrow,32.0,J.Chase,32.0,,,,,,-14
HOU,CIN,2,CIN,HOU,HOU,15.0,,extra_point,0.0,0,0,0,,good,,,0.0685713509799278,0.0,0.0,0.0,0.0,0.0,0.0,0.0,0.0,0.0,0.0,0.0,1.0,0.0,0.0,0.0,,,,,,,,,,-14
HOU,CIN,2,HOU,CIN,CIN,35.0,,kickoff,0.0,0,0,0,,,,,0.118560270639136,0.0,0.0,0.0,0.0,0.0,0.0,0.0,0.0,0.0,0.0,0.0,0.0,0.0,1.0,0.0,,,,,,,,,,-14
HOU,CIN,2,HOU,CIN,HOU,73.0,1.0,pass,13.0,0,0,0,,,,,0.768894226755947,0.0,0.0,0.0,0.0,0.0,0.0,1.0,0.0,0.0,0.0,0.0,0.0,0.0,0.0,1.0,C.Stroud,13.0,X.Hutchinson,13.0,,,,,,-14
HOU,CIN,2,HOU,CIN,HOU,60.0,1.0,pass,15.0,0,0,0,,,,,0.947918107907753,0.0,0.0,0.0,0.0,0.0,0.0,1.0,0.0,0.0,0.0,0.0,0.0,0.0,0.0,1.0,C.Stroud,15.0,D.Schultz,15.0,,,,,,-14
HOU,CIN,2,HOU,CIN,CIN,45.0,1.0,pass,6.0,0,0,0,,,,,0.343202503514476,0.0,0.0,0.0,0.0,0.0,0.0,1.0,0.0,0.0,0.0,0.0,0.0,0.0,0.0,1.0,C.Stroud,6.0,X.Hutchinson,6.0,,,,,,-14
HOU,CIN,2,HOU,CIN,CIN,39.0,2.0,pass,0.0,0,0,0,,,,,-0.64215984812472,0.0,0.0,0.0,0.0,0.0,0.0,1.0,0.0,0.0,0.0,0.0,0.0,0.0,0.0,0.0,C.Stroud,,J.Wayne,,,,,,,-14
HOU,CIN,2,HOU,CIN,CIN,39.0,3.0,no_play,0.0,0,0,0,,,,,0.880117147811689,0.0,0.0,0.0,1.0,0.0,0.0,0.0,0.0,0.0,0.0,0.0,0.0,0.0,0.0,0.0,,,,,,,,CIN,5.0,-14
HOU,CIN,2,HOU,CIN,CIN,34.0,1.0,pass,18.0,0,0,0,,,,,1.23346729774494,0.0,0.0,0.0,0.0,0.0,0.0,1.0,0.0,0.0,0.0,0.0,0.0,0.0,0.0,1.0,C.Stroud,18.0,X.Hutchinson,18.0,,,,,,-14
HOU,CIN,2,HOU,CIN,CIN,16.0,1.0,run,3.0,0,0,0,,,,,-0.0896906409179792,0.0,0.0,0.0,0.0,0.0,1.0,0.0,0.0,0.0,0.0,0.0,0.0,0.0,0.0,0.0,,,,,W.Marks,3.0,,,,-14
HOU,CIN,2,,,,,,no_play,0.0,0,0,0,,,,,0.0,0.0,0.0,0.0,0.0,0.0,0.0,0.0,0.0,0.0,0.0,0.0,0.0,0.0,0.0,0.0,,,,,,,,,,-14
HOU,CIN,2,HOU,CIN,CIN,13.0,2.0,pass,-6.0,0,0,0,,,,,-1.59014681592816,0.0,0.0,0.0,0.0,0.0,0.0,1.0,0.0,0.0,0.0,0.0,0.0,0.0,0.0,1.0,C.Stroud,-6.0,W.Marks,-6.0,,,,,,-14
HOU,CIN,2,,,,,,no_play,0.0,0,0,0,,,,,0.0,0.0,0.0,0.0,0.0,0.0,0.0,0.0,0.0,0.0,0.0,0.0,0.0,0.0,0.0,0.0,,,,,,,,,,-14
HOU,CIN,2,HOU,CIN,CIN,19.0,3.0,pass,0.0,0,0,0,,,,,-0.383840326962126,0.0,0.0,0.0,0.0,0.0,0.0,1.0,0.0,0.0,0.0,0.0,0.0,0.0,0.0,0.0,C.Stroud,,,,,,,,,-14
HOU,CIN,2,HOU,CIN,CIN,19.0,4.0,field_goal,0.0,0,0,0,made,,,,0.403479860673724,0.0,0.0,0.0,0.0,0.0,0.0,0.0,0.0,0.0,0.0,0.0,0.0,0.0,0.0,0.0,,,,,,,,,,-14
HOU,CIN,2,CIN,HOU,HOU,35.0,,kickoff,0.0,0,0,0,,,,,-0.33203692373354,0.0,0.0,0.0,1.0,0.0,0.0,0.0,0.0,0.0,0.0,0.0,0.0,0.0,1.0,0.0,,,,,,,,CIN,10.0,-14
HOU,CIN,2,CIN,HOU,CIN,82.0,1.0,pass,0.0,0,0,0,,,,,-0.114913830417208,0.0,0.0,0.0,0.0,0.0,0.0,1.0,0.0,0.0,0.0,0.0,0.0,0.0,0.0,0.0,J.Burrow,,T.Higgins,,,,,,,-14
HOU,CIN,2,CIN,HOU,CIN,82.0,2.0,pass,10.0,0,0,0,,,,,0.152160295750946,0.0,0.0,0.0,0.0,0.0,0.0,1.0,0.0,0.0,0.0,0.0,0.0,0.0,0.0,1.0,J.Burrow,10.0,T.Higgins,10.0,,,,,,-14
HOU,CIN,2,CIN,HOU,CIN,72.0,1.0,pass,0.0,0,0,0,,,,,-0.121649731067009,0.0,0.0,0.0,0.0,0.0,0.0,1.0,0.0,0.0,0.0,0.0,0.0,0.0,0.0,0.0,J.Burrow,,T.Higgins,,,,,,,-14
HOU,CIN,2,CIN,HOU,CIN,72.0,2.0,pass,-5.0,0,0,0,,,,,-0.345158253971022,0.0,0.0,0.0,0.0,0.0,0.0,1.0,1.0,0.0,0.0,0.0,0.0,0.0,0.0,0.0,J.Burrow,,,,,,,,,-14
HOU,CIN,2,,,,,,no_play,0.0,0,0,0,,,,,0.0,0.0,0.0,0.0,0.0,0.0,0.0,0.0,0.0,0.0,0.0,0.0,0.0,0.0,0.0,0.0,,,,,,,,,,-14
HOU,CIN,2,CIN,HOU,CIN,77.0,3.0,run,5.0,0,0,0,,,,,-0.201849749137182,0.0,0.0,0.0,0.0,0.0,1.0,0.0,0.0,0.0,0.0,0.0,0.0,0.0,0.0,0.0,,,,,C.Brown,5.0,,,,-14
HOU,CIN,2,,,,,,no_play,0.0,0,0,0,,,,,0.0,0.0,0.0,0.0,0.0,0.0,0.0,0.0,0.0,0.0,0.0,0.0,0.0,0.0,0.0,0.0,,,,,,,,,,-14
HOU,CIN,2,CIN,HOU,CIN,72.0,4.0,punt,0.0,0,0,0,,,,,-0.146018715342507,0.0,0.0,0.0,0.0,0.0,0.0,0.0,0.0,0.0,0.0,0.0,0.0,0.0,0.0,0.0,,,,,,,,,,-14
HOU,CIN,2,HOU,CIN,HOU,76.0,1.0,pass,18.0,0,0,0,,,,,0.176068099215627,0.0,0.0,0.0,0.0,0.0,0.0,1.0,0.0,0.0,0.0,0.0,0.0,0.0,0.0,1.0,C.Stroud,18.0,J.Wayne,18.0,,,,,,-14
HOU,CIN,2,,,,,,no_play,0.0,0,0,0,,,,,0.0,0.0,0.0,0.0,0.0,0.0,0.0,0.0,0.0,0.0,0.0,0.0,0.0,0.0,0.0,0.0,,,,,,,,,,-14
HOU,CIN,2,HOU,CIN,HOU,58.0,1.0,no_play,0.0,0,0,0,,,,,0.0055574785801582,0.0,0.0,0.0,1.0,0.0,0.0,0.0,0.0,0.0,0.0,0.0,0.0,0.0,0.0,0.0,,,,,,,,CIN,5.0,-14
HOU,CIN,2,HOU,CIN,HOU,53.0,1.0,pass,0.0,0,0,0,,,,,-0.0937308354768902,0.0,0.0,0.0,0.0,0.0,0.0,1.0,0.0,0.0,0.0,0.0,0.0,0.0,0.0,0.0,C.Stroud,,J.Noel,,,,,,,-14
HOU,CIN,2,HOU,CIN,HOU,53.0,2.0,pass,0.0,0,0,0,,,,,-0.320588080037851,0.0,0.0,0.0,0.0,0.0,0.0,1.0,0.0,0.0,0.0,0.0,0.0,0.0,0.0,0.0,C.Stroud,,,,,,,,,-14
HOU,CIN,2,,,,,,,,0,0,0,,,,,,,,,,,,,,,,,,,,,,,,,,,,,,-14
HOU,CIN,2,HOU,CIN,CIN,35.0,,kickoff,0.0,0,0,0,,,,,0.699180144816637,0.0,0.0,0.0,0.0,0.0,0.0,0.0,0.0,0.0,0.0,0.0,0.0,0.0,1.0,0.0,,,,,,,,,,-14
HOU,CIN,2,HOU,CIN,HOU,64.0,1.0,pass,0.0,0,0,0,,,,,-0.497101612854749,0.0,0.0,0.0,0.0,0.0,0.0,1.0,0.0,0.0,0.0,0.0,0.0,0.0,0.0,0.0,C.Stroud,,X.Hutchinson,,,,,,,-14
HOU,CIN,2,HOU,CIN,HOU,64.0,2.0,pass,0.0,0,0,0,,,,,-0.857932165265083,0.0,0.0,0.0,0.0,0.0,0.0,1.0,0.0,0.0,0.0,0.0,0.0,0.0,0.0,0.0,C.Stroud,,J.Noel,,,,,,,-14
HOU,CIN,2,HOU,CIN,HOU,64.0,3.0,pass,0.0,0,0,0,,,,,-1.54562424030155,0.0,0.0,0.0,0.0,0.0,0.0,1.0,0.0,0.0,0.0,0.0,0.0,0.0,0.0,0.0,C.Stroud,,J.Wayne,,,,,,,-14
HOU,CIN,2,HOU,CIN,HOU,64.0,4.0,punt,0.0,0,0,0,,,,,-2.65529026207514,0.0,0.0,0.0,1.0,0.0,0.0,0.0,0.0,0.0,0.0,0.0,0.0,0.0,0.0,0.0,,,,,,,,HOU,15.0,-14
HOU,CIN,2,CIN,HOU,HOU,41.0,1.0,pass,5.0,0,0,0,,,,,0.0105687874602154,0.0,0.0,0.0,0.0,0.0,0.0,1.0,0.0,0.0,0.0,0.0,0.0,0.0,0.0,1.0,J.Burrow,5.0,E.All,5.0,,,,,,-14
HOU,CIN,2,CIN,HOU,HOU,36.0,2.0,run,-4.0,0,0,0,,,,,-1.41080277145375,0.0,0.0,0.0,0.0,0.0,1.0,0.0,0.0,0.0,0.0,0.0,0.0,0.0,0.0,0.0,,,,,C.Brown,-4.0,,,,-14
HOU,CIN,2,CIN,HOU,HOU,40.0,3.0,pass,7.0,0,0,0,,,,,-0.314184204386307,0.0,0.0,0.0,0.0,0.0,0.0,1.0,0.0,0.0,0.0,0.0,0.0,0.0,0.0,1.0,J.Burrow,7.0,A.Iosivas,7.0,,,,,,-14
HOU,CIN,2,CIN,HOU,HOU,33.0,4.0,field_goal,0.0,0,0,0,made,,,,1.4506435933893,0.0,0.0,0.0,0.0,0.0,0.0,0.0,0.0,0.0,0.0,0.0,0.0,0.0,0.0,0.0,,,,,,,,,,-14
HOU,CIN,2,HOU,CIN,CIN,35.0,,kickoff,0.0,0,0,0,,,,,0.108845269307494,0.0,0.0,0.0,0.0,0.0,0.0,0.0,0.0,0.0,0.0,0.0,0.0,0.0,1.0,0.0,,,,,,,,,,-14
HOU,CIN,2,HOU,CIN,HOU,73.0,1.0,run,3.0,0,0,0,,,,,-0.288096274714917,0.0,0.0,0.0,0.0,0.0,1.0,0.0,0.0,0.0,0.0,0.0,0.0,0.0,0.0,0.0,,,,,W.Marks,3.0,,,,-14
HOU,CIN,2,HOU,CIN,HOU,70.0,2.0,pass,9.0,0,0,0,,,,,1.02718524890952,0.0,0.0,0.0,0.0,0.0,0.0,1.0,0.0,0.0,0.0,0.0,0.0,0.0,0.0,1.0,C.Stroud,9.0,F.Moreau,9.0,,,,,,-14
HOU,CIN,2,HOU,CIN,HOU,61.0,1.0,no_play,0.0,0,0,0,,,,,-0.579220804618672,0.0,0.0,0.0,1.0,0.0,0.0,0.0,0.0,0.0,0.0,0.0,0.0,0.0,0.0,0.0,,,,,,,,HOU,5.0,-14
HOU,CIN,2,HOU,CIN,HOU,66.0,1.0,run,14.0,0,0,1,,,,,1.37838225835003,0.0,0.0,0.0,0.0,0.0,1.0,0.0,0.0,0.0,0.0,0.0,0.0,0.0,0.0,0.0,,,,,C.Stroud,14.0,,,,-14
HOU,CIN,2,HOU,CIN,HOU,52.0,2.0,run,3.0,0,0,0,,,,,-0.114168746164069,0.0,0.0,0.0,0.0,0.0,1.0,0.0,0.0,0.0,0.0,0.0,0.0,0.0,0.0,0.0,,,,,W.Marks,3.0,,,,-14
HOU,CIN,2,HOU,CIN,CIN,49.0,1.0,pass,9.0,0,0,0,,,,,0.719116526306607,0.0,0.0,0.0,0.0,0.0,0.0,1.0,0.0,0.0,0.0,0.0,0.0,0.0,0.0,1.0,C.Stroud,9.0,W.Marks,9.0,,,,,,-14
HOU,CIN,2,HOU,CIN,CIN,40.0,2.0,pass,0.0,0,0,0,,,,,-0.590335178538226,0.0,0.0,0.0,0.0,0.0,0.0,1.0,0.0,0.0,0.0,0.0,0.0,0.0,0.0,0.0,C.Stroud,,W.Marks,,,,,,,-14
HOU,CIN,2,HOU,CIN,CIN,40.0,3.0,run,0.0,0,0,0,,,,,-2.7299532265742,0.0,0.0,0.0,0.0,0.0,1.0,0.0,0.0,0.0,0.0,0.0,0.0,0.0,0.0,0.0,,,,,W.Marks,0.0,,,,-14
HOU,CIN,2,HOU,CIN,CIN,40.0,4.0,field_goal,0.0,0,0,0,missed,,,,-3.00741196872064,0.0,0.0,0.0,0.0,0.0,0.0,0.0,0.0,0.0,0.0,0.0,0.0,0.0,0.0,0.0,,,,,,,,,,-14
HOU,CIN,2,CIN,HOU,CIN,52.0,1.0,pass,4.0,0,0,0,,,,,-0.189625625731424,0.0,0.0,0.0,0.0,0.0,0.0,1.0,0.0,0.0,0.0,0.0,0.0,0.0,0.0,1.0,J.Burrow,4.0,J.Chase,4.0,,,,,,-14
HOU,CIN,2,CIN,HOU,HOU,48.0,2.0,no_play,0.0,0,0,0,,,,,-0.607696974184364,0.0,0.0,0.0,1.0,0.0,0.0,0.0,0.0,0.0,0.0,0.0,0.0,0.0,0.0,0.0,,,,,,,,CIN,5.0,-14
HOU,CIN,2,CIN,HOU,CIN,53.0,2.0,run,4.0,0,0,0,,,,,-0.452169361058623,0.0,0.0,0.0,0.0,0.0,1.0,0.0,0.0,0.0,0.0,0.0,0.0,0.0,0.0,0.0,,,,,S.Perine,4.0,,,,-14
HOU,CIN,2,CIN,HOU,HOU,49.0,3.0,pass,16.0,0,0,0,,,,,2.52036335400771,1.0,0.0,0.0,0.0,0.0,0.0,1.0,0.0,0.0,0.0,0.0,0.0,0.0,0.0,1.0,J.Burrow,16.0,S.Perine,16.0,,,,,,-14
HOU,CIN,2,CIN,HOU,HOU,33.0,1.0,pass,0.0,0,0,0,,,,,-0.440111203119159,0.0,0.0,0.0,0.0,0.0,0.0,1.0,0.0,0.0,0.0,0.0,0.0,0.0,0.0,0.0,J.Burrow,,E.All,,,,,,,-14
HOU,CIN,2,CIN,HOU,HOU,33.0,2.0,run,11.0,0,0,0,,,,,1.27739740023389,0.0,0.0,0.0,0.0,0.0,1.0,0.0,0.0,0.0,0.0,0.0,0.0,0.0,0.0,0.0,,,,,C.Brown,11.0,,,,-14
HOU,CIN,2,CIN,HOU,HOU,22.0,1.0,run,2.0,0,0,0,,,,,-0.48706804739777,0.0,0.0,0.0,0.0,0.0,1.0,0.0,0.0,0.0,0.0,0.0,0.0,0.0,0.0,0.0,,,,,C.Brown,2.0,,,,-14
HOU,CIN,2,CIN,HOU,HOU,20.0,2.0,run,2.0,0,0,0,,,,,-0.302955741353799,0.0,0.0,0.0,0.0,0.0,1.0,0.0,0.0,0.0,0.0,0.0,0.0,0.0,0.0,0.0,,,,,C.Brown,2.0,,,,-14
HOU,CIN,2,CIN,HOU,HOU,18.0,3.0,pass,18.0,0,0,0,,,,CIN,3.15901060850592,1.0,0.0,0.0,0.0,0.0,0.0,1.0,0.0,1.0,1.0,0.0,0.0,0.0,0.0,1.0,J.Burrow,18.0,J.Chase,18.0,,,,,,-14
HOU,CIN,2,CIN,HOU,HOU,15.0,,extra_point,0.0,0,0,0,,good,,,0.0685713509799278,0.0,0.0,0.0,0.0,0.0,0.0,0.0,0.0,0.0,0.0,0.0,1.0,0.0,0.0,0.0,,,,,,,,,,-14
HOU,CIN,2,HOU,CIN,CIN,35.0,,kickoff,0.0,0,0,0,,,,,0.336374818347394,0.0,0.0,0.0,0.0,0.0,0.0,0.0,0.0,0.0,0.0,0.0,0.0,0.0,1.0,0.0,,,,,,,,,,-14
HOU,CIN,2,HOU,CIN,HOU,69.0,1.0,run,11.0,0,0,1,,,,,1.0399814422708,0.0,0.0,0.0,1.0,0.0,1.0,0.0,0.0,0.0,0.0,0.0,0.0,0.0,0.0,0.0,,,,,C.Stroud,11.0,,CIN,5.0,-14
HOU,CIN,2,HOU,CIN,HOU,53.0,1.0,pass,6.0,0,0,0,,,,,0.178055699681863,0.0,0.0,0.0,0.0,0.0,0.0,1.0,0.0,0.0,0.0,0.0,0.0,0.0,0.0,1.0,C.Stroud,6.0,D.Montgomery,6.0,,,,,,-14
HOU,CIN,2,HOU,CIN,CIN,47.0,2.0,pass,21.0,0,0,0,,,,,1.55055086803623,0.0,0.0,0.0,0.0,0.0,0.0,1.0,0.0,0.0,0.0,0.0,0.0,0.0,0.0,1.0,C.Stroud,21.0,K.Boutte,21.0,,,,,,-14
HOU,CIN,2,HOU,CIN,CIN,26.0,1.0,run,4.0,0,0,1,,,,,-0.180968896485865,0.0,0.0,0.0,0.0,0.0,1.0,0.0,0.0,0.0,0.0,0.0,0.0,0.0,0.0,0.0,,,,,C.Stroud,4.0,,,,-14
HOU,CIN,2,HOU,CIN,CIN,22.0,2.0,pass,0.0,0,0,0,,,,,-0.621198217268102,0.0,0.0,0.0,0.0,0.0,0.0,1.0,0.0,0.0,0.0,0.0,0.0,0.0,0.0,0.0,C.Stroud,,J.Wayne,,,,,,,-14
HOU,CIN,2,HOU,CIN,CIN,22.0,3.0,no_play,0.0,0,0,0,,,,,-0.740470934892073,0.0,0.0,0.0,1.0,0.0,0.0,0.0,0.0,0.0,0.0,0.0,0.0,0.0,0.0,0.0,,,,,,,,HOU,5.0,-14
HOU,CIN,2,HOU,CIN,CIN,27.0,3.0,pass,0.0,0,0,0,,,,,-1.0534092012478,0.0,0.0,0.0,0.0,0.0,0.0,1.0,0.0,0.0,0.0,0.0,0.0,0.0,0.0,0.0,C.Stroud,,D.Schultz,,,,,,,-14
HOU,CIN,2,HOU,CIN,CIN,27.0,4.0,field_goal,0.0,0,0,0,made,,,,0.987156576981016,0.0,0.0,0.0,1.0,0.0,0.0,0.0,0.0,0.0,0.0,0.0,0.0,0.0,0.0,0.0,,,,,,,,HOU,15.0,-14
HOU,CIN,2,CIN,HOU,HOU,20.0,,kickoff,0.0,0,0,0,,,,,0.0862093763425946,0.0,0.0,0.0,0.0,0.0,0.0,0.0,0.0,0.0,0.0,0.0,0.0,0.0,1.0,0.0,,,,,,,,,,-14
HOU,CIN,2,CIN,HOU,CIN,72.0,1.0,run,5.0,0,0,0,,,,,0.0613925443030894,0.0,0.0,0.0,0.0,0.0,1.0,0.0,0.0,0.0,0.0,0.0,0.0,0.0,0.0,0.0,,,,,C.Brown,5.0,,,,-14
HOU,CIN,2,CIN,HOU,,,,,,0,0,0,,,,,0.0,,,,,,,,,,,,,,,,,,,,,,,,,-14
HOU,CIN,2,CIN,HOU,CIN,67.0,2.0,pass,0.0,0,0,0,,,,,-0.848608259111643,0.0,0.0,0.0,0.0,0.0,0.0,1.0,1.0,0.0,0.0,0.0,0.0,0.0,0.0,0.0,J.Burrow,,,,,,,,,-14
HOU,CIN,2,CIN,HOU,CIN,67.0,3.0,pass,23.0,0,0,0,,,,,2.55337946012151,1.0,0.0,0.0,0.0,0.0,0.0,1.0,0.0,0.0,0.0,0.0,0.0,0.0,0.0,1.0,J.Burrow,23.0,T.Higgins,23.0,,,,,,-14
HOU,CIN,2,CIN,HOU,HOU,44.0,1.0,run,2.0,0,0,0,,,,,-0.444801530567929,0.0,0.0,0.0,0.0,0.0,1.0,0.0,0.0,0.0,0.0,0.0,0.0,0.0,0.0,0.0,,,,,C.Brown,2.0,,,,-14
HOU,CIN,2,CIN,HOU,HOU,42.0,2.0,run,3.0,0,0,0,,,,,-0.33588430704549,0.0,0.0,0.0,0.0,0.0,1.0,0.0,0.0,0.0,0.0,0.0,0.0,0.0,0.0,0.0,,,,,C.Brown,3.0,,,,-14
HOU,CIN,2,CIN,HOU,HOU,39.0,3.0,pass,0.0,0,0,0,,,,,-1.36457574286748,0.0,0.0,0.0,0.0,0.0,0.0,1.0,0.0,0.0,0.0,0.0,0.0,0.0,0.0,0.0,J.Burrow,,T.Higgins,,,,,,,-14
HOU,CIN,2,CIN,HOU,HOU,39.0,4.0,field_goal,0.0,0,0,0,made,,,,2.20647184598044,0.0,0.0,0.0,0.0,0.0,0.0,0.0,0.0,0.0,0.0,0.0,0.0,0.0,0.0,0.0,,,,,,,,,,-14
HOU,CIN,2,HOU,CIN,CIN,35.0,,kickoff,0.0,0,0,0,,,,,-0.395389619283378,0.0,0.0,0.0,0.0,0.0,0.0,0.0,0.0,0.0,0.0,0.0,0.0,0.0,1.0,0.0,,,,,,,,,,-14
HOU,CIN,2,HOU,CIN,HOU,80.0,1.0,pass,31.0,0,0,0,,,,,1.87893308605999,0.0,0.0,0.0,0.0,0.0,0.0,1.0,0.0,0.0,0.0,0.0,0.0,0.0,0.0,1.0,C.Stroud,31.0,J.Noel,31.0,,,,,,-14
HOU,CIN,2,HOU,CIN,CIN,49.0,1.0,pass,0.0,0,0,0,,,,,-0.4935912869405,0.0,0.0,0.0,0.0,0.0,0.0,1.0,0.0,0.0,0.0,0.0,0.0,0.0,0.0,0.0,C.Stroud,,J.Noel,,,,,,,-14
HOU,CIN,2,HOU,CIN,CIN,49.0,2.0,run,-1.0,0,0,0,,,,,-1.20364245190285,0.0,0.0,0.0,0.0,0.0,1.0,0.0,0.0,0.0,0.0,0.0,0.0,0.0,0.0,0.0,,,,,W.Marks,-1.0,,,,-14
HOU,CIN,2,HOU,CIN,50,50.0,3.0,pass,0.0,0,0,0,,,,,-1.99776300322264,0.0,0.0,0.0,1.0,0.0,0.0,1.0,0.0,0.0,0.0,0.0,0.0,0.0,0.0,0.0,C.Stroud,,,,,,,HOU,13.0,-14
HOU,CIN,2,HOU,CIN,HOU,63.0,4.0,punt,0.0,0,0,0,,,,,0.0386835574172437,0.0,0.0,0.0,0.0,0.0,0.0,0.0,0.0,0.0,0.0,0.0,0.0,0.0,0.0,0.0,,,,,,,,,,-14
HOU,CIN,2,CIN,HOU,CIN,82.0,1.0,pass,5.0,0,0,0,,,,,-0.0241412995383143,0.0,0.0,0.0,0.0,0.0,0.0,1.0,0.0,0.0,0.0,0.0,0.0,0.0,0.0,1.0,J.Burrow,5.0,J.Chase,5.0,,,,,,-14
HOU,CIN,2,CIN,HOU,CIN,77.0,2.0,pass,0.0,0,0,0,,,,,-0.80325392074883,0.0,0.0,0.0,0.0,0.0,0.0,1.0,0.0,0.0,0.0,0.0,0.0,0.0,0.0,0.0,J.Burrow,,D.Meyers,,,,,,,-14
HOU,CIN,2,CIN,HOU,CIN,77.0,3.0,pass,0.0,0,0,0,,,,,-1.35162795661017,0.0,0.0,0.0,0.0,0.0,0.0,1.0,0.0,0.0,0.0,0.0,0.0,0.0,0.0,0.0,J.Burrow,,T.Higgins,,,,,,,-14
HOU,CIN,2,CIN,HOU,CIN,77.0,4.0,punt,0.0,0,0,0,,,,,-0.876515501178801,0.0,0.0,0.0,0.0,0.0,0.0,0.0,0.0,0.0,0.0,0.0,0.0,0.0,0.0,0.0,,,,,,,,,,-14
HOU,CIN,2,HOU,CIN,HOU,59.0,1.0,no_play,0.0,0,0,0,,,,,-0.512163269333541,0.0,0.0,0.0,1.0,0.0,0.0,0.0,0.0,0.0,0.0,0.0,0.0,0.0,0.0,0.0,,,,,,,,HOU,5.0,-14
HOU,CIN,2,HOU,CIN,HOU,64.0,1.0,pass,9.0,0,0,0,,,,,0.35743420268409,0.0,0.0,0.0,0.0,0.0,0.0,1.0,0.0,0.0,0.0,0.0,0.0,0.0,0.0,1.0,C.Stroud,9.0,D.Schultz,9.0,,,,,,-14
HOU,CIN,2,HOU,CIN,HOU,55.0,2.0,pass,-5.0,0,0,0,,,,,-1.58834044239484,0.0,0.0,0.0,0.0,0.0,0.0,1.0,1.0,0.0,0.0,0.0,0.0,0.0,0.0,0.0,C.Stroud,,,,,,,,,-14
HOU,CIN,2,HOU,CIN,HOU,60.0,3.0,pass,0.0,0,0,0,,,,,-1.23593262396753,0.0,0.0,0.0,0.0,0.0,0.0,1.0,0.0,0.0,0.0,0.0,0.0,0.0,0.0,0.0,C.Stroud,,K.Boutte,,,,,,,-14
HOU,CIN,2,HOU,CIN,HOU,60.0,4.0,punt,0.0,0,0,0,,,,,-0.279482321813703,0.0,0.0,0.0,1.0,0.0,0.0,0.0,0.0,0.0,0.0,0.0,0.0,0.0,0.0,0.0,,,,,,,,HOU,5.0,-14
HOU,CIN,2,CIN,HOU,CIN,80.0,1.0,run,8.0,0,0,0,,,,,0.550417793914676,0.0,0.0,0.0,0.0,0.0,1.0,0.0,0.0,0.0,0.0,0.0,0.0,0.0,0.0,0.0,,,,,C.Brown,8.0,,,,-14
HOU,CIN,2,CIN,HOU,CIN,72.0,2.0,run,5.0,0,0,0,,,,,0.248903455678374,0.0,0.0,0.0,0.0,0.0,1.0,0.0,0.0,0.0,0.0,0.0,0.0,0.0,0.0,0.0,,,,,C.Brown,5.0,,,,-14
HOU,CIN,2,CIN,HOU,CIN,67.0,1.0,pass,0.0,0,0,0,,,,,-0.538190800696611,0.0,0.0,0.0,0.0,0.0,0.0,1.0,0.0,0.0,0.0,0.0,0.0,0.0,0.0,1.0,J.Burrow,0.0,E.All,0.0,,,,,,-14
HOU,CIN,2,CIN,HOU,CIN,67.0,2.0,run,2.0,0,0,0,,,,,-0.848483875859529,0.0,0.0,0.0,0.0,0.0,1.0,0.0,0.0,0.0,0.0,0.0,0.0,0.0,0.0,0.0,,,,,C.Brown,2.0,,,,-14
HOU,CIN,2,,,,,,no_play,0.0,0,0,0,,,,,0.0,0.0,0.0,0.0,0.0,0.0,0.0,0.0,0.0,0.0,0.0,0.0,0.0,0.0,0.0,0.0,,,,,,,,,,-14
HOU,CIN,2,CIN,HOU,CIN,65.0,3.0,pass,-8.0,0,0,0,,,,,-1.63818754418753,0.0,0.0,0.0,0.0,0.0,0.0,1.0,1.0,0.0,0.0,0.0,0.0,0.0,0.0,0.0,J.Burrow,,,,,,,,,-14
HOU,CIN,2,,,,,,no_play,0.0,0,0,0,,,,,0.0,0.0,0.0,0.0,0.0,0.0,0.0,0.0,0.0,0.0,0.0,0.0,0.0,0.0,0.0,0.0,,,,,,,,,,-14
HOU,CIN,2,CIN,HOU,CIN,73.0,4.0,punt,0.0,0,0,0,,,,,0.545096112415195,0.0,0.0,0.0,1.0,0.0,0.0,0.0,0.0,0.0,0.0,0.0,0.0,0.0,0.0,0.0,,,,,,,,HOU,10.0,-14
HOU,CIN,2,HOU,CIN,HOU,79.0,1.0,pass,9.0,0,0,0,,,,,0.798668960575014,0.0,0.0,0.0,0.0,0.0,0.0,1.0,0.0,0.0,0.0,0.0,0.0,0.0,0.0,1.0,C.Stroud,9.0,D.Schultz,9.0,,,,,,-14
HOU,CIN,2,HOU,CIN,HOU,70.0,2.0,pass,2.0,0,0,0,,,,,-0.0363268787041307,0.0,0.0,0.0,0.0,0.0,0.0,1.0,0.0,0.0,0.0,0.0,0.0,0.0,0.0,1.0,C.Stroud,2.0,D.Schultz,2.0,,,,,,-14
HOU,CIN,2,HOU,CIN,HOU,68.0,1.0,no_play,0.0,0,0,0,,,,,0.502209003316239,0.0,0.0,0.0,1.0,0.0,0.0,0.0,0.0,0.0,0.0,0.0,0.0,0.0,0.0,0.0,,,,,,,,CIN,5.0,-14
HOU,CIN,2,HOU,CIN,HOU,63.0,1.0,pass,4.0,0,0,0,,,,,-0.0231188628822565,0.0,0.0,0.0,0.0,0.0,0.0,1.0,0.0,0.0,0.0,0.0,0.0,0.0,0.0,1.0,C.Stroud,4.0,D.Schultz,4.0,,,,,,-14
HOU,CIN,2,HOU,CIN,HOU,59.0,2.0,pass,-8.0,0,0,0,,,,,-1.65638894529548,0.0,0.0,0.0,0.0,0.0,0.0,1.0,1.0,0.0,0.0,0.0,0.0,0.0,0.0,0.0,C.Stroud,,,,,,,,,-14
HOU,CIN,2,HOU,CIN,HOU,67.0,3.0,pass,8.0,0,0,0,,,,,-0.359853258589283,0.0,0.0,0.0,0.0,0.0,0.0,1.0,0.0,0.0,0.0,0.0,0.0,0.0,0.0,1.0,C.Stroud,8.0,W.Marks,8.0,,,,,,-14
HOU,CIN,2,HOU,CIN,HOU,59.0,4.0,pass,0.0,0,0,0,,,,,-3.0756731419242,0.0,0.0,0.0,0.0,0.0,0.0,1.0,0.0,0.0,0.0,0.0,0.0,0.0,0.0,0.0,C.Stroud,,J.Wayne,,,,,,,-14
HOU,CIN,2,CIN,HOU,HOU,41.0,1.0,run,-2.0,0,0,0,,,,,-1.00336325430544,0.0,0.0,0.0,0.0,0.0,1.0,0.0,0.0,0.0,0.0,0.0,0.0,0.0,0.0,0.0,,,,,C.Brown,-2.0,,,,-14
HOU,CIN,2,,,,,,no_play,0.0,0,0,0,,,,,0.0,0.0,0.0,0.0,0.0,0.0,0.0,0.0,0.0,0.0,0.0,0.0,0.0,0.0,0.0,0.0,,,,,,,,,,-14
HOU,CIN,2,CIN,HOU,HOU,43.0,2.0,run,0.0,0,0,0,,,,,-1.54315685539041,0.0,0.0,0.0,0.0,0.0,1.0,0.0,0.0,0.0,0.0,0.0,0.0,0.0,0.0,0.0,,,,,C.Brown,0.0,,,,-14
HOU,CIN,2,,,,,,no_play,0.0,0,0,0,,,,,0.0,0.0,0.0,0.0,0.0,0.0,0.0,0.0,0.0,0.0,0.0,0.0,0.0,0.0,0.0,0.0,,,,,,,,,,-14
HOU,CIN,2,CIN,HOU,HOU,43.0,3.0,run,4.0,0,0,0,,,,,-0.63313806115184,0.0,0.0,0.0,0.0,0.0,1.0,0.0,0.0,0.0,0.0,0.0,0.0,0.0,0.0,0.0,,,,,C.Brown,4.0,,,,-14
HOU,CIN,2,CIN,HOU,HOU,39.0,4.0,no_play,,0,0,0,,,,,0.0,,,,,,,,,,,,,,,,,,,,,,,,,-14
HOU,CIN,2,CIN,HOU,HOU,39.0,4.0,punt,0.0,0,0,0,,,,,-0.838277709437534,0.0,0.0,0.0,0.0,0.0,0.0,0.0,0.0,0.0,0.0,0.0,0.0,0.0,0.0,0.0,,,,,,,,,,-14
HOU,CIN,2,HOU,CIN,HOU,88.0,1.0,pass,0.0,0,0,0,,,,,-0.306258503347635,0.0,0.0,0.0,0.0,0.0,0.0,1.0,0.0,0.0,0.0,0.0,0.0,0.0,0.0,0.0,C.Stroud,,D.Schultz,,,,,,,-14
HOU,CIN,2,HOU,CIN,HOU,88.0,2.0,pass,7.0,0,0,0,,,,,-0.0384746072813869,0.0,0.0,0.0,0.0,0.0,0.0,1.0,0.0,0.0,0.0,0.0,0.0,0.0,0.0,1.0,C.Stroud,7.0,D.Schultz,7.0,,,,,,-14
HOU,CIN,2,HOU,CIN,HOU,81.0,3.0,pass,11.0,0,0,0,,,,,0.8926716146525,1.0,0.0,0.0,0.0,0.0,0.0,1.0,0.0,0.0,0.0,0.0,0.0,0.0,0.0,1.0,C.Stroud,11.0,D.Schultz,11.0,,,,,,-14
HOU,CIN,2,HOU,CIN,HOU,70.0,1.0,qb_spike,0.0,0,1,0,,,,,-0.25637120497413,0.0,0.0,0.0,0.0,0.0,0.0,1.0,0.0,0.0,0.0,0.0,0.0,0.0,0.0,0.0,C.Stroud,,,,,,,,,-14
HOU,CIN,2,HOU,CIN,HOU,70.0,2.0,pass,5.0,0,0,0,,,,,-0.375760817318223,0.0,0.0,0.0,0.0,0.0,0.0,1.0,0.0,0.0,0.0,0.0,0.0,0.0,0.0,1.0,C.Stroud,5.0,D.Schultz,5.0,,,,,,-14
HOU,CIN,2,HOU,CIN,HOU,65.0,3.0,pass,25.0,0,0,0,,,,,1.90579856181284,1.0,0.0,0.0,0.0,0.0,0.0,1.0,0.0,0.0,0.0,0.0,0.0,0.0,0.0,1.0,C.Stroud,25.0,D.Schultz,25.0,,,,,,-14
HOU,CIN,2,HOU,CIN,CIN,40.0,1.0,qb_spike,0.0,0,1,0,,,,,-0.298560506606009,0.0,0.0,0.0,0.0,0.0,0.0,1.0,0.0,0.0,0.0,0.0,0.0,0.0,0.0,0.0,C.Stroud,,,,,,,,,-14
HOU,CIN,2,HOU,CIN,CIN,40.0,2.0,pass,0.0,0,0,0,,,,,-0.400461845158134,0.0,0.0,0.0,0.0,0.0,0.0,1.0,0.0,0.0,0.0,0.0,0.0,0.0,0.0,0.0,C.Stroud,,X.Hutchinson,,,,,,,-14
HOU,CIN,2,HOU,CIN,CIN,40.0,3.0,pass,15.0,0,0,0,,,,,2.66414646408521,1.0,0.0,0.0,1.0,0.0,0.0,1.0,0.0,0.0,0.0,0.0,0.0,0.0,0.0,1.0,C.Stroud,15.0,J.Wayne,15.0,,,,CIN,13.0,-14
HOU,CIN,2,HOU,CIN,CIN,12.0,1.0,pass,0.0,0,0,0,,,,,-0.378715987899341,0.0,0.0,0.0,0.0,0.0,0.0,1.0,0.0,0.0,0.0,0.0,0.0,0.0,0.0,0.0,C.Stroud,,K.Boutte,,,,,,,-14
HOU,CIN,2,HOU,CIN,CIN,12.0,2.0,pass,-7.0,0,0,0,,,,,-1.47872750140959,0.0,0.0,0.0,0.0,0.0,0.0,1.0,1.0,0.0,0.0,0.0,0.0,0.0,0.0,0.0,C.Stroud,,,,,,,,,-14
HOU,CIN,2,HOU,CIN,CIN,19.0,3.0,pass,0.0,0,0,0,,,,,-0.425340787682217,0.0,0.0,0.0,0.0,0.0,0.0,1.0,0.0,0.0,0.0,0.0,0.0,0.0,0.0,0.0,C.Stroud,,X.Hutchinson,,,,,,,-14
HOU,CIN,2,HOU,CIN,CIN,19.0,4.0,pass,-19.0,0,0,0,,,,,-2.42520658363355,0.0,0.0,0.0,0.0,0.0,0.0,1.0,1.0,0.0,0.0,0.0,0.0,0.0,0.0,0.0,C.Stroud,,,,,,,,,-14
HOU,CIN,2,CIN,HOU,CIN,62.0,1.0,qb_kneel,-1.0,1,0,0,,,,,0.0,0.0,0.0,0.0,0.0,0.0,1.0,0.0,0.0,0.0,0.0,0.0,0.0,0.0,0.0,0.0,,,,,J.Burrow,-1.0,,,,-14
HOU,CIN,2,CIN,HOU,,,,,,0,0,0,,,,,,,,,,,,,,,,,,,,,,,,,,,,,,-14
TB,CLE,2,,,,,,,,0,0,0,,,,,0.0,,,,,,,,,,,,,,,,,,,,,,,,,-4
TB,CLE,2,CLE,TB,TB,35.0,,kickoff,0.0,0,0,0,,,,,0.522439040709287,0.0,0.0,0.0,0.0,0.0,0.0,0.0,0.0,0.0,0.0,0.0,0.0,0.0,1.0,0.0,,,,,,,,,,-4
TB,CLE,2,CLE,TB,CLE,67.0,1.0,pass,9.0,0,0,0,,,,,0.867623769445345,0.0,0.0,0.0,0.0,0.0,0.0,1.0,0.0,0.0,0.0,0.0,0.0,0.0,0.0,1.0,D.Watson,9.0,K.Concepcion,9.0,,,,,,-4
TB,CLE,2,CLE,TB,CLE,58.0,2.0,run,-6.0,0,0,0,,,,,-1.91949546919204,0.0,0.0,0.0,0.0,0.0,1.0,0.0,0.0,0.0,0.0,0.0,0.0,0.0,0.0,0.0,,,,,K.Concepcion,-6.0,,,,-4
TB,CLE,2,CLE,TB,CLE,64.0,3.0,run,2.0,0,0,0,,,,,-1.27920976001769,0.0,0.0,0.0,0.0,0.0,1.0,0.0,0.0,0.0,0.0,0.0,0.0,0.0,0.0,0.0,,,,,Q.Judkins,2.0,,,,-4
TB,CLE,2,CLE,TB,CLE,62.0,4.0,punt,0.0,0,0,0,,,,,-1.27268109703437,0.0,0.0,0.0,1.0,0.0,0.0,0.0,0.0,0.0,0.0,0.0,0.0,0.0,0.0,0.0,,,,,,,,CLE,15.0,-4
TB,CLE,2,TB,CLE,TB,64.0,1.0,no_play,0.0,0,0,0,,,,,0.497280257986859,0.0,0.0,0.0,1.0,0.0,0.0,0.0,0.0,0.0,0.0,0.0,0.0,0.0,0.0,0.0,,,,,,,,CLE,5.0,-4
TB,CLE,2,TB,CLE,TB,59.0,1.0,run,12.0,0,0,0,,,,,0.47688365355134,0.0,0.0,0.0,0.0,0.0,1.0,0.0,0.0,0.0,0.0,0.0,0.0,0.0,0.0,0.0,,,,,C.Godwin,12.0,,,,-4
TB,CLE,2,TB,CLE,CLE,47.0,1.0,pass,0.0,0,0,0,,,,,-0.507295354269445,0.0,0.0,0.0,0.0,0.0,0.0,1.0,0.0,0.0,0.0,0.0,0.0,0.0,0.0,0.0,B.Mayfield,,T.Hurst,,,,,,,-4
TB,CLE,2,TB,CLE,CLE,47.0,2.0,run,-3.0,0,0,0,,,,,-1.62271137186326,0.0,0.0,0.0,0.0,0.0,1.0,0.0,0.0,0.0,0.0,0.0,0.0,0.0,0.0,0.0,,,,,E.Egbuka,-3.0,,,,-4
TB,CLE,2,TB,CLE,50,50.0,3.0,pass,9.0,0,0,0,,,,,-1.56585933395819,0.0,0.0,0.0,0.0,0.0,0.0,1.0,0.0,0.0,0.0,0.0,0.0,0.0,0.0,1.0,B.Mayfield,9.0,C.Otton,9.0,,,,,,-4
TB,CLE,2,TB,CLE,CLE,41.0,4.0,field_goal,0.0,0,0,0,made,,,,3.41060099925072,0.0,0.0,0.0,0.0,0.0,0.0,0.0,0.0,0.0,0.0,0.0,0.0,0.0,0.0,0.0,,,,,,,,,,-4
TB,CLE,2,CLE,TB,TB,35.0,,kickoff,0.0,0,0,0,,,,,0.11119545949623,0.0,0.0,0.0,0.0,0.0,0.0,0.0,0.0,0.0,0.0,0.0,0.0,0.0,1.0,0.0,,,,,,,,,,-4
TB,CLE,2,CLE,TB,CLE,72.0,1.0,run,9.0,0,0,0,,,,,0.894240496680141,0.0,0.0,0.0,0.0,0.0,1.0,0.0,0.0,0.0,0.0,0.0,0.0,0.0,0.0,0.0,,,,,Q.Judkins,9.0,,,,-4
TB,CLE,2,CLE,TB,CLE,63.0,2.0,run,6.0,0,0,0,,,,,0.170333710499108,0.0,0.0,0.0,0.0,0.0,1.0,0.0,0.0,0.0,0.0,0.0,0.0,0.0,0.0,0.0,,,,,Q.Judkins,6.0,,,,-4
TB,CLE,2,CLE,TB,CLE,57.0,1.0,pass,21.0,0,0,0,,,,,1.42917350737844,0.0,0.0,0.0,0.0,0.0,0.0,1.0,0.0,0.0,0.0,0.0,0.0,0.0,0.0,1.0,D.Watson,21.0,H.Fannin,21.0,,,,,,-4
TB,CLE,2,CLE,TB,TB,36.0,1.0,run,2.0,0,0,0,,,,,-0.493035845458508,0.0,0.0,0.0,0.0,0.0,1.0,0.0,0.0,0.0,0.0,0.0,0.0,0.0,0.0,0.0,,,,,Q.Judkins,2.0,,,,-4
TB,CLE,2,CLE,TB,TB,34.0,2.0,pass,0.0,0,0,0,,,,,-0.712840045569465,0.0,0.0,0.0,0.0,0.0,0.0,1.0,0.0,0.0,0.0,0.0,0.0,0.0,0.0,1.0,D.Watson,0.0,K.Concepcion,0.0,,,,,,-4
TB,CLE,2,CLE,TB,TB,34.0,3.0,pass,7.0,0,0,0,,,,,0.183977598673664,0.0,0.0,0.0,0.0,0.0,0.0,1.0,0.0,0.0,0.0,0.0,0.0,0.0,0.0,1.0,D.Watson,7.0,R.Sanders,7.0,,,,,,-4
TB,CLE,2,CLE,TB,TB,27.0,4.0,no_play,0.0,0,0,0,,,,,-1.08458758366652,0.0,0.0,0.0,1.0,0.0,0.0,0.0,0.0,0.0,0.0,0.0,0.0,0.0,0.0,0.0,,,,,,,,CLE,5.0,-4
TB,CLE,2,CLE,TB,TB,32.0,4.0,field_goal,0.0,0,0,0,made,,,,1.6320863865538,0.0,0.0,0.0,0.0,0.0,0.0,0.0,0.0,0.0,0.0,0.0,0.0,0.0,0.0,0.0,,,,,,,,,,-4
TB,CLE,2,TB,CLE,CLE,35.0,,kickoff,0.0,0,0,0,,,,,0.0187019677832723,0.0,0.0,0.0,0.0,0.0,0.0,0.0,0.0,0.0,0.0,0.0,0.0,0.0,1.0,0.0,,,,,,,,,,-4
TB,CLE,2,TB,CLE,TB,75.0,1.0,run,4.0,0,0,0,,,,,-0.075739333871752,0.0,0.0,0.0,0.0,0.0,1.0,0.0,0.0,0.0,0.0,0.0,0.0,0.0,0.0,0.0,,,,,B.Irving,4.0,,,,-4
TB,CLE,2,TB,CLE,TB,71.0,2.0,run,38.0,0,0,0,,,,,2.63673418026883,0.0,0.0,0.0,0.0,0.0,1.0,0.0,0.0,0.0,0.0,0.0,0.0,0.0,0.0,0.0,,,,,B.Irving,38.0,,,,-4
TB,CLE,2,TB,CLE,CLE,33.0,1.0,pass,3.0,0,0,0,,,,,-0.214677289011888,0.0,0.0,0.0,0.0,0.0,0.0,1.0,0.0,0.0,0.0,0.0,0.0,0.0,0.0,1.0,B.Mayfield,3.0,B.Irving,3.0,,,,,,-4
TB,CLE,2,TB,CLE,CLE,30.0,2.0,run,3.0,0,0,0,,,,,-0.186316956882365,0.0,0.0,0.0,0.0,0.0,1.0,0.0,0.0,0.0,0.0,0.0,0.0,0.0,0.0,0.0,,,,,B.Irving,3.0,,,,-4
TB,CLE,2,TB,CLE,CLE,27.0,3.0,pass,0.0,0,0,0,,,,,-1.74451800613788,0.0,0.0,0.0,0.0,0.0,0.0,1.0,0.0,0.0,0.0,0.0,0.0,0.0,0.0,0.0,B.Mayfield,,K.Gainwell,,,,,,,-4
TB,CLE,2,TB,CLE,CLE,27.0,4.0,field_goal,0.0,0,0,0,made,,,,1.1764997558541,0.0,0.0,0.0,0.0,0.0,0.0,0.0,0.0,0.0,0.0,0.0,0.0,0.0,0.0,0.0,,,,,,,,,,-4
TB,CLE,2,CLE,TB,TB,35.0,,kickoff,0.0,0,0,0,,,,,0.495496215764433,0.0,0.0,0.0,0.0,0.0,0.0,0.0,0.0,0.0,0.0,0.0,0.0,0.0,1.0,0.0,,,,,,,,,,-4
TB,CLE,2,CLE,TB,CLE,67.0,1.0,run,2.0,0,0,0,,,,,-0.518983809743077,0.0,0.0,0.0,0.0,0.0,1.0,0.0,0.0,0.0,0.0,0.0,0.0,0.0,0.0,0.0,,,,,Q.Judkins,2.0,,,,-4
TB,CLE,2,CLE,TB,CLE,65.0,2.0,run,-4.0,0,0,0,,,,,-1.23986781435087,0.0,0.0,0.0,0.0,0.0,1.0,0.0,0.0,0.0,0.0,0.0,0.0,0.0,0.0,0.0,,,,,Q.Judkins,-4.0,,,,-4
TB,CLE,2,CLE,TB,CLE,69.0,3.0,pass,0.0,0,0,0,,,,,-1.04957001842558,0.0,0.0,0.0,0.0,0.0,0.0,1.0,0.0,0.0,0.0,0.0,0.0,0.0,0.0,0.0,D.Watson,,H.Fannin,,,,,,,-4
TB,CLE,2,CLE,TB,CLE,69.0,4.0,punt,0.0,0,0,0,,,,,0.660456646699458,0.0,0.0,0.0,0.0,0.0,0.0,0.0,0.0,0.0,0.0,0.0,0.0,0.0,0.0,0.0,,,,,,,,,,-4
TB,CLE,2,TB,CLE,TB,83.0,1.0,pass,0.0,0,0,0,,,,,-0.602699728682637,0.0,0.0,0.0,0.0,0.0,0.0,1.0,1.0,0.0,0.0,0.0,0.0,0.0,0.0,0.0,B.Mayfield,,,,,,,,,-4
TB,CLE,2,TB,CLE,TB,83.0,2.0,pass,0.0,0,0,0,,,,,-0.767871154006571,0.0,0.0,0.0,0.0,0.0,0.0,1.0,0.0,0.0,0.0,0.0,0.0,0.0,0.0,0.0,B.Mayfield,,C.Otton,,,,,,,-4
TB,CLE,2,TB,CLE,TB,83.0,3.0,run,14.0,0,0,1,,,,,2.71104697068222,1.0,0.0,0.0,1.0,0.0,1.0,0.0,0.0,0.0,0.0,0.0,0.0,0.0,0.0,0.0,,,,,B.Mayfield,14.0,,CLE,5.0,-4
TB,CLE,2,TB,CLE,TB,64.0,1.0,pass,0.0,0,0,0,,,,,-6.17161309742369,0.0,0.0,1.0,0.0,0.0,0.0,1.0,0.0,0.0,0.0,0.0,0.0,0.0,0.0,0.0,B.Mayfield,,T.Hurst,,,,,,,-4
TB,CLE,2,CLE,TB,TB,28.0,1.0,pass,4.0,0,0,0,,,,,0.940358339808881,0.0,0.0,0.0,1.0,0.0,0.0,1.0,0.0,0.0,0.0,0.0,0.0,0.0,0.0,1.0,D.Watson,4.0,Q.Judkins,4.0,,,,TB,12.0,-4
TB,CLE,2,CLE,TB,TB,12.0,1.0,run,1.0,0,0,0,,,,,-1.12273825437296,0.0,0.0,0.0,1.0,0.0,1.0,0.0,0.0,0.0,0.0,0.0,0.0,0.0,0.0,0.0,,,,,Q.Judkins,1.0,,CLE,10.0,-4
TB,CLE,2,CLE,TB,TB,21.0,1.0,pass,0.0,0,0,0,,,,,-0.495248589315452,0.0,0.0,0.0,0.0,0.0,0.0,1.0,0.0,0.0,0.0,0.0,0.0,0.0,0.0,0.0,D.Watson,,D.Boston,,,,,,,-4
TB,CLE,2,CLE,TB,TB,21.0,2.0,pass,8.0,0,0,0,,,,,0.107845180784352,0.0,0.0,0.0,0.0,0.0,0.0,1.0,0.0,0.0,0.0,0.0,0.0,0.0,0.0,1.0,D.Watson,8.0,D.Boston,8.0,,,,,,-4
TB,CLE,2,CLE,TB,,,,,,0,0,0,,,,,0.0,,,,,,,,,,,,,,,,,,,,,,,,,-4
TB,CLE,2,CLE,TB,TB,13.0,3.0,pass,-8.0,0,0,0,,,,,-1.08029785664985,0.0,0.0,0.0,0.0,0.0,0.0,1.0,1.0,0.0,0.0,0.0,0.0,0.0,0.0,0.0,D.Watson,,,,,,,,,-4
TB,CLE,2,CLE,TB,TB,21.0,4.0,no_play,0.0,0,0,0,,,,,0.315934942099116,0.0,0.0,0.0,1.0,0.0,0.0,0.0,0.0,0.0,0.0,0.0,0.0,0.0,0.0,0.0,,,,,,,,TB,5.0,-4
TB,CLE,2,CLE,TB,TB,16.0,4.0,field_goal,0.0,0,0,0,made,,,,0.282212277122458,0.0,0.0,0.0,0.0,0.0,0.0,0.0,0.0,0.0,0.0,0.0,0.0,0.0,0.0,0.0,,,,,,,,,,-4
TB,CLE,2,TB,CLE,CLE,35.0,,kickoff,0.0,0,0,0,,,,,0.279090277850628,0.0,0.0,0.0,0.0,0.0,0.0,0.0,0.0,0.0,0.0,0.0,0.0,0.0,1.0,0.0,,,,,,,,,,-4
TB,CLE,2,TB,CLE,TB,71.0,1.0,run,5.0,0,0,0,,,,,-0.0640268814750016,0.0,0.0,0.0,0.0,0.0,1.0,0.0,0.0,0.0,0.0,0.0,0.0,0.0,0.0,0.0,,,,,B.Irving,5.0,,,,-4
TB,CLE,2,TB,CLE,TB,66.0,2.0,pass,-3.0,0,0,0,,,,,-1.12139269104227,0.0,0.0,0.0,0.0,0.0,0.0,1.0,0.0,0.0,0.0,0.0,0.0,0.0,0.0,1.0,B.Mayfield,-3.0,B.Irving,-3.0,,,,,,-4
TB,CLE,2,TB,CLE,TB,69.0,3.0,no_play,0.0,0,0,0,,,,,-1.19003125978634,0.0,0.0,0.0,1.0,0.0,0.0,0.0,0.0,0.0,0.0,0.0,0.0,0.0,0.0,0.0,,,,,,,,TB,10.0,-4
TB,CLE,2,TB,CLE,TB,79.0,3.0,pass,21.0,0,0,0,,,,,3.15180347836576,1.0,0.0,0.0,0.0,0.0,0.0,1.0,0.0,0.0,0.0,0.0,0.0,0.0,0.0,1.0,B.Mayfield,21.0,T.Hurst,21.0,,,,,,-4
TB,CLE,2,TB,CLE,TB,58.0,1.0,run,4.0,0,0,0,,,,,-0.0977185373194516,0.0,0.0,0.0,0.0,0.0,1.0,0.0,0.0,0.0,0.0,0.0,0.0,0.0,0.0,0.0,,,,,B.Irving,4.0,,,,-4
TB,CLE,2,TB,CLE,TB,54.0,2.0,run,-1.0,0,0,0,,,,,-1.00809561135247,0.0,0.0,0.0,0.0,0.0,1.0,0.0,0.0,0.0,0.0,0.0,0.0,0.0,0.0,0.0,,,,,B.Irving,-1.0,,,,-4
TB,CLE,2,TB,CLE,TB,55.0,3.0,pass,0.0,0,0,0,,,,,-1.46556241833605,0.0,0.0,0.0,0.0,0.0,0.0,1.0,1.0,0.0,0.0,0.0,0.0,0.0,0.0,0.0,B.Mayfield,,,,,,,,,-4
TB,CLE,2,TB,CLE,TB,55.0,4.0,punt,0.0,0,0,0,,,,,-0.370222181547433,0.0,0.0,0.0,0.0,0.0,0.0,0.0,0.0,0.0,0.0,0.0,0.0,0.0,0.0,0.0,,,,,,,,,,-4
TB,CLE,2,CLE,TB,CLE,80.0,1.0,no_play,0.0,0,0,0,,,,,-1.09081755601801,0.0,0.0,0.0,1.0,0.0,0.0,0.0,0.0,0.0,0.0,0.0,0.0,0.0,0.0,0.0,,,,,,,,CLE,10.0,-4
TB,CLE,2,CLE,TB,CLE,90.0,1.0,run,2.0,0,0,0,,,,,-0.34069875231944,0.0,0.0,0.0,0.0,0.0,1.0,0.0,0.0,0.0,0.0,0.0,0.0,0.0,0.0,0.0,,,,,D.Watson,2.0,,,,-4
TB,CLE,2,CLE,TB,CLE,88.0,2.0,pass,-7.0,0,0,0,,,,,-1.13179123215377,0.0,0.0,0.0,0.0,0.0,0.0,1.0,1.0,0.0,0.0,0.0,0.0,0.0,0.0,0.0,D.Watson,,,,,,,,,-4
TB,CLE,2,CLE,TB,CLE,95.0,3.0,run,3.0,0,0,0,,,,,-0.471418300643563,0.0,0.0,0.0,0.0,0.0,1.0,0.0,0.0,0.0,0.0,0.0,0.0,0.0,0.0,0.0,,,,,R.Sanders,3.0,,,,-4
TB,CLE,2,CLE,TB,CLE,92.0,4.0,punt,0.0,0,0,0,,,,,0.0601502491626889,0.0,0.0,0.0,0.0,0.0,0.0,0.0,0.0,0.0,0.0,0.0,0.0,0.0,0.0,0.0,,,,,,,,,,-4
TB,CLE,2,TB,CLE,TB,56.0,1.0,pass,2.0,0,0,0,,,,,-0.316276862518862,0.0,0.0,0.0,0.0,0.0,0.0,1.0,0.0,0.0,0.0,0.0,0.0,0.0,0.0,1.0,B.Mayfield,2.0,K.Gainwell,2.0,,,,,,-4
TB,CLE,2,TB,CLE,TB,54.0,2.0,pass,3.0,0,0,0,,,,,-0.373910180758685,0.0,0.0,0.0,0.0,0.0,0.0,1.0,0.0,0.0,0.0,0.0,0.0,0.0,0.0,1.0,B.Mayfield,3.0,C.Otton,3.0,,,C.Otton,,,-4
TB,CLE,2,TB,CLE,TB,51.0,3.0,no_play,0.0,0,0,0,,,,,-1.45913323154673,0.0,0.0,0.0,1.0,0.0,0.0,0.0,0.0,0.0,0.0,0.0,0.0,0.0,0.0,0.0,,,,,,,,TB,10.0,-4
TB,CLE,2,,,,,,no_play,0.0,0,0,0,,,,,0.0,0.0,0.0,0.0,0.0,0.0,0.0,0.0,0.0,0.0,0.0,0.0,0.0,0.0,0.0,0.0,,,,,,,,,,-4
TB,CLE,2,TB,CLE,TB,61.0,3.0,pass,-6.0,0,0,0,,,,,-0.95334227848798,0.0,0.0,0.0,0.0,0.0,0.0,1.0,1.0,0.0,0.0,0.0,0.0,0.0,0.0,0.0,B.Mayfield,,,,,,,,,-4
TB,CLE,2,TB,CLE,TB,67.0,4.0,punt,0.0,0,0,0,,,,,0.0530108239036053,0.0,0.0,0.0,0.0,0.0,0.0,0.0,0.0,0.0,0.0,0.0,0.0,0.0,0.0,0.0,,,,,,,,,,-4
TB,CLE,2,CLE,TB,CLE,75.0,1.0,run,3.0,0,0,1,,,,,-0.339455384062603,0.0,0.0,0.0,0.0,0.0,1.0,0.0,0.0,0.0,0.0,0.0,0.0,0.0,0.0,0.0,,,,,D.Watson,3.0,,,,-4
TB,CLE,2,CLE,TB,CLE,72.0,2.0,run,0.0,0,0,0,,,,,-0.460283858934417,0.0,0.0,0.0,0.0,0.0,1.0,0.0,0.0,0.0,0.0,0.0,0.0,0.0,0.0,0.0,,,,,Q.Judkins,0.0,,,,-4
TB,CLE,2,CLE,TB,CLE,72.0,3.0,pass,6.0,0,0,0,,,,,-0.155899761244655,0.0,0.0,0.0,0.0,0.0,0.0,1.0,0.0,0.0,0.0,0.0,0.0,0.0,0.0,1.0,D.Watson,6.0,K.Concepcion,6.0,,,,,,-4
TB,CLE,2,CLE,TB,CLE,66.0,4.0,run,0.0,0,0,0,,,,,-2.87927648401819,0.0,0.0,0.0,0.0,0.0,1.0,0.0,0.0,0.0,0.0,0.0,0.0,0.0,0.0,0.0,,,,,Q.Judkins,0.0,,,,-4
TB,CLE,2,TB,CLE,CLE,34.0,1.0,run,1.0,0,0,0,,,,,-0.284338691737503,0.0,0.0,0.0,0.0,0.0,1.0,0.0,0.0,0.0,0.0,0.0,0.0,0.0,0.0,0.0,,,,,B.Irving,1.0,,,,-4
TB,CLE,2,TB,CLE,CLE,33.0,2.0,pass,7.0,0,0,0,,,,,0.43931494577555,0.0,0.0,0.0,0.0,0.0,0.0,1.0,0.0,0.0,0.0,0.0,0.0,0.0,0.0,1.0,B.Mayfield,7.0,E.Egbuka,7.0,,,,,,-4
TB,CLE,2,TB,CLE,CLE,26.0,3.0,run,4.0,0,0,0,,,,,0.81872746499721,1.0,0.0,0.0,0.0,0.0,1.0,0.0,0.0,0.0,0.0,0.0,0.0,0.0,0.0,0.0,,,,,K.Gainwell,4.0,,,,-4
TB,CLE,2,TB,CLE,CLE,22.0,1.0,pass,5.0,0,0,0,,,,,0.164532951632282,0.0,0.0,0.0,0.0,0.0,0.0,1.0,0.0,0.0,0.0,0.0,0.0,0.0,0.0,1.0,B.Mayfield,5.0,K.Gainwell,5.0,,,,,,-4
TB,CLE,2,TB,CLE,CLE,17.0,2.0,run,6.0,0,0,0,,,,,0.331579452875303,0.0,0.0,0.0,0.0,0.0,1.0,0.0,0.0,0.0,0.0,0.0,0.0,0.0,0.0,0.0,,,,,K.Gainwell,6.0,,,,-4
TB,CLE,2,,,,,,no_play,0.0,0,0,0,,,,,0.0,0.0,0.0,0.0,0.0,0.0,0.0,0.0,0.0,0.0,0.0,0.0,0.0,0.0,0.0,0.0,,,,,,,,,,-4
TB,CLE,2,TB,CLE,CLE,11.0,1.0,pass,-2.0,0,0,0,,,,,-0.805175333865918,0.0,0.0,0.0,0.0,0.0,0.0,1.0,0.0,0.0,0.0,0.0,0.0,0.0,0.0,1.0,B.Mayfield,-2.0,K.Gainwell,-2.0,,,,,,-4
TB,CLE,2,,,,,,no_play,0.0,0,0,0,,,,,0.0,0.0,0.0,0.0,0.0,0.0,0.0,0.0,0.0,0.0,0.0,0.0,0.0,0.0,0.0,0.0,,,,,,,,,,-4
TB,CLE,2,TB,CLE,CLE,13.0,2.0,pass,0.0,0,0,0,,,,,-0.773126902175136,0.0,0.0,0.0,0.0,0.0,0.0,1.0,0.0,0.0,0.0,0.0,0.0,0.0,0.0,0.0,B.Mayfield,,,,,,,,,-4
TB,CLE,2,,,,,,no_play,0.0,0,0,0,,,,,0.0,0.0,0.0,0.0,0.0,0.0,0.0,0.0,0.0,0.0,0.0,0.0,0.0,0.0,0.0,0.0,,,,,,,,,,-4
TB,CLE,2,TB,CLE,CLE,13.0,3.0,pass,0.0,0,0,0,,,,,-0.13279884919692,0.0,0.0,0.0,0.0,0.0,0.0,1.0,0.0,0.0,0.0,0.0,0.0,0.0,0.0,0.0,B.Mayfield,,T.Johnson,,,,,,,-4
TB,CLE,2,TB,CLE,CLE,13.0,4.0,field_goal,0.0,0,0,0,made,,,,0.157718339352218,0.0,0.0,0.0,0.0,0.0,0.0,0.0,0.0,0.0,0.0,0.0,0.0,0.0,0.0,0.0,,,,,,,,,,-4
TB,CLE,2,CLE,TB,TB,35.0,,kickoff,0.0,0,0,0,,,,,-0.048234291432891,0.0,0.0,0.0,0.0,0.0,0.0,0.0,0.0,0.0,0.0,0.0,0.0,0.0,1.0,0.0,,,,,,,,,,-4
TB,CLE,2,CLE,TB,CLE,75.0,1.0,qb_kneel,-1.0,1,0,0,,,,,0.0,0.0,0.0,0.0,0.0,0.0,1.0,0.0,0.0,0.0,0.0,0.0,0.0,0.0,0.0,0.0,,,,,D.Watson,-1.0,,,,-4
TB,CLE,2,,,,,,,,0,0,0,,,,,,,,,,,,,,,,,,,,,,,,,,,,,,-4
TB,CLE,2,TB,CLE,CLE,35.0,,kickoff,0.0,0,0,0,,,,,0.562355830334127,0.0,0.0,0.0,0.0,0.0,0.0,0.0,0.0,0.0,0.0,0.0,0.0,0.0,1.0,0.0,,,,,,,,,,-4
TB,CLE,2,TB,CLE,TB,65.0,1.0,pass,24.0,0,0,0,,,,,1.5801470358856,0.0,0.0,0.0,0.0,0.0,0.0,1.0,0.0,0.0,0.0,0.0,0.0,0.0,0.0,1.0,B.Mayfield,24.0,C.Godwin,24.0,,,,,,-4
TB,CLE,2,TB,CLE,CLE,41.0,1.0,run,14.0,0,0,0,,,,,0.873208115110174,0.0,0.0,0.0,0.0,0.0,1.0,0.0,0.0,0.0,0.0,0.0,0.0,0.0,0.0,0.0,,,,,B.Irving,14.0,,,,-4
TB,CLE,2,TB,CLE,CLE,27.0,1.0,run,0.0,0,0,0,,,,,-0.405650842003524,0.0,0.0,0.0,0.0,0.0,1.0,0.0,0.0,0.0,0.0,0.0,0.0,0.0,0.0,0.0,,,,,B.Irving,0.0,,,,-4
TB,CLE,2,TB,CLE,CLE,27.0,2.0,pass,9.0,0,0,0,,,,,0.660671096527949,0.0,0.0,0.0,0.0,0.0,0.0,1.0,0.0,0.0,0.0,0.0,0.0,0.0,0.0,1.0,B.Mayfield,9.0,C.Otton,9.0,,,,,,-4
TB,CLE,2,TB,CLE,CLE,18.0,3.0,run,3.0,0,0,0,,,,,0.464605291665066,1.0,0.0,0.0,0.0,0.0,1.0,0.0,0.0,0.0,0.0,0.0,0.0,0.0,0.0,0.0,,,,,B.Mayfield,3.0,,,,-4
TB,CLE,2,TB,CLE,CLE,15.0,1.0,run,4.0,0,0,0,,,,,-0.253652082756162,0.0,0.0,0.0,0.0,0.0,1.0,0.0,0.0,0.0,0.0,0.0,0.0,0.0,0.0,0.0,,,,,B.Irving,4.0,,,,-4
TB,CLE,2,TB,CLE,CLE,11.0,2.0,pass,-3.0,0,0,0,,,,,-1.03586811461719,0.0,0.0,0.0,0.0,0.0,0.0,1.0,0.0,0.0,0.0,0.0,0.0,0.0,0.0,1.0,B.Mayfield,-3.0,B.Irving,-3.0,,,,,,-4
TB,CLE,2,TB,CLE,CLE,14.0,3.0,run,9.0,0,0,1,,,,,2.03433886123821,1.0,0.0,0.0,0.0,0.0,1.0,0.0,0.0,0.0,0.0,0.0,0.0,0.0,0.0,0.0,,,,,B.Mayfield,9.0,,,,-4
TB,CLE,2,TB,CLE,CLE,5.0,1.0,pass,5.0,0,0,0,,,,TB,1.04574704077095,0.0,0.0,0.0,0.0,0.0,0.0,1.0,0.0,1.0,1.0,0.0,0.0,0.0,0.0,1.0,B.Mayfield,5.0,E.Egbuka,5.0,,,,,,-4
TB,CLE,2,TB,CLE,CLE,15.0,,extra_point,0.0,0,0,0,,good,,,0.0675730031076331,0.0,0.0,0.0,0.0,0.0,0.0,0.0,0.0,0.0,0.0,0.0,1.0,0.0,0.0,0.0,,,,,,,,,,-4
TB,CLE,2,CLE,TB,TB,35.0,,kickoff,0.0,0,0,0,,,,,0.0273003135807812,0.0,0.0,0.0,0.0,0.0,0.0,0.0,0.0,0.0,0.0,0.0,0.0,0.0,1.0,0.0,,,,,,,,,,-4
TB,CLE,2,CLE,TB,CLE,74.0,1.0,run,1.0,0,0,0,,,,,-0.512661851011217,0.0,0.0,0.0,0.0,0.0,1.0,0.0,0.0,0.0,0.0,0.0,0.0,0.0,0.0,0.0,,,,,Q.Judkins,1.0,,,,-4
TB,CLE,2,CLE,TB,CLE,73.0,2.0,pass,6.0,0,0,0,,,,,-0.346233342774212,0.0,0.0,0.0,0.0,0.0,0.0,1.0,0.0,0.0,0.0,0.0,0.0,0.0,0.0,1.0,D.Watson,6.0,H.Fannin,6.0,,,,,,-4
TB,CLE,2,,,,,,no_play,0.0,0,0,0,,,,,0.0,0.0,0.0,0.0,0.0,0.0,0.0,0.0,0.0,0.0,0.0,0.0,0.0,0.0,0.0,0.0,,,,,,,,,,-4
TB,CLE,2,CLE,TB,CLE,67.0,3.0,run,8.0,0,0,0,,,,,1.43858003825881,1.0,0.0,0.0,0.0,0.0,1.0,0.0,0.0,0.0,0.0,0.0,0.0,0.0,0.0,0.0,,,,,D.Watson,8.0,,,,-4
TB,CLE,2,CLE,TB,CLE,59.0,1.0,pass,15.0,0,0,0,,,,,1.11931710178033,0.0,0.0,0.0,0.0,0.0,0.0,1.0,0.0,0.0,0.0,0.0,0.0,0.0,0.0,1.0,D.Watson,15.0,D.Boston,15.0,,,,,,-4
TB,CLE,2,CLE,TB,TB,44.0,1.0,run,5.0,0,0,0,,,,,0.0898054877761751,0.0,0.0,0.0,0.0,0.0,1.0,0.0,0.0,0.0,0.0,0.0,0.0,0.0,0.0,0.0,,,,,Q.Judkins,5.0,,,,-4
TB,CLE,2,CLE,TB,TB,39.0,2.0,pass,9.0,0,0,0,,,,,0.964688153006136,0.0,0.0,0.0,0.0,0.0,0.0,1.0,0.0,0.0,0.0,0.0,0.0,0.0,0.0,1.0,D.Watson,9.0,K.Concepcion,9.0,,,,,,-4
TB,CLE,2,CLE,TB,TB,30.0,1.0,pass,10.0,0,0,0,,,,,0.716024308232591,0.0,0.0,0.0,0.0,0.0,0.0,1.0,0.0,0.0,0.0,0.0,0.0,0.0,0.0,1.0,D.Watson,10.0,I.Bond,10.0,,,,,,-4
TB,CLE,2,CLE,TB,TB,20.0,1.0,pass,6.0,0,0,0,,,,,0.373263057670556,0.0,0.0,0.0,0.0,0.0,0.0,1.0,0.0,0.0,0.0,0.0,0.0,0.0,0.0,1.0,D.Watson,6.0,K.Concepcion,6.0,,,,,,-4
TB,CLE,2,CLE,TB,TB,14.0,2.0,pass,-2.0,0,0,0,,,,,-1.11732727487106,0.0,0.0,0.0,0.0,0.0,0.0,1.0,0.0,0.0,0.0,0.0,0.0,0.0,0.0,1.0,D.Watson,-2.0,K.Concepcion,-2.0,,,,,,-4
TB,CLE,2,CLE,TB,TB,16.0,3.0,pass,0.0,0,0,0,,,,,-0.866094913601508,0.0,0.0,0.0,0.0,0.0,0.0,1.0,0.0,0.0,0.0,0.0,0.0,0.0,0.0,0.0,D.Watson,,D.Boston,,,,,,,-4
TB,CLE,2,CLE,TB,TB,16.0,4.0,field_goal,0.0,0,0,0,made,,,,0.250670769054075,0.0,0.0,0.0,0.0,0.0,0.0,0.0,0.0,0.0,0.0,0.0,0.0,0.0,0.0,0.0,,,,,,,,,,-4
TB,CLE,2,TB,CLE,CLE,35.0,,kickoff,0.0,0,0,0,,,,,0.31104178330861,0.0,0.0,0.0,0.0,0.0,0.0,0.0,0.0,0.0,0.0,0.0,0.0,0.0,1.0,0.0,,,,,,,,,,-4
TB,CLE,2,TB,CLE,TB,71.0,1.0,pass,13.0,0,0,0,,,,,0.718166537582874,0.0,0.0,0.0,0.0,0.0,0.0,1.0,0.0,0.0,0.0,0.0,0.0,0.0,0.0,1.0,B.Mayfield,13.0,C.Otton,13.0,,,,,,-4
TB,CLE,2,TB,CLE,TB,58.0,1.0,run,-5.0,0,0,0,,,,,-1.1097923326306,0.0,0.0,0.0,0.0,0.0,1.0,0.0,0.0,0.0,0.0,0.0,0.0,0.0,0.0,0.0,,,,,B.Irving,-5.0,,,,-4
TB,CLE,2,TB,CLE,TB,63.0,2.0,pass,0.0,0,0,0,,,,,-0.911154195666313,0.0,0.0,0.0,0.0,0.0,0.0,1.0,0.0,0.0,0.0,0.0,0.0,0.0,0.0,0.0,B.Mayfield,,E.Egbuka,,,,,,,-4
TB,CLE,2,TB,CLE,TB,63.0,3.0,pass,0.0,0,0,0,,,,,-1.16029109526426,0.0,0.0,0.0,0.0,0.0,0.0,1.0,0.0,0.0,0.0,0.0,0.0,0.0,0.0,0.0,B.Mayfield,,T.Johnson,,,,,,,-4
TB,CLE,2,TB,CLE,TB,63.0,4.0,punt,0.0,0,0,0,,,,,0.491388856433332,0.0,0.0,0.0,0.0,0.0,0.0,0.0,0.0,0.0,0.0,0.0,0.0,0.0,0.0,0.0,,,,,,,,,,-4
TB,CLE,2,CLE,TB,CLE,83.0,1.0,pass,13.0,0,0,0,,,,,0.84870919585228,0.0,0.0,0.0,0.0,0.0,0.0,1.0,0.0,0.0,0.0,0.0,0.0,0.0,0.0,1.0,D.Watson,13.0,H.Fannin,13.0,,,,,,-4
TB,CLE,2,CLE,TB,CLE,70.0,1.0,pass,0.0,0,0,0,,,,,-0.544464975129813,0.0,0.0,0.0,0.0,0.0,0.0,1.0,0.0,0.0,0.0,0.0,0.0,0.0,0.0,0.0,D.Watson,,B.Whiteheart,,,,,,,-4
TB,CLE,2,CLE,TB,CLE,70.0,2.0,no_play,0.0,0,0,0,,,,,1.55553550785407,0.0,0.0,0.0,1.0,0.0,0.0,0.0,0.0,0.0,0.0,0.0,0.0,0.0,0.0,0.0,,,,,,,,TB,15.0,-4
TB,CLE,2,CLE,TB,CLE,55.0,1.0,pass,55.0,0,0,0,,,,CLE,5.18301439657807,0.0,0.0,0.0,0.0,0.0,0.0,1.0,0.0,1.0,1.0,0.0,0.0,0.0,0.0,1.0,D.Watson,55.0,D.Boston,55.0,,,,,,-4
TB,CLE,2,CLE,TB,TB,15.0,,extra_point,0.0,0,0,0,,good,,,0.0675730031076331,0.0,0.0,0.0,0.0,0.0,0.0,0.0,0.0,0.0,0.0,0.0,1.0,0.0,0.0,0.0,,,,,,,,,,-4
TB,CLE,2,TB,CLE,CLE,35.0,,kickoff,0.0,0,0,0,,,,,0.300368788652122,0.0,0.0,0.0,0.0,0.0,0.0,0.0,0.0,0.0,0.0,0.0,0.0,0.0,1.0,0.0,,,,,,,,,,-4
TB,CLE,2,TB,CLE,TB,71.0,1.0,run,1.0,0,0,0,,,,,-0.625735762994736,0.0,0.0,0.0,0.0,0.0,1.0,0.0,0.0,0.0,0.0,0.0,0.0,0.0,0.0,0.0,,,,,B.Irving,1.0,,,,-4
TB,CLE,2,TB,CLE,TB,70.0,2.0,run,1.0,0,0,0,,,,,-0.730747634544969,0.0,0.0,0.0,0.0,0.0,1.0,0.0,0.0,0.0,0.0,0.0,0.0,0.0,0.0,0.0,,,,,B.Irving,1.0,,,,-4
TB,CLE,2,TB,CLE,,,,,,0,0,0,,,,,0.0,,,,,,,,,,,,,,,,,,,,,,,,,-4
TB,CLE,2,TB,CLE,TB,69.0,3.0,pass,0.0,0,0,0,,,,,-1.34128618938848,0.0,0.0,0.0,0.0,0.0,0.0,1.0,0.0,0.0,0.0,0.0,0.0,0.0,0.0,0.0,B.Mayfield,,T.Hurst,,,,,,,-4
TB,CLE,2,TB,CLE,TB,69.0,4.0,punt,0.0,0,0,0,,,,,0.178474110551178,0.0,0.0,0.0,0.0,0.0,0.0,0.0,0.0,0.0,0.0,0.0,0.0,0.0,0.0,0.0,,,,,,,,,,-4
TB,CLE,2,CLE,TB,CLE,74.0,1.0,pass,13.0,0,0,0,,,,,0.863562722923234,0.0,0.0,0.0,0.0,0.0,0.0,1.0,0.0,0.0,0.0,0.0,0.0,0.0,0.0,1.0,D.Watson,13.0,Q.Judkins,13.0,,,,,,-4
TB,CLE,2,CLE,TB,CLE,61.0,1.0,run,-3.0,0,0,0,,,,,-0.969814147567376,0.0,0.0,0.0,0.0,0.0,1.0,0.0,0.0,0.0,0.0,0.0,0.0,0.0,0.0,0.0,,,,,Q.Judkins,-3.0,,,,-4
TB,CLE,2,CLE,TB,CLE,64.0,2.0,pass,0.0,0,0,0,,,,,-0.893932536710054,0.0,0.0,0.0,0.0,0.0,0.0,1.0,0.0,0.0,0.0,0.0,0.0,0.0,0.0,0.0,D.Watson,,J.Jeudy,,,,,,,-4
TB,CLE,2,CLE,TB,CLE,64.0,3.0,run,5.0,0,0,1,,,,,-0.598518111277372,0.0,0.0,0.0,0.0,0.0,1.0,0.0,0.0,0.0,0.0,0.0,0.0,0.0,0.0,0.0,,,,,D.Watson,5.0,,,,-4
TB,CLE,2,CLE,TB,CLE,59.0,4.0,punt,0.0,0,0,0,,,,,0.142026807647198,0.0,0.0,0.0,0.0,0.0,0.0,0.0,0.0,0.0,0.0,0.0,0.0,0.0,0.0,0.0,,,,,,,,,,-4
TB,CLE,2,TB,CLE,TB,84.0,1.0,pass,0.0,0,0,0,,,,,-0.572678621392697,0.0,0.0,0.0,0.0,0.0,0.0,1.0,0.0,0.0,0.0,0.0,0.0,0.0,0.0,0.0,B.Mayfield,,T.Johnson,,,,,,,-4
TB,CLE,2,TB,CLE,TB,84.0,2.0,pass,14.0,0,0,0,,,,,1.42641648114659,0.0,0.0,0.0,0.0,0.0,0.0,1.0,0.0,0.0,0.0,0.0,0.0,0.0,0.0,1.0,B.Mayfield,14.0,C.Godwin,14.0,,,,,,-4
TB,CLE,2,TB,CLE,TB,70.0,1.0,pass,49.0,0,0,0,,,,,2.84141211188398,0.0,0.0,0.0,0.0,0.0,0.0,1.0,0.0,0.0,0.0,0.0,0.0,0.0,0.0,1.0,B.Mayfield,49.0,T.Johnson,49.0,,,,,,-4
TB,CLE,2,TB,CLE,CLE,21.0,1.0,pass,4.0,0,0,0,,,,,-0.101794176851399,0.0,0.0,0.0,0.0,0.0,0.0,1.0,0.0,0.0,0.0,0.0,0.0,0.0,0.0,1.0,B.Mayfield,4.0,E.Egbuka,4.0,,,,,,-4
TB,CLE,2,TB,CLE,CLE,17.0,2.0,pass,4.0,0,0,0,,,,,0.0534682492143475,0.0,0.0,0.0,0.0,0.0,0.0,1.0,0.0,0.0,0.0,0.0,0.0,0.0,0.0,1.0,B.Mayfield,4.0,B.Irving,4.0,,,,,,-4
TB,CLE,2,TB,CLE,CLE,13.0,3.0,pass,0.0,0,0,0,,,,,-1.73694353138935,0.0,0.0,0.0,0.0,0.0,0.0,1.0,0.0,0.0,0.0,0.0,0.0,0.0,0.0,0.0,B.Mayfield,,T.Hurst,,,,,,,-4
TB,CLE,2,TB,CLE,CLE,13.0,4.0,field_goal,0.0,0,0,0,made,,,,0.212018867271489,0.0,0.0,0.0,0.0,0.0,0.0,0.0,0.0,0.0,0.0,0.0,0.0,0.0,0.0,0.0,,,,,,,,,,-4
TB,CLE,2,CLE,TB,TB,35.0,,kickoff,0.0,0,0,0,,,,,0.361479911953211,0.0,0.0,0.0,0.0,0.0,0.0,0.0,0.0,0.0,0.0,0.0,0.0,0.0,1.0,0.0,,,,,,,,,,-4
TB,CLE,2,CLE,TB,CLE,68.0,1.0,pass,3.0,0,0,0,,,,,-0.451227106386796,0.0,0.0,0.0,0.0,0.0,0.0,1.0,0.0,0.0,0.0,0.0,0.0,0.0,0.0,1.0,D.Watson,3.0,Q.Judkins,3.0,,,,,,-4
TB,CLE,2,CLE,TB,CLE,65.0,2.0,run,3.0,0,0,0,,,,,-0.121203893329948,0.0,0.0,0.0,0.0,0.0,1.0,0.0,0.0,0.0,0.0,0.0,0.0,0.0,0.0,0.0,,,,,J.McLaughlin,3.0,,,,-4
TB,CLE,2,CLE,TB,CLE,62.0,3.0,run,6.0,0,0,1,,,,,1.30437973677181,1.0,0.0,0.0,0.0,0.0,1.0,0.0,0.0,0.0,0.0,0.0,0.0,0.0,0.0,0.0,,,,,D.Watson,6.0,,,,-4
TB,CLE,2,CLE,TB,CLE,56.0,1.0,no_play,,0,0,0,,,,,0.0041756110731512,,,,,,,,,,,,,,,,,,,,,,,,,-4
TB,CLE,2,CLE,TB,CLE,56.0,1.0,pass,5.0,0,0,0,,,,,0.183953583240509,0.0,0.0,0.0,0.0,0.0,0.0,1.0,0.0,0.0,0.0,0.0,0.0,0.0,0.0,1.0,D.Watson,5.0,Q.Judkins,5.0,,,,,,-4
TB,CLE,2,CLE,TB,CLE,51.0,2.0,pass,2.0,0,0,0,,,,,-0.418780525447801,0.0,0.0,0.0,0.0,0.0,0.0,1.0,0.0,0.0,0.0,0.0,0.0,0.0,0.0,1.0,D.Watson,2.0,Q.Judkins,2.0,,,,,,-4
TB,CLE,2,CLE,TB,TB,49.0,3.0,pass,9.0,0,0,0,,,,,1.39323731849436,1.0,0.0,0.0,0.0,0.0,0.0,1.0,0.0,0.0,0.0,0.0,0.0,0.0,0.0,1.0,D.Watson,9.0,D.Boston,9.0,,,,,,-4
TB,CLE,2,CLE,TB,TB,40.0,1.0,pass,8.0,0,0,0,,,,,0.578325648908503,0.0,0.0,0.0,0.0,0.0,0.0,1.0,0.0,0.0,0.0,0.0,0.0,0.0,0.0,1.0,D.Watson,8.0,H.Fannin,8.0,,,,,,-4
TB,CLE,2,CLE,TB,TB,32.0,2.0,run,1.0,0,0,0,,,,,-0.50803926307708,0.0,0.0,0.0,0.0,0.0,1.0,0.0,0.0,0.0,0.0,0.0,0.0,0.0,0.0,0.0,,,,,R.Sanders,1.0,,,,-4
TB,CLE,2,,,,,,no_play,0.0,0,0,0,,,,,0.0,0.0,0.0,0.0,0.0,0.0,0.0,0.0,0.0,0.0,0.0,0.0,0.0,0.0,0.0,0.0,,,,,,,,,,-4
TB,CLE,2,CLE,TB,TB,31.0,3.0,pass,6.0,0,0,0,,,,,0.686207498714794,1.0,0.0,0.0,0.0,0.0,0.0,1.0,0.0,0.0,0.0,0.0,0.0,0.0,0.0,1.0,D.Watson,6.0,H.Fannin,6.0,,,,,,-4
TB,CLE,2,CLE,TB,TB,25.0,1.0,pass,0.0,0,0,0,,,,,-0.412490890477784,0.0,0.0,0.0,0.0,0.0,0.0,1.0,0.0,0.0,0.0,0.0,0.0,0.0,0.0,0.0,D.Watson,,J.McLaughlin,,,,,,,-4
TB,CLE,2,CLE,TB,TB,25.0,2.0,pass,8.0,0,0,0,,,,,0.551888593996409,0.0,0.0,0.0,0.0,0.0,0.0,1.0,0.0,0.0,0.0,0.0,0.0,0.0,0.0,1.0,D.Watson,8.0,D.Boston,8.0,,,,,,-4
TB,CLE,2,CLE,TB,TB,17.0,3.0,pass,17.0,0,0,0,,,,CLE,3.05883939052001,1.0,0.0,0.0,0.0,0.0,0.0,1.0,0.0,1.0,1.0,0.0,0.0,0.0,0.0,1.0,D.Watson,17.0,B.Whiteheart,17.0,,,,,,-4
TB,CLE,2,CLE,TB,TB,15.0,,extra_point,0.0,0,0,0,,good,,,0.0675730031076331,0.0,0.0,0.0,0.0,0.0,0.0,0.0,0.0,0.0,0.0,0.0,1.0,0.0,0.0,0.0,,,,,,,,,,-4
TB,CLE,2,TB,CLE,CLE,35.0,,kickoff,0.0,0,0,0,,,,,0.998226444469765,0.0,0.0,0.0,0.0,0.0,0.0,0.0,0.0,0.0,0.0,0.0,0.0,0.0,1.0,0.0,,,,,,,,,,-4
TB,CLE,2,TB,CLE,TB,51.0,1.0,pass,4.0,0,0,0,,,,,-0.125966991938185,0.0,0.0,0.0,0.0,0.0,0.0,1.0,0.0,0.0,0.0,0.0,0.0,0.0,0.0,1.0,B.Mayfield,4.0,C.Otton,4.0,,,,,,-4
TB,CLE,2,TB,CLE,CLE,47.0,2.0,run,5.0,0,0,0,,,,,0.118225696904119,0.0,0.0,0.0,0.0,0.0,1.0,0.0,0.0,0.0,0.0,0.0,0.0,0.0,0.0,0.0,,,,,B.Irving,5.0,,,,-4
TB,CLE,2,TB,CLE,CLE,42.0,3.0,pass,8.0,0,0,0,,,,,0.893668231321499,1.0,0.0,0.0,0.0,0.0,0.0,1.0,0.0,0.0,0.0,0.0,0.0,0.0,0.0,1.0,B.Mayfield,8.0,C.Godwin,8.0,,,,,,-4
TB,CLE,2,TB,CLE,CLE,34.0,1.0,run,6.0,0,0,0,,,,,0.359562857367564,0.0,0.0,0.0,0.0,0.0,1.0,0.0,0.0,0.0,0.0,0.0,0.0,0.0,0.0,0.0,,,,,B.Irving,6.0,,,,-4
TB,CLE,2,TB,CLE,,,,,,0,0,0,,,,,0.0,,,,,,,,,,,,,,,,,,,,,,,,,-4
TB,CLE,2,TB,CLE,,,,,,0,0,0,,,,,0.0,,,,,,,,,,,,,,,,,,,,,,,,,-4
TB,CLE,2,TB,CLE,CLE,28.0,2.0,run,3.0,0,0,0,,,,,0.0156028902856633,0.0,0.0,0.0,0.0,0.0,1.0,0.0,0.0,0.0,0.0,0.0,0.0,0.0,0.0,0.0,,,,,B.Irving,3.0,,,,-4
TB,CLE,2,TB,CLE,CLE,25.0,3.0,run,6.0,0,0,0,,,,,0.699543815397192,1.0,0.0,0.0,0.0,0.0,1.0,0.0,0.0,0.0,0.0,0.0,0.0,0.0,0.0,0.0,,,,,B.Irving,6.0,,,,-4
TB,CLE,2,TB,CLE,CLE,19.0,1.0,pass,6.0,0,0,0,,,,,0.429665034840582,0.0,0.0,0.0,0.0,0.0,0.0,1.0,0.0,0.0,0.0,0.0,0.0,0.0,0.0,1.0,B.Mayfield,6.0,T.Hurst,6.0,,,,,,-4
TB,CLE,2,,,,,,no_play,0.0,0,0,0,,,,,0.0,0.0,0.0,0.0,0.0,0.0,0.0,0.0,0.0,0.0,0.0,0.0,0.0,0.0,0.0,0.0,,,,,,,,,,-4
TB,CLE,2,TB,CLE,CLE,13.0,2.0,no_play,0.0,0,0,0,,,,,-1.25659227007418,0.0,0.0,0.0,1.0,0.0,0.0,0.0,0.0,0.0,0.0,0.0,0.0,0.0,0.0,0.0,,,,,,,,TB,10.0,-4
TB,CLE,2,TB,CLE,CLE,23.0,2.0,pass,0.0,0,0,0,,,,,-0.267111861146987,0.0,0.0,0.0,0.0,0.0,0.0,1.0,0.0,0.0,0.0,0.0,0.0,0.0,0.0,0.0,B.Mayfield,,T.Hurst,,,,,,,-4
TB,CLE,2,TB,CLE,CLE,23.0,3.0,run,3.0,0,0,1,,,,,-0.569742101593874,0.0,0.0,0.0,0.0,0.0,1.0,0.0,0.0,0.0,0.0,0.0,0.0,0.0,0.0,0.0,,,,,B.Mayfield,3.0,,,,-4
TB,CLE,2,,,,,,no_play,0.0,0,0,0,,,,,0.0,0.0,0.0,0.0,0.0,0.0,0.0,0.0,0.0,0.0,0.0,0.0,0.0,0.0,0.0,0.0,,,,,,,,,,-4
TB,CLE,2,,,,,,no_play,0.0,0,0,0,,,,,0.0,0.0,0.0,0.0,0.0,0.0,0.0,0.0,0.0,0.0,0.0,0.0,0.0,0.0,0.0,0.0,,,,,,,,,,-4
TB,CLE,2,TB,CLE,CLE,20.0,4.0,pass,0.0,0,0,0,,,,,-2.19639019656461,0.0,0.0,0.0,0.0,0.0,0.0,1.0,0.0,0.0,0.0,0.0,0.0,0.0,0.0,0.0,B.Mayfield,,E.Egbuka,,,,,,,-4
TB,CLE,2,CLE,TB,CLE,80.0,1.0,qb_kneel,-1.0,1,0,0,,,,,0.0,0.0,0.0,0.0,0.0,0.0,1.0,0.0,0.0,0.0,0.0,0.0,0.0,0.0,0.0,0.0,,,,,D.Watson,-1.0,,,,-4
TB,CLE,2,CLE,TB,,,,,,0,0,0,,,,,,,,,,,,,,,,,,,,,,,,,,,,,,-4
BUF,DET,2,,,,,,,,0,0,0,,,,,0.0,,,,,,,,,,,,,,,,,,,,,,,,,10
BUF,DET,2,BUF,DET,DET,35.0,,kickoff,0.0,0,0,0,,,,,-0.780372305307537,0.0,0.0,0.0,1.0,0.0,0.0,0.0,0.0,0.0,0.0,0.0,0.0,0.0,1.0,0.0,,,,,,,,BUF,10.0,10
BUF,DET,2,BUF,DET,BUF,85.0,1.0,pass,9.0,0,0,0,,,,,0.840315403416753,0.0,0.0,0.0,0.0,0.0,0.0,1.0,0.0,0.0,0.0,0.0,0.0,0.0,0.0,1.0,J.Allen,9.0,K.Shakir,9.0,,,,,,10
BUF,DET,2,BUF,DET,BUF,76.0,2.0,run,12.0,0,0,0,,,,,0.750785159645602,0.0,0.0,0.0,0.0,0.0,1.0,0.0,0.0,0.0,0.0,0.0,0.0,0.0,0.0,0.0,,,,,J.Cook,12.0,,,,10
BUF,DET,2,BUF,DET,BUF,64.0,1.0,pass,-5.0,0,0,0,,,,,-1.26149320672266,0.0,0.0,0.0,0.0,0.0,0.0,1.0,1.0,0.0,0.0,0.0,0.0,0.0,0.0,0.0,J.Allen,,,,,,J.Allen,,,10
BUF,DET,2,BUF,DET,BUF,69.0,2.0,run,13.0,0,0,1,,,,,1.97843579249457,0.0,0.0,0.0,1.0,0.0,1.0,0.0,0.0,0.0,0.0,0.0,0.0,0.0,0.0,0.0,,,,,J.Allen,13.0,,DET,5.0,10
BUF,DET,2,BUF,DET,BUF,51.0,1.0,run,1.0,0,0,0,,,,,-0.481281091226265,0.0,0.0,0.0,0.0,0.0,1.0,0.0,0.0,0.0,0.0,0.0,0.0,0.0,0.0,0.0,,,,,J.Cook,1.0,,,,10
BUF,DET,2,BUF,DET,50,50.0,2.0,run,12.0,0,0,1,,,,,1.23665190907195,0.0,0.0,0.0,0.0,0.0,1.0,0.0,0.0,0.0,0.0,0.0,0.0,0.0,0.0,0.0,,,,,J.Allen,12.0,,,,10
BUF,DET,2,BUF,DET,DET,38.0,1.0,pass,13.0,0,0,0,,,,,0.799659972195514,0.0,0.0,0.0,0.0,0.0,0.0,1.0,0.0,0.0,0.0,0.0,0.0,0.0,0.0,1.0,J.Allen,13.0,K.Shakir,13.0,,,,,,10
BUF,DET,2,BUF,DET,DET,25.0,1.0,run,10.0,0,0,0,,,,,0.618453331640922,0.0,0.0,0.0,0.0,0.0,1.0,0.0,0.0,0.0,0.0,0.0,0.0,0.0,0.0,0.0,,,,,J.Cook,10.0,,,,10
BUF,DET,2,BUF,DET,DET,15.0,1.0,run,14.0,0,0,1,,,,,1.34405003258144,0.0,0.0,0.0,0.0,0.0,1.0,0.0,0.0,0.0,0.0,0.0,0.0,0.0,0.0,0.0,,,,,J.Allen,14.0,,,,10
BUF,DET,2,BUF,DET,DET,1.0,1.0,run,1.0,0,0,0,,,,BUF,0.480697234364925,0.0,0.0,0.0,0.0,0.0,1.0,0.0,0.0,1.0,0.0,1.0,0.0,0.0,0.0,0.0,,,,,J.Allen,1.0,,,,10
BUF,DET,2,BUF,DET,DET,15.0,,extra_point,0.0,0,0,0,,good,,,0.0675730031076331,0.0,0.0,0.0,0.0,0.0,0.0,0.0,0.0,0.0,0.0,0.0,1.0,0.0,0.0,0.0,,,,,,,,,,10
BUF,DET,2,DET,BUF,BUF,35.0,,kickoff,0.0,0,0,0,,,,,0.545923679601401,0.0,0.0,0.0,0.0,0.0,0.0,0.0,0.0,0.0,0.0,0.0,0.0,0.0,1.0,0.0,,,,,,,,,,10
BUF,DET,2,DET,BUF,DET,65.0,1.0,pass,2.0,0,0,0,,,,,-0.320666559971869,0.0,0.0,0.0,0.0,0.0,0.0,1.0,0.0,0.0,0.0,0.0,0.0,0.0,0.0,1.0,J.Goff,2.0,S.LaPorta,2.0,,,,,,10
BUF,DET,2,DET,BUF,DET,63.0,2.0,run,0.0,0,0,0,,,,,-0.806925685610622,0.0,0.0,0.0,0.0,0.0,1.0,0.0,0.0,0.0,0.0,0.0,0.0,0.0,0.0,0.0,,,,,J.Gibbs,0.0,,,,10
BUF,DET,2,DET,BUF,DET,63.0,3.0,pass,-7.0,0,0,0,,,,,-1.81513536907732,0.0,0.0,0.0,0.0,0.0,0.0,1.0,1.0,0.0,0.0,0.0,0.0,0.0,0.0,0.0,J.Goff,,,,,,,,,10
BUF,DET,2,DET,BUF,DET,70.0,4.0,punt,0.0,0,0,0,,,,,0.599449907895178,0.0,0.0,0.0,0.0,0.0,0.0,0.0,0.0,0.0,0.0,0.0,0.0,0.0,0.0,0.0,,,,,,,,,,10
BUF,DET,2,BUF,DET,BUF,79.0,1.0,pass,0.0,0,0,0,,,,,-0.57222845684737,0.0,0.0,0.0,0.0,0.0,0.0,1.0,0.0,0.0,0.0,0.0,0.0,0.0,0.0,0.0,J.Allen,,K.Shakir,,,,,,,10
BUF,DET,2,BUF,DET,BUF,79.0,2.0,run,4.0,0,0,0,,,,,-0.196909850463271,0.0,0.0,0.0,0.0,0.0,1.0,0.0,0.0,0.0,0.0,0.0,0.0,0.0,0.0,0.0,,,,,J.Cook,4.0,,,,10
BUF,DET,2,BUF,DET,BUF,75.0,3.0,pass,7.0,0,0,0,,,,,1.7437137234956,1.0,0.0,0.0,0.0,0.0,0.0,1.0,0.0,0.0,0.0,0.0,0.0,0.0,0.0,1.0,J.Allen,7.0,K.Coleman,7.0,,,,,,10
BUF,DET,2,BUF,DET,BUF,68.0,1.0,run,1.0,0,0,0,,,,,-0.538488219957799,0.0,0.0,0.0,0.0,0.0,1.0,0.0,0.0,0.0,0.0,0.0,0.0,0.0,0.0,0.0,,,,,J.Cook,1.0,,,,10
BUF,DET,2,BUF,DET,BUF,67.0,2.0,pass,25.0,0,0,0,,,,,2.04405180900358,0.0,0.0,0.0,0.0,0.0,0.0,1.0,0.0,0.0,0.0,0.0,0.0,0.0,0.0,1.0,J.Allen,25.0,D.Kincaid,25.0,,,,,,10
BUF,DET,2,BUF,DET,DET,42.0,1.0,run,-1.0,0,0,0,,,,,-0.935742837842554,0.0,0.0,0.0,0.0,0.0,1.0,0.0,0.0,0.0,0.0,0.0,0.0,0.0,0.0,0.0,,,,,D.Moore,-1.0,,,,10
BUF,DET,2,BUF,DET,DET,43.0,2.0,pass,0.0,0,0,0,,,,,-0.943664228543639,0.0,0.0,0.0,0.0,0.0,0.0,1.0,0.0,0.0,0.0,0.0,0.0,0.0,0.0,0.0,J.Allen,,,,,,,,,10
BUF,DET,2,BUF,DET,DET,43.0,3.0,pass,43.0,0,0,0,,,,BUF,5.45920728496276,1.0,0.0,0.0,0.0,0.0,0.0,1.0,0.0,1.0,1.0,0.0,0.0,0.0,0.0,1.0,J.Allen,43.0,J.Palmer,43.0,,,,,,10
BUF,DET,2,BUF,DET,DET,15.0,,extra_point,0.0,0,0,0,,good,,,0.0675730031076331,0.0,0.0,0.0,0.0,0.0,0.0,0.0,0.0,0.0,0.0,0.0,1.0,0.0,0.0,0.0,,,,,,,,,,10
BUF,DET,2,DET,BUF,BUF,35.0,,kickoff,0.0,0,0,0,,,,,0.540172724053264,0.0,0.0,0.0,0.0,0.0,0.0,0.0,0.0,0.0,0.0,0.0,0.0,0.0,1.0,0.0,,,,,,,,,,10
BUF,DET,2,DET,BUF,DET,66.0,1.0,run,16.0,0,0,0,,,,,1.12487458088435,0.0,0.0,0.0,0.0,0.0,1.0,0.0,0.0,0.0,0.0,0.0,0.0,0.0,0.0,0.0,,,,,J.Gibbs,16.0,,,,10
BUF,DET,2,DET,BUF,50,50.0,1.0,run,9.0,0,0,0,,,,,0.76085520349443,0.0,0.0,0.0,0.0,0.0,1.0,0.0,0.0,0.0,0.0,0.0,0.0,0.0,0.0,0.0,,,,,J.Gibbs,9.0,,,,10
BUF,DET,2,DET,BUF,BUF,41.0,2.0,pass,-10.0,0,0,0,,,,,-2.47064170450904,0.0,0.0,0.0,0.0,0.0,0.0,1.0,1.0,0.0,0.0,0.0,0.0,0.0,0.0,0.0,J.Goff,,,,,,J.Goff,,,10
BUF,DET,2,DET,BUF,DET,51.0,3.0,run,0.0,0,0,0,,,,,-1.7784634064883,0.0,0.0,0.0,0.0,0.0,1.0,0.0,0.0,0.0,0.0,0.0,0.0,0.0,0.0,0.0,,,,,J.Goff,0.0,J.Goff,,,10
BUF,DET,2,DET,BUF,DET,62.0,4.0,punt,0.0,0,0,0,,,,,-1.48590003862046,0.0,0.0,0.0,0.0,0.0,0.0,0.0,0.0,0.0,0.0,0.0,0.0,0.0,0.0,0.0,,,,,,,,,,10
BUF,DET,2,BUF,DET,BUF,57.0,1.0,run,9.0,0,0,0,,,,,0.68198282760568,0.0,0.0,0.0,0.0,0.0,1.0,0.0,0.0,0.0,0.0,0.0,0.0,0.0,0.0,0.0,,,,,J.Cook,9.0,,,,10
BUF,DET,2,BUF,DET,DET,48.0,2.0,pass,0.0,0,0,0,,,,,-0.584918130422011,0.0,0.0,0.0,0.0,0.0,0.0,1.0,0.0,0.0,0.0,0.0,0.0,0.0,0.0,0.0,J.Allen,,D.Kincaid,,,,,,,10
BUF,DET,2,BUF,DET,DET,48.0,3.0,run,1.0,0,0,0,,,,,0.442786635132507,1.0,0.0,0.0,0.0,0.0,1.0,0.0,0.0,0.0,0.0,0.0,0.0,0.0,0.0,0.0,,,,,J.Cook,1.0,,,,10
BUF,DET,2,BUF,DET,,,,,,0,0,0,,,,,0.0,,,,,,,,,,,,,,,,,,,,,,,,,10
BUF,DET,2,BUF,DET,DET,47.0,1.0,pass,12.0,0,0,0,,,,,0.708766983589158,0.0,0.0,0.0,0.0,0.0,0.0,1.0,0.0,0.0,0.0,0.0,0.0,0.0,0.0,1.0,J.Allen,12.0,D.Kincaid,12.0,,,,,,10
BUF,DET,2,BUF,DET,DET,35.0,1.0,pass,22.0,0,0,0,,,,,1.41456175770145,0.0,0.0,0.0,0.0,0.0,0.0,1.0,0.0,0.0,0.0,0.0,0.0,0.0,0.0,1.0,J.Allen,22.0,K.Coleman,22.0,,,,,,10
BUF,DET,2,BUF,DET,DET,13.0,1.0,pass,4.0,0,0,0,,,,,-0.278388724196702,0.0,0.0,0.0,0.0,0.0,0.0,1.0,0.0,0.0,0.0,0.0,0.0,0.0,0.0,1.0,J.Allen,4.0,K.Coleman,4.0,,,,,,10
BUF,DET,2,BUF,DET,DET,9.0,2.0,pass,0.0,0,0,0,,,,,-0.757376439345535,0.0,0.0,0.0,0.0,0.0,0.0,1.0,0.0,0.0,0.0,0.0,0.0,0.0,0.0,0.0,J.Allen,,J.Cook,,,,,,,10
BUF,DET,2,BUF,DET,DET,9.0,3.0,no_play,0.0,0,0,0,,,,,1.92501818889286,0.0,0.0,0.0,1.0,0.0,0.0,0.0,0.0,0.0,0.0,0.0,0.0,0.0,0.0,0.0,,,,,,,,DET,5.0,10
BUF,DET,2,BUF,DET,DET,4.0,1.0,no_play,0.0,0,0,0,,,,,0.314820061554201,0.0,0.0,0.0,1.0,0.0,0.0,0.0,0.0,0.0,0.0,0.0,0.0,0.0,0.0,0.0,,,,,,,,DET,2.0,10
BUF,DET,2,BUF,DET,DET,2.0,1.0,run,1.0,0,0,0,,,,,-0.119117654685397,0.0,0.0,0.0,0.0,0.0,1.0,0.0,0.0,0.0,0.0,0.0,0.0,0.0,0.0,0.0,,,,,J.Cook,1.0,,,,10
BUF,DET,2,BUF,DET,DET,1.0,2.0,pass,1.0,0,0,0,,,,BUF,0.812524442677386,0.0,0.0,0.0,0.0,0.0,0.0,1.0,0.0,1.0,1.0,0.0,0.0,0.0,0.0,1.0,J.Allen,1.0,D.Knox,1.0,,,,,,10
BUF,DET,2,BUF,DET,DET,15.0,,extra_point,0.0,0,0,0,,good,,,0.0675730031076331,0.0,0.0,0.0,0.0,0.0,0.0,0.0,0.0,0.0,0.0,0.0,1.0,0.0,0.0,0.0,,,,,,,,,,10
BUF,DET,2,DET,BUF,BUF,35.0,,kickoff,0.0,0,0,0,,,,,0.269412910565734,0.0,0.0,0.0,0.0,0.0,0.0,0.0,0.0,0.0,0.0,0.0,0.0,0.0,1.0,0.0,,,,,,,,,,10
BUF,DET,2,DET,BUF,DET,70.0,1.0,run,3.0,0,0,1,,,,,-0.28353565139696,0.0,0.0,0.0,0.0,0.0,1.0,0.0,0.0,0.0,0.0,0.0,0.0,0.0,0.0,0.0,,,,,J.Goff,3.0,,,,10
BUF,DET,2,DET,BUF,DET,67.0,2.0,pass,12.0,0,0,0,,,,,1.24786415952258,0.0,0.0,0.0,0.0,0.0,0.0,1.0,0.0,0.0,0.0,0.0,0.0,0.0,0.0,1.0,J.Goff,12.0,J.Gibbs,12.0,,,,,,10
BUF,DET,2,DET,BUF,DET,55.0,1.0,no_play,0.0,0,0,0,,,,,-0.941236226586625,0.0,0.0,0.0,1.0,0.0,0.0,0.0,0.0,0.0,0.0,0.0,0.0,0.0,0.0,0.0,,,,,,,,DET,10.0,10
BUF,DET,2,DET,BUF,DET,65.0,1.0,run,0.0,0,0,0,,,,,-0.616160594858229,0.0,0.0,0.0,0.0,0.0,1.0,0.0,0.0,0.0,0.0,0.0,0.0,0.0,0.0,0.0,,,,,J.Gibbs,0.0,,,,10
BUF,DET,2,DET,BUF,DET,65.0,2.0,pass,13.0,0,0,0,,,,,0.563216327456757,0.0,0.0,0.0,0.0,0.0,0.0,1.0,0.0,0.0,0.0,0.0,0.0,0.0,0.0,1.0,J.Goff,13.0,S.Vaki,13.0,,,,,,10
BUF,DET,2,DET,BUF,DET,52.0,3.0,run,10.0,0,0,0,,,,,1.74323105462827,1.0,0.0,0.0,0.0,0.0,1.0,0.0,0.0,0.0,0.0,0.0,0.0,0.0,0.0,0.0,,,,,J.Gibbs,10.0,,,,10
BUF,DET,2,DET,BUF,BUF,42.0,1.0,run,-1.0,0,0,0,,,,,-0.799825621536002,0.0,0.0,0.0,0.0,0.0,1.0,0.0,0.0,0.0,0.0,0.0,0.0,0.0,0.0,0.0,,,,,J.Gibbs,-1.0,,,,10
BUF,DET,2,DET,BUF,BUF,43.0,2.0,run,7.0,0,0,0,,,,,0.509084439836443,0.0,0.0,0.0,0.0,0.0,1.0,0.0,0.0,0.0,0.0,0.0,0.0,0.0,0.0,0.0,,,,,S.Vaki,7.0,,,,10
BUF,DET,2,DET,BUF,BUF,36.0,3.0,pass,8.0,0,0,0,,,,,1.23949480388546,1.0,0.0,0.0,0.0,0.0,0.0,1.0,0.0,0.0,0.0,0.0,0.0,0.0,0.0,1.0,J.Goff,8.0,J.Gibbs,8.0,,,,,,10
BUF,DET,2,DET,BUF,BUF,28.0,1.0,pass,0.0,0,0,0,,,,,-0.381068670772947,0.0,0.0,0.0,0.0,0.0,0.0,1.0,0.0,0.0,0.0,0.0,0.0,0.0,0.0,0.0,J.Goff,,S.LaPorta,,,,,,,10
BUF,DET,2,DET,BUF,BUF,28.0,2.0,pass,11.0,0,0,0,,,,,1.07817999721738,0.0,0.0,0.0,0.0,0.0,0.0,1.0,0.0,0.0,0.0,0.0,0.0,0.0,0.0,1.0,J.Goff,11.0,A.St. Brown,11.0,,,,,,10
BUF,DET,2,DET,BUF,BUF,17.0,1.0,run,6.0,0,0,0,,,,,0.237707084917929,0.0,0.0,0.0,0.0,0.0,1.0,0.0,0.0,0.0,0.0,0.0,0.0,0.0,0.0,0.0,,,,,J.Gibbs,6.0,,,,10
BUF,DET,2,DET,BUF,BUF,11.0,2.0,pass,11.0,0,0,0,,,,DET,2.13297941588098,0.0,0.0,0.0,0.0,0.0,0.0,1.0,0.0,1.0,1.0,0.0,0.0,0.0,0.0,1.0,J.Goff,11.0,J.Gibbs,11.0,,,,,,10
BUF,DET,2,DET,BUF,BUF,15.0,,extra_point,0.0,0,0,0,,good,,,0.0675730031076331,0.0,0.0,0.0,0.0,0.0,0.0,0.0,0.0,0.0,0.0,0.0,1.0,0.0,0.0,0.0,,,,,,,,,,10
BUF,DET,2,BUF,DET,DET,35.0,,kickoff,0.0,0,0,0,,,,,0.526975511107594,0.0,0.0,0.0,0.0,0.0,0.0,0.0,0.0,0.0,0.0,0.0,0.0,0.0,1.0,0.0,,,,,,,,,,10
BUF,DET,2,BUF,DET,BUF,68.0,1.0,run,20.0,0,0,0,,,,,1.23144103138475,0.0,0.0,0.0,0.0,0.0,1.0,0.0,0.0,0.0,0.0,0.0,0.0,0.0,0.0,0.0,,,,,J.Cook,20.0,,,,10
BUF,DET,2,BUF,DET,DET,48.0,1.0,run,35.0,0,0,0,,,,,2.29125633178046,0.0,0.0,0.0,0.0,0.0,1.0,0.0,0.0,0.0,0.0,0.0,0.0,0.0,0.0,0.0,,,,,J.Cook,35.0,,,,10
BUF,DET,2,BUF,DET,DET,13.0,1.0,run,7.0,0,0,0,,,,,0.479268254624913,0.0,0.0,0.0,0.0,0.0,1.0,0.0,0.0,0.0,0.0,0.0,0.0,0.0,0.0,0.0,,,,,J.Cook,7.0,,,,10
BUF,DET,2,BUF,DET,DET,6.0,2.0,no_play,0.0,0,0,0,,,,,-1.66342119555338,0.0,0.0,0.0,1.0,0.0,0.0,0.0,0.0,0.0,0.0,0.0,0.0,0.0,0.0,0.0,,,,,,,,BUF,10.0,10
BUF,DET,2,BUF,DET,DET,16.0,2.0,pass,16.0,0,0,0,,,,BUF,3.28183248295682,0.0,0.0,0.0,0.0,0.0,0.0,1.0,0.0,1.0,1.0,0.0,0.0,0.0,0.0,1.0,J.Allen,16.0,D.Kincaid,16.0,,,,,,10
BUF,DET,2,BUF,DET,DET,15.0,,extra_point,0.0,0,0,0,,failed,,,-0.932426996892367,0.0,0.0,0.0,0.0,0.0,0.0,0.0,0.0,0.0,0.0,0.0,1.0,0.0,0.0,0.0,,,,,,,,,,10
BUF,DET,2,DET,BUF,BUF,35.0,,kickoff,0.0,0,0,0,,,,,0.117427824065089,0.0,0.0,0.0,0.0,0.0,0.0,0.0,0.0,0.0,0.0,0.0,0.0,0.0,1.0,0.0,,,,,,,,,,10
BUF,DET,2,DET,BUF,DET,73.0,1.0,pass,12.0,0,0,0,,,,,0.655713029555045,0.0,0.0,0.0,0.0,0.0,0.0,1.0,0.0,0.0,0.0,0.0,0.0,0.0,0.0,1.0,J.Goff,12.0,S.LaPorta,12.0,,,,,,10
BUF,DET,2,DET,BUF,DET,61.0,1.0,pass,0.0,0,0,0,,,,,-0.400394327240065,0.0,0.0,0.0,0.0,0.0,0.0,1.0,0.0,0.0,0.0,0.0,0.0,0.0,0.0,0.0,J.Goff,,J.Williams,,,,,,,10
BUF,DET,2,DET,BUF,DET,61.0,2.0,pass,9.0,0,0,0,,,,,0.613515531062149,0.0,0.0,0.0,0.0,0.0,0.0,1.0,0.0,0.0,0.0,0.0,0.0,0.0,0.0,1.0,J.Goff,9.0,J.Gibbs,9.0,,,,,,10
BUF,DET,2,DET,BUF,DET,52.0,3.0,no_play,0.0,0,0,0,,,,,-0.687554559786804,0.0,0.0,0.0,1.0,0.0,0.0,0.0,0.0,0.0,0.0,0.0,0.0,0.0,0.0,0.0,,,,,,,,DET,4.0,10
BUF,DET,2,DET,BUF,DET,56.0,3.0,pass,-13.0,0,0,0,,,,,-2.07975310401525,0.0,0.0,0.0,0.0,0.0,0.0,1.0,1.0,0.0,0.0,0.0,0.0,0.0,0.0,0.0,J.Goff,,,,,,,,,10
BUF,DET,2,,,,,,no_play,0.0,0,0,0,,,,,0.0,0.0,0.0,0.0,0.0,0.0,0.0,0.0,0.0,0.0,0.0,0.0,0.0,0.0,0.0,0.0,,,,,,,,,,10
BUF,DET,2,DET,BUF,DET,69.0,4.0,punt,0.0,0,0,0,,,,,0.254218156682327,0.0,0.0,0.0,0.0,0.0,0.0,0.0,0.0,0.0,0.0,0.0,0.0,0.0,0.0,0.0,,,,,,,,,,10
BUF,DET,2,BUF,DET,BUF,82.0,1.0,pass,6.0,0,0,0,,,,,0.20039944013115,0.0,0.0,0.0,0.0,0.0,0.0,1.0,0.0,0.0,0.0,0.0,0.0,0.0,0.0,1.0,J.Allen,6.0,D.Kincaid,6.0,,,,,,10
BUF,DET,2,,,,,,no_play,0.0,0,0,0,,,,,0.0,0.0,0.0,0.0,0.0,0.0,0.0,0.0,0.0,0.0,0.0,0.0,0.0,0.0,0.0,0.0,,,,,,,,,,10
BUF,DET,2,BUF,DET,BUF,76.0,2.0,pass,6.0,0,0,0,,,,,-0.0470979411620647,0.0,0.0,0.0,0.0,0.0,0.0,1.0,0.0,0.0,0.0,0.0,0.0,0.0,0.0,1.0,J.Allen,6.0,D.Kincaid,6.0,,,,,,10
BUF,DET,2,BUF,DET,BUF,70.0,1.0,no_play,0.0,0,0,0,,,,,0.208973127766512,0.0,0.0,0.0,1.0,0.0,0.0,0.0,0.0,0.0,0.0,0.0,0.0,0.0,0.0,0.0,,,,,,,,DET,5.0,10
BUF,DET,2,BUF,DET,BUF,65.0,1.0,pass,0.0,0,0,0,,,,,-0.27436665201094,0.0,0.0,0.0,0.0,0.0,0.0,1.0,0.0,0.0,0.0,0.0,0.0,0.0,0.0,0.0,J.Allen,,J.Palmer,,,,,,,10
BUF,DET,2,BUF,DET,BUF,65.0,2.0,pass,0.0,0,0,0,,,,,-0.364754877868108,0.0,0.0,0.0,0.0,0.0,0.0,1.0,0.0,0.0,0.0,0.0,0.0,0.0,0.0,0.0,J.Allen,,J.Palmer,,,,,,,10
BUF,DET,2,BUF,DET,BUF,65.0,3.0,pass,0.0,0,0,0,,,,,-0.589521365123801,0.0,0.0,0.0,0.0,0.0,0.0,1.0,0.0,0.0,0.0,0.0,0.0,0.0,0.0,0.0,J.Allen,,K.Shakir,,,,,,,10
BUF,DET,2,BUF,DET,BUF,65.0,4.0,punt,0.0,0,0,0,,,,,-0.0215348392957822,0.0,0.0,0.0,0.0,0.0,0.0,0.0,0.0,0.0,0.0,0.0,0.0,0.0,0.0,0.0,,,,,,,,,,10
BUF,DET,2,DET,BUF,DET,78.0,1.0,pass,0.0,0,0,0,,,,,-0.0647719356347807,0.0,0.0,0.0,0.0,0.0,0.0,1.0,0.0,0.0,0.0,0.0,0.0,0.0,0.0,0.0,J.Goff,,I.TeSlaa,,,,,,,10
BUF,DET,2,DET,BUF,DET,78.0,2.0,pass,12.0,0,0,0,,,,,0.316659734991845,0.0,0.0,0.0,0.0,0.0,0.0,1.0,0.0,0.0,0.0,0.0,0.0,0.0,0.0,1.0,J.Goff,12.0,S.LaPorta,12.0,,,,,,10
BUF,DET,2,,,,,,no_play,0.0,0,0,0,,,,,0.0,0.0,0.0,0.0,0.0,0.0,0.0,0.0,0.0,0.0,0.0,0.0,0.0,0.0,0.0,0.0,,,,,,,,,,10
BUF,DET,2,DET,BUF,DET,66.0,1.0,pass,22.0,0,0,0,,,,,0.935210043680854,0.0,0.0,0.0,0.0,0.0,0.0,1.0,0.0,0.0,0.0,0.0,0.0,0.0,0.0,1.0,J.Goff,22.0,A.St. Brown,22.0,,,,,,10
BUF,DET,2,,,,,,no_play,0.0,0,0,0,,,,,0.0,0.0,0.0,0.0,0.0,0.0,0.0,0.0,0.0,0.0,0.0,0.0,0.0,0.0,0.0,0.0,,,,,,,,,,10
BUF,DET,2,DET,BUF,BUF,44.0,1.0,pass,0.0,0,0,0,,,,,-0.246132195810787,0.0,0.0,0.0,0.0,0.0,0.0,1.0,0.0,0.0,0.0,0.0,0.0,0.0,0.0,0.0,J.Goff,,J.Williams,,,,,,,10
BUF,DET,2,DET,BUF,BUF,44.0,2.0,no_play,0.0,0,0,0,,,,,-0.393053553649224,0.0,0.0,0.0,1.0,0.0,0.0,0.0,0.0,0.0,0.0,0.0,0.0,0.0,0.0,0.0,,,,,,,,DET,5.0,10
BUF,DET,2,DET,BUF,BUF,49.0,2.0,pass,16.0,0,0,0,,,,,1.10271882556845,0.0,0.0,0.0,0.0,0.0,0.0,1.0,0.0,0.0,0.0,0.0,0.0,0.0,0.0,1.0,J.Goff,16.0,J.Williams,16.0,,,,,,10
BUF,DET,2,DET,BUF,BUF,33.0,1.0,pass,0.0,0,0,0,,,,,-0.102479309949558,0.0,0.0,0.0,0.0,0.0,0.0,1.0,0.0,0.0,0.0,0.0,0.0,0.0,0.0,0.0,J.Goff,,I.TeSlaa,,,,,,,10
BUF,DET,2,DET,BUF,BUF,33.0,2.0,run,7.0,0,0,0,,,,,1.0173748745812,0.0,0.0,0.0,1.0,0.0,1.0,0.0,0.0,0.0,0.0,0.0,0.0,0.0,0.0,0.0,,,,,J.Gibbs,7.0,,BUF,13.0,10
BUF,DET,2,,,,,,no_play,0.0,0,0,0,,,,,0.0,0.0,0.0,0.0,0.0,0.0,0.0,0.0,0.0,0.0,0.0,0.0,0.0,0.0,0.0,0.0,,,,,,,,,,10
BUF,DET,2,DET,BUF,BUF,13.0,1.0,field_goal,0.0,0,0,0,made,,,,0.156248007005001,0.0,0.0,0.0,0.0,0.0,0.0,0.0,0.0,0.0,0.0,0.0,0.0,0.0,0.0,0.0,,,,,,,,,,10
BUF,DET,2,,,,,,,,0,0,0,,,,,,,,,,,,,,,,,,,,,,,,,,,,,,10
BUF,DET,2,DET,BUF,BUF,35.0,,kickoff,0.0,0,0,0,,,,,0.0741465594619513,0.0,0.0,0.0,0.0,0.0,0.0,0.0,0.0,0.0,0.0,0.0,0.0,0.0,1.0,0.0,,,,,,,,,,10
BUF,DET,2,DET,BUF,DET,74.0,1.0,run,2.0,0,0,0,,,,,-0.526384663302451,0.0,0.0,0.0,0.0,0.0,1.0,0.0,0.0,0.0,0.0,0.0,0.0,0.0,0.0,0.0,,,,,J.Gibbs,2.0,,,,10
BUF,DET,2,DET,BUF,DET,72.0,2.0,pass,6.0,0,0,0,,,,,0.37619386985898,0.0,0.0,0.0,0.0,0.0,0.0,1.0,0.0,0.0,0.0,0.0,0.0,0.0,0.0,1.0,J.Goff,6.0,I.TeSlaa,6.0,,,,,,10
BUF,DET,2,DET,BUF,DET,66.0,3.0,pass,21.0,0,0,0,,,,,2.20294457022101,1.0,0.0,0.0,0.0,0.0,0.0,1.0,0.0,0.0,0.0,0.0,0.0,0.0,0.0,1.0,J.Goff,21.0,A.St. Brown,21.0,,,,,,10
BUF,DET,2,DET,BUF,BUF,45.0,1.0,pass,0.0,0,0,0,,,,,-0.523073508637026,0.0,0.0,0.0,0.0,0.0,0.0,1.0,0.0,0.0,0.0,0.0,0.0,0.0,0.0,0.0,J.Goff,,A.St. Brown,,,,,,,10
BUF,DET,2,DET,BUF,BUF,45.0,2.0,run,0.0,0,0,0,,,,,-0.865217188606039,0.0,0.0,0.0,0.0,0.0,1.0,0.0,0.0,0.0,0.0,0.0,0.0,0.0,0.0,0.0,,,,,J.Gibbs,0.0,,,,10
BUF,DET,2,DET,BUF,BUF,45.0,3.0,pass,5.0,0,0,0,,,,,-1.30702245468274,0.0,0.0,0.0,0.0,0.0,0.0,1.0,0.0,0.0,0.0,0.0,0.0,0.0,0.0,1.0,J.Goff,5.0,A.St. Brown,5.0,,,,,,10
BUF,DET,2,DET,BUF,BUF,40.0,4.0,pass,18.0,0,0,0,,,,,4.3018198616337,0.0,1.0,0.0,0.0,0.0,0.0,1.0,0.0,0.0,0.0,0.0,0.0,0.0,0.0,1.0,J.Goff,18.0,S.LaPorta,18.0,,,,,,10
BUF,DET,2,DET,BUF,BUF,22.0,1.0,run,2.0,0,0,0,,,,,-0.501106991199777,0.0,0.0,0.0,0.0,0.0,1.0,0.0,0.0,0.0,0.0,0.0,0.0,0.0,0.0,0.0,,,,,J.Gibbs,2.0,,,,10
BUF,DET,2,DET,BUF,BUF,20.0,2.0,pass,9.0,0,0,0,,,,,0.986692480044439,0.0,0.0,0.0,0.0,0.0,0.0,1.0,0.0,0.0,0.0,0.0,0.0,0.0,0.0,1.0,J.Goff,9.0,J.Gibbs,9.0,,,,,,10
BUF,DET,2,DET,BUF,BUF,11.0,1.0,pass,9.0,0,0,0,,,,,1.02023539476795,0.0,0.0,0.0,0.0,0.0,0.0,1.0,0.0,0.0,0.0,0.0,0.0,0.0,0.0,1.0,J.Goff,9.0,A.St. Brown,9.0,,,,,,10
BUF,DET,2,DET,BUF,BUF,2.0,2.0,pass,2.0,0,0,0,,,,DET,0.990549703652505,0.0,0.0,0.0,0.0,0.0,0.0,1.0,0.0,1.0,1.0,0.0,0.0,0.0,0.0,1.0,J.Goff,2.0,A.St. Brown,2.0,,,,,,10
BUF,DET,2,DET,BUF,BUF,15.0,,extra_point,0.0,0,0,0,,good,,,0.0675730031076331,0.0,0.0,0.0,0.0,0.0,0.0,0.0,0.0,0.0,0.0,0.0,1.0,0.0,0.0,0.0,,,,,,,,,,10
BUF,DET,2,BUF,DET,DET,35.0,,kickoff,0.0,0,0,0,,,,,-0.0003118212334811,0.0,0.0,0.0,0.0,0.0,0.0,0.0,0.0,0.0,0.0,0.0,0.0,0.0,1.0,0.0,,,,,,,,,,10
BUF,DET,2,BUF,DET,BUF,75.0,1.0,run,8.0,0,0,1,,,,,0.582844260148704,0.0,0.0,0.0,0.0,0.0,1.0,0.0,0.0,0.0,0.0,0.0,0.0,0.0,0.0,0.0,,,,,J.Allen,8.0,,,,10
BUF,DET,2,BUF,DET,BUF,67.0,2.0,run,1.0,0,0,0,,,,,-0.253671394195408,0.0,0.0,0.0,0.0,0.0,1.0,0.0,0.0,0.0,0.0,0.0,0.0,0.0,0.0,0.0,,,,,J.Cook,1.0,,,,10
BUF,DET,2,BUF,DET,BUF,66.0,3.0,run,3.0,0,0,0,,,,,0.469470292329788,1.0,0.0,0.0,0.0,0.0,1.0,0.0,0.0,0.0,0.0,0.0,0.0,0.0,0.0,0.0,,,,,J.Allen,3.0,,,,10
BUF,DET,2,BUF,DET,BUF,63.0,1.0,run,4.0,0,0,0,,,,,-0.16631629341282,0.0,0.0,0.0,0.0,0.0,1.0,0.0,0.0,0.0,0.0,0.0,0.0,0.0,0.0,0.0,,,,,J.Cook,4.0,,,,10
BUF,DET,2,BUF,DET,BUF,59.0,2.0,pass,4.0,0,0,0,,,,,-0.0453445117454976,0.0,0.0,0.0,0.0,0.0,0.0,1.0,0.0,0.0,0.0,0.0,0.0,0.0,0.0,1.0,J.Allen,4.0,J.Cook,4.0,,,,,,10
BUF,DET,2,BUF,DET,BUF,55.0,3.0,pass,4.0,0,0,0,,,,,0.956495025195181,1.0,0.0,0.0,0.0,0.0,0.0,1.0,0.0,0.0,0.0,0.0,0.0,0.0,0.0,1.0,J.Allen,4.0,D.Knox,4.0,,,,,,10
BUF,DET,2,BUF,DET,BUF,51.0,1.0,pass,0.0,0,0,0,,,,,-0.513779841829091,0.0,0.0,0.0,0.0,0.0,0.0,1.0,1.0,0.0,0.0,0.0,0.0,0.0,0.0,0.0,J.Allen,,,,,,,,,10
BUF,DET,2,BUF,DET,BUF,51.0,2.0,pass,9.0,0,0,0,,,,,0.540153931127861,0.0,0.0,0.0,0.0,0.0,0.0,1.0,0.0,0.0,0.0,0.0,0.0,0.0,0.0,1.0,J.Allen,9.0,K.Coleman,9.0,,,,,,10
BUF,DET,2,BUF,DET,DET,42.0,3.0,run,2.0,0,0,0,,,,,0.587567365961149,1.0,0.0,0.0,0.0,0.0,1.0,0.0,0.0,0.0,0.0,0.0,0.0,0.0,0.0,0.0,,,,,J.Allen,2.0,,,,10
BUF,DET,2,BUF,DET,DET,40.0,1.0,pass,0.0,0,0,0,,,,,-0.356923944316804,0.0,0.0,0.0,0.0,0.0,0.0,1.0,0.0,0.0,0.0,0.0,0.0,0.0,0.0,0.0,J.Allen,,J.Cook,,,,,,,10
BUF,DET,2,,,,,,no_play,0.0,0,0,0,,,,,0.0,0.0,0.0,0.0,0.0,0.0,0.0,0.0,0.0,0.0,0.0,0.0,0.0,0.0,0.0,0.0,,,,,,,,,,10
BUF,DET,2,BUF,DET,DET,40.0,2.0,run,9.0,0,0,0,,,,,0.544874299550429,0.0,0.0,0.0,0.0,0.0,1.0,0.0,0.0,0.0,0.0,0.0,0.0,0.0,0.0,0.0,,,,,J.Allen,9.0,,,,10
BUF,DET,2,BUF,DET,DET,31.0,3.0,run,2.0,0,0,0,,,,,0.555736997979693,1.0,0.0,0.0,0.0,0.0,1.0,0.0,0.0,0.0,0.0,0.0,0.0,0.0,0.0,0.0,,,,,J.Allen,2.0,,,,10
BUF,DET,2,BUF,DET,DET,29.0,1.0,pass,23.0,0,0,0,,,,,1.47834973101271,0.0,0.0,0.0,0.0,0.0,0.0,1.0,0.0,0.0,0.0,0.0,0.0,0.0,0.0,1.0,J.Allen,23.0,D.Kincaid,23.0,,,,,,10
BUF,DET,2,BUF,DET,DET,6.0,1.0,run,2.0,0,0,0,,,,,0.594134526705602,0.0,0.0,0.0,1.0,0.0,1.0,0.0,0.0,0.0,0.0,0.0,0.0,0.0,0.0,0.0,,,,,J.Cook,2.0,,DET,2.0,10
BUF,DET,2,BUF,DET,DET,2.0,1.0,run,2.0,0,0,1,,,,BUF,0.621177108288975,0.0,0.0,0.0,0.0,0.0,1.0,0.0,0.0,1.0,0.0,1.0,0.0,0.0,0.0,0.0,,,,,J.Allen,2.0,,,,10
BUF,DET,2,BUF,DET,DET,15.0,,extra_point,0.0,0,0,0,,good,,,0.0675730031076331,0.0,0.0,0.0,0.0,0.0,0.0,0.0,0.0,0.0,0.0,0.0,1.0,0.0,0.0,0.0,,,,,,,,,,10
BUF,DET,2,DET,BUF,BUF,35.0,,kickoff,0.0,0,0,0,,,,,0.522197455866262,0.0,0.0,0.0,0.0,0.0,0.0,0.0,0.0,0.0,0.0,0.0,0.0,0.0,1.0,0.0,,,,,,,,,,10
BUF,DET,2,DET,BUF,DET,66.0,1.0,run,0.0,0,0,0,,,,,-0.528044220292941,0.0,0.0,0.0,0.0,0.0,1.0,0.0,0.0,0.0,0.0,0.0,0.0,0.0,0.0,0.0,,,,,J.Gibbs,0.0,,,,10
BUF,DET,2,DET,BUF,DET,66.0,2.0,pass,34.0,0,0,0,,,,,2.96885462803766,0.0,0.0,0.0,0.0,0.0,0.0,1.0,0.0,0.0,0.0,0.0,0.0,0.0,0.0,1.0,J.Goff,34.0,A.St. Brown,34.0,,,,,,10
BUF,DET,2,DET,BUF,,,,,,0,0,0,,,,,0.0,,,,,,,,,,,,,,,,,,,,,,,,,10
BUF,DET,2,DET,BUF,BUF,32.0,1.0,pass,0.0,0,0,0,,,,,-0.42648470052518,0.0,0.0,0.0,0.0,0.0,0.0,1.0,0.0,0.0,0.0,0.0,0.0,0.0,0.0,0.0,J.Goff,,A.St. Brown,,,,,,,10
BUF,DET,2,DET,BUF,BUF,32.0,2.0,run,2.0,0,0,0,,,,,-0.618188460590318,0.0,0.0,0.0,0.0,0.0,1.0,0.0,0.0,0.0,0.0,0.0,0.0,0.0,0.0,0.0,,,,,J.Gibbs,2.0,,,,10
BUF,DET,2,DET,BUF,BUF,30.0,3.0,pass,11.0,0,0,0,,,,,1.93380956008332,1.0,0.0,0.0,0.0,0.0,0.0,1.0,0.0,0.0,0.0,0.0,0.0,0.0,0.0,1.0,J.Goff,11.0,A.St. Brown,11.0,,,,,,10
BUF,DET,2,DET,BUF,BUF,19.0,1.0,pass,7.0,0,0,0,,,,,0.416881610581186,0.0,0.0,0.0,0.0,0.0,0.0,1.0,0.0,0.0,0.0,0.0,0.0,0.0,0.0,1.0,J.Goff,7.0,S.LaPorta,7.0,,,,,,10
BUF,DET,2,DET,BUF,BUF,12.0,2.0,run,0.0,0,0,0,,,,,-0.701039881678298,0.0,0.0,0.0,0.0,0.0,1.0,0.0,0.0,0.0,0.0,0.0,0.0,0.0,0.0,0.0,,,,,J.Gibbs,0.0,,,,10
BUF,DET,2,DET,BUF,BUF,12.0,3.0,pass,0.0,0,0,0,,,,,-1.34125246759504,0.0,0.0,0.0,0.0,0.0,0.0,1.0,0.0,0.0,0.0,0.0,0.0,0.0,0.0,0.0,J.Goff,,I.TeSlaa,,,,,,,10
BUF,DET,2,DET,BUF,BUF,12.0,4.0,no_play,0.0,0,0,0,,,,,-0.278073369583581,0.0,0.0,0.0,1.0,0.0,0.0,0.0,0.0,0.0,0.0,0.0,0.0,0.0,0.0,0.0,,,,,,,,DET,5.0,10
BUF,DET,2,DET,BUF,BUF,17.0,4.0,no_play,0.0,0,0,0,,,,,2.31616081309039,0.0,0.0,0.0,1.0,0.0,0.0,0.0,0.0,0.0,0.0,0.0,0.0,0.0,0.0,0.0,,,,,,,,BUF,5.0,10
BUF,DET,2,DET,BUF,BUF,12.0,1.0,run,4.0,0,0,1,,,,,-0.0914657616522163,0.0,0.0,0.0,0.0,0.0,1.0,0.0,0.0,0.0,0.0,0.0,0.0,0.0,0.0,0.0,,,,,J.Goff,4.0,,,,10
BUF,DET,2,DET,BUF,BUF,8.0,2.0,run,-1.0,0,0,0,,,,,-0.95888464449672,0.0,0.0,0.0,0.0,0.0,1.0,0.0,0.0,0.0,0.0,0.0,0.0,0.0,0.0,0.0,,,,,J.Gibbs,-1.0,,,,10
BUF,DET,2,DET,BUF,BUF,9.0,3.0,no_play,0.0,0,0,0,,,,,2.50881294673309,0.0,0.0,0.0,1.0,0.0,0.0,0.0,0.0,0.0,0.0,0.0,0.0,0.0,0.0,0.0,,,,,,,,BUF,8.0,10
BUF,DET,2,DET,BUF,BUF,1.0,1.0,pass,1.0,0,0,0,,,,DET,0.690708421519958,0.0,0.0,0.0,0.0,0.0,0.0,1.0,0.0,1.0,1.0,0.0,0.0,0.0,0.0,1.0,J.Goff,1.0,S.LaPorta,1.0,,,,,,10
BUF,DET,2,DET,BUF,BUF,15.0,,extra_point,0.0,0,0,0,,good,,,0.0675730031076331,0.0,0.0,0.0,0.0,0.0,0.0,0.0,0.0,0.0,0.0,0.0,1.0,0.0,0.0,0.0,,,,,,,,,,10
BUF,DET,2,BUF,DET,DET,35.0,,kickoff,0.0,0,0,0,,,,,0.496710318373516,0.0,0.0,0.0,0.0,0.0,0.0,0.0,0.0,0.0,0.0,0.0,0.0,0.0,1.0,0.0,,,,,,,,,,10
BUF,DET,2,BUF,DET,BUF,65.0,1.0,pass,0.0,0,0,0,,,,,-0.518307485152036,0.0,0.0,0.0,0.0,0.0,0.0,1.0,0.0,0.0,0.0,0.0,0.0,0.0,0.0,0.0,J.Allen,,,,,,,,,10
BUF,DET,2,BUF,DET,BUF,65.0,2.0,pass,7.0,0,0,0,,,,,0.110073855612427,0.0,0.0,0.0,0.0,0.0,0.0,1.0,0.0,0.0,0.0,0.0,0.0,0.0,0.0,1.0,J.Allen,7.0,D.Kincaid,7.0,,,,,,10
BUF,DET,2,BUF,DET,BUF,58.0,3.0,run,6.0,0,0,0,,,,,1.12858189200051,1.0,0.0,0.0,0.0,0.0,1.0,0.0,0.0,0.0,0.0,0.0,0.0,0.0,0.0,0.0,,,,,J.Allen,6.0,,,,10
BUF,DET,2,BUF,DET,BUF,52.0,1.0,run,2.0,0,0,0,,,,,-0.433424841146916,0.0,0.0,0.0,0.0,0.0,1.0,0.0,0.0,0.0,0.0,0.0,0.0,0.0,0.0,0.0,,,,,J.Cook,2.0,,,,10
BUF,DET,2,BUF,DET,50,50.0,2.0,pass,0.0,0,0,0,,,,,-0.752904738532379,0.0,0.0,0.0,0.0,0.0,0.0,1.0,0.0,0.0,0.0,0.0,0.0,0.0,0.0,0.0,J.Allen,,,,,,,,,10
BUF,DET,2,BUF,DET,50,50.0,3.0,pass,0.0,0,0,0,,,,,-1.43350087245926,0.0,0.0,0.0,0.0,0.0,0.0,1.0,0.0,0.0,0.0,0.0,0.0,0.0,0.0,0.0,J.Allen,,K.Shakir,,,,,,,10
BUF,DET,2,BUF,DET,50,50.0,4.0,punt,0.0,0,0,0,,,,,0.179287491599098,0.0,0.0,0.0,0.0,0.0,0.0,0.0,0.0,0.0,0.0,0.0,0.0,0.0,0.0,0.0,,,,,,,,,,10
BUF,DET,2,DET,BUF,DET,90.0,1.0,pass,0.0,0,0,0,,,,,-0.493849637219682,0.0,0.0,0.0,0.0,0.0,0.0,1.0,0.0,0.0,0.0,0.0,0.0,0.0,0.0,0.0,J.Goff,,J.Gibbs,,,,,,,10
BUF,DET,2,DET,BUF,DET,90.0,2.0,run,0.0,0,0,0,,,,,-0.484677445841953,0.0,0.0,0.0,0.0,0.0,1.0,0.0,0.0,0.0,0.0,0.0,0.0,0.0,0.0,0.0,,,,,J.Gibbs,0.0,,,,10
BUF,DET,2,DET,BUF,DET,90.0,3.0,pass,0.0,0,0,0,,,,,-0.950629340019077,0.0,0.0,0.0,0.0,0.0,0.0,1.0,0.0,0.0,0.0,0.0,0.0,0.0,0.0,0.0,J.Goff,,A.St. Brown,,,,,,,10
BUF,DET,2,DET,BUF,DET,90.0,4.0,punt,0.0,0,0,0,,,,,-0.0079957747366279,0.0,0.0,0.0,0.0,0.0,0.0,0.0,0.0,0.0,0.0,0.0,0.0,0.0,0.0,0.0,,,,,,,,,,10
BUF,DET,2,BUF,DET,BUF,61.0,1.0,run,2.0,0,0,0,,,,,-0.511636911891401,0.0,0.0,0.0,0.0,0.0,1.0,0.0,0.0,0.0,0.0,0.0,0.0,0.0,0.0,0.0,,,,,J.Cook,2.0,,,,10
BUF,DET,2,BUF,DET,BUF,59.0,2.0,run,1.0,0,0,0,,,,,-0.518935606116429,0.0,0.0,0.0,0.0,0.0,1.0,0.0,0.0,0.0,0.0,0.0,0.0,0.0,0.0,0.0,,,,,J.Cook,1.0,,,,10
BUF,DET,2,BUF,DET,BUF,58.0,3.0,pass,9.0,0,0,0,,,,,1.55934115638956,1.0,0.0,0.0,0.0,0.0,0.0,1.0,0.0,0.0,0.0,0.0,0.0,0.0,0.0,1.0,J.Allen,9.0,K.Coleman,9.0,,,,,,10
BUF,DET,2,BUF,DET,DET,49.0,1.0,run,-2.0,0,0,0,,,,,-1.00817830231972,0.0,0.0,0.0,0.0,0.0,1.0,0.0,0.0,0.0,0.0,0.0,0.0,0.0,0.0,0.0,,,,,J.Cook,-2.0,,,,10
BUF,DET,2,BUF,DET,BUF,51.0,2.0,pass,16.0,0,0,0,,,,,1.50517928425688,0.0,0.0,0.0,0.0,0.0,0.0,1.0,0.0,0.0,0.0,0.0,0.0,0.0,0.0,1.0,J.Allen,16.0,K.Shakir,16.0,,,,,,10
BUF,DET,2,BUF,DET,DET,35.0,1.0,pass,12.0,0,0,0,,,,,0.888753168692347,0.0,0.0,0.0,0.0,0.0,0.0,1.0,0.0,0.0,0.0,0.0,0.0,0.0,0.0,1.0,J.Allen,12.0,K.Coleman,12.0,,,,,,10
BUF,DET,2,BUF,DET,DET,23.0,1.0,run,22.0,0,0,0,,,,,2.26973179768538,0.0,0.0,0.0,0.0,0.0,1.0,0.0,0.0,0.0,0.0,0.0,0.0,0.0,0.0,0.0,,,,,J.Cook,22.0,,,,10
BUF,DET,2,BUF,DET,DET,1.0,1.0,run,1.0,0,0,0,,,,BUF,0.640214773593471,0.0,0.0,0.0,0.0,0.0,1.0,0.0,0.0,1.0,0.0,1.0,0.0,0.0,0.0,0.0,,,,,J.Cook,1.0,,,,10
BUF,DET,2,BUF,DET,DET,15.0,,extra_point,0.0,0,0,0,,good,,,0.0675730031076331,0.0,0.0,0.0,0.0,0.0,0.0,0.0,0.0,0.0,0.0,0.0,1.0,0.0,0.0,0.0,,,,,,,,,,10
BUF,DET,2,DET,BUF,BUF,35.0,,kickoff,0.0,0,0,0,,,,,0.503665087395348,0.0,0.0,0.0,0.0,0.0,0.0,0.0,0.0,0.0,0.0,0.0,0.0,0.0,1.0,0.0,,,,,,,,,,10
BUF,DET,2,DET,BUF,DET,68.0,1.0,pass,0.0,0,0,0,,,,,-0.420173490187153,0.0,0.0,0.0,0.0,0.0,0.0,1.0,0.0,0.0,0.0,0.0,0.0,0.0,0.0,0.0,J.Goff,,J.Gibbs,,,,,,,10
BUF,DET,2,DET,BUF,DET,68.0,2.0,pass,-8.0,0,0,0,,,,,-1.30298077967018,0.0,0.0,0.0,0.0,0.0,0.0,1.0,1.0,0.0,0.0,0.0,0.0,0.0,0.0,0.0,J.Goff,,,,,,,,,10
BUF,DET,2,DET,BUF,DET,76.0,3.0,pass,0.0,0,0,0,,,,,-0.713310580234975,0.0,0.0,0.0,0.0,0.0,0.0,1.0,0.0,0.0,0.0,0.0,0.0,0.0,0.0,0.0,J.Goff,,A.St. Brown,,,,,,,10
BUF,DET,2,DET,BUF,DET,76.0,4.0,pass,20.0,0,0,0,,,,,2.93365423346404,0.0,1.0,0.0,0.0,0.0,0.0,1.0,0.0,0.0,0.0,0.0,0.0,0.0,0.0,1.0,J.Goff,20.0,I.TeSlaa,20.0,,,,,,10
BUF,DET,2,DET,BUF,DET,56.0,1.0,pass,12.0,0,0,0,,,,,0.694944191724062,0.0,0.0,0.0,0.0,0.0,0.0,1.0,0.0,0.0,0.0,0.0,0.0,0.0,0.0,1.0,J.Goff,12.0,J.Gibbs,12.0,,,,,,10
BUF,DET,2,DET,BUF,BUF,44.0,1.0,pass,17.0,0,0,0,,,,,1.04063849913655,0.0,0.0,0.0,0.0,0.0,0.0,1.0,0.0,0.0,0.0,0.0,0.0,0.0,0.0,1.0,J.Goff,17.0,J.Williams,17.0,,,,,,10
BUF,DET,2,,,,,,no_play,0.0,0,0,0,,,,,0.0,0.0,0.0,0.0,0.0,0.0,0.0,0.0,0.0,0.0,0.0,0.0,0.0,0.0,0.0,0.0,,,,,,,,,,10
BUF,DET,2,DET,BUF,BUF,27.0,1.0,pass,27.0,0,0,0,,,,DET,3.49262798757991,0.0,0.0,0.0,0.0,0.0,0.0,1.0,0.0,1.0,1.0,0.0,0.0,0.0,0.0,1.0,J.Goff,27.0,A.St. Brown,27.0,,,,,,10
BUF,DET,2,DET,BUF,BUF,15.0,,extra_point,0.0,0,0,0,,good,,,0.0675730031076331,0.0,0.0,0.0,0.0,0.0,0.0,0.0,0.0,0.0,0.0,0.0,1.0,0.0,0.0,0.0,,,,,,,,,,10
BUF,DET,2,BUF,DET,DET,35.0,,kickoff,0.0,0,0,0,,,,,2.00111353991088,0.0,0.0,0.0,0.0,0.0,0.0,0.0,0.0,0.0,0.0,0.0,0.0,0.0,1.0,0.0,,,,,,,,,,10
BUF,DET,2,BUF,DET,DET,36.0,1.0,run,1.0,0,0,0,,,,,-0.729113866400439,0.0,0.0,0.0,0.0,0.0,1.0,0.0,0.0,0.0,0.0,0.0,0.0,0.0,0.0,0.0,,,,,J.Cook,1.0,,,,10
BUF,DET,2,,,,,,no_play,0.0,0,0,0,,,,,0.0,0.0,0.0,0.0,0.0,0.0,0.0,0.0,0.0,0.0,0.0,0.0,0.0,0.0,0.0,0.0,,,,,,,,,,10
BUF,DET,2,BUF,DET,DET,35.0,2.0,no_play,0.0,0,0,0,,,,,1.6893061902374,0.0,0.0,0.0,1.0,0.0,0.0,0.0,0.0,0.0,0.0,0.0,0.0,0.0,0.0,0.0,,,,,,,,DET,15.0,10
BUF,DET,2,BUF,DET,DET,20.0,1.0,qb_kneel,-1.0,1,0,0,,,,,-0.654953224700876,0.0,0.0,0.0,0.0,0.0,1.0,0.0,0.0,0.0,0.0,0.0,0.0,0.0,0.0,0.0,,,,,J.Allen,-1.0,,,,10
BUF,DET,2,BUF,DET,DET,21.0,2.0,qb_kneel,-1.0,1,0,0,,,,,-0.67499522829894,0.0,0.0,0.0,0.0,0.0,1.0,0.0,0.0,0.0,0.0,0.0,0.0,0.0,0.0,0.0,,,,,J.Allen,-1.0,,,,10
BUF,DET,2,BUF,DET,DET,22.0,3.0,qb_kneel,-1.0,1,0,0,,,,,-2.49797643738566,0.0,0.0,0.0,0.0,0.0,1.0,0.0,0.0,0.0,0.0,0.0,0.0,0.0,0.0,0.0,,,,,J.Allen,-1.0,,,,10
BUF,DET,2,BUF,DET,,,,,,0,0,0,,,,,,,,,,,,,,,,,,,,,,,,,,,,,,10
NYJ,GB,2,,,,,,,,0,0,0,,,,,0.0,,,,,,,,,,,,,,,,,,,,,,,,,-3
NYJ,GB,2,GB,NYJ,NYJ,35.0,,kickoff,0.0,0,0,0,,,,,0.31432533217594,0.0,0.0,0.0,0.0,0.0,0.0,0.0,0.0,0.0,0.0,0.0,0.0,0.0,1.0,0.0,,,,,,,,,,-3
NYJ,GB,2,GB,NYJ,GB,71.0,1.0,pass,-1.0,0,0,0,,,,,-0.948462659493089,0.0,0.0,0.0,0.0,0.0,0.0,1.0,1.0,0.0,0.0,0.0,0.0,0.0,0.0,0.0,J.Love,,,,,,,,,-3
NYJ,GB,2,GB,NYJ,GB,72.0,2.0,pass,4.0,0,0,0,,,,,-0.0983551582321525,0.0,0.0,0.0,0.0,0.0,0.0,1.0,0.0,0.0,0.0,0.0,0.0,0.0,0.0,1.0,J.Love,4.0,J.Reed,4.0,,,,,,-3
NYJ,GB,2,GB,NYJ,GB,68.0,3.0,pass,0.0,0,0,0,,,,,-1.46762216137722,0.0,0.0,0.0,0.0,0.0,0.0,1.0,0.0,0.0,0.0,0.0,0.0,0.0,0.0,0.0,J.Love,,M.Golden,,,,,,,-3
NYJ,GB,2,GB,NYJ,GB,68.0,4.0,punt,0.0,0,0,0,,,,,1.21576787694357,0.0,0.0,0.0,0.0,0.0,0.0,0.0,0.0,0.0,0.0,0.0,0.0,0.0,0.0,0.0,,,,,,,I.Williams,,,-3
NYJ,GB,2,NYJ,GB,NYJ,95.0,1.0,run,1.0,0,0,0,,,,,-0.552124867448583,0.0,0.0,0.0,0.0,0.0,1.0,0.0,0.0,0.0,0.0,0.0,0.0,0.0,0.0,0.0,,,,,B.Hall,1.0,,,,-3
NYJ,GB,2,NYJ,GB,NYJ,94.0,2.0,pass,5.0,0,0,0,,,,,-0.245531202293932,0.0,0.0,0.0,0.0,0.0,0.0,1.0,0.0,0.0,0.0,0.0,0.0,0.0,0.0,1.0,G.Smith,5.0,K.Sadiq,5.0,,,,,,-3
NYJ,GB,2,NYJ,GB,NYJ,89.0,3.0,no_play,0.0,0,0,0,,,,,1.36497586080804,0.0,0.0,0.0,1.0,0.0,0.0,0.0,0.0,0.0,0.0,0.0,0.0,0.0,0.0,0.0,,,,,,,,GB,5.0,-3
NYJ,GB,2,NYJ,GB,NYJ,84.0,1.0,run,4.0,0,0,0,,,,,-0.264404256828129,0.0,0.0,0.0,0.0,0.0,1.0,0.0,0.0,0.0,0.0,0.0,0.0,0.0,0.0,0.0,,,,,B.Hall,4.0,,,,-3
NYJ,GB,2,NYJ,GB,NYJ,80.0,2.0,no_play,0.0,0,0,0,,,,,-1.23772229114547,0.0,0.0,0.0,1.0,0.0,0.0,0.0,0.0,0.0,0.0,0.0,0.0,0.0,0.0,0.0,,,,,,,,NYJ,10.0,-3
NYJ,GB,2,NYJ,GB,NYJ,90.0,2.0,pass,7.0,0,0,0,,,,,0.148440555203706,0.0,0.0,0.0,0.0,0.0,0.0,1.0,0.0,0.0,0.0,0.0,0.0,0.0,0.0,1.0,G.Smith,7.0,A.Mitchell,7.0,,,,,,-3
NYJ,GB,2,NYJ,GB,NYJ,83.0,3.0,pass,0.0,0,0,0,,,,,2.48447209270671,0.0,0.0,0.0,1.0,0.0,0.0,1.0,0.0,0.0,0.0,0.0,0.0,0.0,0.0,0.0,G.Smith,,A.Mitchell,,,,,GB,15.0,-3
NYJ,GB,2,NYJ,GB,NYJ,68.0,1.0,pass,12.0,0,0,0,,,,,0.728715710807592,0.0,0.0,0.0,0.0,0.0,0.0,1.0,0.0,0.0,0.0,0.0,0.0,0.0,0.0,1.0,G.Smith,12.0,B.Hall,12.0,,,,,,-3
NYJ,GB,2,NYJ,GB,NYJ,56.0,1.0,run,5.0,0,0,0,,,,,0.0347645066212863,0.0,0.0,0.0,0.0,0.0,1.0,0.0,0.0,0.0,0.0,0.0,0.0,0.0,0.0,0.0,,,,,B.Hall,5.0,,,,-3
NYJ,GB,2,NYJ,GB,NYJ,51.0,2.0,run,-2.0,0,0,0,,,,,-1.12748050922528,0.0,0.0,0.0,0.0,0.0,1.0,0.0,0.0,0.0,0.0,0.0,0.0,0.0,0.0,0.0,,,,,B.Hall,-2.0,,,,-3
NYJ,GB,2,NYJ,GB,NYJ,53.0,3.0,pass,0.0,0,0,0,,,,,-1.5907645423431,0.0,0.0,0.0,0.0,0.0,0.0,1.0,0.0,0.0,0.0,0.0,0.0,0.0,0.0,0.0,G.Smith,,G.Wilson,,,,,,,-3
NYJ,GB,2,NYJ,GB,NYJ,53.0,4.0,punt,0.0,0,0,0,,,,,0.353363257832825,0.0,0.0,0.0,1.0,0.0,0.0,0.0,0.0,0.0,0.0,0.0,0.0,0.0,0.0,0.0,,,,,,,,GB,7.0,-3
NYJ,GB,2,GB,NYJ,GB,92.0,1.0,no_play,0.0,0,0,0,,,,,-0.751310746418312,0.0,0.0,0.0,1.0,0.0,0.0,0.0,0.0,0.0,0.0,0.0,0.0,0.0,0.0,0.0,,,,,,,,GB,4.0,-3
NYJ,GB,2,GB,NYJ,GB,96.0,1.0,pass,0.0,0,0,0,,,,,-0.541391448583454,0.0,0.0,0.0,0.0,0.0,0.0,1.0,0.0,0.0,0.0,0.0,0.0,0.0,0.0,1.0,J.Love,0.0,M.Lloyd,0.0,,,,,,-3
NYJ,GB,2,GB,NYJ,GB,96.0,2.0,pass,-1.0,0,0,0,,,,,-0.637776809511706,0.0,0.0,0.0,0.0,0.0,0.0,1.0,0.0,0.0,0.0,0.0,0.0,0.0,0.0,1.0,J.Love,-1.0,S.Moore,-1.0,,,,,,-3
NYJ,GB,2,GB,NYJ,GB,97.0,3.0,pass,0.0,0,0,0,,,,,-0.938010568264872,0.0,0.0,0.0,0.0,0.0,0.0,1.0,0.0,0.0,0.0,0.0,0.0,0.0,0.0,0.0,J.Love,,S.Moore,,,,,,,-3
NYJ,GB,2,GB,NYJ,GB,97.0,4.0,punt,0.0,0,0,0,,,,,1.45172988553531,0.0,0.0,0.0,1.0,0.0,0.0,0.0,0.0,0.0,0.0,0.0,0.0,0.0,0.0,0.0,,,,,,,,NYJ,10.0,-3
NYJ,GB,2,NYJ,GB,NYJ,71.0,1.0,pass,7.0,0,0,0,,,,,0.335615682182834,0.0,0.0,0.0,0.0,0.0,0.0,1.0,0.0,0.0,0.0,0.0,0.0,0.0,0.0,1.0,G.Smith,7.0,B.Hall,7.0,,,,,,-3
NYJ,GB,2,NYJ,GB,NYJ,64.0,2.0,run,2.0,0,0,0,,,,,-0.154360680375248,0.0,0.0,0.0,0.0,0.0,1.0,0.0,0.0,0.0,0.0,0.0,0.0,0.0,0.0,0.0,,,,,B.Hall,2.0,,,,-3
NYJ,GB,2,NYJ,GB,NYJ,62.0,3.0,pass,8.0,0,0,0,,,,,0.871996897039935,1.0,0.0,0.0,0.0,0.0,0.0,1.0,0.0,0.0,0.0,0.0,0.0,0.0,0.0,1.0,G.Smith,8.0,A.Mitchell,8.0,,,,,,-3
NYJ,GB,2,NYJ,GB,NYJ,54.0,1.0,pass,0.0,0,0,0,,,,,-0.517905454849824,0.0,0.0,0.0,0.0,0.0,0.0,1.0,0.0,0.0,0.0,0.0,0.0,0.0,0.0,0.0,G.Smith,,A.Mitchell,,,,,,,-3
NYJ,GB,2,NYJ,GB,NYJ,54.0,2.0,pass,0.0,0,0,0,,,,,-1.17981311003678,0.0,0.0,0.0,0.0,0.0,0.0,1.0,0.0,0.0,0.0,0.0,0.0,0.0,0.0,0.0,G.Smith,,G.Wilson,,,,,,,-3
NYJ,GB,2,,,,,,no_play,0.0,0,0,0,,,,,0.0,0.0,0.0,0.0,0.0,0.0,0.0,0.0,0.0,0.0,0.0,0.0,0.0,0.0,0.0,0.0,,,,,,,,,,-3
NYJ,GB,2,NYJ,GB,NYJ,54.0,3.0,run,1.0,0,0,1,,,,,-1.46660904795863,0.0,0.0,0.0,0.0,0.0,1.0,0.0,0.0,0.0,0.0,0.0,0.0,0.0,0.0,0.0,,,,,G.Smith,1.0,,,,-3
NYJ,GB,2,NYJ,GB,NYJ,53.0,4.0,punt,0.0,0,0,0,,,,,-0.454762975219637,0.0,0.0,0.0,0.0,0.0,0.0,0.0,0.0,0.0,0.0,0.0,0.0,0.0,0.0,0.0,,,,,,,,,,-3
NYJ,GB,2,GB,NYJ,GB,80.0,1.0,run,4.0,0,0,0,,,,,-0.209031727397814,0.0,0.0,0.0,0.0,0.0,1.0,0.0,0.0,0.0,0.0,0.0,0.0,0.0,0.0,0.0,,,,,K.Johnson,4.0,,,,-3
NYJ,GB,2,GB,NYJ,GB,76.0,2.0,pass,0.0,0,0,0,,,,,-0.598457833752036,0.0,0.0,0.0,0.0,0.0,0.0,1.0,0.0,0.0,0.0,0.0,0.0,0.0,0.0,0.0,J.Love,,C.Watson,,,,,,,-3
NYJ,GB,2,,,,,,no_play,0.0,0,0,0,,,,,0.0,0.0,0.0,0.0,0.0,0.0,0.0,0.0,0.0,0.0,0.0,0.0,0.0,0.0,0.0,0.0,,,,,,,,,,-3
NYJ,GB,2,GB,NYJ,GB,76.0,3.0,pass,0.0,0,0,0,,,,,-1.45422119181603,0.0,0.0,0.0,0.0,0.0,0.0,1.0,0.0,0.0,0.0,0.0,0.0,0.0,0.0,0.0,J.Love,,C.Watson,,,,,,,-3
NYJ,GB,2,GB,NYJ,GB,76.0,4.0,punt,0.0,0,0,0,,,,,1.23040049825795,0.0,0.0,0.0,1.0,0.0,0.0,0.0,0.0,0.0,0.0,0.0,0.0,0.0,0.0,0.0,,,,,,,I.Williams,NYJ,5.0,-3
NYJ,GB,2,NYJ,GB,NYJ,87.0,1.0,run,-3.0,0,0,0,,,,,-1.20733493706211,0.0,0.0,0.0,0.0,0.0,1.0,0.0,0.0,0.0,0.0,0.0,0.0,0.0,0.0,0.0,,,,,B.Hall,-3.0,,,,-3
NYJ,GB,2,NYJ,GB,NYJ,90.0,2.0,pass,0.0,0,0,0,,,,,-0.756369214970619,0.0,0.0,0.0,0.0,0.0,0.0,1.0,0.0,0.0,0.0,0.0,0.0,0.0,0.0,0.0,G.Smith,,A.Mitchell,,,,,,,-3
NYJ,GB,2,NYJ,GB,NYJ,90.0,3.0,pass,-4.0,0,0,0,,,,,-1.15338355256245,0.0,0.0,0.0,0.0,0.0,0.0,1.0,1.0,0.0,0.0,0.0,0.0,0.0,0.0,0.0,G.Smith,,,,,,,,,-3
NYJ,GB,2,NYJ,GB,NYJ,94.0,4.0,punt,0.0,0,0,0,,,,,0.969354253960773,0.0,0.0,0.0,0.0,0.0,0.0,0.0,0.0,0.0,0.0,0.0,0.0,0.0,0.0,0.0,,,,,,,,,,-3
NYJ,GB,2,GB,NYJ,GB,64.0,1.0,run,12.0,0,0,0,,,,,0.797029198380187,0.0,0.0,0.0,0.0,0.0,1.0,0.0,0.0,0.0,0.0,0.0,0.0,0.0,0.0,0.0,,,,,K.Johnson,12.0,,,,-3
NYJ,GB,2,GB,NYJ,,,,,,0,0,0,,,,,0.0,,,,,,,,,,,,,,,,,,,,,,,,,-3
NYJ,GB,2,GB,NYJ,GB,52.0,1.0,run,2.0,0,0,0,,,,,-0.504557379987091,0.0,0.0,0.0,0.0,0.0,1.0,0.0,0.0,0.0,0.0,0.0,0.0,0.0,0.0,0.0,,,,,K.Johnson,2.0,,,,-3
NYJ,GB,2,GB,NYJ,50,50.0,2.0,pass,20.0,0,0,0,,,,,1.73719799483661,0.0,0.0,0.0,0.0,0.0,0.0,1.0,0.0,0.0,0.0,0.0,0.0,0.0,0.0,1.0,J.Love,20.0,C.Watson,20.0,,,,,,-3
NYJ,GB,2,GB,NYJ,NYJ,30.0,1.0,run,5.0,0,0,0,,,,,0.0589369841618463,0.0,0.0,0.0,0.0,0.0,1.0,0.0,0.0,0.0,0.0,0.0,0.0,0.0,0.0,0.0,,,,,M.Lloyd,5.0,,,,-3
NYJ,GB,2,GB,NYJ,NYJ,25.0,2.0,run,7.0,0,0,0,,,,,0.722261560556945,0.0,0.0,0.0,0.0,0.0,1.0,0.0,0.0,0.0,0.0,0.0,0.0,0.0,0.0,0.0,,,,,K.Johnson,7.0,,,,-3
NYJ,GB,2,GB,NYJ,NYJ,18.0,1.0,no_play,0.0,0,0,0,,,,,-1.15243382490007,0.0,0.0,0.0,1.0,0.0,0.0,0.0,0.0,0.0,0.0,0.0,0.0,0.0,0.0,0.0,,,,,,,,GB,10.0,-3
NYJ,GB,2,GB,NYJ,NYJ,28.0,1.0,pass,13.0,0,0,0,,,,,0.879981484613381,0.0,0.0,0.0,0.0,0.0,0.0,1.0,0.0,0.0,0.0,0.0,0.0,0.0,0.0,1.0,J.Love,13.0,C.Watson,13.0,,,,,,-3
NYJ,GB,2,GB,NYJ,NYJ,15.0,2.0,run,7.0,0,0,0,,,,,0.780287949542981,0.0,0.0,0.0,0.0,0.0,1.0,0.0,0.0,0.0,0.0,0.0,0.0,0.0,0.0,0.0,,,,,M.Lloyd,7.0,,,,-3
NYJ,GB,2,GB,NYJ,NYJ,8.0,1.0,run,2.0,0,0,0,,,,,-0.307627020811196,0.0,0.0,0.0,0.0,0.0,1.0,0.0,0.0,0.0,0.0,0.0,0.0,0.0,0.0,0.0,,,,,M.Lloyd,2.0,,,,-3
NYJ,GB,2,GB,NYJ,NYJ,6.0,2.0,pass,6.0,0,0,0,,,,GB,2.03424957359675,0.0,0.0,0.0,0.0,0.0,0.0,1.0,0.0,1.0,1.0,0.0,0.0,0.0,0.0,1.0,J.Love,6.0,M.Lloyd,6.0,,,,,,-3
NYJ,GB,2,GB,NYJ,NYJ,15.0,,extra_point,0.0,0,0,0,,good,,,0.0675730031076331,0.0,0.0,0.0,0.0,0.0,0.0,0.0,0.0,0.0,0.0,0.0,1.0,0.0,0.0,0.0,,,,,,,,,,-3
NYJ,GB,2,NYJ,GB,GB,35.0,,kickoff,0.0,0,0,0,,,,,0.234118675347418,0.0,0.0,0.0,0.0,0.0,0.0,0.0,0.0,0.0,0.0,0.0,0.0,0.0,1.0,0.0,,,,,,,,,,-3
NYJ,GB,2,NYJ,GB,NYJ,70.0,1.0,run,-1.0,0,0,0,,,,,-0.750593010336161,0.0,0.0,0.0,0.0,0.0,1.0,0.0,0.0,0.0,0.0,0.0,0.0,0.0,0.0,0.0,,,,,B.Allen,-1.0,,,,-3
NYJ,GB,2,NYJ,GB,NYJ,71.0,2.0,pass,0.0,0,0,0,,,,,-0.790532020619139,0.0,0.0,0.0,0.0,0.0,0.0,1.0,0.0,0.0,0.0,0.0,0.0,0.0,0.0,0.0,G.Smith,,A.Mitchell,,,,,,,-3
NYJ,GB,2,NYJ,GB,NYJ,71.0,3.0,pass,16.0,0,0,0,,,,,2.4222545651719,1.0,0.0,0.0,0.0,0.0,0.0,1.0,0.0,0.0,0.0,0.0,0.0,0.0,0.0,1.0,G.Smith,16.0,G.Wilson,16.0,,,,,,-3
NYJ,GB,2,NYJ,GB,NYJ,55.0,1.0,no_play,0.0,0,0,0,,,,,2.23338675155537,0.0,0.0,0.0,1.0,0.0,0.0,0.0,0.0,0.0,0.0,0.0,0.0,0.0,0.0,0.0,,,,,,,,GB,34.0,-3
NYJ,GB,2,NYJ,GB,GB,21.0,1.0,run,1.0,0,0,0,,,,,-0.511392426793464,0.0,0.0,0.0,0.0,0.0,1.0,0.0,0.0,0.0,0.0,0.0,0.0,0.0,0.0,0.0,,,,,B.Allen,1.0,,,,-3
NYJ,GB,2,NYJ,GB,GB,20.0,2.0,pass,0.0,0,0,0,,,,,-0.600279478356242,0.0,0.0,0.0,0.0,0.0,0.0,1.0,0.0,0.0,0.0,0.0,0.0,0.0,0.0,1.0,G.Smith,0.0,J.Ruckert,0.0,,,,,,-3
NYJ,GB,2,NYJ,GB,GB,20.0,3.0,pass,15.0,0,0,0,,,,,2.29552589548985,1.0,0.0,0.0,0.0,0.0,0.0,1.0,0.0,0.0,0.0,0.0,0.0,0.0,0.0,1.0,G.Smith,15.0,A.Mitchell,15.0,,,,,,-3
NYJ,GB,2,NYJ,GB,GB,5.0,1.0,run,5.0,0,0,0,,,,NYJ,1.43578121205792,0.0,0.0,0.0,0.0,0.0,1.0,0.0,0.0,1.0,0.0,1.0,0.0,0.0,0.0,0.0,,,,,B.Allen,5.0,,,,-3
NYJ,GB,2,NYJ,GB,GB,15.0,,extra_point,0.0,0,0,0,,good,,,0.0675730031076331,0.0,0.0,0.0,0.0,0.0,0.0,0.0,0.0,0.0,0.0,0.0,1.0,0.0,0.0,0.0,,,,,,,,,,-3
NYJ,GB,2,GB,NYJ,NYJ,35.0,,kickoff,0.0,0,0,0,,,,,1.21052200021222,0.0,0.0,0.0,0.0,0.0,0.0,0.0,0.0,0.0,0.0,0.0,0.0,0.0,1.0,0.0,,,,,,,,,,-3
NYJ,GB,2,GB,NYJ,GB,54.0,1.0,run,-4.0,0,0,0,,,,,-1.72624394414015,0.0,0.0,0.0,0.0,0.0,1.0,0.0,0.0,0.0,0.0,0.0,0.0,0.0,0.0,0.0,,,,,K.Johnson,-4.0,K.Johnson,,,-3
NYJ,GB,2,GB,NYJ,GB,62.0,2.0,pass,5.0,0,0,0,,,,,-0.606362310703844,0.0,0.0,0.0,0.0,0.0,0.0,1.0,0.0,0.0,0.0,0.0,0.0,0.0,0.0,1.0,J.Love,5.0,T.Kraft,5.0,,,T.Kraft,,,-3
NYJ,GB,2,GB,NYJ,GB,57.0,3.0,pass,0.0,0,0,0,,,,,-0.592051459942013,0.0,0.0,0.0,0.0,0.0,0.0,1.0,0.0,0.0,0.0,0.0,0.0,0.0,0.0,0.0,J.Love,,B.Melton,,,,,,,-3
NYJ,GB,2,GB,NYJ,GB,57.0,4.0,punt,0.0,0,0,0,,,,,0.36546540656127,0.0,0.0,0.0,1.0,0.0,0.0,0.0,0.0,0.0,0.0,0.0,0.0,0.0,0.0,0.0,,,,,,,,NYJ,10.0,-3
NYJ,GB,2,NYJ,GB,NYJ,90.0,1.0,run,-1.0,0,0,0,,,,,-0.398805670673028,0.0,0.0,0.0,0.0,0.0,1.0,0.0,0.0,0.0,0.0,0.0,0.0,0.0,0.0,0.0,,,,,B.Hall,-1.0,,,,-3
NYJ,GB,2,NYJ,GB,NYJ,91.0,2.0,pass,0.0,0,0,0,,,,,-0.402532382169738,0.0,0.0,0.0,0.0,0.0,0.0,1.0,0.0,0.0,0.0,0.0,0.0,0.0,0.0,0.0,G.Smith,,,,,,,,,-3
NYJ,GB,2,NYJ,GB,NYJ,91.0,3.0,pass,14.0,0,0,0,,,,,1.70580125029664,1.0,0.0,0.0,0.0,0.0,0.0,1.0,0.0,0.0,0.0,0.0,0.0,0.0,0.0,1.0,G.Smith,14.0,A.Mitchell,14.0,,,,,,-3
NYJ,GB,2,NYJ,GB,NYJ,77.0,1.0,pass,5.0,0,0,0,,,,,-0.268223960418254,0.0,0.0,0.0,0.0,0.0,0.0,1.0,0.0,0.0,0.0,0.0,0.0,0.0,0.0,1.0,G.Smith,5.0,J.Ruckert,5.0,,,,,,-3
NYJ,GB,2,NYJ,GB,NYJ,72.0,2.0,run,3.0,0,0,1,,,,,-0.380773391458206,0.0,0.0,0.0,0.0,0.0,1.0,0.0,0.0,0.0,0.0,0.0,0.0,0.0,0.0,0.0,,,,,G.Smith,3.0,,,,-3
NYJ,GB,2,NYJ,GB,NYJ,69.0,3.0,run,2.0,0,0,0,,,,,0.0278430758044124,1.0,0.0,0.0,0.0,0.0,1.0,0.0,0.0,0.0,0.0,0.0,0.0,0.0,0.0,0.0,,,,,B.Hall,2.0,,,,-3
NYJ,GB,2,NYJ,GB,NYJ,67.0,1.0,pass,-3.0,0,0,0,,,,,-0.267621015140321,0.0,0.0,0.0,0.0,0.0,0.0,1.0,0.0,0.0,0.0,0.0,0.0,0.0,0.0,1.0,G.Smith,-3.0,B.Hall,-3.0,,,,,,-3
NYJ,GB,2,,,,,,no_play,0.0,0,0,0,,,,,0.0,0.0,0.0,0.0,0.0,0.0,0.0,0.0,0.0,0.0,0.0,0.0,0.0,0.0,0.0,0.0,,,,,,,,,,-3
NYJ,GB,2,NYJ,GB,NYJ,70.0,2.0,pass,8.0,0,0,0,,,,,0.0063181780860759,0.0,0.0,0.0,0.0,0.0,0.0,1.0,0.0,0.0,0.0,0.0,0.0,0.0,0.0,1.0,G.Smith,8.0,I.Williams,8.0,,,,,,-3
NYJ,GB,2,,,,,,no_play,0.0,0,0,0,,,,,0.0,0.0,0.0,0.0,0.0,0.0,0.0,0.0,0.0,0.0,0.0,0.0,0.0,0.0,0.0,0.0,,,,,,,,,,-3
NYJ,GB,2,NYJ,GB,NYJ,62.0,3.0,pass,8.0,0,0,0,,,,,0.0830425734166056,1.0,0.0,0.0,0.0,0.0,0.0,1.0,0.0,0.0,0.0,0.0,0.0,0.0,0.0,1.0,G.Smith,8.0,A.Mitchell,8.0,,,,,,-3
NYJ,GB,2,NYJ,GB,NYJ,54.0,1.0,qb_spike,0.0,0,1,0,,,,,-0.0199621826468501,0.0,0.0,0.0,0.0,0.0,0.0,1.0,0.0,0.0,0.0,0.0,0.0,0.0,0.0,0.0,G.Smith,,,,,,,,,-3
NYJ,GB,2,NYJ,GB,NYJ,54.0,2.0,pass,0.0,0,0,0,,,,,-0.149720177229028,0.0,0.0,0.0,0.0,0.0,0.0,1.0,0.0,0.0,0.0,0.0,0.0,0.0,0.0,0.0,G.Smith,,A.Mitchell,,,,,,,-3
NYJ,GB,2,NYJ,GB,NYJ,54.0,3.0,pass,1.0,0,0,0,,,,,-0.185912409593584,0.0,0.0,0.0,0.0,0.0,0.0,1.0,0.0,0.0,0.0,0.0,0.0,0.0,0.0,1.0,G.Smith,1.0,I.Williams,1.0,,,,,,-3
NYJ,GB,2,,,,,,,,0,0,0,,,,,,,,,,,,,,,,,,,,,,,,,,,,,,-3
NYJ,GB,2,NYJ,GB,GB,35.0,,kickoff,0.0,0,0,0,,,,,0.57757502514869,0.0,0.0,0.0,0.0,0.0,0.0,0.0,0.0,0.0,0.0,0.0,0.0,0.0,1.0,0.0,,,,,,,,,,-3
NYJ,GB,2,NYJ,GB,NYJ,66.0,1.0,pass,17.0,0,0,0,,,,,1.04734982829541,0.0,0.0,0.0,0.0,0.0,0.0,1.0,0.0,0.0,0.0,0.0,0.0,0.0,0.0,1.0,G.Smith,17.0,G.Wilson,17.0,,,,,,-3
NYJ,GB,2,NYJ,GB,GB,49.0,1.0,pass,4.0,0,0,0,,,,,-0.138183724367991,0.0,0.0,0.0,0.0,0.0,0.0,1.0,0.0,0.0,0.0,0.0,0.0,0.0,0.0,1.0,G.Smith,4.0,I.Williams,4.0,,,,,,-3
NYJ,GB,2,NYJ,GB,GB,45.0,2.0,run,-3.0,0,0,0,,,,,-1.27260278561153,0.0,0.0,0.0,0.0,0.0,1.0,0.0,0.0,0.0,0.0,0.0,0.0,0.0,0.0,0.0,,,,,B.Hall,-3.0,,,,-3
NYJ,GB,2,NYJ,GB,GB,48.0,3.0,pass,0.0,0,0,0,,,,,-1.6373776269611,0.0,0.0,0.0,0.0,0.0,0.0,1.0,0.0,0.0,0.0,0.0,0.0,0.0,0.0,0.0,G.Smith,,,,,,,,,-3
NYJ,GB,2,NYJ,GB,GB,48.0,4.0,punt,0.0,0,0,0,,,,,0.64994159527123,0.0,0.0,0.0,1.0,0.0,0.0,0.0,0.0,0.0,0.0,0.0,0.0,0.0,0.0,0.0,,,,,,,,GB,3.0,-3
NYJ,GB,2,GB,NYJ,GB,97.0,1.0,run,3.0,0,0,0,,,,,-0.259040398756042,0.0,0.0,0.0,0.0,0.0,1.0,0.0,0.0,0.0,0.0,0.0,0.0,0.0,0.0,0.0,,,,,M.Lloyd,3.0,,,,-3
NYJ,GB,2,GB,NYJ,GB,94.0,2.0,pass,8.0,0,0,0,,,,,0.974976387806237,0.0,0.0,0.0,0.0,0.0,0.0,1.0,0.0,0.0,0.0,0.0,0.0,0.0,0.0,1.0,J.Love,8.0,M.Golden,8.0,,,,,,-3
NYJ,GB,2,GB,NYJ,GB,86.0,1.0,no_play,0.0,0,0,0,,,,,1.62283262470737,0.0,0.0,0.0,1.0,0.0,0.0,0.0,0.0,0.0,0.0,0.0,0.0,0.0,0.0,0.0,,,,,,,,NYJ,23.0,-3
NYJ,GB,2,GB,NYJ,GB,63.0,1.0,no_play,0.0,0,0,0,,,,,-0.909392995759845,0.0,0.0,0.0,1.0,0.0,0.0,0.0,0.0,0.0,0.0,0.0,0.0,0.0,0.0,0.0,,,,,,,,GB,10.0,-3
NYJ,GB,2,GB,NYJ,GB,73.0,1.0,no_play,0.0,0,0,0,,,,,-0.698894582688808,0.0,0.0,0.0,1.0,0.0,0.0,0.0,0.0,0.0,0.0,0.0,0.0,0.0,0.0,0.0,,,,,,,,GB,5.0,-3
NYJ,GB,2,GB,NYJ,GB,78.0,1.0,pass,-3.0,0,0,0,,,,,-0.421934106387198,0.0,0.0,0.0,0.0,0.0,0.0,1.0,1.0,0.0,0.0,0.0,0.0,0.0,0.0,0.0,J.Love,,,,,,J.Love,,,-3
NYJ,GB,2,GB,NYJ,GB,76.0,2.0,run,4.0,0,0,0,,,,,-0.33418896747753,0.0,0.0,0.0,0.0,0.0,1.0,0.0,0.0,0.0,0.0,0.0,0.0,0.0,0.0,0.0,,,,,C.Brooks,4.0,,,,-3
NYJ,GB,2,GB,NYJ,GB,72.0,3.0,no_play,0.0,0,0,0,,,,,2.12889347830787,0.0,0.0,0.0,1.0,0.0,0.0,0.0,0.0,0.0,0.0,0.0,0.0,0.0,0.0,0.0,,,,,,,,NYJ,5.0,-3
NYJ,GB,2,GB,NYJ,GB,67.0,1.0,run,1.0,0,0,0,,,,,-0.554829895030707,0.0,0.0,0.0,0.0,0.0,1.0,0.0,0.0,0.0,0.0,0.0,0.0,0.0,0.0,0.0,,,,,M.Lloyd,1.0,,,,-3
NYJ,GB,2,GB,NYJ,GB,66.0,2.0,pass,0.0,0,0,0,,,,,-0.761384850367904,0.0,0.0,0.0,0.0,0.0,0.0,1.0,0.0,0.0,0.0,0.0,0.0,0.0,0.0,0.0,J.Love,,C.Watson,,,,,,,-3
NYJ,GB,2,GB,NYJ,GB,66.0,3.0,pass,0.0,0,0,0,,,,,-1.27294415328652,0.0,0.0,0.0,0.0,0.0,0.0,1.0,0.0,0.0,0.0,0.0,0.0,0.0,0.0,0.0,J.Love,,C.Watson,,,,,,,-3
NYJ,GB,2,GB,NYJ,GB,66.0,4.0,punt,0.0,0,0,0,,,,,-0.549659794196487,0.0,0.0,0.0,0.0,0.0,0.0,0.0,0.0,0.0,0.0,0.0,0.0,0.0,0.0,0.0,,,,,,,,,,-3
NYJ,GB,2,NYJ,GB,NYJ,70.0,1.0,pass,4.0,0,0,0,,,,,-0.16249460959807,0.0,0.0,0.0,0.0,0.0,0.0,1.0,0.0,0.0,0.0,0.0,0.0,0.0,0.0,1.0,G.Smith,4.0,B.Hall,4.0,,,,,,-3
NYJ,GB,2,NYJ,GB,NYJ,66.0,2.0,run,2.0,0,0,0,,,,,-0.40148268872872,0.0,0.0,0.0,0.0,0.0,1.0,0.0,0.0,0.0,0.0,0.0,0.0,0.0,0.0,0.0,,,,,B.Hall,2.0,,,,-3
NYJ,GB,2,NYJ,GB,NYJ,64.0,3.0,run,6.0,0,0,1,,,,,1.29284487571567,1.0,0.0,0.0,0.0,0.0,1.0,0.0,0.0,0.0,0.0,0.0,0.0,0.0,0.0,0.0,,,,,G.Smith,6.0,,,,-3
NYJ,GB,2,NYJ,GB,NYJ,58.0,1.0,pass,0.0,0,0,0,,,,,-0.488292638445273,0.0,0.0,0.0,0.0,0.0,0.0,1.0,0.0,0.0,0.0,0.0,0.0,0.0,0.0,0.0,G.Smith,,K.Sadiq,,,,,,,-3
NYJ,GB,2,NYJ,GB,NYJ,58.0,2.0,run,14.0,0,0,0,,,,,1.31420422974043,0.0,0.0,0.0,0.0,0.0,1.0,0.0,0.0,0.0,0.0,0.0,0.0,0.0,0.0,0.0,,,,,B.Hall,14.0,,,,-3
NYJ,GB,2,NYJ,GB,GB,44.0,1.0,run,14.0,0,0,0,,,,,0.842949120677076,0.0,0.0,0.0,0.0,0.0,1.0,0.0,0.0,0.0,0.0,0.0,0.0,0.0,0.0,0.0,,,,,I.Williams,14.0,,,,-3
NYJ,GB,2,NYJ,GB,GB,30.0,1.0,pass,9.0,0,0,0,,,,,0.78594934148714,0.0,0.0,0.0,0.0,0.0,0.0,1.0,0.0,0.0,0.0,0.0,0.0,0.0,0.0,1.0,G.Smith,9.0,I.Williams,9.0,,,,,,-3
NYJ,GB,2,NYJ,GB,GB,21.0,2.0,run,2.0,0,0,0,,,,,-0.0331413702806458,0.0,0.0,0.0,0.0,0.0,1.0,0.0,0.0,0.0,0.0,0.0,0.0,0.0,0.0,0.0,,,,,B.Allen,2.0,,,,-3
NYJ,GB,2,NYJ,GB,GB,19.0,1.0,pass,8.0,0,0,0,,,,,1.04064964322606,0.0,0.0,0.0,1.0,0.0,0.0,1.0,0.0,0.0,0.0,0.0,0.0,0.0,0.0,1.0,G.Smith,8.0,B.Allen,8.0,,,,GB,6.0,-3
NYJ,GB,2,NYJ,GB,GB,5.0,1.0,pass,5.0,0,0,0,,,,NYJ,1.07244676345726,0.0,0.0,0.0,1.0,0.0,0.0,1.0,0.0,1.0,1.0,0.0,0.0,0.0,0.0,1.0,G.Smith,5.0,G.Wilson,5.0,,,,NYJ,15.0,-3
NYJ,GB,2,NYJ,GB,GB,30.0,,extra_point,0.0,0,0,0,,good,,,0.297928662813532,0.0,0.0,0.0,0.0,0.0,0.0,0.0,0.0,0.0,0.0,0.0,1.0,0.0,0.0,0.0,,,,,,,,,,-3
NYJ,GB,2,GB,NYJ,NYJ,35.0,,kickoff,0.0,0,0,0,,,,,0.124719240702689,0.0,0.0,0.0,0.0,0.0,0.0,0.0,0.0,0.0,0.0,0.0,0.0,0.0,1.0,0.0,,,,,,,,,,-3
NYJ,GB,2,GB,NYJ,GB,73.0,1.0,run,-3.0,0,0,0,,,,,-1.19717010483146,0.0,0.0,0.0,0.0,0.0,1.0,0.0,0.0,0.0,0.0,0.0,0.0,0.0,0.0,0.0,,,,,K.Johnson,-3.0,,,,-3
NYJ,GB,2,GB,NYJ,GB,76.0,2.0,pass,10.0,0,0,0,,,,,0.803892458323389,0.0,0.0,0.0,0.0,0.0,0.0,1.0,0.0,0.0,0.0,0.0,0.0,0.0,0.0,1.0,J.Love,10.0,T.Kraft,10.0,,,,,,-3
NYJ,GB,2,GB,NYJ,GB,66.0,3.0,pass,0.0,0,0,0,,,,,-1.48157017212361,0.0,0.0,0.0,0.0,0.0,0.0,1.0,0.0,0.0,0.0,0.0,0.0,0.0,0.0,0.0,J.Love,,C.Watson,,,,,,,-3
NYJ,GB,2,GB,NYJ,GB,66.0,4.0,punt,0.0,0,0,0,,,,,0.123920363839716,0.0,0.0,0.0,0.0,0.0,0.0,0.0,0.0,0.0,0.0,0.0,0.0,0.0,0.0,0.0,,,,,,,,,,-3
NYJ,GB,2,NYJ,GB,NYJ,81.0,1.0,run,3.0,0,0,0,,,,,-0.429084366653115,0.0,0.0,0.0,0.0,0.0,1.0,0.0,0.0,0.0,0.0,0.0,0.0,0.0,0.0,0.0,,,,,B.Hall,3.0,,,,-3
NYJ,GB,2,NYJ,GB,NYJ,78.0,2.0,pass,0.0,0,0,0,,,,,-0.745072463061661,0.0,0.0,0.0,0.0,0.0,0.0,1.0,0.0,0.0,0.0,0.0,0.0,0.0,0.0,0.0,G.Smith,,,,,,,,,-3
NYJ,GB,2,NYJ,GB,NYJ,78.0,3.0,no_play,0.0,0,0,0,,,,,-0.623348233755678,0.0,0.0,0.0,1.0,0.0,0.0,0.0,0.0,0.0,0.0,0.0,0.0,0.0,0.0,0.0,,,,,,,,NYJ,5.0,-3
NYJ,GB,2,NYJ,GB,NYJ,83.0,3.0,pass,43.0,0,0,0,,,,,4.4379569622688,1.0,0.0,0.0,0.0,0.0,0.0,1.0,0.0,0.0,0.0,0.0,0.0,0.0,0.0,1.0,G.Smith,43.0,B.Hall,43.0,,,,,,-3
NYJ,GB,2,NYJ,GB,,,,,,0,0,0,,,,,0.0,,,,,,,,,,,,,,,,,,,,,,,,,-3
NYJ,GB,2,NYJ,GB,GB,40.0,1.0,run,7.0,0,0,1,,,,,0.367522030253895,0.0,0.0,0.0,0.0,0.0,1.0,0.0,0.0,0.0,0.0,0.0,0.0,0.0,0.0,0.0,,,,,G.Smith,7.0,,,,-3
NYJ,GB,2,NYJ,GB,GB,33.0,2.0,run,0.0,0,0,0,,,,,-2.7497449858347,0.0,0.0,0.0,0.0,0.0,1.0,0.0,0.0,0.0,0.0,0.0,0.0,0.0,0.0,0.0,,,,,G.Smith,0.0,G.Smith,,,-3
NYJ,GB,2,NYJ,GB,GB,47.0,3.0,pass,-10.0,0,0,0,,,,,-1.1777546047233,0.0,0.0,0.0,0.0,0.0,0.0,1.0,1.0,0.0,0.0,0.0,0.0,0.0,0.0,0.0,G.Smith,,,,,,,,,-3
NYJ,GB,2,NYJ,GB,NYJ,57.0,4.0,punt,0.0,0,0,0,,,,,0.0110433977097273,0.0,0.0,0.0,1.0,0.0,0.0,0.0,0.0,0.0,0.0,0.0,0.0,0.0,0.0,0.0,,,,,,,S.Moore,GB,14.0,-3
NYJ,GB,2,GB,NYJ,GB,86.0,1.0,run,2.0,0,0,0,,,,,-4.98751574702328,0.0,0.0,0.0,0.0,1.0,1.0,0.0,0.0,0.0,0.0,0.0,0.0,0.0,0.0,0.0,,,,,M.Lloyd,2.0,M.Lloyd,,,-3
NYJ,GB,2,NYJ,GB,GB,18.0,1.0,run,1.0,0,0,0,,,,,-0.476895101775881,0.0,0.0,0.0,0.0,0.0,1.0,0.0,0.0,0.0,0.0,0.0,0.0,0.0,0.0,0.0,,,,,B.Hall,1.0,,,,-3
NYJ,GB,2,NYJ,GB,GB,17.0,2.0,pass,0.0,0,0,0,,,,,-0.736704754526727,0.0,0.0,0.0,0.0,0.0,0.0,1.0,0.0,0.0,0.0,0.0,0.0,0.0,0.0,0.0,G.Smith,,,,,,,,,-3
NYJ,GB,2,NYJ,GB,GB,17.0,3.0,pass,8.0,0,0,0,,,,,0.144087193417363,0.0,0.0,0.0,0.0,0.0,0.0,1.0,0.0,0.0,0.0,0.0,0.0,0.0,0.0,1.0,G.Smith,8.0,I.Williams,8.0,,,,,,-3
NYJ,GB,2,NYJ,GB,GB,9.0,4.0,no_play,0.0,0,0,0,,,,,-0.9969620767075,0.0,0.0,0.0,1.0,0.0,0.0,0.0,0.0,0.0,0.0,0.0,0.0,0.0,0.0,0.0,,,,,,,,NYJ,5.0,-3
NYJ,GB,2,NYJ,GB,GB,14.0,4.0,field_goal,0.0,0,0,0,made,,,,0.230421237836349,0.0,0.0,0.0,0.0,0.0,0.0,0.0,0.0,0.0,0.0,0.0,0.0,0.0,0.0,0.0,,,,,,,,,,-3
NYJ,GB,2,GB,NYJ,NYJ,35.0,,kickoff,0.0,0,0,0,,,,,0.0892767119221389,0.0,0.0,0.0,0.0,0.0,0.0,0.0,0.0,0.0,0.0,0.0,0.0,0.0,1.0,0.0,,,,,,,,,,-3
NYJ,GB,2,GB,NYJ,GB,73.0,1.0,pass,0.0,0,0,0,,,,,-0.542331892531365,0.0,0.0,0.0,0.0,0.0,0.0,1.0,0.0,0.0,0.0,0.0,0.0,0.0,0.0,0.0,J.Love,,C.Brooks,,,,,,,-3
NYJ,GB,2,GB,NYJ,GB,73.0,2.0,pass,7.0,0,0,0,,,,,0.121841834392399,0.0,0.0,0.0,0.0,0.0,0.0,1.0,0.0,0.0,0.0,0.0,0.0,0.0,0.0,1.0,J.Love,7.0,S.Moore,7.0,,,,,,-3
NYJ,GB,2,GB,NYJ,GB,66.0,3.0,pass,18.0,0,0,0,,,,,1.93665097467601,1.0,0.0,0.0,0.0,0.0,0.0,1.0,0.0,0.0,0.0,0.0,0.0,0.0,0.0,1.0,J.Love,18.0,M.Golden,18.0,,,,,,-3
NYJ,GB,2,GB,NYJ,NYJ,48.0,1.0,no_play,0.0,0,0,1,,,,,-0.840819711331278,0.0,0.0,0.0,1.0,0.0,0.0,0.0,0.0,0.0,0.0,0.0,0.0,0.0,0.0,0.0,,,,,,,,GB,10.0,-3
NYJ,GB,2,GB,NYJ,GB,58.0,1.0,no_play,0.0,0,0,0,,,,,-0.360449618659914,0.0,0.0,0.0,1.0,0.0,0.0,0.0,0.0,0.0,0.0,0.0,0.0,0.0,0.0,0.0,,,,,,,,GB,5.0,-3
NYJ,GB,2,GB,NYJ,GB,63.0,1.0,no_play,0.0,0,0,0,,,,,2.72296964144334,0.0,0.0,0.0,1.0,0.0,0.0,0.0,0.0,0.0,0.0,0.0,0.0,0.0,0.0,0.0,,,,,,,,NYJ,38.0,-3
NYJ,GB,2,GB,NYJ,NYJ,25.0,1.0,pass,0.0,0,0,0,,,,,-0.418805169058032,0.0,0.0,0.0,0.0,0.0,0.0,1.0,0.0,0.0,0.0,0.0,0.0,0.0,0.0,0.0,J.Love,,T.Kraft,,,,,,,-3
NYJ,GB,2,GB,NYJ,NYJ,25.0,2.0,pass,18.0,0,0,0,,,,,1.584211079753,0.0,0.0,0.0,0.0,0.0,0.0,1.0,0.0,0.0,0.0,0.0,0.0,0.0,0.0,1.0,J.Love,18.0,M.Golden,18.0,,,,,,-3
NYJ,GB,2,GB,NYJ,NYJ,7.0,1.0,no_play,,0,0,1,,,,,-0.0012064355541952,,,,,,,,,,,,,,,,,,,,,,,,,-3
NYJ,GB,2,GB,NYJ,NYJ,7.0,1.0,run,4.0,0,0,0,,,,,0.258714512456208,0.0,0.0,0.0,0.0,0.0,1.0,0.0,0.0,0.0,0.0,0.0,0.0,0.0,0.0,0.0,,,,,C.Brooks,4.0,,,,-3
NYJ,GB,2,GB,NYJ,NYJ,3.0,2.0,pass,3.0,0,0,0,,,,GB,1.40990163997049,0.0,0.0,0.0,0.0,0.0,0.0,1.0,0.0,1.0,1.0,0.0,0.0,0.0,0.0,1.0,J.Love,3.0,C.Watson,3.0,,,,,,-3
NYJ,GB,2,GB,NYJ,NYJ,15.0,,extra_point,0.0,0,0,0,,good,,,0.0675730031076331,0.0,0.0,0.0,0.0,0.0,0.0,0.0,0.0,0.0,0.0,0.0,1.0,0.0,0.0,0.0,,,,,,,,,,-3
NYJ,GB,2,NYJ,GB,GB,35.0,,kickoff,0.0,0,0,0,,,,,-0.925260052550584,0.0,0.0,0.0,1.0,0.0,0.0,0.0,0.0,0.0,0.0,0.0,0.0,0.0,1.0,0.0,,,,,,,,NYJ,10.0,-3
NYJ,GB,2,NYJ,GB,NYJ,87.0,1.0,pass,11.0,0,0,0,,,,,0.588513585273176,0.0,0.0,0.0,0.0,0.0,0.0,1.0,0.0,0.0,0.0,0.0,0.0,0.0,0.0,1.0,G.Smith,11.0,A.Mitchell,11.0,,,,,,-3
NYJ,GB,2,NYJ,GB,NYJ,76.0,1.0,run,4.0,0,0,0,,,,,-0.166136745363474,0.0,0.0,0.0,0.0,0.0,1.0,0.0,0.0,0.0,0.0,0.0,0.0,0.0,0.0,0.0,,,,,B.Hall,4.0,,,,-3
NYJ,GB,2,NYJ,GB,NYJ,72.0,2.0,run,-1.0,0,0,0,,,,,-1.0169080379419,0.0,0.0,0.0,0.0,0.0,1.0,0.0,0.0,0.0,0.0,0.0,0.0,0.0,0.0,0.0,,,,,B.Hall,-1.0,,,,-3
NYJ,GB,2,,,,,,no_play,0.0,0,0,0,,,,,0.0,0.0,0.0,0.0,0.0,0.0,0.0,0.0,0.0,0.0,0.0,0.0,0.0,0.0,0.0,0.0,,,,,,,,,,-3
NYJ,GB,2,NYJ,GB,NYJ,73.0,3.0,pass,4.0,0,0,0,,,,,-0.676520753186196,0.0,0.0,0.0,0.0,0.0,0.0,1.0,0.0,0.0,0.0,0.0,0.0,0.0,0.0,1.0,G.Smith,4.0,I.Williams,4.0,,,,,,-3
NYJ,GB,2,NYJ,GB,NYJ,69.0,4.0,punt,0.0,0,0,0,,,,,-3.56060009717476,0.0,0.0,0.0,0.0,0.0,0.0,0.0,0.0,0.0,0.0,0.0,0.0,0.0,0.0,0.0,,,,,,,,,,-3
NYJ,GB,2,GB,NYJ,NYJ,19.0,1.0,run,4.0,0,0,0,,,,,-0.0555637177894823,0.0,0.0,0.0,0.0,0.0,1.0,0.0,0.0,0.0,0.0,0.0,0.0,0.0,0.0,0.0,,,,,C.Brooks,4.0,,,,-3
NYJ,GB,2,GB,NYJ,NYJ,15.0,2.0,run,-1.0,0,0,0,,,,,-0.901879191515036,0.0,0.0,0.0,0.0,0.0,1.0,0.0,0.0,0.0,0.0,0.0,0.0,0.0,0.0,0.0,,,,,C.Brooks,-1.0,,,,-3
NYJ,GB,2,GB,NYJ,NYJ,16.0,3.0,pass,0.0,0,0,0,,,,,-0.857309499698912,0.0,0.0,0.0,0.0,0.0,0.0,1.0,0.0,0.0,0.0,0.0,0.0,0.0,0.0,0.0,J.Love,,C.Watson,,,,,,,-3
NYJ,GB,2,GB,NYJ,NYJ,16.0,4.0,field_goal,0.0,0,0,0,made,,,,0.299847874209972,0.0,0.0,0.0,0.0,0.0,0.0,0.0,0.0,0.0,0.0,0.0,0.0,0.0,0.0,0.0,,,,,,,,,,-3
NYJ,GB,2,NYJ,GB,GB,35.0,,kickoff,0.0,0,0,0,,,,,0.407267884816974,0.0,0.0,0.0,0.0,0.0,0.0,0.0,0.0,0.0,0.0,0.0,0.0,0.0,1.0,0.0,,,,,,,,,,-3
NYJ,GB,2,NYJ,GB,NYJ,70.0,1.0,pass,11.0,0,0,0,,,,,0.435176292201504,0.0,0.0,0.0,0.0,0.0,0.0,1.0,0.0,0.0,0.0,0.0,0.0,0.0,0.0,1.0,G.Smith,11.0,G.Wilson,11.0,,,,,,-3
NYJ,GB,2,NYJ,GB,NYJ,59.0,1.0,pass,0.0,0,0,0,,,,,-0.412468077731319,0.0,0.0,0.0,0.0,0.0,0.0,1.0,0.0,0.0,0.0,0.0,0.0,0.0,0.0,0.0,G.Smith,,A.Mitchell,,,,,,,-3
NYJ,GB,2,NYJ,GB,NYJ,59.0,2.0,pass,8.0,0,0,0,,,,,0.454832705087028,0.0,0.0,0.0,0.0,0.0,0.0,1.0,0.0,0.0,0.0,0.0,0.0,0.0,0.0,1.0,G.Smith,8.0,G.Wilson,8.0,,,,,,-3
NYJ,GB,2,NYJ,GB,NYJ,51.0,3.0,run,1.0,0,0,0,,,,,-0.932285162503831,0.0,0.0,0.0,0.0,0.0,1.0,0.0,0.0,0.0,0.0,0.0,0.0,0.0,0.0,0.0,,,,,B.Hall,1.0,,,,-3
NYJ,GB,2,NYJ,GB,50,50.0,4.0,run,0.0,0,0,0,,,,,-2.86547206010437,0.0,0.0,0.0,0.0,0.0,1.0,0.0,0.0,0.0,0.0,0.0,0.0,0.0,0.0,0.0,,,,,B.Allen,0.0,,,,-3
NYJ,GB,2,GB,NYJ,50,50.0,1.0,pass,0.0,0,0,0,,,,,-0.404421614599414,0.0,0.0,0.0,0.0,0.0,0.0,1.0,0.0,0.0,0.0,0.0,0.0,0.0,0.0,0.0,J.Love,,C.Watson,,,,,,,-3
NYJ,GB,2,,,,50.0,,no_play,0.0,0,0,0,,,,,0.0,0.0,0.0,0.0,0.0,0.0,0.0,0.0,0.0,0.0,0.0,0.0,0.0,0.0,0.0,0.0,,,,,,,,,,-3
NYJ,GB,2,GB,NYJ,50,50.0,2.0,pass,0.0,0,0,0,,,,,-0.351270353014115,0.0,0.0,0.0,0.0,0.0,0.0,1.0,0.0,0.0,0.0,0.0,0.0,0.0,0.0,0.0,J.Love,,M.Golden,,,,,,,-3
NYJ,GB,2,GB,NYJ,50,50.0,3.0,pass,5.0,0,0,0,,,,,-0.951019294850994,0.0,0.0,0.0,0.0,0.0,0.0,1.0,0.0,0.0,0.0,0.0,0.0,0.0,0.0,1.0,J.Love,5.0,C.Watson,5.0,,,,,,-3
NYJ,GB,2,GB,NYJ,NYJ,45.0,4.0,no_play,0.0,0,0,0,,,,,-0.227290786395315,0.0,0.0,0.0,1.0,0.0,0.0,0.0,0.0,0.0,0.0,0.0,0.0,0.0,0.0,0.0,,,,,,,,GB,5.0,-3
NYJ,GB,2,,,,,,no_play,0.0,0,0,0,,,,,0.0,0.0,0.0,0.0,0.0,0.0,0.0,0.0,0.0,0.0,0.0,0.0,0.0,0.0,0.0,0.0,,,,,,,,,,-3
NYJ,GB,2,,,,50.0,,no_play,0.0,0,0,0,,,,,0.0,0.0,0.0,0.0,0.0,0.0,0.0,0.0,0.0,0.0,0.0,0.0,0.0,0.0,0.0,0.0,,,,,,,,,,-3
NYJ,GB,2,GB,NYJ,50,50.0,4.0,pass,-5.0,0,0,0,,,,,-0.220199261209928,0.0,0.0,0.0,0.0,0.0,0.0,1.0,1.0,0.0,0.0,0.0,0.0,0.0,0.0,0.0,J.Love,,,,,,,,,-3
NYJ,GB,2,,,,,,,,0,0,0,,,,,0.0,,,,,,,,,,,,,,,,,,,,,,,,,-3
NYJ,GB,2,NYJ,GB,GB,35.0,,kickoff,0.0,0,0,0,,,,,0.242243552347645,0.0,0.0,0.0,0.0,0.0,0.0,0.0,0.0,0.0,0.0,0.0,0.0,0.0,1.0,0.0,,,,,,,,,,-3
NYJ,GB,2,NYJ,GB,NYJ,70.0,1.0,pass,-6.0,0,0,0,,,,,-1.28070312016644,0.0,0.0,0.0,0.0,0.0,0.0,1.0,1.0,0.0,0.0,0.0,0.0,0.0,0.0,0.0,G.Smith,,,,,,,,,-3
NYJ,GB,2,NYJ,GB,NYJ,76.0,2.0,pass,-9.0,0,0,0,,,,,-1.44129830598831,0.0,0.0,0.0,0.0,0.0,0.0,1.0,1.0,0.0,0.0,0.0,0.0,0.0,0.0,0.0,G.Smith,,,,,,,,,-3
NYJ,GB,2,NYJ,GB,NYJ,85.0,3.0,no_play,0.0,0,0,0,,,,,-0.312621824909002,0.0,0.0,0.0,1.0,0.0,0.0,0.0,0.0,0.0,0.0,0.0,0.0,0.0,0.0,0.0,,,,,,,,NYJ,5.0,-3
NYJ,GB,2,NYJ,GB,NYJ,90.0,3.0,pass,12.0,0,0,0,,,,,0.220512678381056,0.0,0.0,0.0,0.0,0.0,0.0,1.0,0.0,0.0,0.0,0.0,0.0,0.0,0.0,1.0,G.Smith,12.0,K.Sadiq,12.0,,,,,,-3
NYJ,GB,2,NYJ,GB,NYJ,78.0,4.0,punt,0.0,0,0,0,,,,,-0.1029443803709,0.0,0.0,0.0,0.0,0.0,0.0,0.0,0.0,0.0,0.0,0.0,0.0,0.0,0.0,0.0,,,,,,,,,,-3
NYJ,GB,2,GB,NYJ,GB,66.0,1.0,run,11.0,0,0,0,,,,,0.693297522841021,0.0,0.0,0.0,0.0,0.0,1.0,0.0,0.0,0.0,0.0,0.0,0.0,0.0,0.0,0.0,,,,,K.Johnson,11.0,,,,-3
NYJ,GB,2,GB,NYJ,GB,55.0,1.0,run,3.0,0,0,0,,,,,-0.213443965883926,0.0,0.0,0.0,0.0,0.0,1.0,0.0,0.0,0.0,0.0,0.0,0.0,0.0,0.0,0.0,,,,,K.Johnson,3.0,,,,-3
NYJ,GB,2,GB,NYJ,GB,52.0,2.0,pass,15.0,0,0,0,,,,,2.29840952611994,0.0,0.0,0.0,1.0,0.0,0.0,1.0,0.0,0.0,0.0,0.0,0.0,0.0,0.0,1.0,J.Love,15.0,C.Brooks,15.0,,,,NYJ,15.0,-3
NYJ,GB,2,GB,NYJ,NYJ,22.0,1.0,pass,14.0,0,0,0,,,,,-1.38391527158157,0.0,0.0,0.0,0.0,0.0,0.0,1.0,0.0,0.0,0.0,0.0,0.0,0.0,0.0,1.0,J.Love,14.0,M.Golden,14.0,,,,,,-3
NYJ,GB,2,,,,,,no_play,0.0,0,0,0,,,,,0.0,0.0,0.0,0.0,0.0,0.0,0.0,0.0,0.0,0.0,0.0,0.0,0.0,0.0,0.0,0.0,,,,,,,,,,-3
NYJ,GB,2,,,,,,no_play,0.0,0,0,0,,,,,0.0,0.0,0.0,0.0,0.0,0.0,0.0,0.0,0.0,0.0,0.0,0.0,0.0,0.0,0.0,0.0,,,,,,,,,,-3
NYJ,GB,2,GB,NYJ,NYJ,8.0,1.0,field_goal,0.0,0,0,0,made,,,,0.0853988382447959,0.0,0.0,0.0,0.0,0.0,0.0,0.0,0.0,0.0,0.0,0.0,0.0,0.0,0.0,0.0,,,,,,,,,,-3
NYJ,GB,2,NYJ,GB,,,,,,0,0,0,,,,,,,,,,,,,,,,,,,,,,,,,,,,,,-3
KC,IND,2,,,,,,,,0,0,0,,,,,0.0,,,,,,,,,,,,,,,,,,,,,,,,,3
KC,IND,2,IND,KC,KC,35.0,,kickoff,0.0,0,0,0,,,,,0.502224535681307,0.0,0.0,0.0,0.0,0.0,0.0,0.0,0.0,0.0,0.0,0.0,0.0,0.0,1.0,0.0,,,,,,,,,,3
KC,IND,2,IND,KC,IND,65.0,1.0,run,5.0,0,0,0,,,,,0.242464899318293,0.0,0.0,0.0,0.0,0.0,1.0,0.0,0.0,0.0,0.0,0.0,0.0,0.0,0.0,0.0,,,,,J.Taylor,5.0,,,,3
KC,IND,2,IND,KC,IND,60.0,2.0,run,4.0,0,0,0,,,,,0.193473984021693,0.0,0.0,0.0,0.0,0.0,1.0,0.0,0.0,0.0,0.0,0.0,0.0,0.0,0.0,0.0,,,,,J.Taylor,4.0,,,,3
KC,IND,2,IND,KC,IND,56.0,3.0,run,3.0,0,0,0,,,,,0.67952828318812,1.0,0.0,0.0,0.0,0.0,1.0,0.0,0.0,0.0,0.0,0.0,0.0,0.0,0.0,0.0,,,,,T.Warren,3.0,,,,3
KC,IND,2,IND,KC,IND,53.0,1.0,pass,11.0,0,0,0,,,,,0.670511801494286,0.0,0.0,0.0,0.0,0.0,0.0,1.0,0.0,0.0,0.0,0.0,0.0,0.0,0.0,1.0,D.Jones,11.0,A.Pierce,11.0,,,,,,3
KC,IND,2,IND,KC,KC,42.0,1.0,run,12.0,0,0,0,,,,,0.841793225379661,0.0,0.0,0.0,0.0,0.0,1.0,0.0,0.0,0.0,0.0,0.0,0.0,0.0,0.0,0.0,,,,,J.Taylor,12.0,,,,3
KC,IND,2,IND,KC,KC,30.0,1.0,run,10.0,0,0,0,,,,,0.629602562636137,0.0,0.0,0.0,0.0,0.0,1.0,0.0,0.0,0.0,0.0,0.0,0.0,0.0,0.0,0.0,,,,,D.Burks,10.0,,,,3
KC,IND,2,IND,KC,KC,20.0,1.0,no_play,0.0,0,0,0,,,,,-0.674601315171458,0.0,0.0,0.0,1.0,0.0,0.0,0.0,0.0,0.0,0.0,0.0,0.0,0.0,0.0,0.0,,,,,,,,IND,5.0,3
KC,IND,2,IND,KC,KC,25.0,1.0,run,1.0,0,0,0,,,,,-0.330019205226563,0.0,0.0,0.0,0.0,0.0,1.0,0.0,0.0,0.0,0.0,0.0,0.0,0.0,0.0,0.0,,,,,J.Taylor,1.0,,,,3
KC,IND,2,IND,KC,KC,24.0,2.0,pass,10.0,0,0,0,,,,,0.550793589150999,0.0,0.0,0.0,0.0,0.0,0.0,1.0,0.0,0.0,0.0,0.0,0.0,0.0,0.0,1.0,D.Jones,10.0,L.Treadwell,10.0,,,,,,3
KC,IND,2,IND,KC,KC,14.0,3.0,pass,11.0,0,0,0,,,,,2.29986467852723,1.0,0.0,0.0,1.0,0.0,0.0,1.0,0.0,0.0,0.0,0.0,0.0,0.0,0.0,1.0,D.Jones,11.0,J.Downs,11.0,,,,KC,2.0,3
KC,IND,2,IND,KC,KC,1.0,1.0,run,0.0,0,0,0,,,,,-0.246665758488234,0.0,0.0,0.0,0.0,0.0,1.0,0.0,0.0,0.0,0.0,0.0,0.0,0.0,0.0,0.0,,,,,J.Taylor,0.0,,,,3
KC,IND,2,IND,KC,KC,1.0,2.0,pass,1.0,0,0,0,,,,IND,0.870806352701038,0.0,0.0,0.0,0.0,0.0,0.0,1.0,0.0,1.0,1.0,0.0,0.0,0.0,0.0,1.0,D.Jones,1.0,T.Warren,1.0,,,,,,3
KC,IND,2,IND,KC,KC,15.0,,extra_point,0.0,0,0,0,,good,,,0.0675730031076331,0.0,0.0,0.0,0.0,0.0,0.0,0.0,0.0,0.0,0.0,0.0,1.0,0.0,0.0,0.0,,,,,,,,,,3
KC,IND,2,KC,IND,IND,35.0,,kickoff,0.0,0,0,0,,,,,0.795062191551551,0.0,0.0,0.0,0.0,0.0,0.0,0.0,0.0,0.0,0.0,0.0,0.0,0.0,1.0,0.0,,,,,,,,,,3
KC,IND,2,KC,IND,KC,64.0,1.0,run,19.0,0,0,0,,,,,1.06731086829677,0.0,0.0,0.0,0.0,0.0,1.0,0.0,0.0,0.0,0.0,0.0,0.0,0.0,0.0,0.0,,,,,K.Walker,19.0,,,,3
KC,IND,2,KC,IND,IND,45.0,1.0,pass,16.0,0,0,0,,,,,0.972873625112697,0.0,0.0,0.0,0.0,0.0,0.0,1.0,0.0,0.0,0.0,0.0,0.0,0.0,0.0,1.0,P.Mahomes,16.0,X.Worthy,16.0,,,,,,3
KC,IND,2,KC,IND,IND,29.0,1.0,run,1.0,0,0,0,,,,,-0.385774873080663,0.0,0.0,0.0,0.0,0.0,1.0,0.0,0.0,0.0,0.0,0.0,0.0,0.0,0.0,0.0,,,,,K.Walker,1.0,,,,3
KC,IND,2,KC,IND,IND,28.0,2.0,pass,0.0,0,0,0,,,,,-0.659295558347367,0.0,0.0,0.0,0.0,0.0,0.0,1.0,0.0,0.0,0.0,0.0,0.0,0.0,0.0,0.0,P.Mahomes,,X.Worthy,,,,,,,3
KC,IND,2,KC,IND,IND,28.0,3.0,pass,0.0,0,0,0,,,,,-1.54010960883394,0.0,0.0,0.0,0.0,0.0,0.0,1.0,0.0,0.0,0.0,0.0,0.0,0.0,0.0,0.0,P.Mahomes,,K.Walker,,,,,,,3
KC,IND,2,KC,IND,IND,28.0,4.0,field_goal,0.0,0,0,0,made,,,,1.3285930653096,0.0,0.0,0.0,0.0,0.0,0.0,0.0,0.0,0.0,0.0,0.0,0.0,0.0,0.0,0.0,,,,,,,,,,3
KC,IND,2,IND,KC,KC,35.0,,kickoff,0.0,0,0,0,,,,,-1.05576294753701,0.0,0.0,0.0,1.0,0.0,0.0,0.0,0.0,0.0,0.0,0.0,0.0,0.0,1.0,0.0,,,,,,,,IND,10.0,3
KC,IND,2,IND,KC,IND,90.0,1.0,run,4.0,0,0,0,,,,,-0.175273538567126,0.0,0.0,0.0,0.0,0.0,1.0,0.0,0.0,0.0,0.0,0.0,0.0,0.0,0.0,0.0,,,,,J.Taylor,4.0,,,,3
KC,IND,2,IND,KC,IND,86.0,2.0,pass,0.0,0,0,0,,,,,-4.68701724306447,0.0,0.0,1.0,0.0,0.0,0.0,1.0,0.0,0.0,0.0,0.0,0.0,0.0,0.0,0.0,D.Jones,,K.Allen,,,,,,,3
KC,IND,2,KC,IND,IND,16.0,1.0,run,3.0,0,0,0,,,,,-0.190983050211798,0.0,0.0,0.0,0.0,0.0,1.0,0.0,0.0,0.0,0.0,0.0,0.0,0.0,0.0,0.0,,,,,K.Walker,3.0,,,,3
KC,IND,2,KC,IND,IND,13.0,2.0,pass,13.0,0,0,0,,,,KC,2.14667507587001,0.0,0.0,0.0,0.0,0.0,0.0,1.0,0.0,1.0,1.0,0.0,0.0,0.0,0.0,1.0,P.Mahomes,13.0,T.Kelce,13.0,,,,,,3
KC,IND,2,KC,IND,IND,15.0,,extra_point,0.0,0,0,0,,good,,,0.0675730031076331,0.0,0.0,0.0,0.0,0.0,0.0,0.0,0.0,0.0,0.0,0.0,1.0,0.0,0.0,0.0,,,,,,,,,,3
KC,IND,2,IND,KC,KC,35.0,,kickoff,0.0,0,0,0,,,,,1.0444893524982,0.0,0.0,0.0,0.0,0.0,0.0,0.0,0.0,0.0,0.0,0.0,0.0,0.0,1.0,0.0,,,,,,,,,,3
KC,IND,2,IND,KC,IND,58.0,1.0,run,4.0,0,0,0,,,,,0.0056916372850537,0.0,0.0,0.0,0.0,0.0,1.0,0.0,0.0,0.0,0.0,0.0,0.0,0.0,0.0,0.0,,,,,J.Taylor,4.0,,,,3
KC,IND,2,IND,KC,IND,54.0,2.0,pass,3.0,0,0,0,,,,,-0.404608839889988,0.0,0.0,0.0,0.0,0.0,0.0,1.0,0.0,0.0,0.0,0.0,0.0,0.0,0.0,1.0,D.Jones,3.0,T.Warren,3.0,,,,,,3
KC,IND,2,IND,KC,IND,51.0,3.0,run,2.0,0,0,1,,,,,-1.45839196327142,0.0,0.0,0.0,0.0,0.0,1.0,0.0,0.0,0.0,0.0,0.0,0.0,0.0,0.0,0.0,,,,,D.Jones,2.0,,,,3
KC,IND,2,,,,,,no_play,0.0,0,0,0,,,,,0.0,0.0,0.0,0.0,0.0,0.0,0.0,0.0,0.0,0.0,0.0,0.0,0.0,0.0,0.0,0.0,,,,,,,,,,3
KC,IND,2,IND,KC,KC,49.0,4.0,run,3.0,0,0,0,,,,,2.43459060206078,0.0,1.0,0.0,0.0,0.0,1.0,0.0,0.0,0.0,0.0,0.0,0.0,0.0,0.0,0.0,,,,,J.Taylor,3.0,,,,3
KC,IND,2,IND,KC,KC,46.0,1.0,pass,0.0,0,0,0,,,,,-0.557626492343843,0.0,0.0,0.0,0.0,0.0,0.0,1.0,0.0,0.0,0.0,0.0,0.0,0.0,0.0,0.0,D.Jones,,A.Ogletree,,,,,,,3
KC,IND,2,IND,KC,KC,46.0,2.0,pass,14.0,0,0,0,,,,,1.59684270038269,0.0,0.0,0.0,0.0,0.0,0.0,1.0,0.0,0.0,0.0,0.0,0.0,0.0,0.0,1.0,D.Jones,14.0,J.Downs,14.0,,,,,,3
KC,IND,2,IND,KC,KC,32.0,1.0,run,10.0,0,0,0,,,,,0.777038812520914,0.0,0.0,0.0,0.0,0.0,1.0,0.0,0.0,0.0,0.0,0.0,0.0,0.0,0.0,0.0,,,,,J.Taylor,10.0,,,,3
KC,IND,2,IND,KC,KC,22.0,1.0,run,-2.0,0,0,0,,,,,-0.836321379290894,0.0,0.0,0.0,0.0,0.0,1.0,0.0,0.0,0.0,0.0,0.0,0.0,0.0,0.0,0.0,,,,,J.Taylor,-2.0,,,,3
KC,IND,2,IND,KC,,,,,,0,0,0,,,,,0.0,,,,,,,,,,,,,,,,,,,,,,,,,3
KC,IND,2,IND,KC,KC,24.0,2.0,pass,0.0,0,0,0,,,,,-0.534298304817639,0.0,0.0,0.0,0.0,0.0,0.0,1.0,0.0,0.0,0.0,0.0,0.0,0.0,0.0,0.0,D.Jones,,J.Downs,,,,,,,3
KC,IND,2,IND,KC,KC,24.0,3.0,pass,0.0,0,0,0,,,,,-0.694098040733456,0.0,0.0,0.0,0.0,0.0,0.0,1.0,0.0,0.0,0.0,0.0,0.0,0.0,0.0,0.0,D.Jones,,K.Allen,,,,,,,3
KC,IND,2,IND,KC,KC,24.0,4.0,field_goal,0.0,0,0,0,made,,,,0.736678156109496,0.0,0.0,0.0,0.0,0.0,0.0,0.0,0.0,0.0,0.0,0.0,0.0,0.0,0.0,0.0,,,,,,,,,,3
KC,IND,2,KC,IND,IND,35.0,,kickoff,0.0,0,0,0,,,,,0.296381865162402,0.0,0.0,0.0,1.0,0.0,0.0,0.0,0.0,0.0,0.0,0.0,0.0,0.0,1.0,0.0,,,,,,,,KC,5.0,3
KC,IND,2,KC,IND,KC,70.0,1.0,pass,30.0,0,0,0,,,,,1.74447085696738,0.0,0.0,0.0,0.0,0.0,0.0,1.0,0.0,0.0,0.0,0.0,0.0,0.0,0.0,1.0,P.Mahomes,30.0,R.Rice,30.0,,,,,,3
KC,IND,2,KC,IND,IND,40.0,1.0,run,1.0,0,0,0,,,,,-0.522711508092471,0.0,0.0,0.0,0.0,0.0,1.0,0.0,0.0,0.0,0.0,0.0,0.0,0.0,0.0,0.0,,,,,K.Walker,1.0,,,,3
KC,IND,2,KC,IND,IND,39.0,2.0,pass,6.0,0,0,0,,,,,0.235778134316206,0.0,0.0,0.0,0.0,0.0,0.0,1.0,0.0,0.0,0.0,0.0,0.0,0.0,0.0,1.0,P.Mahomes,6.0,X.Worthy,6.0,,,,,,3
KC,IND,2,KC,IND,IND,33.0,3.0,pass,0.0,0,0,0,,,,,-2.11268423614255,0.0,0.0,0.0,0.0,0.0,0.0,1.0,0.0,0.0,0.0,0.0,0.0,0.0,0.0,0.0,P.Mahomes,,T.Kelce,,,,,,,3
KC,IND,2,KC,IND,IND,33.0,4.0,field_goal,0.0,0,0,0,missed,,,,-2.61331393127167,0.0,0.0,0.0,0.0,0.0,0.0,0.0,0.0,0.0,0.0,0.0,0.0,0.0,0.0,0.0,,,,,,,,,,3
KC,IND,2,IND,KC,IND,59.0,1.0,run,1.0,0,0,0,,,,,-0.418747551040724,0.0,0.0,0.0,0.0,0.0,1.0,0.0,0.0,0.0,0.0,0.0,0.0,0.0,0.0,0.0,,,,,S.McGowan,1.0,,,,3
KC,IND,2,IND,KC,IND,58.0,2.0,pass,8.0,0,0,0,,,,,0.787887872662395,0.0,0.0,0.0,0.0,0.0,0.0,1.0,0.0,0.0,0.0,0.0,0.0,0.0,0.0,1.0,D.Jones,8.0,T.Warren,8.0,,,,,,3
KC,IND,2,IND,KC,50,50.0,3.0,no_play,0.0,0,0,0,,,,,2.23021979664918,0.0,0.0,0.0,1.0,0.0,0.0,0.0,0.0,0.0,0.0,0.0,0.0,0.0,0.0,0.0,,,,,,,,KC,26.0,3
KC,IND,2,IND,KC,KC,24.0,1.0,run,-1.0,0,0,0,,,,,-0.809164971578866,0.0,0.0,0.0,0.0,0.0,1.0,0.0,0.0,0.0,0.0,0.0,0.0,0.0,0.0,0.0,,,,,S.McGowan,-1.0,,,,3
KC,IND,2,IND,KC,KC,25.0,2.0,pass,0.0,0,0,0,,,,,-0.578982077888213,0.0,0.0,0.0,0.0,0.0,0.0,1.0,0.0,0.0,0.0,0.0,0.0,0.0,0.0,0.0,D.Jones,,J.Downs,,,,,,,3
KC,IND,2,IND,KC,KC,25.0,3.0,no_play,0.0,0,0,0,,,,,-0.543306618812494,0.0,0.0,0.0,1.0,0.0,0.0,0.0,0.0,0.0,0.0,0.0,0.0,0.0,0.0,0.0,,,,,,,,IND,5.0,3
KC,IND,2,IND,KC,KC,30.0,3.0,no_play,0.0,0,0,0,,,,,-0.503785658278503,0.0,0.0,0.0,1.0,0.0,0.0,0.0,0.0,0.0,0.0,0.0,0.0,0.0,0.0,0.0,,,,,,,,IND,5.0,3
KC,IND,2,IND,KC,KC,35.0,3.0,pass,4.0,0,0,0,,,,,-0.188362904639712,0.0,0.0,0.0,0.0,0.0,0.0,1.0,0.0,0.0,0.0,0.0,0.0,0.0,0.0,1.0,D.Jones,4.0,J.Taylor,4.0,,,,,,3
KC,IND,2,IND,KC,KC,31.0,4.0,field_goal,0.0,0,0,0,made,,,,1.4584016686322,0.0,0.0,0.0,0.0,0.0,0.0,0.0,0.0,0.0,0.0,0.0,0.0,0.0,0.0,0.0,,,,,,,,,,3
KC,IND,2,KC,IND,IND,35.0,,kickoff,0.0,0,0,0,,,,,0.189653633860871,0.0,0.0,0.0,0.0,0.0,0.0,0.0,0.0,0.0,0.0,0.0,0.0,0.0,1.0,0.0,,,,,,,,,,3
KC,IND,2,KC,IND,KC,70.0,1.0,pass,6.0,0,0,0,,,,,0.303616741439328,0.0,0.0,0.0,0.0,0.0,0.0,1.0,0.0,0.0,0.0,0.0,0.0,0.0,0.0,1.0,P.Mahomes,6.0,K.Walker,6.0,,,,,,3
KC,IND,2,KC,IND,KC,64.0,2.0,no_play,0.0,0,0,0,,,,,-1.30044710310176,0.0,0.0,0.0,1.0,0.0,0.0,0.0,0.0,0.0,0.0,0.0,0.0,0.0,0.0,0.0,,,,,,,,KC,10.0,3
KC,IND,2,KC,IND,KC,74.0,2.0,pass,16.0,0,0,0,,,,,1.74232363631018,0.0,0.0,0.0,0.0,0.0,0.0,1.0,0.0,0.0,0.0,0.0,0.0,0.0,0.0,1.0,P.Mahomes,16.0,R.Rice,16.0,,,,,,3
KC,IND,2,KC,IND,KC,58.0,1.0,run,7.0,0,0,0,,,,,0.224122440442443,0.0,0.0,0.0,0.0,0.0,1.0,0.0,0.0,0.0,0.0,0.0,0.0,0.0,0.0,0.0,,,,,K.Walker,7.0,,,,3
KC,IND,2,KC,IND,KC,51.0,2.0,run,8.0,0,0,0,,,,,0.458594627678394,0.0,0.0,0.0,0.0,0.0,1.0,0.0,0.0,0.0,0.0,0.0,0.0,0.0,0.0,0.0,,,,,K.Walker,8.0,,,,3
KC,IND,2,KC,IND,IND,43.0,1.0,pass,6.0,0,0,0,,,,,0.317952336627059,0.0,0.0,0.0,0.0,0.0,0.0,1.0,0.0,0.0,0.0,0.0,0.0,0.0,0.0,1.0,P.Mahomes,6.0,T.Thornton,6.0,,,,,,3
KC,IND,2,KC,IND,IND,37.0,2.0,pass,11.0,0,0,0,,,,,0.751036948582623,0.0,0.0,0.0,0.0,0.0,0.0,1.0,0.0,0.0,0.0,0.0,0.0,0.0,0.0,1.0,P.Mahomes,11.0,T.Kelce,11.0,,,,,,3
KC,IND,2,KC,IND,IND,26.0,1.0,pass,5.0,0,0,0,,,,,0.105954125174321,0.0,0.0,0.0,0.0,0.0,0.0,1.0,0.0,0.0,0.0,0.0,0.0,0.0,0.0,1.0,P.Mahomes,5.0,T.Kelce,5.0,,,,,,3
KC,IND,2,KC,IND,IND,21.0,2.0,pass,5.0,0,0,0,,,,,0.450534346746281,0.0,0.0,0.0,0.0,0.0,0.0,1.0,0.0,0.0,0.0,0.0,0.0,0.0,0.0,1.0,P.Mahomes,5.0,J.Royals,5.0,,,,,,3
KC,IND,2,KC,IND,IND,16.0,1.0,pass,0.0,0,0,0,,,,,-0.447905771667138,0.0,0.0,0.0,0.0,0.0,0.0,1.0,0.0,0.0,0.0,0.0,0.0,0.0,0.0,0.0,P.Mahomes,,,,,,,,,3
KC,IND,2,KC,IND,IND,16.0,2.0,pass,11.0,0,0,0,,,,,1.49381573335268,0.0,0.0,0.0,0.0,0.0,0.0,1.0,0.0,0.0,0.0,0.0,0.0,0.0,0.0,1.0,P.Mahomes,11.0,K.Walker,11.0,,,,,,3
KC,IND,2,KC,IND,IND,5.0,1.0,pass,4.0,0,0,0,,,,,0.383636807557195,0.0,0.0,0.0,0.0,0.0,0.0,1.0,0.0,0.0,0.0,0.0,0.0,0.0,0.0,1.0,P.Mahomes,4.0,X.Worthy,4.0,,,,,,3
KC,IND,2,KC,IND,IND,1.0,2.0,pass,1.0,0,0,0,,,,KC,0.922491495904978,0.0,0.0,0.0,0.0,0.0,0.0,1.0,0.0,1.0,1.0,0.0,0.0,0.0,0.0,1.0,P.Mahomes,1.0,X.Worthy,1.0,,,,,,3
KC,IND,2,KC,IND,IND,15.0,,extra_point,0.0,0,0,0,,good,,,0.0675730031076331,0.0,0.0,0.0,0.0,0.0,0.0,0.0,0.0,0.0,0.0,0.0,1.0,0.0,0.0,0.0,,,,,,,,,,3
KC,IND,2,IND,KC,KC,35.0,,kickoff,0.0,0,0,0,,,,,0.119735462358221,0.0,0.0,0.0,0.0,0.0,0.0,0.0,0.0,0.0,0.0,0.0,0.0,0.0,1.0,0.0,,,,,,,,,,3
KC,IND,2,IND,KC,IND,72.0,1.0,pass,9.0,0,0,0,,,,,0.375874590710737,0.0,0.0,0.0,0.0,0.0,0.0,1.0,0.0,0.0,0.0,0.0,0.0,0.0,0.0,1.0,D.Jones,9.0,J.Downs,9.0,,,,,,3
KC,IND,2,IND,KC,IND,63.0,2.0,run,5.0,0,0,0,,,,,0.183770904666744,0.0,0.0,0.0,0.0,0.0,1.0,0.0,0.0,0.0,0.0,0.0,0.0,0.0,0.0,0.0,,,,,J.Taylor,5.0,,,,3
KC,IND,2,IND,KC,IND,58.0,1.0,no_play,0.0,0,0,0,,,,,1.48269411659567,0.0,0.0,0.0,1.0,0.0,0.0,0.0,0.0,0.0,0.0,0.0,0.0,0.0,0.0,0.0,,,,,,,,KC,23.0,3
KC,IND,2,IND,KC,KC,35.0,1.0,run,4.0,0,0,0,,,,,0.0516025846591219,0.0,0.0,0.0,0.0,0.0,1.0,0.0,0.0,0.0,0.0,0.0,0.0,0.0,0.0,0.0,,,,,J.Taylor,4.0,,,,3
KC,IND,2,,,,,,no_play,0.0,0,0,0,,,,,0.0,0.0,0.0,0.0,0.0,0.0,0.0,0.0,0.0,0.0,0.0,0.0,0.0,0.0,0.0,0.0,,,,,,,,,,3
KC,IND,2,IND,KC,KC,31.0,2.0,pass,0.0,0,0,0,,,,,-0.325685091724154,0.0,0.0,0.0,0.0,0.0,0.0,1.0,0.0,0.0,0.0,0.0,0.0,0.0,0.0,0.0,D.Jones,,K.Allen,,,,,,,3
KC,IND,2,IND,KC,KC,31.0,3.0,pass,7.0,0,0,0,,,,,1.05999441433232,1.0,0.0,0.0,0.0,0.0,0.0,1.0,0.0,0.0,0.0,0.0,0.0,0.0,0.0,1.0,D.Jones,7.0,J.Downs,7.0,,,,,,3
KC,IND,2,IND,KC,KC,24.0,1.0,run,24.0,0,0,0,,,,IND,3.25205711135641,0.0,0.0,0.0,0.0,0.0,1.0,0.0,0.0,1.0,0.0,1.0,0.0,0.0,0.0,0.0,,,,,J.Taylor,24.0,,,,3
KC,IND,2,IND,KC,KC,15.0,,extra_point,0.0,0,0,0,,good,,,0.0675730031076331,0.0,0.0,0.0,0.0,0.0,0.0,0.0,0.0,0.0,0.0,0.0,1.0,0.0,0.0,0.0,,,,,,,,,,3
KC,IND,2,KC,IND,IND,35.0,,kickoff,0.0,0,0,0,,,,,-0.123917641001754,0.0,0.0,0.0,0.0,0.0,0.0,0.0,0.0,0.0,0.0,0.0,0.0,0.0,1.0,0.0,,,,,,,,,,3
KC,IND,2,KC,IND,KC,80.0,1.0,pass,8.0,0,0,0,,,,,0.0177182704210281,0.0,0.0,0.0,0.0,0.0,0.0,1.0,0.0,0.0,0.0,0.0,0.0,0.0,0.0,1.0,P.Mahomes,8.0,E.Johnson,8.0,,,,,,3
KC,IND,2,KC,IND,KC,72.0,2.0,pass,0.0,0,0,0,,,,,-0.218929248454515,0.0,0.0,0.0,0.0,0.0,0.0,1.0,0.0,0.0,0.0,0.0,0.0,0.0,0.0,0.0,P.Mahomes,,R.Rice,,,,,,,3
KC,IND,2,KC,IND,KC,72.0,3.0,pass,-8.0,0,0,0,,,,,-0.808864293561783,0.0,0.0,0.0,0.0,0.0,0.0,1.0,1.0,0.0,0.0,0.0,0.0,0.0,0.0,0.0,P.Mahomes,,,,,,,,,3
KC,IND,2,,,,,,no_play,0.0,0,0,0,,,,,0.0,0.0,0.0,0.0,0.0,0.0,0.0,0.0,0.0,0.0,0.0,0.0,0.0,0.0,0.0,0.0,,,,,,,,,,3
KC,IND,2,KC,IND,KC,80.0,4.0,punt,0.0,0,0,0,,,,,0.439511377713643,0.0,0.0,0.0,0.0,0.0,0.0,0.0,0.0,0.0,0.0,0.0,0.0,0.0,0.0,0.0,,,,,,,,,,3
KC,IND,2,IND,KC,IND,89.0,1.0,run,1.0,0,0,0,,,,,-0.0412936576176435,0.0,0.0,0.0,0.0,0.0,1.0,0.0,0.0,0.0,0.0,0.0,0.0,0.0,0.0,0.0,,,,,J.Taylor,1.0,,,,3
KC,IND,2,,,,,,,,0,0,0,,,,,,,,,,,,,,,,,,,,,,,,,,,,,,3
KC,IND,2,KC,IND,IND,35.0,,kickoff,0.0,0,0,0,,,,,-0.482019563671202,0.0,0.0,0.0,0.0,0.0,0.0,0.0,0.0,0.0,0.0,0.0,0.0,0.0,1.0,0.0,,,,,,,,,,3
KC,IND,2,KC,IND,KC,80.0,1.0,run,1.0,0,0,0,,,,,-0.566825955174863,0.0,0.0,0.0,0.0,0.0,1.0,0.0,0.0,0.0,0.0,0.0,0.0,0.0,0.0,0.0,,,,,K.Walker,1.0,,,,3
KC,IND,2,KC,IND,KC,79.0,2.0,run,12.0,0,0,0,,,,,1.61747600953095,0.0,0.0,0.0,0.0,0.0,1.0,0.0,0.0,0.0,0.0,0.0,0.0,0.0,0.0,0.0,,,,,K.Walker,12.0,,,,3
KC,IND,2,KC,IND,KC,67.0,1.0,run,10.0,0,0,0,,,,,0.664974720450118,0.0,0.0,0.0,0.0,0.0,1.0,0.0,0.0,0.0,0.0,0.0,0.0,0.0,0.0,0.0,,,,,K.Walker,10.0,,,,3
KC,IND,2,KC,IND,KC,57.0,1.0,run,4.0,0,0,0,,,,,-0.214583366177976,0.0,0.0,0.0,0.0,0.0,1.0,0.0,0.0,0.0,0.0,0.0,0.0,0.0,0.0,0.0,,,,,K.Walker,4.0,,,,3
KC,IND,2,KC,IND,KC,53.0,2.0,pass,0.0,0,0,0,,,,,-0.887845177901909,0.0,0.0,0.0,0.0,0.0,0.0,1.0,0.0,0.0,0.0,0.0,0.0,0.0,0.0,0.0,P.Mahomes,,K.Walker,,,,,,,3
KC,IND,2,KC,IND,KC,53.0,3.0,pass,5.0,0,0,0,,,,,-0.534670595778152,0.0,0.0,0.0,0.0,0.0,0.0,1.0,0.0,0.0,0.0,0.0,0.0,0.0,0.0,1.0,P.Mahomes,5.0,T.Thornton,5.0,,,,,,3
KC,IND,2,KC,IND,IND,48.0,4.0,run,3.0,0,0,0,,,,,2.23905110405758,0.0,1.0,0.0,0.0,0.0,1.0,0.0,0.0,0.0,0.0,0.0,0.0,0.0,0.0,0.0,,,,,K.Tonga,3.0,,,,3
KC,IND,2,KC,IND,IND,45.0,1.0,pass,-1.0,0,0,0,,,,,-0.883388205664232,0.0,0.0,0.0,0.0,0.0,0.0,1.0,0.0,0.0,0.0,0.0,0.0,0.0,0.0,1.0,P.Mahomes,-1.0,T.Kelce,-1.0,,,,,,3
KC,IND,2,KC,IND,IND,46.0,2.0,pass,0.0,0,0,0,,,,,-0.983573246048763,0.0,0.0,0.0,0.0,0.0,0.0,1.0,0.0,0.0,0.0,0.0,0.0,0.0,0.0,0.0,P.Mahomes,,K.Walker,,,,,,,3
KC,IND,2,KC,IND,IND,46.0,3.0,pass,45.0,0,0,0,,,,,5.09172700726776,1.0,0.0,0.0,0.0,0.0,0.0,1.0,0.0,0.0,0.0,0.0,0.0,0.0,0.0,1.0,P.Mahomes,45.0,T.Thornton,45.0,,,,,,3
KC,IND,2,KC,IND,IND,1.0,1.0,run,0.0,0,0,0,,,,,-0.237554929830367,0.0,0.0,0.0,0.0,0.0,1.0,0.0,0.0,0.0,0.0,0.0,0.0,0.0,0.0,0.0,,,,,K.Walker,0.0,,,,3
KC,IND,2,KC,IND,IND,1.0,2.0,run,0.0,0,0,0,,,,,-0.375011431460734,0.0,0.0,0.0,0.0,0.0,1.0,0.0,0.0,0.0,0.0,0.0,0.0,0.0,0.0,0.0,,,,,K.Walker,0.0,,,,3
KC,IND,2,KC,IND,IND,1.0,3.0,run,0.0,0,0,0,,,,,-1.03420285938773,0.0,0.0,0.0,0.0,0.0,1.0,0.0,0.0,0.0,0.0,0.0,0.0,0.0,0.0,0.0,,,,,K.Walker,0.0,,,,3
KC,IND,2,KC,IND,IND,1.0,4.0,pass,1.0,0,0,0,,,,KC,2.11234872194473,0.0,1.0,0.0,0.0,0.0,0.0,1.0,0.0,1.0,1.0,0.0,0.0,0.0,0.0,1.0,P.Mahomes,1.0,J.Royals,1.0,,,,,,3
KC,IND,2,KC,IND,IND,15.0,,extra_point,0.0,0,0,0,,good,,,0.0675730031076331,0.0,0.0,0.0,0.0,0.0,0.0,0.0,0.0,0.0,0.0,0.0,1.0,0.0,0.0,0.0,,,,,,,,,,3
KC,IND,2,IND,KC,KC,35.0,,kickoff,0.0,0,0,0,,,,,0.101330076344311,0.0,0.0,0.0,0.0,0.0,0.0,0.0,0.0,0.0,0.0,0.0,0.0,0.0,1.0,0.0,,,,,,,,,,3
KC,IND,2,IND,KC,IND,73.0,1.0,pass,15.0,0,0,0,,,,,0.971063887467608,0.0,0.0,0.0,0.0,0.0,0.0,1.0,0.0,0.0,0.0,0.0,0.0,0.0,0.0,1.0,D.Jones,15.0,J.Taylor,15.0,,,,,,3
KC,IND,2,IND,KC,IND,58.0,1.0,pass,3.0,0,0,0,,,,,-0.238011629786342,0.0,0.0,0.0,0.0,0.0,0.0,1.0,0.0,0.0,0.0,0.0,0.0,0.0,0.0,1.0,D.Jones,3.0,L.Treadwell,3.0,,,,,,3
KC,IND,2,IND,KC,IND,55.0,2.0,run,3.0,0,0,0,,,,,-0.2669377096463,0.0,0.0,0.0,0.0,0.0,1.0,0.0,0.0,0.0,0.0,0.0,0.0,0.0,0.0,0.0,,,,,J.Taylor,3.0,,,,3
KC,IND,2,IND,KC,IND,52.0,3.0,pass,0.0,0,0,0,,,,,-1.76645706943236,0.0,0.0,0.0,0.0,0.0,0.0,1.0,0.0,0.0,0.0,0.0,0.0,0.0,0.0,0.0,D.Jones,,K.Allen,,,,,,,3
KC,IND,2,IND,KC,IND,52.0,4.0,punt,0.0,0,0,0,,,,,-6.7578162997961e-05,0.0,0.0,0.0,0.0,0.0,0.0,0.0,0.0,0.0,0.0,0.0,0.0,0.0,0.0,0.0,,,,,,,,,,3
KC,IND,2,KC,IND,KC,91.0,1.0,pass,11.0,0,0,0,,,,,0.613220520550385,0.0,0.0,0.0,0.0,0.0,0.0,1.0,0.0,0.0,0.0,0.0,0.0,0.0,0.0,1.0,P.Mahomes,11.0,T.Kelce,11.0,,,,,,3
KC,IND,2,KC,IND,KC,80.0,1.0,run,5.0,0,0,0,,,,,0.123246086295694,0.0,0.0,0.0,0.0,0.0,1.0,0.0,0.0,0.0,0.0,0.0,0.0,0.0,0.0,0.0,,,,,K.Walker,5.0,,,,3
KC,IND,2,KC,IND,KC,75.0,2.0,pass,0.0,0,0,0,,,,,-0.818287746049464,0.0,0.0,0.0,0.0,0.0,0.0,1.0,0.0,0.0,0.0,0.0,0.0,0.0,0.0,0.0,P.Mahomes,,N.Gray,,,,,,,3
KC,IND,2,KC,IND,KC,75.0,3.0,pass,16.0,0,0,0,,,,,2.12792553682812,1.0,0.0,0.0,0.0,0.0,0.0,1.0,0.0,0.0,0.0,0.0,0.0,0.0,0.0,1.0,P.Mahomes,16.0,T.Kelce,16.0,,,,,,3
KC,IND,2,KC,IND,KC,59.0,1.0,run,8.0,0,0,0,,,,,0.576844927622005,0.0,0.0,0.0,0.0,0.0,1.0,0.0,0.0,0.0,0.0,0.0,0.0,0.0,0.0,0.0,,,,,E.Johnson,8.0,,,,3
KC,IND,2,KC,IND,KC,51.0,2.0,run,7.0,0,0,0,,,,,0.298956589074805,0.0,0.0,0.0,0.0,0.0,1.0,0.0,0.0,0.0,0.0,0.0,0.0,0.0,0.0,0.0,,,,,E.Johnson,7.0,,,,3
KC,IND,2,KC,IND,IND,44.0,1.0,pass,12.0,0,0,0,,,,,0.760934693971649,0.0,0.0,0.0,0.0,0.0,0.0,1.0,0.0,0.0,0.0,0.0,0.0,0.0,0.0,1.0,P.Mahomes,12.0,E.Johnson,12.0,,,,,,3
KC,IND,2,KC,IND,IND,32.0,1.0,pass,0.0,0,0,0,,,,,-0.42278249876108,0.0,0.0,0.0,0.0,0.0,0.0,1.0,0.0,0.0,0.0,0.0,0.0,0.0,0.0,0.0,P.Mahomes,,X.Worthy,,,,,,,3
KC,IND,2,KC,IND,IND,32.0,2.0,pass,18.0,0,0,0,,,,,1.57821801881073,0.0,0.0,0.0,0.0,0.0,0.0,1.0,0.0,0.0,0.0,0.0,0.0,0.0,0.0,1.0,P.Mahomes,18.0,T.Kelce,18.0,,,,,,3
KC,IND,2,KC,IND,IND,14.0,1.0,pass,-2.0,0,0,0,,,,,-0.98655599023914,0.0,0.0,0.0,0.0,0.0,0.0,1.0,0.0,0.0,0.0,0.0,0.0,0.0,0.0,1.0,P.Mahomes,-2.0,X.Worthy,-2.0,,,,,,3
KC,IND,2,KC,IND,IND,16.0,2.0,no_play,0.0,0,0,0,,,,,-0.846742905676365,0.0,0.0,0.0,1.0,0.0,0.0,0.0,0.0,0.0,0.0,0.0,0.0,0.0,0.0,0.0,,,,,,,,KC,10.0,3
KC,IND,2,KC,IND,IND,26.0,2.0,pass,10.0,0,0,0,,,,,0.0747842158889398,0.0,0.0,0.0,0.0,0.0,0.0,1.0,0.0,0.0,0.0,0.0,0.0,0.0,0.0,1.0,P.Mahomes,10.0,K.Walker,10.0,,,,,,3
KC,IND,2,KC,IND,,,,,,0,0,0,,,,,0.0,,,,,,,,,,,,,,,,,,,,,,,,,3
KC,IND,2,KC,IND,IND,16.0,3.0,pass,6.0,0,0,0,,,,,-0.53958461465959,0.0,0.0,0.0,0.0,0.0,0.0,1.0,0.0,0.0,0.0,0.0,0.0,0.0,0.0,1.0,P.Mahomes,6.0,R.Rice,6.0,,,,,,3
KC,IND,2,KC,IND,IND,10.0,4.0,field_goal,0.0,0,0,0,made,,,,0.12597497142565,0.0,0.0,0.0,0.0,0.0,0.0,0.0,0.0,0.0,0.0,0.0,0.0,0.0,0.0,0.0,,,,,,,,,,3
KC,IND,2,IND,KC,KC,35.0,,kickoff,0.0,0,0,0,,,,,0.696784287691116,0.0,0.0,0.0,0.0,0.0,0.0,0.0,0.0,0.0,0.0,0.0,0.0,0.0,1.0,0.0,,,,,,,,,,3
KC,IND,2,IND,KC,IND,64.0,1.0,pass,4.0,0,0,0,,,,,-0.146872149780393,0.0,0.0,0.0,0.0,0.0,0.0,1.0,0.0,0.0,0.0,0.0,0.0,0.0,0.0,1.0,D.Jones,4.0,T.Warren,4.0,,,,,,3
KC,IND,2,IND,KC,IND,60.0,2.0,pass,7.0,0,0,0,,,,,0.862348183989525,0.0,0.0,0.0,0.0,0.0,0.0,1.0,0.0,0.0,0.0,0.0,0.0,0.0,0.0,1.0,D.Jones,7.0,J.Taylor,7.0,,,,,,3
KC,IND,2,IND,KC,IND,53.0,1.0,run,-1.0,0,0,0,,,,,-0.727767183678225,0.0,0.0,0.0,0.0,0.0,1.0,0.0,0.0,0.0,0.0,0.0,0.0,0.0,0.0,0.0,,,,,J.Taylor,-1.0,,,,3
KC,IND,2,IND,KC,IND,54.0,2.0,pass,20.0,0,0,0,,,,,1.90753859945107,0.0,0.0,0.0,0.0,0.0,0.0,1.0,0.0,0.0,0.0,0.0,0.0,0.0,0.0,1.0,D.Jones,20.0,J.Downs,20.0,,,,,,3
KC,IND,2,IND,KC,KC,34.0,1.0,run,1.0,0,0,0,,,,,-0.336034855106846,0.0,0.0,0.0,0.0,0.0,1.0,0.0,0.0,0.0,0.0,0.0,0.0,0.0,0.0,0.0,,,,,J.Taylor,1.0,,,,3
KC,IND,2,IND,KC,KC,33.0,2.0,pass,-2.0,0,0,0,,,,,-1.23749859060626,0.0,0.0,0.0,0.0,0.0,0.0,1.0,0.0,0.0,0.0,0.0,0.0,0.0,0.0,1.0,D.Jones,-2.0,T.Warren,-2.0,,,,,,3
KC,IND,2,IND,KC,KC,35.0,3.0,no_play,0.0,0,0,0,,,,,0.698289219406433,0.0,0.0,0.0,1.0,0.0,0.0,0.0,0.0,0.0,0.0,0.0,0.0,0.0,0.0,0.0,,,,,,,,KC,5.0,3
KC,IND,2,IND,KC,KC,30.0,3.0,pass,5.0,0,0,0,,,,,-0.160080658853985,0.0,0.0,0.0,0.0,0.0,0.0,1.0,0.0,0.0,0.0,0.0,0.0,0.0,0.0,1.0,D.Jones,5.0,K.Allen,5.0,,,,,,3
KC,IND,2,IND,KC,KC,25.0,4.0,run,3.0,0,0,0,,,,,1.81776084104786,0.0,1.0,0.0,0.0,0.0,1.0,0.0,0.0,0.0,0.0,0.0,0.0,0.0,0.0,0.0,,,,,D.Jones,3.0,,,,3
KC,IND,2,IND,KC,KC,22.0,1.0,run,4.0,0,0,0,,,,,-0.114480106858537,0.0,0.0,0.0,0.0,0.0,1.0,0.0,0.0,0.0,0.0,0.0,0.0,0.0,0.0,0.0,,,,,D.Burks,4.0,,,,3
KC,IND,2,IND,KC,KC,18.0,2.0,run,0.0,0,0,0,,,,,-0.671936969447415,0.0,0.0,0.0,0.0,0.0,1.0,0.0,0.0,0.0,0.0,0.0,0.0,0.0,0.0,0.0,,,,,J.Taylor,0.0,,,,3
KC,IND,2,IND,KC,KC,18.0,3.0,pass,6.0,0,0,0,,,,,1.25749176711543,1.0,0.0,0.0,0.0,0.0,0.0,1.0,0.0,0.0,0.0,0.0,0.0,0.0,0.0,1.0,D.Jones,6.0,J.Downs,6.0,,,,,,3
KC,IND,2,IND,KC,KC,12.0,1.0,pass,7.0,0,0,0,,,,,0.481163445452694,0.0,0.0,0.0,0.0,0.0,0.0,1.0,0.0,0.0,0.0,0.0,0.0,0.0,0.0,1.0,D.Jones,7.0,T.Warren,7.0,,,,,,3
KC,IND,2,IND,KC,KC,5.0,2.0,run,5.0,0,0,0,,,,IND,1.75252502120566,0.0,0.0,0.0,0.0,0.0,1.0,0.0,0.0,1.0,0.0,1.0,0.0,0.0,0.0,0.0,,,,,J.Taylor,5.0,,,,3
KC,IND,2,IND,KC,KC,15.0,,extra_point,0.0,0,0,0,,good,,,0.0675730031076331,0.0,0.0,0.0,0.0,0.0,0.0,0.0,0.0,0.0,0.0,0.0,1.0,0.0,0.0,0.0,,,,,,,,,,3
KC,IND,2,KC,IND,IND,35.0,,kickoff,0.0,0,0,0,,,,,0.0203346405178308,0.0,0.0,0.0,0.0,0.0,0.0,0.0,0.0,0.0,0.0,0.0,0.0,0.0,1.0,0.0,,,,,,,,,,3
KC,IND,2,KC,IND,KC,74.0,1.0,pass,9.0,0,0,0,,,,,0.68741700751707,0.0,0.0,0.0,0.0,0.0,0.0,1.0,0.0,0.0,0.0,0.0,0.0,0.0,0.0,1.0,P.Mahomes,9.0,K.Walker,9.0,,,,,,3
KC,IND,2,KC,IND,KC,65.0,2.0,run,4.0,0,0,0,,,,,0.060870225308463,0.0,0.0,0.0,0.0,0.0,1.0,0.0,0.0,0.0,0.0,0.0,0.0,0.0,0.0,0.0,,,,,K.Walker,4.0,,,,3
KC,IND,2,KC,IND,KC,61.0,1.0,pass,0.0,0,0,0,,,,,-0.490628212690353,0.0,0.0,0.0,0.0,0.0,0.0,1.0,0.0,0.0,0.0,0.0,0.0,0.0,0.0,0.0,P.Mahomes,,,,,,,,,3
KC,IND,2,KC,IND,KC,61.0,2.0,pass,3.0,0,0,0,,,,,-0.46567661955487,0.0,0.0,0.0,0.0,0.0,0.0,1.0,0.0,0.0,0.0,0.0,0.0,0.0,0.0,1.0,P.Mahomes,3.0,K.Walker,3.0,,,,,,3
KC,IND,2,KC,IND,KC,58.0,3.0,pass,0.0,0,0,0,,,,,-1.23134515585843,0.0,0.0,0.0,0.0,0.0,0.0,1.0,0.0,0.0,0.0,0.0,0.0,0.0,0.0,0.0,P.Mahomes,,R.Rice,,,,,,,3
KC,IND,2,KC,IND,KC,58.0,4.0,punt,0.0,0,0,0,,,,,0.0679629030637443,0.0,0.0,0.0,0.0,0.0,0.0,0.0,0.0,0.0,0.0,0.0,0.0,0.0,0.0,0.0,,,,,,,,,,3
KC,IND,2,IND,KC,IND,82.0,1.0,pass,14.0,0,0,0,,,,,0.882149714045227,0.0,0.0,0.0,0.0,0.0,0.0,1.0,0.0,0.0,0.0,0.0,0.0,0.0,0.0,1.0,D.Jones,14.0,J.Taylor,14.0,,,,,,3
KC,IND,2,IND,KC,IND,68.0,1.0,run,6.0,0,0,0,,,,,0.0262576323002577,0.0,0.0,0.0,0.0,0.0,1.0,0.0,0.0,0.0,0.0,0.0,0.0,0.0,0.0,0.0,,,,,J.Taylor,6.0,,,,3
KC,IND,2,IND,KC,IND,62.0,2.0,run,0.0,0,0,0,,,,,-0.537979537271895,0.0,0.0,0.0,0.0,0.0,1.0,0.0,0.0,0.0,0.0,0.0,0.0,0.0,0.0,0.0,,,,,J.Taylor,0.0,,,,3
KC,IND,2,IND,KC,IND,62.0,3.0,pass,5.0,0,0,0,,,,,0.798671523923986,1.0,0.0,0.0,0.0,0.0,0.0,1.0,0.0,0.0,0.0,0.0,0.0,0.0,0.0,1.0,D.Jones,5.0,J.Downs,5.0,,,,,,3
KC,IND,2,IND,KC,IND,57.0,1.0,run,6.0,0,0,0,,,,,-0.0129213123582304,0.0,0.0,0.0,0.0,0.0,1.0,0.0,0.0,0.0,0.0,0.0,0.0,0.0,0.0,0.0,,,,,J.Taylor,6.0,,,,3
KC,IND,2,IND,KC,IND,51.0,2.0,pass,0.0,0,0,0,,,,,-0.413335262215696,0.0,0.0,0.0,0.0,0.0,0.0,1.0,0.0,0.0,0.0,0.0,0.0,0.0,0.0,0.0,D.Jones,,T.Warren,,,,,,,3
KC,IND,2,,,,,,no_play,0.0,0,0,0,,,,,0.0,0.0,0.0,0.0,0.0,0.0,0.0,0.0,0.0,0.0,0.0,0.0,0.0,0.0,0.0,0.0,,,,,,,,,,3
KC,IND,2,IND,KC,IND,51.0,3.0,pass,0.0,0,0,0,,,,,-0.805920566199347,0.0,0.0,0.0,0.0,0.0,0.0,1.0,0.0,0.0,0.0,0.0,0.0,0.0,0.0,0.0,D.Jones,,,,,,,,,3
KC,IND,2,IND,KC,IND,51.0,4.0,punt,0.0,0,0,0,,,,,-0.385952228272799,0.0,0.0,0.0,0.0,0.0,0.0,0.0,0.0,0.0,0.0,0.0,0.0,0.0,0.0,0.0,,,,,,,,,,3
KC,IND,2,KC,IND,KC,84.0,1.0,pass,0.0,0,0,0,,,,,-0.0249579781084321,0.0,0.0,0.0,0.0,0.0,0.0,1.0,0.0,0.0,0.0,0.0,0.0,0.0,0.0,0.0,P.Mahomes,,,,,,,,,3
KC,IND,2,KC,IND,KC,84.0,2.0,run,8.0,0,0,0,,,,,-0.0141813373775221,0.0,0.0,0.0,0.0,0.0,1.0,0.0,0.0,0.0,0.0,0.0,0.0,0.0,0.0,0.0,,,,,K.Walker,8.0,,,,3
KC,IND,2,,,,,,no_play,0.0,0,0,0,,,,,0.0,0.0,0.0,0.0,0.0,0.0,0.0,0.0,0.0,0.0,0.0,0.0,0.0,0.0,0.0,0.0,,,,,,,,,,3
KC,IND,2,KC,IND,KC,76.0,3.0,run,5.0,0,0,0,,,,,0.0387307695345953,1.0,0.0,0.0,0.0,0.0,1.0,0.0,0.0,0.0,0.0,0.0,0.0,0.0,0.0,0.0,,,,,K.Walker,5.0,,,,3
KC,IND,2,,,,,,no_play,0.0,0,0,0,,,,,0.0,0.0,0.0,0.0,0.0,0.0,0.0,0.0,0.0,0.0,0.0,0.0,0.0,0.0,0.0,0.0,,,,,,,,,,3
KC,IND,2,KC,IND,KC,71.0,1.0,pass,17.0,0,0,0,,,,,0.0920059158816002,0.0,0.0,0.0,0.0,0.0,0.0,1.0,0.0,0.0,0.0,0.0,0.0,0.0,0.0,1.0,P.Mahomes,17.0,T.Kelce,17.0,,,,,,3
KC,IND,2,,,,,,no_play,0.0,0,0,0,,,,,0.0,0.0,0.0,0.0,0.0,0.0,0.0,0.0,0.0,0.0,0.0,0.0,0.0,0.0,0.0,0.0,,,,,,,,,,3
KC,IND,2,,,,,,no_play,0.0,0,0,0,,,,,0.0,0.0,0.0,0.0,0.0,0.0,0.0,0.0,0.0,0.0,0.0,0.0,0.0,0.0,0.0,0.0,,,,,,,,,,3
KC,IND,2,KC,IND,KC,54.0,1.0,pass,31.0,0,0,0,,,,,-0.165958237135783,0.0,0.0,0.0,0.0,0.0,0.0,1.0,0.0,0.0,0.0,0.0,0.0,0.0,0.0,1.0,P.Mahomes,31.0,R.Rice,31.0,,,,,,3
KC,IND,2,,,,,,,,0,0,0,,,,,0.0,,,,,,,,,,,,,,,,,,,,,,,,,3
KC,IND,2,KC,IND,IND,35.0,,kickoff,0.0,0,0,0,,,,,0.38860729476437,0.0,0.0,0.0,0.0,0.0,0.0,0.0,0.0,0.0,0.0,0.0,0.0,0.0,1.0,0.0,,,,,,,,,,3
KC,IND,2,KC,IND,KC,68.0,1.0,run,1.0,0,0,0,,,,,-0.57696647872217,0.0,0.0,0.0,0.0,0.0,1.0,0.0,0.0,0.0,0.0,0.0,0.0,0.0,0.0,0.0,,,,,K.Walker,1.0,,,,3
KC,IND,2,KC,IND,KC,67.0,2.0,pass,-3.0,0,0,0,,,,,-1.15578282182105,0.0,0.0,0.0,0.0,0.0,0.0,1.0,1.0,0.0,0.0,0.0,0.0,0.0,0.0,0.0,P.Mahomes,,,,,,,,,3
KC,IND,2,KC,IND,KC,70.0,3.0,pass,30.0,0,0,0,,,,,3.29620810982306,1.0,0.0,0.0,0.0,0.0,0.0,1.0,0.0,0.0,0.0,0.0,0.0,0.0,0.0,1.0,P.Mahomes,30.0,T.Thornton,30.0,,,,,,3
KC,IND,2,KC,IND,IND,40.0,1.0,pass,0.0,0,0,0,,,,,-0.417384435655549,0.0,0.0,0.0,0.0,0.0,0.0,1.0,0.0,0.0,0.0,0.0,0.0,0.0,0.0,0.0,P.Mahomes,,T.Kelce,,,,,,,3
KC,IND,2,KC,IND,IND,40.0,2.0,pass,11.0,0,0,0,,,,,1.10614024475217,0.0,0.0,0.0,0.0,0.0,0.0,1.0,0.0,0.0,0.0,0.0,0.0,0.0,0.0,1.0,P.Mahomes,11.0,T.Kelce,11.0,,,,,,3
KC,IND,2,KC,IND,IND,29.0,1.0,run,7.0,0,0,0,,,,,0.488376973022241,0.0,0.0,0.0,0.0,0.0,1.0,0.0,0.0,0.0,0.0,0.0,0.0,0.0,0.0,0.0,,,,,K.Walker,7.0,,,,3
KC,IND,2,KC,IND,IND,22.0,2.0,no_play,0.0,0,0,0,,,,,-0.764713367214426,0.0,0.0,0.0,1.0,0.0,0.0,0.0,0.0,0.0,0.0,0.0,0.0,0.0,0.0,0.0,,,,,,,,KC,5.0,3
KC,IND,2,KC,IND,IND,27.0,2.0,run,13.0,0,0,1,,,,,1.21139816852519,0.0,0.0,0.0,0.0,0.0,1.0,0.0,0.0,0.0,0.0,0.0,0.0,0.0,0.0,0.0,,,,,P.Mahomes,13.0,,,,3
KC,IND,2,KC,IND,IND,14.0,1.0,run,1.0,0,0,0,,,,,-0.396391783724539,0.0,0.0,0.0,0.0,0.0,1.0,0.0,0.0,0.0,0.0,0.0,0.0,0.0,0.0,0.0,,,,,K.Walker,1.0,,,,3
KC,IND,2,KC,IND,IND,13.0,2.0,pass,0.0,0,0,0,,,,,-0.734739487757906,0.0,0.0,0.0,0.0,0.0,0.0,1.0,0.0,0.0,0.0,0.0,0.0,0.0,0.0,0.0,P.Mahomes,,,,,,,,,3
KC,IND,2,KC,IND,IND,13.0,3.0,pass,0.0,0,0,0,,,,,-0.78233491834754,0.0,0.0,0.0,0.0,0.0,0.0,1.0,0.0,0.0,0.0,0.0,0.0,0.0,0.0,0.0,P.Mahomes,,K.Walker,,,,,,,3
KC,IND,2,KC,IND,IND,13.0,4.0,field_goal,0.0,0,0,0,made,,,,0.183024451909939,0.0,0.0,0.0,0.0,0.0,0.0,0.0,0.0,0.0,0.0,0.0,0.0,0.0,0.0,0.0,,,,,,,,,,3
KC,IND,2,IND,KC,KC,35.0,,kickoff,0.0,0,0,0,,,,,0.597691282397136,0.0,0.0,0.0,0.0,0.0,0.0,0.0,0.0,0.0,0.0,0.0,0.0,0.0,1.0,0.0,,,,,,,,,,3
KC,IND,2,IND,KC,IND,65.0,1.0,pass,48.0,0,0,0,,,,,3.25220277620247,0.0,0.0,0.0,0.0,0.0,0.0,1.0,0.0,0.0,0.0,0.0,0.0,0.0,0.0,1.0,D.Jones,48.0,L.Treadwell,48.0,,,,,,3
KC,IND,2,IND,KC,KC,17.0,1.0,run,-1.0,0,0,0,,,,,-0.820541425782722,0.0,0.0,0.0,0.0,0.0,1.0,0.0,0.0,0.0,0.0,0.0,0.0,0.0,0.0,0.0,,,,,J.Taylor,-1.0,,,,3
KC,IND,2,IND,KC,KC,18.0,2.0,run,-2.0,0,0,0,,,,,-0.930889962997753,0.0,0.0,0.0,0.0,0.0,1.0,0.0,0.0,0.0,0.0,0.0,0.0,0.0,0.0,0.0,,,,,J.Taylor,-2.0,,,,3
KC,IND,2,IND,KC,KC,20.0,3.0,run,5.0,0,0,1,,,,,-0.30698698759079,0.0,0.0,0.0,0.0,0.0,1.0,0.0,0.0,0.0,0.0,0.0,0.0,0.0,0.0,0.0,,,,,D.Jones,5.0,,,,3
KC,IND,2,,,,,,no_play,0.0,0,0,0,,,,,0.0,0.0,0.0,0.0,0.0,0.0,0.0,0.0,0.0,0.0,0.0,0.0,0.0,0.0,0.0,0.0,,,,,,,,,,3
KC,IND,2,IND,KC,KC,15.0,4.0,no_play,0.0,0,0,0,,,,,-0.0503892369517813,0.0,0.0,0.0,1.0,0.0,0.0,0.0,0.0,0.0,0.0,0.0,0.0,0.0,0.0,0.0,,,,,,,,IND,5.0,3
KC,IND,2,IND,KC,KC,20.0,4.0,field_goal,0.0,0,0,0,made,,,,0.509270106681691,0.0,0.0,0.0,0.0,0.0,0.0,0.0,0.0,0.0,0.0,0.0,0.0,0.0,0.0,0.0,,,,,,,,,,3
KC,IND,2,KC,IND,IND,35.0,,kickoff,0.0,0,0,0,,,,,0.378857450094074,0.0,0.0,0.0,0.0,0.0,0.0,0.0,0.0,0.0,0.0,0.0,0.0,0.0,1.0,0.0,,,,,,,,,,3
KC,IND,2,KC,IND,KC,68.0,1.0,run,9.0,0,0,0,,,,,0.241062942484859,0.0,0.0,0.0,0.0,0.0,1.0,0.0,0.0,0.0,0.0,0.0,0.0,0.0,0.0,0.0,,,,,K.Walker,9.0,,,,3
KC,IND,2,KC,IND,KC,59.0,2.0,run,4.0,0,0,0,,,,,0.150802714866586,0.0,0.0,0.0,0.0,0.0,1.0,0.0,0.0,0.0,0.0,0.0,0.0,0.0,0.0,0.0,,,,,K.Walker,4.0,,,,3
KC,IND,2,KC,IND,KC,55.0,1.0,run,5.0,0,0,0,,,,,0.150811106432229,0.0,0.0,0.0,0.0,0.0,1.0,0.0,0.0,0.0,0.0,0.0,0.0,0.0,0.0,0.0,,,,,K.Walker,5.0,,,,3
KC,IND,2,KC,IND,50,50.0,2.0,run,4.0,0,0,1,,,,,-0.718538180459291,0.0,0.0,0.0,0.0,0.0,1.0,0.0,0.0,0.0,0.0,0.0,0.0,0.0,0.0,0.0,,,,,P.Mahomes,4.0,,,,3
KC,IND,2,,,,,,no_play,0.0,0,0,0,,,,,0.0,0.0,0.0,0.0,0.0,0.0,0.0,0.0,0.0,0.0,0.0,0.0,0.0,0.0,0.0,0.0,,,,,,,,,,3
KC,IND,2,KC,IND,IND,46.0,3.0,pass,22.0,0,0,0,,,,,1.60803165577818,1.0,0.0,0.0,0.0,0.0,0.0,1.0,0.0,0.0,0.0,0.0,0.0,0.0,0.0,1.0,P.Mahomes,22.0,K.Walker,22.0,,,,,,3
KC,IND,2,,,,,,no_play,0.0,0,0,0,,,,,0.0,0.0,0.0,0.0,0.0,0.0,0.0,0.0,0.0,0.0,0.0,0.0,0.0,0.0,0.0,0.0,,,,,,,,,,3
KC,IND,2,KC,IND,IND,24.0,1.0,run,2.0,0,0,0,,,,,0.0547345055656345,0.0,0.0,0.0,0.0,0.0,1.0,0.0,0.0,0.0,0.0,0.0,0.0,0.0,0.0,0.0,,,,,K.Walker,2.0,,,,3
KC,IND,2,,,,,,no_play,0.0,0,0,0,,,,,0.0,0.0,0.0,0.0,0.0,0.0,0.0,0.0,0.0,0.0,0.0,0.0,0.0,0.0,0.0,0.0,,,,,,,,,,3
KC,IND,2,KC,IND,IND,22.0,2.0,field_goal,0.0,0,0,0,made,,,,0.451770379646418,0.0,0.0,0.0,0.0,0.0,0.0,0.0,0.0,0.0,0.0,0.0,0.0,0.0,0.0,0.0,,,,,,,,,,3
KC,IND,2,KC,IND,,,,,,0,0,0,,,,,,,,,,,,,,,,,,,,,,,,,,,,,,3
DEN,JAX,2,,,,,,,,0,0,0,,,,,0.0,,,,,,,,,,,,,,,,,,,,,,,,,7
DEN,JAX,2,DEN,JAX,JAX,35.0,,kickoff,0.0,0,0,0,,,,,-0.297269117552787,0.0,0.0,0.0,0.0,0.0,0.0,0.0,0.0,0.0,0.0,0.0,0.0,0.0,1.0,0.0,,,,,,,,,,7
DEN,JAX,2,DEN,JAX,DEN,76.0,1.0,run,4.0,0,0,0,,,,,0.0386697393842042,0.0,0.0,0.0,0.0,0.0,1.0,0.0,0.0,0.0,0.0,0.0,0.0,0.0,0.0,0.0,,,,,J.Dobbins,4.0,,,,7
DEN,JAX,2,DEN,JAX,DEN,72.0,2.0,run,1.0,0,0,0,,,,,-0.5715765026398,0.0,0.0,0.0,0.0,0.0,1.0,0.0,0.0,0.0,0.0,0.0,0.0,0.0,0.0,0.0,,,,,J.Dobbins,1.0,,,,7
DEN,JAX,2,DEN,JAX,DEN,71.0,3.0,no_play,0.0,0,0,0,,,,,-0.799074216745794,0.0,0.0,0.0,1.0,0.0,0.0,0.0,0.0,0.0,0.0,0.0,0.0,0.0,0.0,0.0,,,,,,,,DEN,5.0,7
DEN,JAX,2,DEN,JAX,DEN,76.0,3.0,pass,0.0,0,0,0,,,,,-1.42391652241349,0.0,0.0,0.0,0.0,0.0,0.0,1.0,0.0,0.0,0.0,0.0,0.0,0.0,0.0,0.0,B.Nix,,P.Bryant,,,,,,,7
DEN,JAX,2,DEN,JAX,DEN,76.0,4.0,punt,0.0,0,0,0,,,,,0.579980936367065,0.0,0.0,0.0,0.0,0.0,0.0,0.0,0.0,0.0,0.0,0.0,0.0,0.0,0.0,0.0,,,,,,,P.Washington,,,7
DEN,JAX,2,JAX,DEN,JAX,72.0,1.0,run,3.0,0,0,0,,,,,-0.248876064550132,0.0,0.0,0.0,0.0,0.0,1.0,0.0,0.0,0.0,0.0,0.0,0.0,0.0,0.0,0.0,,,,,B.Tuten,3.0,,,,7
DEN,JAX,2,JAX,DEN,JAX,69.0,2.0,pass,5.0,0,0,0,,,,,0.167197416070849,0.0,0.0,0.0,0.0,0.0,0.0,1.0,0.0,0.0,0.0,0.0,0.0,0.0,0.0,1.0,T.Lawrence,5.0,P.Washington,5.0,,,,,,7
DEN,JAX,2,JAX,DEN,JAX,64.0,3.0,run,7.0,0,0,0,,,,,1.14457405707799,1.0,0.0,0.0,0.0,0.0,1.0,0.0,0.0,0.0,0.0,0.0,0.0,0.0,0.0,0.0,,,,,C.Rodriguez,7.0,,,,7
DEN,JAX,2,JAX,DEN,JAX,57.0,1.0,no_play,0.0,0,0,0,,,,,0.377083132509142,0.0,0.0,0.0,1.0,0.0,0.0,0.0,0.0,0.0,0.0,0.0,0.0,0.0,0.0,0.0,,,,,,,,DEN,5.0,7
DEN,JAX,2,JAX,DEN,JAX,52.0,1.0,pass,0.0,0,0,0,,,,,-0.523692490765825,0.0,0.0,0.0,0.0,0.0,0.0,1.0,0.0,0.0,0.0,0.0,0.0,0.0,0.0,0.0,T.Lawrence,,,,,,,,,7
DEN,JAX,2,JAX,DEN,JAX,52.0,2.0,run,2.0,0,0,0,,,,,-0.808357564499602,0.0,0.0,0.0,0.0,0.0,1.0,0.0,0.0,0.0,0.0,0.0,0.0,0.0,0.0,0.0,,,,,C.Rodriguez,2.0,,,,7
DEN,JAX,2,JAX,DEN,50,50.0,3.0,pass,0.0,0,0,0,,,,,-1.65739105804823,0.0,0.0,0.0,0.0,0.0,0.0,1.0,0.0,0.0,0.0,0.0,0.0,0.0,0.0,0.0,T.Lawrence,,P.Washington,,,,,,,7
DEN,JAX,2,JAX,DEN,50,50.0,4.0,punt,0.0,0,0,0,,,,,0.0554917240515351,0.0,0.0,0.0,0.0,0.0,0.0,0.0,0.0,0.0,0.0,0.0,0.0,0.0,0.0,0.0,,,,,,,,,,7
DEN,JAX,2,DEN,JAX,DEN,88.0,1.0,run,15.0,0,0,0,,,,,1.02987261908129,0.0,0.0,0.0,0.0,0.0,1.0,0.0,0.0,0.0,0.0,0.0,0.0,0.0,0.0,0.0,,,,,J.Dobbins,15.0,,,,7
DEN,JAX,2,DEN,JAX,DEN,73.0,1.0,pass,1.0,0,0,0,,,,,-0.573676162399352,0.0,0.0,0.0,0.0,0.0,0.0,1.0,0.0,0.0,0.0,0.0,0.0,0.0,0.0,1.0,B.Nix,1.0,J.Waddle,1.0,,,,,,7
DEN,JAX,2,DEN,JAX,DEN,72.0,2.0,no_play,0.0,0,0,0,,,,,-1.18749043019488,0.0,0.0,0.0,1.0,0.0,0.0,0.0,0.0,0.0,0.0,0.0,0.0,0.0,0.0,0.0,,,,,,,,DEN,10.0,7
DEN,JAX,2,DEN,JAX,DEN,82.0,2.0,pass,7.0,0,0,0,,,,,-0.0709226066246629,0.0,0.0,0.0,0.0,0.0,0.0,1.0,0.0,0.0,0.0,0.0,0.0,0.0,0.0,1.0,B.Nix,7.0,J.Coleman,7.0,,,,,,7
DEN,JAX,2,DEN,JAX,DEN,75.0,3.0,pass,1.0,0,0,0,,,,,-1.06695528747514,0.0,0.0,0.0,0.0,0.0,0.0,1.0,0.0,0.0,0.0,0.0,0.0,0.0,0.0,1.0,B.Nix,1.0,T.Badie,1.0,,,,,,7
DEN,JAX,2,DEN,JAX,DEN,74.0,4.0,punt,0.0,0,0,0,,,,,-0.274676056578755,0.0,0.0,0.0,0.0,0.0,0.0,0.0,0.0,0.0,0.0,0.0,0.0,0.0,0.0,0.0,,,,,,,,,,7
DEN,JAX,2,JAX,DEN,JAX,62.0,1.0,pass,0.0,0,0,0,,,,,-0.502494974527508,0.0,0.0,0.0,0.0,0.0,0.0,1.0,0.0,0.0,0.0,0.0,0.0,0.0,0.0,0.0,T.Lawrence,,Bri.Thomas,,,,,,,7
DEN,JAX,2,JAX,DEN,JAX,62.0,2.0,pass,9.0,0,0,0,,,,,0.808160229586065,0.0,0.0,0.0,0.0,0.0,0.0,1.0,0.0,0.0,0.0,0.0,0.0,0.0,0.0,1.0,T.Lawrence,9.0,P.Washington,9.0,,,,,,7
DEN,JAX,2,JAX,DEN,JAX,53.0,3.0,run,3.0,0,0,0,,,,,0.596878507407382,1.0,0.0,0.0,0.0,0.0,1.0,0.0,0.0,0.0,0.0,0.0,0.0,0.0,0.0,0.0,,,,,T.Lawrence,3.0,,,,7
DEN,JAX,2,JAX,DEN,50,50.0,1.0,run,3.0,0,0,0,,,,,-0.262245901394635,0.0,0.0,0.0,0.0,0.0,1.0,0.0,0.0,0.0,0.0,0.0,0.0,0.0,0.0,0.0,,,,,B.Tuten,3.0,,,,7
DEN,JAX,2,JAX,DEN,DEN,47.0,2.0,pass,-11.0,0,0,0,,,,,-2.50792528525926,0.0,0.0,0.0,0.0,0.0,0.0,1.0,1.0,0.0,0.0,0.0,0.0,0.0,0.0,0.0,T.Lawrence,,,,,,,,,7
DEN,JAX,2,,,,,,no_play,0.0,0,0,0,,,,,0.0,0.0,0.0,0.0,0.0,0.0,0.0,0.0,0.0,0.0,0.0,0.0,0.0,0.0,0.0,0.0,,,,,,,,,,7
DEN,JAX,2,JAX,DEN,JAX,58.0,3.0,pass,0.0,0,0,0,,,,,-1.1196293910034,0.0,0.0,0.0,0.0,0.0,0.0,1.0,0.0,0.0,0.0,0.0,0.0,0.0,0.0,0.0,T.Lawrence,,Bri.Thomas,,,,,,,7
DEN,JAX,2,JAX,DEN,JAX,58.0,4.0,punt,0.0,0,0,0,,,,,0.603162714280188,0.0,0.0,0.0,0.0,0.0,0.0,0.0,0.0,0.0,0.0,0.0,0.0,0.0,0.0,0.0,,,,,,,,,,7
DEN,JAX,2,DEN,JAX,DEN,89.0,1.0,run,5.0,0,0,0,,,,,-0.0180512052029371,0.0,0.0,0.0,0.0,0.0,1.0,0.0,0.0,0.0,0.0,0.0,0.0,0.0,0.0,0.0,,,,,J.Dobbins,5.0,,,,7
DEN,JAX,2,DEN,JAX,DEN,84.0,2.0,pass,7.0,0,0,0,,,,,0.70709056314081,0.0,0.0,0.0,0.0,0.0,0.0,1.0,0.0,0.0,0.0,0.0,0.0,0.0,0.0,1.0,B.Nix,7.0,N.Adkins,7.0,,,,,,7
DEN,JAX,2,DEN,JAX,DEN,77.0,1.0,pass,0.0,0,0,0,,,,,-0.562652297783643,0.0,0.0,0.0,0.0,0.0,0.0,1.0,0.0,0.0,0.0,0.0,0.0,0.0,0.0,0.0,B.Nix,,J.Waddle,,,,,,,7
DEN,JAX,2,DEN,JAX,DEN,77.0,2.0,pass,8.0,0,0,0,,,,,0.542077995371074,0.0,0.0,0.0,0.0,0.0,0.0,1.0,0.0,0.0,0.0,0.0,0.0,0.0,0.0,1.0,B.Nix,8.0,J.Coleman,8.0,,,,,,7
DEN,JAX,2,DEN,JAX,DEN,69.0,3.0,pass,0.0,0,0,0,,,,,-1.70176910981536,0.0,0.0,0.0,0.0,0.0,0.0,1.0,0.0,0.0,0.0,0.0,0.0,0.0,0.0,0.0,B.Nix,,J.Waddle,,,,,,,7
DEN,JAX,2,DEN,JAX,DEN,69.0,4.0,punt,0.0,0,0,0,,,,,-0.308269617147744,0.0,0.0,0.0,0.0,0.0,0.0,0.0,0.0,0.0,0.0,0.0,0.0,0.0,0.0,0.0,,,,,,,,,,7
DEN,JAX,2,JAX,DEN,JAX,72.0,1.0,run,3.0,0,0,0,,,,,-0.215833518654108,0.0,0.0,0.0,0.0,0.0,1.0,0.0,0.0,0.0,0.0,0.0,0.0,0.0,0.0,0.0,,,,,B.Tuten,3.0,,,,7
DEN,JAX,2,JAX,DEN,JAX,69.0,2.0,run,6.0,0,0,0,,,,,0.618749769870192,0.0,0.0,0.0,0.0,0.0,1.0,0.0,0.0,0.0,0.0,0.0,0.0,0.0,0.0,0.0,,,,,B.Tuten,6.0,,,,7
DEN,JAX,2,JAX,DEN,JAX,63.0,3.0,run,2.0,0,0,0,,,,,0.45433644996956,1.0,0.0,0.0,0.0,0.0,1.0,0.0,0.0,0.0,0.0,0.0,0.0,0.0,0.0,0.0,,,,,C.Rodriguez,2.0,,,,7
DEN,JAX,2,JAX,DEN,JAX,61.0,1.0,pass,14.0,0,0,0,,,,,1.02285150997341,0.0,0.0,0.0,0.0,0.0,0.0,1.0,0.0,0.0,0.0,0.0,0.0,0.0,0.0,1.0,T.Lawrence,14.0,B.Strange,14.0,,,,,,7
DEN,JAX,2,JAX,DEN,,,,,,0,0,0,,,,,0.0,,,,,,,,,,,,,,,,,,,,,,,,,7
DEN,JAX,2,JAX,DEN,DEN,47.0,1.0,pass,22.0,0,0,0,,,,,1.56593571789563,0.0,0.0,0.0,0.0,0.0,0.0,1.0,0.0,0.0,0.0,0.0,0.0,0.0,0.0,1.0,T.Lawrence,22.0,Bri.Thomas,22.0,,,,,,7
DEN,JAX,2,JAX,DEN,DEN,25.0,1.0,pass,-3.0,0,0,0,,,,,-0.945156590547413,0.0,0.0,0.0,0.0,0.0,0.0,1.0,0.0,0.0,0.0,0.0,0.0,0.0,0.0,1.0,T.Lawrence,-3.0,B.Tuten,-3.0,,,,,,7
DEN,JAX,2,JAX,DEN,DEN,28.0,2.0,no_play,0.0,0,0,0,,,,,-0.569625093135983,0.0,0.0,0.0,1.0,0.0,0.0,0.0,0.0,0.0,0.0,0.0,0.0,0.0,0.0,0.0,,,,,,,,JAX,5.0,7
DEN,JAX,2,JAX,DEN,DEN,33.0,2.0,pass,32.0,0,0,0,,,,,3.78564191379701,0.0,0.0,0.0,0.0,0.0,0.0,1.0,0.0,0.0,0.0,0.0,0.0,0.0,0.0,1.0,T.Lawrence,32.0,P.Washington,32.0,,,,,,7
DEN,JAX,2,JAX,DEN,DEN,1.0,1.0,run,1.0,0,0,0,,,,JAX,0.676655278512044,0.0,0.0,0.0,0.0,0.0,1.0,0.0,0.0,1.0,0.0,1.0,0.0,0.0,0.0,0.0,,,,,B.Tuten,1.0,,,,7
DEN,JAX,2,JAX,DEN,DEN,15.0,,extra_point,0.0,0,0,0,,good,,,0.0675730031076331,0.0,0.0,0.0,0.0,0.0,0.0,0.0,0.0,0.0,0.0,0.0,1.0,0.0,0.0,0.0,,,,,,,,,,7
DEN,JAX,2,DEN,JAX,JAX,35.0,,kickoff,0.0,0,0,0,,,,,0.851698282407597,0.0,0.0,0.0,0.0,0.0,0.0,0.0,0.0,0.0,0.0,0.0,0.0,0.0,1.0,0.0,,,,,,,,,,7
DEN,JAX,2,DEN,JAX,DEN,60.0,1.0,no_play,0.0,0,0,0,,,,,-0.570996288442984,0.0,0.0,0.0,1.0,0.0,0.0,0.0,0.0,0.0,0.0,0.0,0.0,0.0,0.0,0.0,,,,,,,,DEN,5.0,7
DEN,JAX,2,DEN,JAX,DEN,65.0,1.0,pass,8.0,0,0,0,,,,,0.37129320227541,0.0,0.0,0.0,0.0,0.0,0.0,1.0,0.0,0.0,0.0,0.0,0.0,0.0,0.0,1.0,B.Nix,8.0,C.Sutton,8.0,,,,,,7
DEN,JAX,2,DEN,JAX,DEN,57.0,2.0,run,6.0,0,0,0,,,,,0.287798908306286,0.0,0.0,0.0,0.0,0.0,1.0,0.0,0.0,0.0,0.0,0.0,0.0,0.0,0.0,0.0,,,,,J.Dobbins,6.0,,,,7
DEN,JAX,2,DEN,JAX,DEN,51.0,3.0,run,1.0,0,0,0,,,,,0.336131367366761,1.0,0.0,0.0,0.0,0.0,1.0,0.0,0.0,0.0,0.0,0.0,0.0,0.0,0.0,0.0,,,,,B.Nix,1.0,,,,7
DEN,JAX,2,DEN,JAX,50,50.0,1.0,pass,49.0,0,0,0,,,,,3.5955827277503,0.0,0.0,0.0,0.0,0.0,0.0,1.0,0.0,0.0,0.0,0.0,0.0,0.0,0.0,1.0,B.Nix,49.0,J.Waddle,49.0,,,,,,7
DEN,JAX,2,DEN,JAX,JAX,1.0,1.0,run,0.0,0,0,0,,,,,-0.25997478608042,0.0,0.0,0.0,0.0,0.0,1.0,0.0,0.0,0.0,0.0,0.0,0.0,0.0,0.0,0.0,,,,,J.Dobbins,0.0,,,,7
DEN,JAX,2,DEN,JAX,JAX,1.0,2.0,run,0.0,0,0,0,,,,,-0.457592892169487,0.0,0.0,0.0,0.0,0.0,1.0,0.0,0.0,0.0,0.0,0.0,0.0,0.0,0.0,0.0,,,,,J.Dobbins,0.0,,,,7
DEN,JAX,2,DEN,JAX,JAX,1.0,3.0,run,-1.0,0,0,0,,,,,-2.64597151714137,0.0,0.0,0.0,0.0,0.0,1.0,0.0,0.0,0.0,0.0,0.0,0.0,0.0,0.0,0.0,,,,,J.Dobbins,-1.0,,,,7
DEN,JAX,2,DEN,JAX,JAX,2.0,4.0,field_goal,0.0,0,0,0,made,,,,0.0350983755825314,0.0,0.0,0.0,0.0,0.0,0.0,0.0,0.0,0.0,0.0,0.0,0.0,0.0,0.0,0.0,,,,,,,,,,7
DEN,JAX,2,JAX,DEN,DEN,35.0,,kickoff,0.0,0,0,0,,,,,0.323239168385044,0.0,0.0,0.0,0.0,0.0,0.0,0.0,0.0,0.0,0.0,0.0,0.0,0.0,1.0,0.0,,,,,,,,,,7
DEN,JAX,2,JAX,DEN,JAX,69.0,1.0,run,1.0,0,0,0,,,,,-0.40429874160327,0.0,0.0,0.0,0.0,0.0,1.0,0.0,0.0,0.0,0.0,0.0,0.0,0.0,0.0,0.0,,,,,C.Rodriguez,1.0,,,,7
DEN,JAX,2,JAX,DEN,JAX,68.0,2.0,pass,0.0,0,0,0,,,,,-0.629812730941922,0.0,0.0,0.0,0.0,0.0,0.0,1.0,0.0,0.0,0.0,0.0,0.0,0.0,0.0,0.0,T.Lawrence,,P.Washington,,,,,,,7
DEN,JAX,2,JAX,DEN,JAX,68.0,3.0,pass,-5.0,0,0,0,,,,,-1.46287723490968,0.0,0.0,0.0,0.0,0.0,0.0,1.0,1.0,0.0,0.0,0.0,0.0,0.0,0.0,0.0,T.Lawrence,,,,,,,,,7
DEN,JAX,2,JAX,DEN,JAX,73.0,4.0,no_play,0.0,0,0,0,,,,,0.37340209633112,0.0,0.0,0.0,1.0,0.0,0.0,0.0,0.0,0.0,0.0,0.0,0.0,0.0,0.0,0.0,,,,,,,,DEN,5.0,7
DEN,JAX,2,JAX,DEN,JAX,68.0,4.0,punt,0.0,0,0,0,,,,,0.503243159735575,0.0,0.0,0.0,0.0,0.0,0.0,0.0,0.0,0.0,0.0,0.0,0.0,0.0,0.0,0.0,,,,,,,K.Abrams-Draine,,,7
DEN,JAX,2,DEN,JAX,DEN,84.0,1.0,run,0.0,0,0,0,,,,,-0.464584902394563,0.0,0.0,0.0,0.0,0.0,1.0,0.0,0.0,0.0,0.0,0.0,0.0,0.0,0.0,0.0,,,,,J.Coleman,0.0,,,,7
DEN,JAX,2,DEN,JAX,DEN,84.0,2.0,pass,20.0,0,0,0,,,,,1.50448463228531,0.0,0.0,0.0,0.0,0.0,0.0,1.0,0.0,0.0,0.0,0.0,0.0,0.0,0.0,1.0,B.Nix,20.0,J.Waddle,20.0,,,,,,7
DEN,JAX,2,DEN,JAX,DEN,64.0,1.0,pass,1.0,0,0,0,,,,,-0.485851030680351,0.0,0.0,0.0,0.0,0.0,0.0,1.0,0.0,0.0,0.0,0.0,0.0,0.0,0.0,1.0,B.Nix,1.0,J.Waddle,1.0,,,,,,7
DEN,JAX,2,DEN,JAX,DEN,63.0,2.0,pass,27.0,0,0,0,,,,,1.75122357392684,0.0,0.0,0.0,0.0,0.0,0.0,1.0,0.0,0.0,0.0,0.0,0.0,0.0,0.0,1.0,B.Nix,27.0,T.Badie,27.0,,,,,,7
DEN,JAX,2,DEN,JAX,JAX,36.0,1.0,pass,27.0,0,0,0,,,,,2.08118910429766,0.0,0.0,0.0,0.0,0.0,0.0,1.0,0.0,0.0,0.0,0.0,0.0,0.0,0.0,1.0,B.Nix,27.0,T.Franklin,27.0,,,,,,7
DEN,JAX,2,DEN,JAX,JAX,9.0,1.0,pass,0.0,0,0,0,,,,,-0.661886846588459,0.0,0.0,0.0,0.0,0.0,0.0,1.0,0.0,0.0,0.0,0.0,0.0,0.0,0.0,0.0,B.Nix,,T.Badie,,,,,,,7
DEN,JAX,2,DEN,JAX,JAX,9.0,2.0,run,1.0,0,0,0,,,,,-0.56239087076392,0.0,0.0,0.0,0.0,0.0,1.0,0.0,0.0,0.0,0.0,0.0,0.0,0.0,0.0,0.0,,,,,J.Coleman,1.0,,,,7
DEN,JAX,2,DEN,JAX,JAX,8.0,3.0,pass,0.0,0,0,0,,,,,-4.33185129216872,0.0,0.0,1.0,0.0,0.0,0.0,1.0,0.0,0.0,0.0,0.0,0.0,0.0,0.0,0.0,B.Nix,,C.Sutton,,,,,,,7
DEN,JAX,2,JAX,DEN,JAX,80.0,1.0,no_play,0.0,0,0,0,,,,,-0.869391351705417,0.0,0.0,0.0,1.0,0.0,0.0,0.0,0.0,0.0,0.0,0.0,0.0,0.0,0.0,0.0,,,,,,,,JAX,10.0,7
DEN,JAX,2,JAX,DEN,JAX,90.0,1.0,pass,11.0,0,0,0,,,,,0.402721759863198,0.0,0.0,0.0,0.0,0.0,0.0,1.0,0.0,0.0,0.0,0.0,0.0,0.0,0.0,1.0,T.Lawrence,11.0,P.Washington,11.0,,,,,,7
DEN,JAX,2,JAX,DEN,JAX,79.0,2.0,pass,9.0,0,0,0,,,,,0.369954961468466,0.0,0.0,0.0,0.0,0.0,0.0,1.0,0.0,0.0,0.0,0.0,0.0,0.0,0.0,1.0,T.Lawrence,9.0,Bri.Thomas,9.0,,,,,,7
DEN,JAX,2,JAX,DEN,JAX,70.0,1.0,pass,18.0,0,0,0,,,,,0.876326062367298,0.0,0.0,0.0,0.0,0.0,0.0,1.0,0.0,0.0,0.0,0.0,0.0,0.0,0.0,1.0,T.Lawrence,18.0,P.Washington,18.0,,,,,,7
DEN,JAX,2,JAX,DEN,JAX,52.0,1.0,pass,5.0,0,0,0,,,,,-0.255089531769045,0.0,0.0,0.0,0.0,0.0,0.0,1.0,0.0,0.0,0.0,0.0,0.0,0.0,0.0,1.0,T.Lawrence,5.0,P.Washington,5.0,,,,,,7
DEN,JAX,2,JAX,DEN,DEN,47.0,2.0,pass,9.0,0,0,0,,,,,0.523694533156231,0.0,0.0,0.0,0.0,0.0,0.0,1.0,0.0,0.0,0.0,0.0,0.0,0.0,0.0,1.0,T.Lawrence,9.0,Bri.Thomas,9.0,,,,,,7
DEN,JAX,2,JAX,DEN,DEN,38.0,1.0,pass,7.0,0,0,0,,,,,0.513706741232594,0.0,0.0,0.0,1.0,0.0,0.0,1.0,0.0,0.0,0.0,0.0,0.0,0.0,0.0,1.0,T.Lawrence,7.0,Q.Morris,7.0,,,,DEN,5.0,7
DEN,JAX,2,,,,,,no_play,0.0,0,0,0,,,,,0.0,0.0,0.0,0.0,0.0,0.0,0.0,0.0,0.0,0.0,0.0,0.0,0.0,0.0,0.0,0.0,,,,,,,,,,7
DEN,JAX,2,JAX,DEN,DEN,26.0,1.0,field_goal,0.0,0,0,0,made,,,,0.654755118342878,0.0,0.0,0.0,0.0,0.0,0.0,0.0,0.0,0.0,0.0,0.0,0.0,0.0,0.0,0.0,,,,,,,,,,7
DEN,JAX,2,,,,,,,,0,0,0,,,,,,,,,,,,,,,,,,,,,,,,,,,,,,7
DEN,JAX,2,JAX,DEN,DEN,35.0,,kickoff,0.0,0,0,0,,,,,0.384512975346297,0.0,0.0,0.0,0.0,0.0,0.0,0.0,0.0,0.0,0.0,0.0,0.0,0.0,1.0,0.0,,,,,,,,,,7
DEN,JAX,2,JAX,DEN,JAX,69.0,1.0,run,16.0,0,0,0,,,,,1.17681126622483,0.0,0.0,0.0,0.0,0.0,1.0,0.0,0.0,0.0,0.0,0.0,0.0,0.0,0.0,0.0,,,,,B.Tuten,16.0,,,,7
DEN,JAX,2,JAX,DEN,JAX,53.0,1.0,pass,18.0,0,0,0,,,,,1.21303528302815,0.0,0.0,0.0,0.0,0.0,0.0,1.0,0.0,0.0,0.0,0.0,0.0,0.0,0.0,1.0,T.Lawrence,18.0,P.Washington,18.0,,,,,,7
DEN,JAX,2,JAX,DEN,DEN,35.0,1.0,run,11.0,0,0,0,,,,,0.877032160176896,0.0,0.0,0.0,0.0,0.0,1.0,0.0,0.0,0.0,0.0,0.0,0.0,0.0,0.0,0.0,,,,,B.Tuten,11.0,,,,7
DEN,JAX,2,JAX,DEN,DEN,24.0,1.0,run,3.0,0,0,0,,,,,-0.255471569602378,0.0,0.0,0.0,0.0,0.0,1.0,0.0,0.0,0.0,0.0,0.0,0.0,0.0,0.0,0.0,,,,,C.Rodriguez,3.0,,,,7
DEN,JAX,2,JAX,DEN,DEN,21.0,2.0,run,3.0,0,0,0,,,,,-0.209335492399987,0.0,0.0,0.0,0.0,0.0,1.0,0.0,0.0,0.0,0.0,0.0,0.0,0.0,0.0,0.0,,,,,T.Lawrence,3.0,,,,7
DEN,JAX,2,JAX,DEN,DEN,18.0,3.0,run,9.0,0,0,0,,,,,1.15551295661135,1.0,0.0,0.0,0.0,0.0,1.0,0.0,0.0,0.0,0.0,0.0,0.0,0.0,0.0,0.0,,,,,B.Tuten,9.0,,,,7
DEN,JAX,2,JAX,DEN,DEN,9.0,1.0,pass,3.0,0,0,0,,,,,0.943848900438752,0.0,0.0,0.0,1.0,0.0,0.0,1.0,0.0,0.0,0.0,0.0,0.0,0.0,0.0,1.0,T.Lawrence,3.0,B.Strange,3.0,,,,DEN,3.0,7
DEN,JAX,2,JAX,DEN,DEN,3.0,1.0,run,-2.0,0,0,0,,,,,-0.780560406565201,0.0,0.0,0.0,0.0,0.0,1.0,0.0,0.0,0.0,0.0,0.0,0.0,0.0,0.0,0.0,,,,,C.Rodriguez,-2.0,,,,7
DEN,JAX,2,JAX,DEN,DEN,5.0,2.0,pass,0.0,0,0,0,,,,,-0.994309374305885,0.0,0.0,0.0,0.0,0.0,0.0,1.0,0.0,0.0,0.0,0.0,0.0,0.0,0.0,1.0,T.Lawrence,0.0,B.Tuten,0.0,,,,,,7
DEN,JAX,2,JAX,DEN,DEN,5.0,3.0,pass,0.0,0,0,0,,,,,-1.33137250563967,0.0,0.0,0.0,0.0,0.0,0.0,1.0,0.0,0.0,0.0,0.0,0.0,0.0,0.0,0.0,T.Lawrence,,L.Allen,,,,,,,7
DEN,JAX,2,JAX,DEN,DEN,5.0,4.0,field_goal,0.0,0,0,0,made,,,,0.0500734398993612,0.0,0.0,0.0,0.0,0.0,0.0,0.0,0.0,0.0,0.0,0.0,0.0,0.0,0.0,0.0,,,,,,,,,,7
DEN,JAX,2,DEN,JAX,JAX,35.0,,kickoff,0.0,0,0,0,,,,,0.140486695803702,0.0,0.0,0.0,0.0,0.0,0.0,0.0,0.0,0.0,0.0,0.0,0.0,0.0,1.0,0.0,,,,,,,,,,7
DEN,JAX,2,DEN,JAX,DEN,72.0,1.0,run,2.0,0,0,0,,,,,-0.355168025009334,0.0,0.0,0.0,0.0,0.0,1.0,0.0,0.0,0.0,0.0,0.0,0.0,0.0,0.0,0.0,,,,,J.Dobbins,2.0,,,,7
DEN,JAX,2,DEN,JAX,DEN,70.0,2.0,run,6.0,0,0,0,,,,,0.32031120127067,0.0,0.0,0.0,0.0,0.0,1.0,0.0,0.0,0.0,0.0,0.0,0.0,0.0,0.0,0.0,,,,,N.Adkins,6.0,,,,7
DEN,JAX,2,DEN,JAX,DEN,64.0,3.0,pass,16.0,0,0,0,,,,,1.56010558689013,1.0,0.0,0.0,0.0,0.0,0.0,1.0,0.0,0.0,0.0,0.0,0.0,0.0,0.0,1.0,B.Nix,16.0,J.Waddle,16.0,,,,,,7
DEN,JAX,2,DEN,JAX,JAX,48.0,1.0,run,16.0,0,0,0,,,,,0.991467546555214,0.0,0.0,0.0,0.0,0.0,1.0,0.0,0.0,0.0,0.0,0.0,0.0,0.0,0.0,0.0,,,,,P.Bryant,16.0,,,,7
DEN,JAX,2,DEN,JAX,JAX,32.0,1.0,no_play,0.0,0,0,0,,,,,-0.673816799069755,0.0,0.0,0.0,1.0,0.0,0.0,0.0,0.0,0.0,0.0,0.0,0.0,0.0,0.0,0.0,,,,,,,,DEN,5.0,7
DEN,JAX,2,DEN,JAX,JAX,37.0,1.0,pass,10.0,0,0,0,,,,,0.773329010233283,0.0,0.0,0.0,0.0,0.0,0.0,1.0,0.0,0.0,0.0,0.0,0.0,0.0,0.0,1.0,B.Nix,10.0,C.Sutton,10.0,,,,,,7
DEN,JAX,2,DEN,JAX,JAX,27.0,2.0,pass,0.0,0,0,0,,,,,-0.665328118484467,0.0,0.0,0.0,0.0,0.0,0.0,1.0,0.0,0.0,0.0,0.0,0.0,0.0,0.0,0.0,B.Nix,,,,,,,,,7
DEN,JAX,2,DEN,JAX,JAX,27.0,3.0,pass,0.0,0,0,0,,,,,-1.67127815016563,0.0,0.0,0.0,0.0,0.0,0.0,1.0,0.0,0.0,0.0,0.0,0.0,0.0,0.0,0.0,B.Nix,,,,,,,,,7
DEN,JAX,2,DEN,JAX,JAX,27.0,4.0,field_goal,0.0,0,0,0,made,,,,1.18088510853256,0.0,0.0,0.0,0.0,0.0,0.0,0.0,0.0,0.0,0.0,0.0,0.0,0.0,0.0,0.0,,,,,,,,,,7
DEN,JAX,2,JAX,DEN,DEN,35.0,,kickoff,0.0,0,0,0,,,,,0.485741246957332,0.0,0.0,0.0,0.0,0.0,0.0,0.0,0.0,0.0,0.0,0.0,0.0,0.0,1.0,0.0,,,,,,,,,,7
DEN,JAX,2,JAX,DEN,JAX,68.0,1.0,no_play,0.0,0,0,0,,,,,0.566358980955556,0.0,0.0,0.0,1.0,0.0,0.0,0.0,0.0,0.0,0.0,0.0,0.0,0.0,0.0,0.0,,,,,,,,DEN,5.0,7
DEN,JAX,2,JAX,DEN,JAX,63.0,1.0,run,0.0,0,0,0,,,,,-0.548932138830423,0.0,0.0,0.0,0.0,0.0,1.0,0.0,0.0,0.0,0.0,0.0,0.0,0.0,0.0,0.0,,,,,A.Abdullah,0.0,,,,7
DEN,JAX,2,JAX,DEN,JAX,63.0,2.0,run,9.0,0,0,0,,,,,0.909825859358534,0.0,0.0,0.0,0.0,0.0,1.0,0.0,0.0,0.0,0.0,0.0,0.0,0.0,0.0,0.0,,,,,A.Abdullah,9.0,,,,7
DEN,JAX,2,JAX,DEN,JAX,54.0,1.0,pass,2.0,0,0,0,,,,,-0.403705245116726,0.0,0.0,0.0,0.0,0.0,0.0,1.0,0.0,0.0,0.0,0.0,0.0,0.0,0.0,1.0,T.Lawrence,2.0,A.Abdullah,2.0,,,,,,7
DEN,JAX,2,JAX,DEN,JAX,52.0,2.0,run,2.0,0,0,0,,,,,-0.589885196881369,0.0,0.0,0.0,0.0,0.0,1.0,0.0,0.0,0.0,0.0,0.0,0.0,0.0,0.0,0.0,,,,,B.Tuten,2.0,,,,7
DEN,JAX,2,JAX,DEN,50,50.0,3.0,pass,0.0,0,0,0,,,,,-3.41130389436148,0.0,0.0,1.0,0.0,0.0,0.0,1.0,0.0,0.0,0.0,0.0,0.0,0.0,0.0,0.0,T.Lawrence,,P.Washington,,,,,,,7
DEN,JAX,2,DEN,JAX,DEN,64.0,1.0,run,4.0,0,0,0,,,,,-0.289890062296763,0.0,0.0,0.0,0.0,0.0,1.0,0.0,0.0,0.0,0.0,0.0,0.0,0.0,0.0,0.0,,,,,J.Dobbins,4.0,,,,7
DEN,JAX,2,DEN,JAX,DEN,60.0,2.0,run,8.0,0,0,0,,,,,0.900560230948031,0.0,0.0,0.0,0.0,0.0,1.0,0.0,0.0,0.0,0.0,0.0,0.0,0.0,0.0,0.0,,,,,B.Nix,8.0,,,,7
DEN,JAX,2,DEN,JAX,DEN,52.0,1.0,pass,18.0,0,0,0,,,,,0.994794557918794,0.0,0.0,0.0,0.0,0.0,0.0,1.0,0.0,0.0,0.0,0.0,0.0,0.0,0.0,1.0,B.Nix,18.0,N.Adkins,18.0,,,,,,7
DEN,JAX,2,DEN,JAX,,,,,,0,0,0,,,,,0.0,,,,,,,,,,,,,,,,,,,,,,,,,7
DEN,JAX,2,DEN,JAX,JAX,34.0,1.0,pass,2.0,0,0,0,,,,,-0.291516063734889,0.0,0.0,0.0,0.0,0.0,0.0,1.0,0.0,0.0,0.0,0.0,0.0,0.0,0.0,1.0,B.Nix,2.0,A.Prentice,2.0,,,,,,7
DEN,JAX,2,DEN,JAX,JAX,32.0,2.0,run,1.0,0,0,0,,,,,-0.56060580292251,0.0,0.0,0.0,0.0,0.0,1.0,0.0,0.0,0.0,0.0,0.0,0.0,0.0,0.0,0.0,,,,,T.Badie,1.0,,,,7
DEN,JAX,2,DEN,JAX,JAX,31.0,3.0,pass,14.0,0,0,0,,,,,2.02247313852422,1.0,0.0,0.0,0.0,0.0,0.0,1.0,0.0,0.0,0.0,0.0,0.0,0.0,0.0,1.0,B.Nix,14.0,J.Waddle,14.0,,,,,,7
DEN,JAX,2,DEN,JAX,JAX,17.0,1.0,run,2.0,0,0,0,,,,,-0.420509931747802,0.0,0.0,0.0,0.0,0.0,1.0,0.0,0.0,0.0,0.0,0.0,0.0,0.0,0.0,0.0,,,,,J.Coleman,2.0,,,,7
DEN,JAX,2,DEN,JAX,JAX,15.0,2.0,pass,8.0,0,0,0,,,,,1.02657480369089,0.0,0.0,0.0,0.0,0.0,0.0,1.0,0.0,0.0,0.0,0.0,0.0,0.0,0.0,1.0,B.Nix,8.0,J.Waddle,8.0,,,,,,7
DEN,JAX,2,DEN,JAX,JAX,7.0,1.0,pass,0.0,0,0,0,,,,,-0.511895474628545,0.0,0.0,0.0,0.0,0.0,0.0,1.0,0.0,0.0,0.0,0.0,0.0,0.0,0.0,0.0,B.Nix,,T.Franklin,,,,,,,7
DEN,JAX,2,DEN,JAX,JAX,7.0,2.0,pass,7.0,0,0,0,,,,DEN,2.01179497741396,0.0,0.0,0.0,0.0,0.0,0.0,1.0,0.0,1.0,1.0,0.0,0.0,0.0,0.0,1.0,B.Nix,7.0,N.Adkins,7.0,,,,,,7
DEN,JAX,2,DEN,JAX,JAX,15.0,,extra_point,0.0,0,0,0,,good,,,0.0675730031076331,0.0,0.0,0.0,0.0,0.0,0.0,0.0,0.0,0.0,0.0,0.0,1.0,0.0,0.0,0.0,,,,,,,,,,7
DEN,JAX,2,JAX,DEN,DEN,35.0,,kickoff,0.0,0,0,0,,,,,0.474571051076055,0.0,0.0,0.0,0.0,0.0,0.0,0.0,0.0,0.0,0.0,0.0,0.0,0.0,1.0,0.0,,,,,,,,,,7
DEN,JAX,2,JAX,DEN,JAX,68.0,1.0,pass,0.0,0,0,0,,,,,-0.54184004617855,0.0,0.0,0.0,0.0,0.0,0.0,1.0,0.0,0.0,0.0,0.0,0.0,0.0,0.0,0.0,T.Lawrence,,P.Washington,,,,,,,7
DEN,JAX,2,JAX,DEN,JAX,68.0,2.0,run,2.0,0,0,0,,,,,-0.690573507454246,0.0,0.0,0.0,0.0,0.0,1.0,0.0,0.0,0.0,0.0,0.0,0.0,0.0,0.0,0.0,,,,,B.Tuten,2.0,,,,7
DEN,JAX,2,JAX,DEN,JAX,66.0,3.0,pass,28.0,0,0,0,,,,,3.13896105263848,1.0,0.0,0.0,0.0,0.0,0.0,1.0,0.0,0.0,0.0,0.0,0.0,0.0,0.0,1.0,T.Lawrence,28.0,J.Meyers,28.0,,,,,,7
DEN,JAX,2,JAX,DEN,DEN,38.0,1.0,pass,0.0,0,0,0,,,,,-0.539776240359061,0.0,0.0,0.0,0.0,0.0,0.0,1.0,0.0,0.0,0.0,0.0,0.0,0.0,0.0,0.0,T.Lawrence,,Bri.Thomas,,,,,,,7
DEN,JAX,2,JAX,DEN,DEN,38.0,2.0,run,2.0,0,0,0,,,,,-0.839818328619003,0.0,0.0,0.0,0.0,0.0,1.0,0.0,0.0,0.0,0.0,0.0,0.0,0.0,0.0,0.0,,,,,B.Tuten,2.0,,,,7
DEN,JAX,2,,,,,,no_play,0.0,0,0,0,,,,,0.0,0.0,0.0,0.0,0.0,0.0,0.0,0.0,0.0,0.0,0.0,0.0,0.0,0.0,0.0,0.0,,,,,,,,,,7
DEN,JAX,2,JAX,DEN,DEN,36.0,3.0,pass,0.0,0,0,0,,,,,-1.13215549154692,0.0,0.0,0.0,0.0,0.0,0.0,1.0,0.0,0.0,0.0,0.0,0.0,0.0,0.0,0.0,T.Lawrence,,P.Washington,,,,,,,7
DEN,JAX,2,JAX,DEN,DEN,36.0,4.0,field_goal,0.0,0,0,0,missed,,,,-3.36354843802265,0.0,0.0,0.0,0.0,0.0,0.0,0.0,0.0,0.0,0.0,0.0,0.0,0.0,0.0,0.0,,,,,,,,,,7
DEN,JAX,2,DEN,JAX,DEN,56.0,1.0,pass,4.0,0,0,0,,,,,-0.173151105642319,0.0,0.0,0.0,0.0,0.0,0.0,1.0,0.0,0.0,0.0,0.0,0.0,0.0,0.0,1.0,B.Nix,4.0,J.Coleman,4.0,,,,,,7
DEN,JAX,2,DEN,JAX,DEN,52.0,2.0,pass,7.0,0,0,0,,,,,0.669125851010904,0.0,0.0,0.0,0.0,0.0,0.0,1.0,0.0,0.0,0.0,0.0,0.0,0.0,0.0,1.0,B.Nix,7.0,C.Sutton,7.0,,,,,,7
DEN,JAX,2,DEN,JAX,JAX,45.0,1.0,pass,17.0,0,0,0,,,,,1.01084500644356,0.0,0.0,0.0,0.0,0.0,0.0,1.0,0.0,0.0,0.0,0.0,0.0,0.0,0.0,1.0,B.Nix,17.0,E.Engram,17.0,,,,,,7
DEN,JAX,2,DEN,JAX,JAX,28.0,1.0,pass,0.0,0,0,0,,,,,-0.361851957044564,0.0,0.0,0.0,0.0,0.0,0.0,1.0,0.0,0.0,0.0,0.0,0.0,0.0,0.0,0.0,B.Nix,,L.Humphrey,,,,,,,7
DEN,JAX,2,DEN,JAX,JAX,28.0,2.0,no_play,0.0,0,0,0,,,,,2.40283433045261,0.0,0.0,0.0,1.0,0.0,0.0,0.0,0.0,0.0,0.0,0.0,0.0,0.0,0.0,0.0,,,,,,,,JAX,3.0,7
DEN,JAX,2,DEN,JAX,JAX,3.0,1.0,run,3.0,0,0,0,,,,DEN,0.960831784759648,0.0,0.0,0.0,0.0,0.0,1.0,0.0,0.0,1.0,0.0,1.0,0.0,0.0,0.0,0.0,,,,,J.Coleman,3.0,,,,7
DEN,JAX,2,DEN,JAX,JAX,15.0,,extra_point,0.0,0,0,0,,good,,,0.0675730031076331,0.0,0.0,0.0,0.0,0.0,0.0,0.0,0.0,0.0,0.0,0.0,1.0,0.0,0.0,0.0,,,,,,,,,,7
DEN,JAX,2,JAX,DEN,DEN,35.0,,kickoff,0.0,0,0,0,,,,,-0.275394605472684,0.0,0.0,0.0,0.0,0.0,0.0,0.0,0.0,0.0,0.0,0.0,0.0,0.0,1.0,0.0,,,,,,,,,,7
DEN,JAX,2,JAX,DEN,JAX,80.0,1.0,run,8.0,0,0,0,,,,,0.287534039001912,0.0,0.0,0.0,0.0,0.0,1.0,0.0,0.0,0.0,0.0,0.0,0.0,0.0,0.0,0.0,,,,,B.Tuten,8.0,,,,7
DEN,JAX,2,JAX,DEN,JAX,72.0,2.0,run,2.0,0,0,0,,,,,0.199920820072293,0.0,0.0,0.0,0.0,0.0,1.0,0.0,0.0,0.0,0.0,0.0,0.0,0.0,0.0,0.0,,,,,A.Abdullah,2.0,,,,7
DEN,JAX,2,JAX,DEN,JAX,70.0,1.0,no_play,0.0,0,0,0,,,,,0.178765838965774,0.0,0.0,0.0,1.0,0.0,0.0,0.0,0.0,0.0,0.0,0.0,0.0,0.0,0.0,0.0,,,,,,,,DEN,5.0,7
DEN,JAX,2,JAX,DEN,JAX,65.0,1.0,run,-1.0,0,0,0,,,,,-0.744698523078114,0.0,0.0,0.0,0.0,0.0,1.0,0.0,0.0,0.0,0.0,0.0,0.0,0.0,0.0,0.0,,,,,B.Tuten,-1.0,,,,7
DEN,JAX,2,JAX,DEN,JAX,66.0,2.0,pass,0.0,0,0,0,,,,,-0.617822493193671,0.0,0.0,0.0,0.0,0.0,0.0,1.0,0.0,0.0,0.0,0.0,0.0,0.0,0.0,0.0,T.Lawrence,,Bri.Thomas,,,,,,,7
DEN,JAX,2,JAX,DEN,JAX,66.0,3.0,pass,0.0,0,0,0,,,,,-0.870735162170604,0.0,0.0,0.0,0.0,0.0,0.0,1.0,0.0,0.0,0.0,0.0,0.0,0.0,0.0,0.0,T.Lawrence,,Bri.Thomas,,,,,,,7
DEN,JAX,2,JAX,DEN,JAX,66.0,4.0,punt,0.0,0,0,0,,,,,0.298676887294278,0.0,0.0,0.0,0.0,0.0,0.0,0.0,0.0,0.0,0.0,0.0,0.0,0.0,0.0,0.0,,,,,,,,,,7
DEN,JAX,2,DEN,JAX,DEN,80.0,1.0,run,6.0,0,0,0,,,,,0.131336626596749,0.0,0.0,0.0,0.0,0.0,1.0,0.0,0.0,0.0,0.0,0.0,0.0,0.0,0.0,0.0,,,,,J.Coleman,6.0,,,,7
DEN,JAX,2,DEN,JAX,DEN,74.0,2.0,run,1.0,0,0,0,,,,,-0.494174876250327,0.0,0.0,0.0,0.0,0.0,1.0,0.0,0.0,0.0,0.0,0.0,0.0,0.0,0.0,0.0,,,,,J.Coleman,1.0,,,,7
DEN,JAX,2,DEN,JAX,DEN,73.0,3.0,pass,29.0,0,0,0,,,,,2.36338367062854,1.0,0.0,0.0,0.0,0.0,0.0,1.0,0.0,0.0,0.0,0.0,0.0,0.0,0.0,1.0,B.Nix,29.0,J.Waddle,29.0,,,,,,7
DEN,JAX,2,DEN,JAX,JAX,44.0,1.0,run,3.0,0,0,0,,,,,-0.621012509509455,0.0,0.0,0.0,0.0,0.0,1.0,0.0,0.0,0.0,0.0,0.0,0.0,0.0,0.0,0.0,,,,,J.Coleman,3.0,,,,7
DEN,JAX,2,,,,,,no_play,0.0,0,0,0,,,,,0.0,0.0,0.0,0.0,0.0,0.0,0.0,0.0,0.0,0.0,0.0,0.0,0.0,0.0,0.0,0.0,,,,,,,,,,7
DEN,JAX,2,DEN,JAX,JAX,41.0,2.0,run,12.0,0,0,0,,,,,0.27893100498477,0.0,0.0,0.0,0.0,0.0,1.0,0.0,0.0,0.0,0.0,0.0,0.0,0.0,0.0,0.0,,,,,J.Coleman,12.0,,,,7
DEN,JAX,2,,,,,,no_play,0.0,0,0,0,,,,,0.0,0.0,0.0,0.0,0.0,0.0,0.0,0.0,0.0,0.0,0.0,0.0,0.0,0.0,0.0,0.0,,,,,,,,,,7
DEN,JAX,2,DEN,JAX,JAX,29.0,1.0,run,-1.0,0,0,0,,,,,-0.745187140069902,0.0,0.0,0.0,0.0,0.0,1.0,0.0,0.0,0.0,0.0,0.0,0.0,0.0,0.0,0.0,,,,,J.Coleman,-1.0,,,,7
DEN,JAX,2,,,,,,no_play,0.0,0,0,0,,,,,0.0,0.0,0.0,0.0,0.0,0.0,0.0,0.0,0.0,0.0,0.0,0.0,0.0,0.0,0.0,0.0,,,,,,,,,,7
DEN,JAX,2,DEN,JAX,JAX,30.0,2.0,run,12.0,0,0,0,,,,,1.72933111857856,0.0,0.0,0.0,0.0,0.0,1.0,0.0,0.0,0.0,0.0,0.0,0.0,0.0,0.0,0.0,,,,,J.Coleman,12.0,,,,7
DEN,JAX,2,DEN,JAX,JAX,18.0,1.0,qb_kneel,-1.0,1,0,0,,,,,-0.770612109510694,0.0,0.0,0.0,0.0,0.0,1.0,0.0,0.0,0.0,0.0,0.0,0.0,0.0,0.0,0.0,,,,,B.Nix,-1.0,,,,7
DEN,JAX,2,DEN,JAX,JAX,19.0,2.0,qb_kneel,-1.0,1,0,0,,,,,-0.274182181339711,0.0,0.0,0.0,0.0,0.0,1.0,0.0,0.0,0.0,0.0,0.0,0.0,0.0,0.0,0.0,,,,,B.Nix,-1.0,,,,7
DEN,JAX,2,DEN,JAX,JAX,20.0,3.0,qb_kneel,-1.0,1,0,0,,,,,-2.29124213330215,0.0,0.0,0.0,0.0,0.0,1.0,0.0,0.0,0.0,0.0,0.0,0.0,0.0,0.0,0.0,,,,,B.Nix,-1.0,,,,7
DEN,JAX,2,DEN,JAX,,,,,,0,0,0,,,,,,,,,,,,,,,,,,,,,,,,,,,,,,7
LAC,LV,2,,,,,,,,0,0,0,,,,,0.0,,,,,,,,,,,,,,,,,,,,,,,,,-12
LAC,LV,2,LAC,LV,LV,35.0,,kickoff,0.0,0,0,0,,,,,0.468252042774111,0.0,0.0,0.0,0.0,0.0,0.0,0.0,0.0,0.0,0.0,0.0,0.0,0.0,1.0,0.0,,,,,,,,,,-12
LAC,LV,2,LAC,LV,LAC,68.0,1.0,run,3.0,0,0,0,,,,,-0.441153888823465,0.0,0.0,0.0,0.0,0.0,1.0,0.0,0.0,0.0,0.0,0.0,0.0,0.0,0.0,0.0,,,,,O.Hampton,3.0,,,,-12
LAC,LV,2,LAC,LV,LAC,65.0,2.0,pass,7.0,0,0,0,,,,,0.936505307676271,0.0,0.0,0.0,0.0,0.0,0.0,1.0,0.0,0.0,0.0,0.0,0.0,0.0,0.0,1.0,J.Herbert,7.0,Q.Johnston,7.0,,,,,,-12
LAC,LV,2,LAC,LV,LAC,58.0,1.0,pass,9.0,0,0,0,,,,,0.72478766948916,0.0,0.0,0.0,0.0,0.0,0.0,1.0,0.0,0.0,0.0,0.0,0.0,0.0,0.0,1.0,J.Herbert,9.0,D.Njoku,9.0,,,,,,-12
LAC,LV,2,LAC,LV,LV,49.0,2.0,run,2.0,0,0,0,,,,,-0.127866346156225,0.0,0.0,0.0,0.0,0.0,1.0,0.0,0.0,0.0,0.0,0.0,0.0,0.0,0.0,0.0,,,,,O.Hampton,2.0,,,,-12
LAC,LV,2,LAC,LV,LV,47.0,1.0,pass,0.0,0,0,0,,,,,-0.529437286779285,0.0,0.0,0.0,0.0,0.0,0.0,1.0,0.0,0.0,0.0,0.0,0.0,0.0,0.0,0.0,J.Herbert,,B.Thompson,,,,,,,-12
LAC,LV,2,LAC,LV,LV,47.0,2.0,run,7.0,0,0,0,,,,,0.0187351414933801,0.0,0.0,0.0,0.0,0.0,1.0,0.0,0.0,0.0,0.0,0.0,0.0,0.0,0.0,0.0,,,,,O.Hampton,7.0,,,,-12
LAC,LV,2,LAC,LV,LV,40.0,3.0,pass,0.0,0,0,0,,,,,-2.61318757221104,0.0,0.0,0.0,0.0,0.0,0.0,1.0,0.0,0.0,0.0,0.0,0.0,0.0,0.0,0.0,J.Herbert,,B.Thompson,,,,,,,-12
LAC,LV,2,LAC,LV,LV,40.0,4.0,field_goal,0.0,0,0,0,missed,,,,-2.88191081724128,0.0,0.0,0.0,0.0,0.0,0.0,0.0,0.0,0.0,0.0,0.0,0.0,0.0,0.0,0.0,,,,,,,,,,-12
LAC,LV,2,LV,LAC,LV,52.0,1.0,run,2.0,0,0,0,,,,,-0.509942946722731,0.0,0.0,0.0,0.0,0.0,1.0,0.0,0.0,0.0,0.0,0.0,0.0,0.0,0.0,0.0,,,,,A.Jeanty,2.0,,,,-12
LAC,LV,2,LV,LAC,50,50.0,2.0,no_play,0.0,0,0,0,,,,,-1.11012446414679,0.0,0.0,0.0,1.0,0.0,0.0,0.0,0.0,0.0,0.0,0.0,0.0,0.0,0.0,0.0,,,,,,,,LV,10.0,-12
LAC,LV,2,LV,LAC,LV,60.0,2.0,pass,8.0,0,0,0,,,,,0.0773220255505294,0.0,0.0,0.0,0.0,0.0,0.0,1.0,0.0,0.0,0.0,0.0,0.0,0.0,0.0,1.0,K.Cousins,8.0,M.Mayer,8.0,,,,,,-12
LAC,LV,2,LV,LAC,LV,52.0,3.0,pass,15.0,0,0,0,,,,,2.48973145685159,1.0,0.0,0.0,0.0,0.0,0.0,1.0,0.0,0.0,0.0,0.0,0.0,0.0,0.0,1.0,K.Cousins,15.0,T.Tucker,15.0,,,,,,-12
LAC,LV,2,LV,LAC,LAC,37.0,1.0,pass,5.0,0,0,0,,,,,0.169611725024879,0.0,0.0,0.0,0.0,0.0,0.0,1.0,0.0,0.0,0.0,0.0,0.0,0.0,0.0,1.0,K.Cousins,5.0,A.Jeanty,5.0,,,,,,-12
LAC,LV,2,LV,LAC,LAC,32.0,2.0,pass,0.0,0,0,0,,,,,-4.83776624919847,0.0,0.0,1.0,0.0,0.0,0.0,1.0,0.0,0.0,0.0,0.0,0.0,0.0,0.0,0.0,K.Cousins,,T.Tucker,,,,,,,-12
LAC,LV,2,LAC,LV,LAC,83.0,1.0,run,-2.0,0,0,0,,,,,-1.17136379564181,0.0,0.0,0.0,0.0,0.0,1.0,0.0,0.0,0.0,0.0,0.0,0.0,0.0,0.0,0.0,,,,,O.Hampton,-2.0,,,,-12
LAC,LV,2,LAC,LV,LAC,85.0,2.0,run,2.0,0,0,1,,,,,-0.260441986843944,0.0,0.0,0.0,0.0,0.0,1.0,0.0,0.0,0.0,0.0,0.0,0.0,0.0,0.0,0.0,,,,,J.Herbert,2.0,,,,-12
LAC,LV,2,LAC,LV,LAC,83.0,3.0,pass,13.0,0,0,0,,,,,2.29013336310163,1.0,0.0,0.0,0.0,0.0,0.0,1.0,0.0,0.0,0.0,0.0,0.0,0.0,0.0,1.0,J.Herbert,13.0,B.Thompson,13.0,,,B.Thompson,,,-12
LAC,LV,2,LAC,LV,LAC,70.0,1.0,run,3.0,0,0,0,,,,,-0.334506253246218,0.0,0.0,0.0,0.0,0.0,1.0,0.0,0.0,0.0,0.0,0.0,0.0,0.0,0.0,0.0,,,,,K.Mitchell,3.0,,,,-12
LAC,LV,2,LAC,LV,LAC,67.0,2.0,pass,-1.0,0,0,0,,,,,-0.875418534968048,0.0,0.0,0.0,0.0,0.0,0.0,1.0,1.0,0.0,0.0,0.0,0.0,0.0,0.0,0.0,J.Herbert,,,,,,,,,-12
LAC,LV,2,LAC,LV,LAC,68.0,3.0,pass,0.0,0,0,0,,,,,-1.52205268340185,0.0,0.0,0.0,0.0,0.0,0.0,1.0,0.0,0.0,0.0,0.0,0.0,0.0,0.0,0.0,J.Herbert,,Q.Johnston,,,,,,,-12
LAC,LV,2,LAC,LV,LAC,68.0,4.0,punt,0.0,0,0,0,,,,,0.0458163134753704,0.0,0.0,0.0,0.0,0.0,0.0,0.0,0.0,0.0,0.0,0.0,0.0,0.0,0.0,0.0,,,,,,,,,,-12
LAC,LV,2,LV,LAC,LV,79.0,1.0,pass,-1.0,0,0,0,,,,,-0.844959147274494,0.0,0.0,0.0,0.0,0.0,0.0,1.0,1.0,0.0,0.0,0.0,0.0,0.0,0.0,0.0,K.Cousins,,,,,,,,,-12
LAC,LV,2,LV,LAC,LV,80.0,2.0,run,8.0,0,0,0,,,,,0.416180841159076,0.0,0.0,0.0,0.0,0.0,1.0,0.0,0.0,0.0,0.0,0.0,0.0,0.0,0.0,0.0,,,,,A.Jeanty,8.0,,,,-12
LAC,LV,2,LV,LAC,LV,72.0,3.0,pass,0.0,0,0,0,,,,,-1.68467548768967,0.0,0.0,0.0,0.0,0.0,0.0,1.0,0.0,0.0,0.0,0.0,0.0,0.0,0.0,0.0,K.Cousins,,A.Jeanty,,,,,,,-12
LAC,LV,2,LV,LAC,LV,72.0,4.0,punt,0.0,0,0,0,,,,,0.308420410845429,0.0,0.0,0.0,0.0,0.0,0.0,0.0,0.0,0.0,0.0,0.0,0.0,0.0,0.0,0.0,,,,,,,,,,-12
LAC,LV,2,LAC,LV,LAC,83.0,1.0,run,5.0,0,0,0,,,,,-0.192112693097442,0.0,0.0,0.0,0.0,0.0,1.0,0.0,0.0,0.0,0.0,0.0,0.0,0.0,0.0,0.0,,,,,K.Mitchell,5.0,,,,-12
LAC,LV,2,LAC,LV,LAC,78.0,2.0,pass,0.0,0,0,0,,,,,-0.874331969302148,0.0,0.0,0.0,0.0,0.0,0.0,1.0,0.0,0.0,0.0,0.0,0.0,0.0,0.0,0.0,J.Herbert,,D.Njoku,,,,,,,-12
LAC,LV,2,LAC,LV,LAC,78.0,3.0,pass,0.0,0,0,0,,,,,-4.58734264690429,0.0,0.0,1.0,0.0,0.0,0.0,1.0,0.0,0.0,0.0,0.0,0.0,0.0,0.0,0.0,J.Herbert,,D.Njoku,,,,,,,-12
LAC,LV,2,LV,LAC,LAC,23.0,1.0,pass,20.0,0,0,0,,,,,1.61311493138783,0.0,0.0,0.0,0.0,0.0,0.0,1.0,0.0,0.0,0.0,0.0,0.0,0.0,0.0,1.0,K.Cousins,20.0,J.Bech,20.0,,,J.Bech,,,-12
LAC,LV,2,LV,LAC,LAC,3.0,1.0,run,-2.0,0,0,0,,,,,-0.760150066809729,0.0,0.0,0.0,0.0,0.0,1.0,0.0,0.0,0.0,0.0,0.0,0.0,0.0,0.0,0.0,,,,,A.Jeanty,-2.0,,,,-12
LAC,LV,2,LV,LAC,LAC,5.0,2.0,run,3.0,0,0,0,,,,,-0.302768714609556,0.0,0.0,0.0,0.0,0.0,1.0,0.0,0.0,0.0,0.0,0.0,0.0,0.0,0.0,0.0,,,,,A.Jeanty,3.0,,,,-12
LAC,LV,2,LV,LAC,LAC,2.0,3.0,run,1.0,0,0,0,,,,,-0.444557549548335,0.0,0.0,0.0,0.0,0.0,1.0,0.0,0.0,0.0,0.0,0.0,0.0,0.0,0.0,0.0,,,,,A.Jeanty,1.0,,,,-12
LAC,LV,2,LV,LAC,LAC,1.0,4.0,run,0.0,0,0,0,,,,,-4.51209580665454,0.0,0.0,0.0,0.0,0.0,1.0,0.0,0.0,0.0,0.0,0.0,0.0,0.0,0.0,0.0,,,,,A.Jeanty,0.0,,,,-12
LAC,LV,2,LAC,LV,LAC,99.0,1.0,run,2.0,0,0,0,,,,,-0.249299554154277,0.0,0.0,0.0,0.0,0.0,1.0,0.0,0.0,0.0,0.0,0.0,0.0,0.0,0.0,0.0,,,,,O.Hampton,2.0,,,,-12
LAC,LV,2,LAC,LV,,,,,,0,0,0,,,,,0.0,,,,,,,,,,,,,,,,,,,,,,,,,-12
LAC,LV,2,LAC,LV,LAC,97.0,2.0,run,3.0,0,0,0,,,,,-0.483991933520883,0.0,0.0,0.0,0.0,0.0,1.0,0.0,0.0,0.0,0.0,0.0,0.0,0.0,0.0,0.0,,,,,O.Hampton,3.0,,,,-12
LAC,LV,2,LAC,LV,LAC,94.0,3.0,no_play,0.0,0,0,0,,,,,-0.245431559160352,0.0,0.0,0.0,1.0,0.0,0.0,0.0,0.0,0.0,0.0,0.0,0.0,0.0,0.0,0.0,,,,,,,,LAC,3.0,-12
LAC,LV,2,LAC,LV,LAC,97.0,3.0,no_play,0.0,0,0,0,,,,,1.27875246107578e-05,0.0,0.0,0.0,1.0,0.0,0.0,0.0,0.0,0.0,0.0,0.0,0.0,0.0,0.0,0.0,,,,,,,,LAC,1.0,-12
LAC,LV,2,LAC,LV,LAC,98.0,3.0,run,3.0,0,0,0,,,,,-1.20594976074062,0.0,0.0,0.0,0.0,0.0,1.0,0.0,0.0,0.0,0.0,0.0,0.0,0.0,0.0,0.0,,,,,O.Hampton,3.0,,,,-12
LAC,LV,2,LAC,LV,LAC,95.0,4.0,punt,0.0,0,0,0,,,,,-0.263034344883636,0.0,0.0,0.0,0.0,0.0,0.0,0.0,0.0,0.0,0.0,0.0,0.0,0.0,0.0,0.0,,,,,,,,,,-12
LAC,LV,2,LV,LAC,LV,51.0,1.0,run,3.0,0,0,0,,,,,-0.33241882850416,0.0,0.0,0.0,0.0,0.0,1.0,0.0,0.0,0.0,0.0,0.0,0.0,0.0,0.0,0.0,,,,,M.Washington,3.0,,,,-12
LAC,LV,2,LV,LAC,LAC,48.0,2.0,no_play,0.0,0,0,0,,,,,-0.531506422441453,0.0,0.0,0.0,1.0,0.0,0.0,0.0,0.0,0.0,0.0,0.0,0.0,0.0,0.0,0.0,,,,,,,,LV,5.0,-12
LAC,LV,2,LV,LAC,LV,53.0,2.0,pass,13.0,0,0,0,,,,,1.61242309748195,0.0,0.0,0.0,0.0,0.0,0.0,1.0,0.0,0.0,0.0,0.0,0.0,0.0,0.0,1.0,K.Cousins,13.0,T.Tucker,13.0,,,,,,-12
LAC,LV,2,LV,LAC,LAC,40.0,1.0,pass,40.0,0,0,0,,,,LV,3.650854177773,0.0,0.0,0.0,0.0,0.0,0.0,1.0,0.0,1.0,1.0,0.0,0.0,0.0,0.0,1.0,K.Cousins,40.0,T.Tucker,40.0,,,,,,-12
LAC,LV,2,LV,LAC,LAC,15.0,,extra_point,0.0,0,0,0,,good,,,0.0511715660706391,0.0,0.0,0.0,0.0,0.0,0.0,0.0,0.0,0.0,0.0,0.0,1.0,0.0,0.0,0.0,,,,,,,,,,-12
LAC,LV,2,LAC,LV,LV,35.0,,kickoff,0.0,0,0,0,,,,,0.299548627343029,0.0,0.0,0.0,0.0,0.0,0.0,0.0,0.0,0.0,0.0,0.0,0.0,0.0,1.0,0.0,,,,,,,,,,-12
LAC,LV,2,LAC,LV,LAC,69.0,1.0,run,5.0,0,0,0,,,,,0.0529192870017141,0.0,0.0,0.0,0.0,0.0,1.0,0.0,0.0,0.0,0.0,0.0,0.0,0.0,0.0,0.0,,,,,O.Hampton,5.0,,,,-12
LAC,LV,2,LAC,LV,LAC,64.0,2.0,no_play,0.0,0,0,0,,,,,-1.25360860140063,0.0,0.0,0.0,1.0,0.0,0.0,0.0,0.0,0.0,0.0,0.0,0.0,0.0,0.0,0.0,,,,,,,,LAC,10.0,-12
LAC,LV,2,LAC,LV,LAC,74.0,2.0,run,4.0,0,0,0,,,,,-0.524991912767291,0.0,0.0,0.0,0.0,0.0,1.0,0.0,0.0,0.0,0.0,0.0,0.0,0.0,0.0,0.0,,,,,K.Mitchell,4.0,,,,-12
LAC,LV,2,LAC,LV,LAC,70.0,3.0,pass,19.0,0,0,0,,,,,2.69439241290092,1.0,0.0,0.0,0.0,0.0,0.0,1.0,0.0,0.0,0.0,0.0,0.0,0.0,0.0,1.0,J.Herbert,19.0,L.McConkey,19.0,,,,,,-12
LAC,LV,2,LAC,LV,LAC,51.0,1.0,run,0.0,0,0,0,,,,,-0.491318866610527,0.0,0.0,0.0,0.0,0.0,1.0,0.0,0.0,0.0,0.0,0.0,0.0,0.0,0.0,0.0,,,,,O.Hampton,0.0,,,,-12
LAC,LV,2,LAC,LV,LAC,51.0,2.0,pass,18.0,0,0,0,,,,,1.4746081144549,0.0,0.0,0.0,0.0,0.0,0.0,1.0,0.0,0.0,0.0,0.0,0.0,0.0,0.0,1.0,J.Herbert,18.0,O.Hampton,18.0,,,,,,-12
LAC,LV,2,,,,,,no_play,0.0,0,0,0,,,,,0.0,0.0,0.0,0.0,0.0,0.0,0.0,0.0,0.0,0.0,0.0,0.0,0.0,0.0,0.0,0.0,,,,,,,,,,-12
LAC,LV,2,LAC,LV,LV,33.0,1.0,run,7.0,0,0,0,,,,,0.390008066198789,0.0,0.0,0.0,0.0,0.0,1.0,0.0,0.0,0.0,0.0,0.0,0.0,0.0,0.0,0.0,,,,,O.Hampton,7.0,,,,-12
LAC,LV,2,LAC,LV,LV,26.0,2.0,run,4.0,0,0,0,,,,,0.414451389806345,0.0,0.0,0.0,0.0,0.0,1.0,0.0,0.0,0.0,0.0,0.0,0.0,0.0,0.0,0.0,,,,,O.Hampton,4.0,,,,-12
LAC,LV,2,LAC,LV,LV,22.0,1.0,run,11.0,0,0,0,,,,,0.504971282847691,0.0,0.0,0.0,0.0,0.0,1.0,0.0,0.0,0.0,0.0,0.0,0.0,0.0,0.0,0.0,,,,,K.Mitchell,11.0,,,,-12
LAC,LV,2,LAC,LV,LV,11.0,1.0,run,10.0,0,0,0,,,,,1.37024948000908,0.0,0.0,0.0,0.0,0.0,1.0,0.0,0.0,0.0,0.0,0.0,0.0,0.0,0.0,0.0,,,,,O.Hampton,10.0,,,,-12
LAC,LV,2,LAC,LV,LV,1.0,1.0,run,1.0,0,0,0,,,,LAC,0.574648056237493,0.0,0.0,0.0,0.0,0.0,1.0,0.0,0.0,1.0,0.0,1.0,0.0,0.0,0.0,0.0,,,,,O.Hampton,1.0,,,,-12
LAC,LV,2,LAC,LV,LV,15.0,,extra_point,0.0,0,0,0,,good,,,0.0511715660706391,0.0,0.0,0.0,0.0,0.0,0.0,0.0,0.0,0.0,0.0,0.0,1.0,0.0,0.0,0.0,,,,,,,,,,-12
LAC,LV,2,LV,LAC,LAC,35.0,,kickoff,0.0,0,0,0,,,,,0.614743317710236,0.0,0.0,0.0,0.0,0.0,0.0,0.0,0.0,0.0,0.0,0.0,0.0,0.0,1.0,0.0,,,,,,,,,,-12
LAC,LV,2,LV,LAC,LV,65.0,1.0,run,2.0,0,0,0,,,,,-0.478066322626546,0.0,0.0,0.0,0.0,0.0,1.0,0.0,0.0,0.0,0.0,0.0,0.0,0.0,0.0,0.0,,,,,A.Jeanty,2.0,,,,-12
LAC,LV,2,LV,LAC,LV,63.0,2.0,pass,10.0,0,0,0,,,,,1.19055309926625,0.0,0.0,0.0,0.0,0.0,0.0,1.0,0.0,0.0,0.0,0.0,0.0,0.0,0.0,1.0,K.Cousins,10.0,M.Mayer,10.0,,,,,,-12
LAC,LV,2,LV,LAC,LV,53.0,1.0,no_play,0.0,0,0,0,,,,,-0.894721788470633,0.0,0.0,0.0,1.0,0.0,0.0,0.0,0.0,0.0,0.0,0.0,0.0,0.0,0.0,0.0,,,,,,,,LV,10.0,-12
LAC,LV,2,LV,LAC,LV,63.0,1.0,run,6.0,0,0,0,,,,,-0.267663645092398,0.0,0.0,0.0,0.0,0.0,1.0,0.0,0.0,0.0,0.0,0.0,0.0,0.0,0.0,0.0,,,,,A.Jeanty,6.0,,,,-12
LAC,LV,2,LV,LAC,LV,57.0,2.0,pass,5.0,0,0,0,,,,,-0.0941589036956429,0.0,0.0,0.0,0.0,0.0,0.0,1.0,0.0,0.0,0.0,0.0,0.0,0.0,0.0,1.0,K.Cousins,5.0,J.Bech,5.0,,,,,,-12
LAC,LV,2,LV,LAC,LV,52.0,3.0,pass,-4.0,0,0,0,,,,,-1.52974440786056,0.0,0.0,0.0,0.0,0.0,0.0,1.0,1.0,0.0,0.0,0.0,0.0,0.0,0.0,0.0,K.Cousins,,,,,,,,,-12
LAC,LV,2,LV,LAC,LV,56.0,4.0,punt,0.0,0,0,0,,,,,-0.117938056355342,0.0,0.0,0.0,0.0,0.0,0.0,0.0,0.0,0.0,0.0,0.0,0.0,0.0,0.0,0.0,,,,,,,,,,-12
LAC,LV,2,LAC,LV,LAC,90.0,1.0,run,8.0,0,0,0,,,,,0.466297226492316,0.0,0.0,0.0,0.0,0.0,1.0,0.0,0.0,0.0,0.0,0.0,0.0,0.0,0.0,0.0,,,,,O.Hampton,8.0,,,,-12
LAC,LV,2,LAC,LV,LAC,82.0,2.0,pass,0.0,0,0,0,,,,,-0.374153681565076,0.0,0.0,0.0,0.0,0.0,0.0,1.0,0.0,0.0,0.0,0.0,0.0,0.0,0.0,0.0,J.Herbert,,Q.Johnston,,,,,,,-12
LAC,LV,2,LAC,LV,LAC,82.0,3.0,pass,5.0,0,0,0,,,,,0.522450381191447,1.0,0.0,0.0,0.0,0.0,0.0,1.0,0.0,0.0,0.0,0.0,0.0,0.0,0.0,1.0,J.Herbert,5.0,C.Kolar,5.0,,,,,,-12
LAC,LV,2,LAC,LV,LAC,77.0,1.0,pass,8.0,0,0,0,,,,,0.0233030300587416,0.0,0.0,0.0,0.0,0.0,0.0,1.0,0.0,0.0,0.0,0.0,0.0,0.0,0.0,1.0,J.Herbert,8.0,C.Kolar,8.0,,,,,,-12
LAC,LV,2,LAC,LV,LAC,69.0,2.0,pass,0.0,0,0,0,,,,,-0.43467442621477,0.0,0.0,0.0,0.0,0.0,0.0,1.0,0.0,0.0,0.0,0.0,0.0,0.0,0.0,0.0,J.Herbert,,T.Harris,,,,,,,-12
LAC,LV,2,LAC,LV,LAC,69.0,3.0,pass,0.0,0,0,0,,,,,-0.831614428316243,0.0,0.0,0.0,0.0,0.0,0.0,1.0,0.0,0.0,0.0,0.0,0.0,0.0,0.0,0.0,J.Herbert,,Q.Johnston,,,,,,,-12
LAC,LV,2,LAC,LV,LAC,69.0,4.0,punt,0.0,0,0,0,,,,,-0.0527677275822498,0.0,0.0,0.0,0.0,0.0,0.0,0.0,0.0,0.0,0.0,0.0,0.0,0.0,0.0,0.0,,,,,,,,,,-12
LAC,LV,2,LV,LAC,LV,84.0,1.0,pass,0.0,0,0,0,,,,,-0.127322964370251,0.0,0.0,0.0,0.0,0.0,0.0,1.0,0.0,0.0,0.0,0.0,0.0,0.0,0.0,0.0,K.Cousins,,M.Mayer,,,,,,,-12
LAC,LV,2,LV,LAC,LV,84.0,2.0,pass,42.0,0,0,0,,,,,2.00033297244227,0.0,0.0,0.0,0.0,0.0,0.0,1.0,0.0,0.0,0.0,0.0,0.0,0.0,0.0,1.0,K.Cousins,42.0,T.Tucker,42.0,,,,,,-12
LAC,LV,2,,,,,,no_play,0.0,0,0,0,,,,,0.0,0.0,0.0,0.0,0.0,0.0,0.0,0.0,0.0,0.0,0.0,0.0,0.0,0.0,0.0,0.0,,,,,,,,,,-12
LAC,LV,2,LV,LAC,LAC,42.0,1.0,run,1.0,0,0,0,,,,,-0.211186987522524,0.0,0.0,0.0,0.0,0.0,1.0,0.0,0.0,0.0,0.0,0.0,0.0,0.0,0.0,0.0,,,,,A.Jeanty,1.0,,,,-12
LAC,LV,2,,,,,,no_play,0.0,0,0,0,,,,,0.0,0.0,0.0,0.0,0.0,0.0,0.0,0.0,0.0,0.0,0.0,0.0,0.0,0.0,0.0,0.0,,,,,,,,,,-12
LAC,LV,2,LV,LAC,LAC,41.0,2.0,pass,0.0,0,0,0,,,,,-0.383459615928587,0.0,0.0,0.0,0.0,0.0,0.0,1.0,0.0,0.0,0.0,0.0,0.0,0.0,0.0,0.0,K.Cousins,,A.Jeanty,,,,,,,-12
LAC,LV,2,LV,LAC,LAC,41.0,3.0,run,0.0,0,0,0,,,,,-0.337910468621518,0.0,0.0,0.0,0.0,0.0,1.0,0.0,0.0,0.0,0.0,0.0,0.0,0.0,0.0,0.0,,,,,A.Jeanty,0.0,,,,-12
LAC,LV,2,,,,,,no_play,0.0,0,0,0,,,,,0.0,0.0,0.0,0.0,0.0,0.0,0.0,0.0,0.0,0.0,0.0,0.0,0.0,0.0,0.0,0.0,,,,,,,,,,-12
LAC,LV,2,LV,LAC,LAC,41.0,4.0,field_goal,0.0,0,0,0,made,,,,1.69791526643221,0.0,0.0,0.0,0.0,0.0,0.0,0.0,0.0,0.0,0.0,0.0,0.0,0.0,0.0,0.0,,,,,,,,,,-12
LAC,LV,2,LAC,LV,LV,35.0,,kickoff,0.0,0,0,0,,,,,0.0326379225007258,0.0,0.0,0.0,0.0,0.0,0.0,0.0,0.0,0.0,0.0,0.0,0.0,0.0,1.0,0.0,,,,,,,,,,-12
LAC,LV,2,LAC,LV,LAC,65.0,1.0,run,17.0,0,0,0,,,,,-0.135930431890301,0.0,0.0,0.0,0.0,0.0,1.0,0.0,0.0,0.0,0.0,0.0,0.0,0.0,0.0,0.0,,,,,O.Hampton,17.0,,,,-12
LAC,LV,2,,,,,,,,0,0,0,,,,,,,,,,,,,,,,,,,,,,,,,,,,,,-12
LAC,LV,2,LV,LAC,LAC,35.0,,kickoff,0.0,0,0,0,,,,,-0.545685475226492,0.0,0.0,0.0,0.0,0.0,0.0,0.0,0.0,0.0,0.0,0.0,0.0,0.0,1.0,0.0,,,,,,,,,,-12
LAC,LV,2,LV,LAC,LV,83.0,1.0,pass,0.0,0,0,0,,,,,-0.711681402754039,0.0,0.0,0.0,0.0,0.0,0.0,1.0,0.0,0.0,0.0,0.0,0.0,0.0,0.0,0.0,K.Cousins,,J.Nailor,,,,,,,-12
LAC,LV,2,LV,LAC,LV,83.0,2.0,pass,1.0,0,0,0,,,,,-0.708887215703726,0.0,0.0,0.0,0.0,0.0,0.0,1.0,0.0,0.0,0.0,0.0,0.0,0.0,0.0,1.0,K.Cousins,1.0,A.Jeanty,1.0,,,,,,-12
LAC,LV,2,LV,LAC,LV,82.0,3.0,pass,0.0,0,0,0,,,,,-1.35711803101003,0.0,0.0,0.0,0.0,0.0,0.0,1.0,0.0,0.0,0.0,0.0,0.0,0.0,0.0,0.0,K.Cousins,,T.Tucker,,,,,,,-12
LAC,LV,2,LV,LAC,LV,82.0,4.0,punt,0.0,0,0,0,,,,,0.410047985846177,0.0,0.0,0.0,0.0,0.0,0.0,0.0,0.0,0.0,0.0,0.0,0.0,0.0,0.0,0.0,,,,,,,,,,-12
LAC,LV,2,LAC,LV,LAC,74.0,1.0,run,5.0,0,0,0,,,,,-0.0252085987012833,0.0,0.0,0.0,0.0,0.0,1.0,0.0,0.0,0.0,0.0,0.0,0.0,0.0,0.0,0.0,,,,,O.Hampton,5.0,,,,-12
LAC,LV,2,LAC,LV,LAC,69.0,2.0,run,6.0,0,0,0,,,,,0.673596974462271,0.0,0.0,0.0,0.0,0.0,1.0,0.0,0.0,0.0,0.0,0.0,0.0,0.0,0.0,0.0,,,,,O.Hampton,6.0,,,,-12
LAC,LV,2,LAC,LV,LAC,63.0,1.0,run,2.0,0,0,0,,,,,-0.568318655947223,0.0,0.0,0.0,0.0,0.0,1.0,0.0,0.0,0.0,0.0,0.0,0.0,0.0,0.0,0.0,,,,,O.Hampton,2.0,,,,-12
LAC,LV,2,LAC,LV,LAC,61.0,2.0,pass,3.0,0,0,0,,,,,-0.495133518939838,0.0,0.0,0.0,0.0,0.0,0.0,1.0,0.0,0.0,0.0,0.0,0.0,0.0,0.0,1.0,J.Herbert,3.0,O.Hampton,3.0,,,,,,-12
LAC,LV,2,LAC,LV,LAC,58.0,3.0,pass,53.0,0,0,0,,,,,4.56114613334648,1.0,0.0,0.0,0.0,0.0,0.0,1.0,0.0,0.0,0.0,0.0,0.0,0.0,0.0,1.0,J.Herbert,53.0,T.Harris,53.0,,,,,,-12
LAC,LV,2,LAC,LV,LV,5.0,1.0,run,0.0,0,0,0,,,,,-1.08035970909987,0.0,0.0,0.0,0.0,0.0,1.0,0.0,0.0,0.0,0.0,0.0,0.0,0.0,0.0,0.0,,,,,J.Herbert,0.0,J.Herbert,,,-12
LAC,LV,2,LAC,LV,LV,10.0,2.0,pass,10.0,0,0,0,,,,LAC,2.02920459432062,0.0,0.0,0.0,0.0,0.0,0.0,1.0,0.0,1.0,1.0,0.0,0.0,0.0,0.0,1.0,J.Herbert,10.0,O.Gadsden,10.0,,,,,,-12
LAC,LV,2,LAC,LV,LV,15.0,,extra_point,0.0,0,0,0,,good,,,0.0511715660706391,0.0,0.0,0.0,0.0,0.0,0.0,0.0,0.0,0.0,0.0,0.0,1.0,0.0,0.0,0.0,,,,,,,,,,-12
LAC,LV,2,LV,LAC,LAC,35.0,,kickoff,0.0,0,0,0,,,,,0.0395494801923633,0.0,0.0,0.0,0.0,0.0,0.0,0.0,0.0,0.0,0.0,0.0,0.0,0.0,1.0,0.0,,,,,,,,,,-12
LAC,LV,2,LV,LAC,LV,74.0,1.0,run,3.0,0,0,0,,,,,-0.271478524897248,0.0,0.0,0.0,0.0,0.0,1.0,0.0,0.0,0.0,0.0,0.0,0.0,0.0,0.0,0.0,,,,,A.Jeanty,3.0,,,,-12
LAC,LV,2,LV,LAC,LV,71.0,2.0,pass,2.0,0,0,0,,,,,-0.546185495331883,0.0,0.0,0.0,0.0,0.0,0.0,1.0,0.0,0.0,0.0,0.0,0.0,0.0,0.0,1.0,K.Cousins,2.0,A.Jeanty,2.0,,,,,,-12
LAC,LV,2,LV,LAC,LV,69.0,3.0,no_play,0.0,0,0,0,,,,,-0.543694809544832,0.0,0.0,0.0,1.0,0.0,0.0,0.0,0.0,0.0,0.0,0.0,0.0,0.0,0.0,0.0,,,,,,,,LV,5.0,-12
LAC,LV,2,LV,LAC,LV,74.0,3.0,pass,9.0,0,0,0,,,,,-0.19245836744085,0.0,0.0,0.0,0.0,0.0,0.0,1.0,0.0,0.0,0.0,0.0,0.0,0.0,0.0,1.0,K.Cousins,9.0,T.Tucker,9.0,,,,,,-12
LAC,LV,2,LV,LAC,LV,65.0,4.0,run,1.0,0,0,0,,,,,2.22324372036383,0.0,1.0,0.0,0.0,0.0,1.0,0.0,0.0,0.0,0.0,0.0,0.0,0.0,0.0,0.0,,,,,C.Heyward,1.0,,,,-12
LAC,LV,2,LV,LAC,LV,64.0,1.0,pass,11.0,0,0,0,,,,,0.721764938673005,0.0,0.0,0.0,0.0,0.0,0.0,1.0,0.0,0.0,0.0,0.0,0.0,0.0,0.0,1.0,K.Cousins,11.0,I.Thomas,11.0,,,,,,-12
LAC,LV,2,LV,LAC,LV,53.0,1.0,run,9.0,0,0,0,,,,,0.73971666302532,0.0,0.0,0.0,0.0,0.0,1.0,0.0,0.0,0.0,0.0,0.0,0.0,0.0,0.0,0.0,,,,,A.Jeanty,9.0,,,,-12
LAC,LV,2,LV,LAC,LAC,44.0,2.0,run,4.0,0,0,0,,,,,0.155555878998712,0.0,0.0,0.0,0.0,0.0,1.0,0.0,0.0,0.0,0.0,0.0,0.0,0.0,0.0,0.0,,,,,A.Jeanty,4.0,,,,-12
LAC,LV,2,LV,LAC,LAC,40.0,1.0,pass,27.0,0,0,0,,,,,1.78471834259108,0.0,0.0,0.0,0.0,0.0,0.0,1.0,0.0,0.0,0.0,0.0,0.0,0.0,0.0,1.0,K.Cousins,27.0,D.Young,27.0,,,,,,-12
LAC,LV,2,LV,LAC,LAC,13.0,1.0,pass,0.0,0,0,0,,,,,-0.482120800530538,0.0,0.0,0.0,0.0,0.0,0.0,1.0,0.0,0.0,0.0,0.0,0.0,0.0,0.0,0.0,K.Cousins,,J.Nailor,,,,,,,-12
LAC,LV,2,LV,LAC,LAC,13.0,2.0,run,0.0,0,0,0,,,,,-0.782922412152402,0.0,0.0,0.0,0.0,0.0,1.0,0.0,0.0,0.0,0.0,0.0,0.0,0.0,0.0,0.0,,,,,A.Jeanty,0.0,,,,-12
LAC,LV,2,LV,LAC,LAC,13.0,3.0,pass,13.0,0,0,0,,,,LV,3.10170853848103,1.0,0.0,0.0,0.0,0.0,0.0,1.0,0.0,1.0,1.0,0.0,0.0,0.0,0.0,1.0,K.Cousins,13.0,C.White,13.0,,,,,,-12
LAC,LV,2,LV,LAC,LAC,15.0,,extra_point,0.0,0,0,0,,good,,,0.0511715660706391,0.0,0.0,0.0,0.0,0.0,0.0,0.0,0.0,0.0,0.0,0.0,1.0,0.0,0.0,0.0,,,,,,,,,,-12
LAC,LV,2,LAC,LV,LV,35.0,,kickoff,0.0,0,0,0,,,,,-0.343206649413332,0.0,0.0,0.0,0.0,0.0,0.0,0.0,0.0,0.0,0.0,0.0,0.0,0.0,1.0,0.0,,,,,,,,,,-12
LAC,LV,2,LAC,LV,LAC,77.0,1.0,pass,8.0,0,0,0,,,,,0.716694793198258,0.0,0.0,0.0,0.0,0.0,0.0,1.0,0.0,0.0,0.0,0.0,0.0,0.0,0.0,1.0,J.Herbert,8.0,C.Kolar,8.0,,,,,,-12
LAC,LV,2,LAC,LV,LAC,69.0,2.0,run,1.0,0,0,0,,,,,-0.275582459755242,0.0,0.0,0.0,0.0,0.0,1.0,0.0,0.0,0.0,0.0,0.0,0.0,0.0,0.0,0.0,,,,,K.Mitchell,1.0,,,,-12
LAC,LV,2,LAC,LV,LAC,68.0,3.0,run,0.0,0,0,0,,,,,-2.7703637490049,0.0,0.0,0.0,0.0,0.0,1.0,0.0,0.0,0.0,0.0,0.0,0.0,0.0,0.0,0.0,,,,,J.Herbert,0.0,J.Slaughter,,,-12
LAC,LV,2,LAC,LV,LAC,72.0,4.0,punt,0.0,0,0,0,,,,,-0.430026209913194,0.0,0.0,0.0,0.0,0.0,0.0,0.0,0.0,0.0,0.0,0.0,0.0,0.0,0.0,0.0,,,,,,,,,,-12
LAC,LV,2,LV,LAC,LV,69.0,1.0,pass,5.0,0,0,0,,,,,0.117670759558678,0.0,0.0,0.0,0.0,0.0,0.0,1.0,0.0,0.0,0.0,0.0,0.0,0.0,0.0,1.0,K.Cousins,5.0,M.Mayer,5.0,,,,,,-12
LAC,LV,2,LV,LAC,LV,64.0,2.0,run,-1.0,0,0,0,,,,,-1.10412634909153,0.0,0.0,0.0,0.0,0.0,1.0,0.0,0.0,0.0,0.0,0.0,0.0,0.0,0.0,0.0,,,,,A.Jeanty,-1.0,,,,-12
LAC,LV,2,LV,LAC,LV,65.0,3.0,pass,9.0,0,0,0,,,,,1.82016608072445,1.0,0.0,0.0,0.0,0.0,0.0,1.0,0.0,0.0,0.0,0.0,0.0,0.0,0.0,1.0,K.Cousins,9.0,J.Nailor,9.0,,,,,,-12
LAC,LV,2,LV,LAC,,,,,,0,0,0,,,,,0.0,,,,,,,,,,,,,,,,,,,,,,,,,-12
LAC,LV,2,LV,LAC,LV,56.0,1.0,pass,7.0,0,0,0,,,,,0.363240621052682,0.0,0.0,0.0,0.0,0.0,0.0,1.0,0.0,0.0,0.0,0.0,0.0,0.0,0.0,1.0,K.Cousins,7.0,A.Jeanty,7.0,,,,,,-12
LAC,LV,2,LV,LAC,LAC,49.0,2.0,run,-4.0,0,0,0,,,,,-1.51157869072631,0.0,0.0,0.0,0.0,0.0,1.0,0.0,0.0,0.0,0.0,0.0,0.0,0.0,0.0,0.0,,,,,A.Jeanty,-4.0,,,,-12
LAC,LV,2,LV,LAC,LV,53.0,3.0,no_play,0.0,0,0,0,,,,,1.62738941423595,0.0,0.0,0.0,1.0,0.0,0.0,0.0,0.0,0.0,0.0,0.0,0.0,0.0,0.0,0.0,,,,,,,,LAC,5.0,-12
LAC,LV,2,LV,LAC,LAC,48.0,1.0,pass,0.0,0,0,0,,,,,-0.539872482419014,0.0,0.0,0.0,0.0,0.0,0.0,1.0,0.0,0.0,0.0,0.0,0.0,0.0,0.0,0.0,K.Cousins,,M.Washington,,,,,,,-12
LAC,LV,2,LV,LAC,LAC,48.0,2.0,run,2.0,0,0,0,,,,,-0.752798127010465,0.0,0.0,0.0,0.0,0.0,1.0,0.0,0.0,0.0,0.0,0.0,0.0,0.0,0.0,0.0,,,,,M.Washington,2.0,,,,-12
LAC,LV,2,LV,LAC,LAC,46.0,3.0,pass,0.0,0,0,0,,,,,-1.73706076061353,0.0,0.0,0.0,0.0,0.0,0.0,1.0,0.0,0.0,0.0,0.0,0.0,0.0,0.0,0.0,K.Cousins,,M.Benson,,,,,,,-12
LAC,LV,2,LV,LAC,LAC,46.0,4.0,punt,0.0,0,0,0,,,,,-0.220240677008405,0.0,0.0,0.0,0.0,0.0,0.0,0.0,0.0,0.0,0.0,0.0,0.0,0.0,0.0,0.0,,,,,,,,,,-12
LAC,LV,2,LAC,LV,LAC,90.0,1.0,pass,-8.0,0,0,0,,,,,-1.83634955994785,0.0,0.0,0.0,0.0,0.0,0.0,1.0,1.0,0.0,0.0,0.0,0.0,0.0,0.0,0.0,J.Herbert,,,,,,J.Herbert,,,-12
LAC,LV,2,LAC,LV,LAC,98.0,2.0,run,6.0,0,0,0,,,,,-0.169405996217392,0.0,0.0,0.0,0.0,0.0,1.0,0.0,0.0,0.0,0.0,0.0,0.0,0.0,0.0,0.0,,,,,O.Hampton,6.0,,,,-12
LAC,LV,2,LAC,LV,LAC,92.0,3.0,pass,12.0,0,0,0,,,,,2.65067625197116,1.0,0.0,0.0,0.0,0.0,0.0,1.0,0.0,0.0,0.0,0.0,0.0,0.0,0.0,1.0,J.Herbert,12.0,L.McConkey,12.0,,,,,,-12
LAC,LV,2,LAC,LV,LAC,80.0,1.0,no_play,0.0,0,0,0,,,,,-1.21629440435208,0.0,0.0,0.0,1.0,0.0,0.0,0.0,0.0,0.0,0.0,0.0,0.0,0.0,0.0,0.0,,,,,,,,LAC,10.0,-12
LAC,LV,2,LAC,LV,LAC,90.0,1.0,pass,15.0,0,0,0,,,,,1.2378554593306,0.0,0.0,0.0,0.0,0.0,0.0,1.0,0.0,0.0,0.0,0.0,0.0,0.0,0.0,1.0,J.Herbert,15.0,K.Mitchell,15.0,,,,,,-12
LAC,LV,2,LAC,LV,LAC,75.0,2.0,run,3.0,0,0,0,,,,,-0.300601067021489,0.0,0.0,0.0,0.0,0.0,1.0,0.0,0.0,0.0,0.0,0.0,0.0,0.0,0.0,0.0,,,,,O.Hampton,3.0,,,,-12
LAC,LV,2,LAC,LV,LAC,72.0,3.0,run,0.0,0,0,0,,,,,-1.60057185543701,0.0,0.0,0.0,0.0,0.0,1.0,0.0,0.0,0.0,0.0,0.0,0.0,0.0,0.0,0.0,,,,,O.Hampton,0.0,,,,-12
LAC,LV,2,LAC,LV,LAC,72.0,4.0,punt,0.0,0,0,0,,,,,0.0680728815495968,0.0,0.0,0.0,0.0,0.0,0.0,0.0,0.0,0.0,0.0,0.0,0.0,0.0,0.0,0.0,,,,,,,,,,-12
LAC,LV,2,LV,LAC,LV,83.0,1.0,run,4.0,0,0,1,,,,,-0.010548809543252,0.0,0.0,0.0,0.0,0.0,1.0,0.0,0.0,0.0,0.0,0.0,0.0,0.0,0.0,0.0,,,,,K.Cousins,4.0,,,,-12
LAC,LV,2,LV,LAC,LV,79.0,2.0,run,5.0,0,0,0,,,,,0.352434884291142,0.0,0.0,0.0,0.0,0.0,1.0,0.0,0.0,0.0,0.0,0.0,0.0,0.0,0.0,0.0,,,,,A.Jeanty,5.0,,,,-12
LAC,LV,2,LV,LAC,LV,74.0,3.0,pass,0.0,0,0,0,,,,,-1.73611447541043,0.0,0.0,0.0,0.0,0.0,0.0,1.0,0.0,0.0,0.0,0.0,0.0,0.0,0.0,0.0,K.Cousins,,A.Jeanty,,,,,,,-12
LAC,LV,2,LV,LAC,LV,74.0,4.0,punt,0.0,0,0,0,,,,,-0.279960399959236,0.0,0.0,0.0,0.0,0.0,0.0,0.0,0.0,0.0,0.0,0.0,0.0,0.0,0.0,0.0,,,,,,,,,,-12
LAC,LV,2,LAC,LV,LAC,76.0,1.0,run,0.0,0,0,0,,,,,-0.573578164447099,0.0,0.0,0.0,0.0,0.0,1.0,0.0,0.0,0.0,0.0,0.0,0.0,0.0,0.0,0.0,,,,,O.Hampton,0.0,,,,-12
LAC,LV,2,LAC,LV,LAC,76.0,2.0,run,7.0,0,0,0,,,,,0.318128297105432,0.0,0.0,0.0,0.0,0.0,1.0,0.0,0.0,0.0,0.0,0.0,0.0,0.0,0.0,0.0,,,,,Q.Johnston,7.0,,,,-12
LAC,LV,2,LAC,LV,LAC,69.0,3.0,no_play,0.0,0,0,0,,,,,1.12514626188204,0.0,0.0,0.0,1.0,0.0,0.0,0.0,0.0,0.0,0.0,0.0,0.0,0.0,0.0,0.0,,,,,,,,LV,6.0,-12
LAC,LV,2,LAC,LV,LAC,63.0,1.0,pass,0.0,0,0,0,,,,,-0.515462042065337,0.0,0.0,0.0,0.0,0.0,0.0,1.0,0.0,0.0,0.0,0.0,0.0,0.0,0.0,0.0,J.Herbert,,,,,,,,,-12
LAC,LV,2,LAC,LV,LAC,63.0,2.0,no_play,0.0,0,0,0,,,,,-0.602949627907947,0.0,0.0,0.0,1.0,0.0,0.0,0.0,0.0,0.0,0.0,0.0,0.0,0.0,0.0,0.0,,,,,,,,LAC,5.0,-12
LAC,LV,2,LAC,LV,LAC,68.0,2.0,pass,8.0,0,0,0,,,,,-0.0149078665999696,0.0,0.0,0.0,0.0,0.0,0.0,1.0,0.0,0.0,0.0,0.0,0.0,0.0,0.0,1.0,J.Herbert,8.0,O.Gadsden,8.0,,,,,,-12
LAC,LV,2,LAC,LV,LAC,60.0,3.0,pass,0.0,0,0,0,,,,,-0.543187130475417,0.0,0.0,0.0,0.0,0.0,0.0,1.0,1.0,0.0,0.0,0.0,0.0,0.0,0.0,0.0,J.Herbert,,,,,,J.Herbert,,,-12
LAC,LV,2,,,,,,no_play,0.0,0,0,0,,,,,0.0,0.0,0.0,0.0,0.0,0.0,0.0,0.0,0.0,0.0,0.0,0.0,0.0,0.0,0.0,0.0,,,,,,,,,,-12
LAC,LV,2,LAC,LV,LAC,54.0,4.0,no_play,0.0,0,0,0,,,,,2.53771596058505,0.0,0.0,0.0,1.0,0.0,0.0,0.0,0.0,0.0,0.0,0.0,0.0,0.0,0.0,0.0,,,,,,,,LV,6.0,-12
LAC,LV,2,LAC,LV,LV,48.0,1.0,run,2.0,0,0,0,,,,,-7.42479121033102,0.0,0.0,0.0,0.0,1.0,1.0,0.0,0.0,0.0,0.0,0.0,0.0,0.0,0.0,0.0,,,,,O.Hampton,2.0,O.Hampton,,,-12
LAC,LV,2,LV,LAC,LAC,16.0,1.0,run,3.0,0,0,0,,,,,-0.112442164216191,0.0,0.0,0.0,0.0,0.0,1.0,0.0,0.0,0.0,0.0,0.0,0.0,0.0,0.0,0.0,,,,,A.Jeanty,3.0,,,,-12
LAC,LV,2,LV,LAC,LAC,13.0,2.0,run,2.0,0,0,0,,,,,-0.353653883037623,0.0,0.0,0.0,0.0,0.0,1.0,0.0,0.0,0.0,0.0,0.0,0.0,0.0,0.0,0.0,,,,,M.Washington,2.0,,,,-12
LAC,LV,2,,,,,,no_play,0.0,0,0,0,,,,,0.0,0.0,0.0,0.0,0.0,0.0,0.0,0.0,0.0,0.0,0.0,0.0,0.0,0.0,0.0,0.0,,,,,,,,,,-12
LAC,LV,2,LV,LAC,LAC,11.0,3.0,pass,11.0,0,0,0,,,,LV,2.77311394608114,1.0,0.0,0.0,0.0,0.0,0.0,1.0,0.0,1.0,1.0,0.0,0.0,0.0,0.0,1.0,K.Cousins,11.0,C.White,11.0,,,,,,-12
LAC,LV,2,LV,LAC,LAC,15.0,,extra_point,0.0,0,0,0,,good,,,0.0511715660706391,0.0,0.0,0.0,0.0,0.0,0.0,0.0,0.0,0.0,0.0,0.0,1.0,0.0,0.0,0.0,,,,,,,,,,-12
LAC,LV,2,LAC,LV,LV,35.0,,kickoff,0.0,0,0,0,,,,,0.580371173331514,0.0,0.0,0.0,0.0,0.0,0.0,0.0,0.0,0.0,0.0,0.0,0.0,0.0,1.0,0.0,,,,,,,,,,-12
LAC,LV,2,LAC,LV,LAC,65.0,1.0,no_play,0.0,0,0,0,,,,,-0.353329257224686,0.0,0.0,0.0,1.0,0.0,0.0,0.0,0.0,0.0,0.0,0.0,0.0,0.0,0.0,0.0,,,,,,,,LAC,5.0,-12
LAC,LV,2,LAC,LV,LAC,70.0,1.0,pass,4.0,0,0,0,,,,,-0.202787077985704,0.0,0.0,0.0,0.0,0.0,0.0,1.0,0.0,0.0,0.0,0.0,0.0,0.0,0.0,1.0,J.Herbert,4.0,L.McConkey,4.0,,,,,,-12
LAC,LV,2,LAC,LV,LAC,66.0,2.0,pass,0.0,0,0,0,,,,,-0.568573061609641,0.0,0.0,0.0,0.0,0.0,0.0,1.0,0.0,0.0,0.0,0.0,0.0,0.0,0.0,0.0,J.Herbert,,Q.Johnston,,,,,,,-12
LAC,LV,2,LAC,LV,LAC,66.0,3.0,pass,0.0,0,0,0,,,,,-3.34750582359266,0.0,0.0,1.0,0.0,0.0,0.0,1.0,0.0,0.0,0.0,0.0,0.0,0.0,0.0,0.0,J.Herbert,,D.Davis,,,,,,,-12
LAC,LV,2,LV,LAC,LAC,48.0,1.0,run,2.0,0,0,0,,,,,-0.768909051606897,0.0,0.0,0.0,0.0,0.0,1.0,0.0,0.0,0.0,0.0,0.0,0.0,0.0,0.0,0.0,,,,,A.Jeanty,2.0,,,,-12
LAC,LV,2,,,,,,no_play,0.0,0,0,0,,,,,0.0,0.0,0.0,0.0,0.0,0.0,0.0,0.0,0.0,0.0,0.0,0.0,0.0,0.0,0.0,0.0,,,,,,,,,,-12
LAC,LV,2,LV,LAC,LAC,46.0,2.0,run,5.0,0,0,0,,,,,-0.867633734655101,0.0,0.0,0.0,0.0,0.0,1.0,0.0,0.0,0.0,0.0,0.0,0.0,0.0,0.0,0.0,,,,,A.Jeanty,5.0,,,,-12
LAC,LV,2,,,,,,no_play,0.0,0,0,0,,,,,0.0,0.0,0.0,0.0,0.0,0.0,0.0,0.0,0.0,0.0,0.0,0.0,0.0,0.0,0.0,0.0,,,,,,,,,,-12
LAC,LV,2,LV,LAC,LAC,41.0,3.0,run,1.0,0,0,0,,,,,-0.66700969368685,0.0,0.0,0.0,0.0,0.0,1.0,0.0,0.0,0.0,0.0,0.0,0.0,0.0,0.0,0.0,,,,,A.Jeanty,1.0,,,,-12
LAC,LV,2,,,,,,no_play,0.0,0,0,0,,,,,0.0,0.0,0.0,0.0,0.0,0.0,0.0,0.0,0.0,0.0,0.0,0.0,0.0,0.0,0.0,0.0,,,,,,,,,,-12
LAC,LV,2,LV,LAC,LAC,40.0,4.0,punt,0.0,0,0,0,,,,,-1.02624129399192,0.0,0.0,0.0,0.0,0.0,0.0,0.0,0.0,0.0,0.0,0.0,0.0,0.0,0.0,0.0,,,,,,,,,,-12
LAC,LV,2,LAC,LV,LAC,94.0,1.0,pass,0.0,0,0,0,,,,,-0.258771829307079,0.0,0.0,0.0,0.0,0.0,0.0,1.0,0.0,0.0,0.0,0.0,0.0,0.0,0.0,0.0,J.Herbert,,T.Harris,,,,,,,-12
LAC,LV,2,LAC,LV,LAC,94.0,2.0,no_play,0.0,0,0,0,,,,,-2.30190979759209,0.0,0.0,0.0,1.0,0.0,0.0,0.0,0.0,0.0,0.0,0.0,0.0,0.0,0.0,0.0,,,,,,,,LAC,6.0,-12
LAC,LV,2,LV,LAC,LAC,20.0,,kickoff,0.0,0,0,0,,,,,1.13094032788649,0.0,0.0,0.0,0.0,0.0,0.0,0.0,0.0,0.0,0.0,0.0,0.0,0.0,1.0,0.0,,,,,,,,,,-12
LAC,LV,2,LV,LAC,LAC,42.0,1.0,qb_kneel,-1.0,1,0,0,,,,,-0.659792760270648,0.0,0.0,0.0,0.0,0.0,1.0,0.0,0.0,0.0,0.0,0.0,0.0,0.0,0.0,0.0,,,,,K.Cousins,-1.0,,,,-12
LAC,LV,2,LV,LAC,LAC,43.0,2.0,qb_kneel,-1.0,1,0,0,,,,,-0.249553679837845,0.0,0.0,0.0,0.0,0.0,1.0,0.0,0.0,0.0,0.0,0.0,0.0,0.0,0.0,0.0,,,,,K.Cousins,-1.0,,,,-12
LAC,LV,2,LV,LAC,LAC,44.0,3.0,qb_kneel,-1.0,1,0,0,,,,,-1.13808900362346,0.0,0.0,0.0,0.0,0.0,1.0,0.0,0.0,0.0,0.0,0.0,0.0,0.0,0.0,0.0,,,,,K.Cousins,-1.0,,,,-12
LAC,LV,2,LV,LAC,,,,,,0,0,0,,,,,,,,,,,,,,,,,,,,,,,,,,,,,,-12
SF,MIA,2,,,,,,,,0,0,0,,,,,0.0,,,,,,,,,,,,,,,,,,,,,,,,,22
SF,MIA,2,MIA,SF,SF,35.0,,kickoff,0.0,0,0,0,,,,,0.52422358142212,0.0,0.0,0.0,0.0,0.0,0.0,0.0,0.0,0.0,0.0,0.0,0.0,0.0,1.0,0.0,,,,,,,,,,22
SF,MIA,2,MIA,SF,MIA,67.0,1.0,pass,0.0,0,0,0,,,,,-0.542776353191584,0.0,0.0,0.0,0.0,0.0,0.0,1.0,0.0,0.0,0.0,0.0,0.0,0.0,0.0,0.0,M.Willis,,D.Achane,,,,,,,22
SF,MIA,2,MIA,SF,MIA,67.0,2.0,pass,18.0,0,0,0,,,,,1.81236235005781,0.0,0.0,0.0,0.0,0.0,0.0,1.0,0.0,0.0,0.0,0.0,0.0,0.0,0.0,1.0,M.Willis,18.0,D.Herman,18.0,,,D.Herman,,,22
SF,MIA,2,MIA,SF,SF,49.0,1.0,run,2.0,0,0,0,,,,,-0.361988322809339,0.0,0.0,0.0,0.0,0.0,1.0,0.0,0.0,0.0,0.0,0.0,0.0,0.0,0.0,0.0,,,,,D.Achane,2.0,,,,22
SF,MIA,2,MIA,SF,SF,47.0,2.0,run,7.0,0,0,0,,,,,0.587102121673524,0.0,0.0,0.0,0.0,0.0,1.0,0.0,0.0,0.0,0.0,0.0,0.0,0.0,0.0,0.0,,,,,D.Achane,7.0,,,,22
SF,MIA,2,MIA,SF,SF,40.0,3.0,run,4.0,0,0,0,,,,,0.739571900805458,1.0,0.0,0.0,0.0,0.0,1.0,0.0,0.0,0.0,0.0,0.0,0.0,0.0,0.0,0.0,,,,,D.Achane,4.0,,,,22
SF,MIA,2,MIA,SF,SF,36.0,1.0,no_play,0.0,0,0,0,,,,,-0.706637184368447,0.0,0.0,0.0,1.0,0.0,0.0,0.0,0.0,0.0,0.0,0.0,0.0,0.0,0.0,0.0,,,,,,,,MIA,5.0,22
SF,MIA,2,MIA,SF,SF,41.0,1.0,run,2.0,0,0,0,,,,,-0.535100726410747,0.0,0.0,0.0,0.0,0.0,1.0,0.0,0.0,0.0,0.0,0.0,0.0,0.0,0.0,0.0,,,,,D.Achane,2.0,,,,22
SF,MIA,2,MIA,SF,SF,39.0,2.0,pass,0.0,0,0,0,,,,,-1.01633882080205,0.0,0.0,0.0,0.0,0.0,0.0,1.0,0.0,0.0,0.0,0.0,0.0,0.0,0.0,0.0,M.Willis,,M.Washington,,,,,,,22
SF,MIA,2,MIA,SF,SF,39.0,3.0,pass,6.0,0,0,0,,,,,-0.0505804977335149,0.0,0.0,0.0,0.0,0.0,0.0,1.0,0.0,0.0,0.0,0.0,0.0,0.0,0.0,1.0,M.Willis,6.0,D.Achane,6.0,,,,,,22
SF,MIA,2,MIA,SF,SF,33.0,4.0,field_goal,0.0,0,0,0,missed,,,,-3.66477421331665,0.0,0.0,0.0,0.0,0.0,0.0,0.0,0.0,0.0,0.0,0.0,0.0,0.0,0.0,0.0,,,,,,,,,,22
SF,MIA,2,SF,MIA,SF,59.0,1.0,pass,2.0,0,0,0,,,,,-0.380910808918998,0.0,0.0,0.0,0.0,0.0,0.0,1.0,0.0,0.0,0.0,0.0,0.0,0.0,0.0,1.0,B.Purdy,2.0,D.Samuel,2.0,,,,,,22
SF,MIA,2,SF,MIA,SF,57.0,2.0,pass,9.0,0,0,0,,,,,0.99621757818386,0.0,0.0,0.0,0.0,0.0,0.0,1.0,0.0,0.0,0.0,0.0,0.0,0.0,0.0,1.0,B.Purdy,9.0,D.Robinson,9.0,,,,,,22
SF,MIA,2,SF,MIA,MIA,48.0,1.0,pass,0.0,0,0,0,,,,,-0.502562382258475,0.0,0.0,0.0,0.0,0.0,0.0,1.0,0.0,0.0,0.0,0.0,0.0,0.0,0.0,0.0,B.Purdy,,D.Samuel,,,,,,,22
SF,MIA,2,SF,MIA,MIA,48.0,2.0,pass,11.0,0,0,0,,,,,1.22889713034965,0.0,0.0,0.0,0.0,0.0,0.0,1.0,0.0,0.0,0.0,0.0,0.0,0.0,0.0,1.0,B.Purdy,11.0,C.McCaffrey,11.0,,,,,,22
SF,MIA,2,SF,MIA,MIA,37.0,1.0,run,4.0,0,0,0,,,,,-0.148446389473975,0.0,0.0,0.0,0.0,0.0,1.0,0.0,0.0,0.0,0.0,0.0,0.0,0.0,0.0,0.0,,,,,C.McCaffrey,4.0,,,,22
SF,MIA,2,SF,MIA,MIA,33.0,2.0,run,1.0,0,0,0,,,,,-0.480021122610197,0.0,0.0,0.0,0.0,0.0,1.0,0.0,0.0,0.0,0.0,0.0,0.0,0.0,0.0,0.0,,,,,C.McCaffrey,1.0,,,,22
SF,MIA,2,SF,MIA,MIA,32.0,3.0,pass,10.0,0,0,0,,,,,1.63698155886959,1.0,0.0,0.0,0.0,0.0,0.0,1.0,0.0,0.0,0.0,0.0,0.0,0.0,0.0,1.0,B.Purdy,10.0,M.Evans,10.0,,,,,,22
SF,MIA,2,SF,MIA,MIA,22.0,1.0,run,6.0,0,0,0,,,,,0.152618665830232,0.0,0.0,0.0,0.0,0.0,1.0,0.0,0.0,0.0,0.0,0.0,0.0,0.0,0.0,0.0,,,,,K.Black,6.0,,,,22
SF,MIA,2,SF,MIA,MIA,16.0,2.0,run,-1.0,0,0,0,,,,,-0.79704949085135,0.0,0.0,0.0,0.0,0.0,1.0,0.0,0.0,0.0,0.0,0.0,0.0,0.0,0.0,0.0,,,,,K.Black,-1.0,,,,22
SF,MIA,2,SF,MIA,MIA,17.0,3.0,pass,16.0,0,0,0,,,,,2.35295734077226,1.0,0.0,0.0,0.0,0.0,0.0,1.0,0.0,0.0,0.0,0.0,0.0,0.0,0.0,1.0,B.Purdy,16.0,C.McCaffrey,16.0,,,,,,22
SF,MIA,2,SF,MIA,MIA,1.0,1.0,run,0.0,0,0,0,,,,,-0.229976754344534,0.0,0.0,0.0,0.0,0.0,1.0,0.0,0.0,0.0,0.0,0.0,0.0,0.0,0.0,0.0,,,,,C.McCaffrey,0.0,,,,22
SF,MIA,2,SF,MIA,MIA,1.0,2.0,run,1.0,0,0,0,,,,SF,0.726580876566004,0.0,0.0,0.0,0.0,0.0,1.0,0.0,0.0,1.0,0.0,1.0,0.0,0.0,0.0,0.0,,,,,C.McCaffrey,1.0,,,,22
SF,MIA,2,SF,MIA,MIA,15.0,,extra_point,0.0,0,0,0,,good,,,0.0675730031076331,0.0,0.0,0.0,0.0,0.0,0.0,0.0,0.0,0.0,0.0,0.0,1.0,0.0,0.0,0.0,,,,,,,,,,22
SF,MIA,2,MIA,SF,SF,35.0,,kickoff,0.0,0,0,0,,,,,0.0980694782920182,0.0,0.0,0.0,0.0,0.0,0.0,0.0,0.0,0.0,0.0,0.0,0.0,0.0,1.0,0.0,,,,,,,,,,22
SF,MIA,2,MIA,SF,MIA,73.0,1.0,pass,12.0,0,0,0,,,,,0.777363399975002,0.0,0.0,0.0,0.0,0.0,0.0,1.0,0.0,0.0,0.0,0.0,0.0,0.0,0.0,1.0,M.Willis,12.0,M.Washington,12.0,,,,,,22
SF,MIA,2,MIA,SF,MIA,61.0,1.0,run,4.0,0,0,1,,,,,-0.0356399260926992,0.0,0.0,0.0,0.0,0.0,1.0,0.0,0.0,0.0,0.0,0.0,0.0,0.0,0.0,0.0,,,,,M.Willis,4.0,,,,22
SF,MIA,2,MIA,SF,MIA,57.0,2.0,run,17.0,0,0,0,,,,,1.49788343324326,0.0,0.0,0.0,0.0,0.0,1.0,0.0,0.0,0.0,0.0,0.0,0.0,0.0,0.0,0.0,,,,,D.Achane,17.0,,,,22
SF,MIA,2,MIA,SF,SF,40.0,1.0,run,1.0,0,0,0,,,,,-0.584546141559258,0.0,0.0,0.0,0.0,0.0,1.0,0.0,0.0,0.0,0.0,0.0,0.0,0.0,0.0,0.0,,,,,D.Achane,1.0,,,,22
SF,MIA,2,MIA,SF,SF,39.0,2.0,pass,0.0,0,0,0,,,,,-0.854330294998363,0.0,0.0,0.0,0.0,0.0,0.0,1.0,0.0,0.0,0.0,0.0,0.0,0.0,0.0,0.0,M.Willis,,D.Herman,,,,,,,22
SF,MIA,2,MIA,SF,SF,39.0,3.0,run,8.0,0,0,0,,,,,0.321537783602253,0.0,0.0,0.0,0.0,0.0,1.0,0.0,0.0,0.0,0.0,0.0,0.0,0.0,0.0,0.0,,,,,D.Achane,8.0,,,,22
SF,MIA,2,MIA,SF,SF,31.0,4.0,run,2.0,0,0,0,,,,,1.86166877415963,0.0,1.0,0.0,0.0,0.0,1.0,0.0,0.0,0.0,0.0,0.0,0.0,0.0,0.0,0.0,,,,,M.Willis,2.0,,,,22
SF,MIA,2,MIA,SF,SF,29.0,1.0,no_play,0.0,0,0,0,,,,,-0.830471320427023,0.0,0.0,0.0,1.0,0.0,0.0,0.0,0.0,0.0,0.0,0.0,0.0,0.0,0.0,0.0,,,,,,,,MIA,5.0,22
SF,MIA,2,MIA,SF,,,,,,0,0,0,,,,,0.0,,,,,,,,,,,,,,,,,,,,,,,,,22
SF,MIA,2,MIA,SF,SF,34.0,1.0,pass,5.0,0,0,0,,,,,0.373201463371515,0.0,0.0,0.0,0.0,0.0,0.0,1.0,0.0,0.0,0.0,0.0,0.0,0.0,0.0,1.0,M.Willis,5.0,M.Washington,5.0,,,,,,22
SF,MIA,2,MIA,SF,SF,29.0,2.0,run,5.0,0,0,0,,,,,0.0522005076054484,0.0,0.0,0.0,0.0,0.0,1.0,0.0,0.0,0.0,0.0,0.0,0.0,0.0,0.0,0.0,,,,,D.Achane,5.0,,,,22
SF,MIA,2,MIA,SF,SF,24.0,3.0,pass,7.0,0,0,0,,,,,1.18694283178775,1.0,0.0,0.0,0.0,0.0,0.0,1.0,0.0,0.0,0.0,0.0,0.0,0.0,0.0,1.0,M.Willis,7.0,D.Achane,7.0,,,,,,22
SF,MIA,2,MIA,SF,SF,17.0,1.0,pass,0.0,0,0,0,,,,,-0.474970629613381,0.0,0.0,0.0,0.0,0.0,0.0,1.0,0.0,0.0,0.0,0.0,0.0,0.0,0.0,0.0,M.Willis,,G.Dulcich,,,,,,,22
SF,MIA,2,MIA,SF,SF,17.0,2.0,run,8.0,0,0,0,,,,,0.280898780038115,0.0,0.0,0.0,0.0,0.0,1.0,0.0,0.0,0.0,0.0,0.0,0.0,0.0,0.0,0.0,,,,,J.Wright,8.0,,,,22
SF,MIA,2,MIA,SF,SF,9.0,3.0,run,3.0,0,0,0,,,,,0.97604934341507,1.0,0.0,0.0,0.0,0.0,1.0,0.0,0.0,0.0,0.0,0.0,0.0,0.0,0.0,0.0,,,,,J.Wright,3.0,,,,22
SF,MIA,2,MIA,SF,SF,6.0,1.0,run,0.0,0,0,0,,,,,-0.633425632840954,0.0,0.0,0.0,0.0,0.0,1.0,0.0,0.0,0.0,0.0,0.0,0.0,0.0,0.0,0.0,,,,,D.Achane,0.0,,,,22
SF,MIA,2,,,,,,no_play,0.0,0,0,0,,,,,0.0,0.0,0.0,0.0,0.0,0.0,0.0,0.0,0.0,0.0,0.0,0.0,0.0,0.0,0.0,0.0,,,,,,,,,,22
SF,MIA,2,MIA,SF,SF,6.0,2.0,pass,-4.0,0,0,0,,,,,-1.21839551837184,0.0,0.0,0.0,0.0,0.0,0.0,1.0,1.0,0.0,0.0,0.0,0.0,0.0,0.0,0.0,M.Willis,,,,,,,,,22
SF,MIA,2,MIA,SF,SF,10.0,3.0,pass,0.0,0,0,0,,,,,-0.784636340407793,0.0,0.0,0.0,0.0,0.0,0.0,1.0,1.0,0.0,0.0,0.0,0.0,0.0,0.0,0.0,M.Willis,,,,,,,,,22
SF,MIA,2,MIA,SF,SF,10.0,4.0,field_goal,0.0,0,0,0,made,,,,0.11488218170232,0.0,0.0,0.0,0.0,0.0,0.0,0.0,0.0,0.0,0.0,0.0,0.0,0.0,0.0,0.0,,,,,,,,,,22
SF,MIA,2,SF,MIA,MIA,35.0,,kickoff,0.0,0,0,0,,,,,0.217353695770726,0.0,0.0,0.0,0.0,0.0,0.0,0.0,0.0,0.0,0.0,0.0,0.0,0.0,1.0,0.0,,,,,,,,,,22
SF,MIA,2,SF,MIA,SF,71.0,1.0,run,10.0,0,0,1,,,,,0.516529847634956,0.0,0.0,0.0,0.0,0.0,1.0,0.0,0.0,0.0,0.0,0.0,0.0,0.0,0.0,0.0,,,,,B.Purdy,10.0,,,,22
SF,MIA,2,SF,MIA,SF,61.0,1.0,run,5.0,0,0,0,,,,,0.0150291395839304,0.0,0.0,0.0,0.0,0.0,1.0,0.0,0.0,0.0,0.0,0.0,0.0,0.0,0.0,0.0,,,,,C.McCaffrey,5.0,,,,22
SF,MIA,2,SF,MIA,SF,56.0,2.0,pass,6.0,0,0,0,,,,,0.567296414403245,0.0,0.0,0.0,0.0,0.0,0.0,1.0,0.0,0.0,0.0,0.0,0.0,0.0,0.0,1.0,B.Purdy,6.0,D.Robinson,6.0,,,,,,22
SF,MIA,2,SF,MIA,50,50.0,1.0,run,18.0,0,0,1,,,,,1.35025239537936,0.0,0.0,0.0,1.0,0.0,1.0,0.0,0.0,0.0,0.0,0.0,0.0,0.0,0.0,0.0,,,,,B.Purdy,18.0,,MIA,5.0,22
SF,MIA,2,SF,MIA,MIA,27.0,1.0,run,4.0,0,0,0,,,,,-0.120405136607587,0.0,0.0,0.0,0.0,0.0,1.0,0.0,0.0,0.0,0.0,0.0,0.0,0.0,0.0,0.0,,,,,D.Samuel,4.0,,,,22
SF,MIA,2,,,,,,no_play,0.0,0,0,0,,,,,0.0,0.0,0.0,0.0,0.0,0.0,0.0,0.0,0.0,0.0,0.0,0.0,0.0,0.0,0.0,0.0,,,,,,,,,,22
SF,MIA,2,SF,MIA,MIA,23.0,2.0,pass,19.0,0,0,0,,,,,1.79694278092938,0.0,0.0,0.0,0.0,0.0,0.0,1.0,0.0,0.0,0.0,0.0,0.0,0.0,0.0,1.0,B.Purdy,19.0,D.Robinson,19.0,,,,,,22
SF,MIA,2,SF,MIA,MIA,4.0,1.0,run,2.0,0,0,0,,,,,-0.0095053911500144,0.0,0.0,0.0,0.0,0.0,1.0,0.0,0.0,0.0,0.0,0.0,0.0,0.0,0.0,0.0,,,,,C.McCaffrey,2.0,,,,22
SF,MIA,2,SF,MIA,MIA,2.0,2.0,run,2.0,0,0,1,,,,SF,1.25002879457315,0.0,0.0,0.0,0.0,0.0,1.0,0.0,0.0,1.0,0.0,1.0,0.0,0.0,0.0,0.0,,,,,B.Purdy,2.0,,,,22
SF,MIA,2,SF,MIA,MIA,15.0,,extra_point,0.0,0,0,0,,good,,,0.0675730031076331,0.0,0.0,0.0,0.0,0.0,0.0,0.0,0.0,0.0,0.0,0.0,1.0,0.0,0.0,0.0,,,,,,,,,,22
SF,MIA,2,MIA,SF,SF,35.0,,kickoff,0.0,0,0,0,,,,,0.766591806197539,0.0,0.0,0.0,0.0,0.0,0.0,0.0,0.0,0.0,0.0,0.0,0.0,0.0,1.0,0.0,,,,,,,,,,22
SF,MIA,2,MIA,SF,MIA,63.0,1.0,pass,0.0,0,0,0,,,,,-0.434744135476649,0.0,0.0,0.0,0.0,0.0,0.0,1.0,0.0,0.0,0.0,0.0,0.0,0.0,0.0,0.0,M.Willis,,D.Achane,,,,,,,22
SF,MIA,2,MIA,SF,MIA,63.0,2.0,run,4.0,0,0,0,,,,,-0.367025153478608,0.0,0.0,0.0,0.0,0.0,1.0,0.0,0.0,0.0,0.0,0.0,0.0,0.0,0.0,0.0,,,,,D.Achane,4.0,,,,22
SF,MIA,2,MIA,SF,MIA,59.0,3.0,no_play,0.0,0,0,0,,,,,2.05197152931942,0.0,0.0,0.0,1.0,0.0,0.0,0.0,0.0,0.0,0.0,0.0,0.0,0.0,0.0,0.0,,,,,,,,SF,15.0,22
SF,MIA,2,MIA,SF,SF,44.0,1.0,run,0.0,0,0,0,,,,,-0.579240129736718,0.0,0.0,0.0,0.0,0.0,1.0,0.0,0.0,0.0,0.0,0.0,0.0,0.0,0.0,0.0,,,,,D.Achane,0.0,,,,22
SF,MIA,2,MIA,SF,SF,44.0,2.0,pass,6.0,0,0,0,,,,,0.0637925896444358,0.0,0.0,0.0,0.0,0.0,0.0,1.0,0.0,0.0,0.0,0.0,0.0,0.0,0.0,1.0,M.Willis,6.0,D.Achane,6.0,,,,,,22
SF,MIA,2,MIA,SF,SF,38.0,3.0,no_play,0.0,0,0,0,,,,,-0.777278407360427,0.0,0.0,0.0,1.0,0.0,0.0,0.0,0.0,0.0,0.0,0.0,0.0,0.0,0.0,0.0,,,,,,,,MIA,5.0,22
SF,MIA,2,MIA,SF,SF,43.0,3.0,pass,23.0,0,0,0,,,,,2.67731508699944,1.0,0.0,0.0,0.0,0.0,0.0,1.0,0.0,0.0,0.0,0.0,0.0,0.0,0.0,1.0,M.Willis,23.0,M.Washington,23.0,,,,,,22
SF,MIA,2,MIA,SF,SF,20.0,1.0,run,1.0,0,0,0,,,,,-0.38725011551287,0.0,0.0,0.0,0.0,0.0,1.0,0.0,0.0,0.0,0.0,0.0,0.0,0.0,0.0,0.0,,,,,O.Gordon,1.0,,,,22
SF,MIA,2,MIA,SF,SF,19.0,2.0,run,4.0,0,0,0,,,,,0.0214466813486069,0.0,0.0,0.0,0.0,0.0,1.0,0.0,0.0,0.0,0.0,0.0,0.0,0.0,0.0,0.0,,,,,M.Washington,4.0,,,,22
SF,MIA,2,MIA,SF,SF,15.0,3.0,pass,8.0,0,0,0,,,,,1.07570267835399,1.0,0.0,0.0,0.0,0.0,0.0,1.0,0.0,0.0,0.0,0.0,0.0,0.0,0.0,1.0,M.Willis,8.0,C.Douglas,8.0,,,,,,22
SF,MIA,2,,,,,,no_play,0.0,0,0,0,,,,,0.0,0.0,0.0,0.0,0.0,0.0,0.0,0.0,0.0,0.0,0.0,0.0,0.0,0.0,0.0,0.0,,,,,,,,,,22
SF,MIA,2,MIA,SF,SF,7.0,1.0,run,5.0,0,0,0,,,,,0.0748373469687067,0.0,0.0,0.0,0.0,0.0,1.0,0.0,0.0,0.0,0.0,0.0,0.0,0.0,0.0,0.0,,,,,D.Achane,5.0,,,,22
SF,MIA,2,,,,,,no_play,0.0,0,0,0,,,,,0.0,0.0,0.0,0.0,0.0,0.0,0.0,0.0,0.0,0.0,0.0,0.0,0.0,0.0,0.0,0.0,,,,,,,,,,22
SF,MIA,2,MIA,SF,SF,2.0,2.0,run,-1.0,0,0,0,,,,,-1.16077164025046,0.0,0.0,0.0,0.0,0.0,1.0,0.0,0.0,0.0,0.0,0.0,0.0,0.0,0.0,0.0,,,,,D.Achane,-1.0,,,,22
SF,MIA,2,,,,,,no_play,0.0,0,0,0,,,,,0.0,0.0,0.0,0.0,0.0,0.0,0.0,0.0,0.0,0.0,0.0,0.0,0.0,0.0,0.0,0.0,,,,,,,,,,22
SF,MIA,2,MIA,SF,SF,3.0,3.0,no_play,0.0,0,0,0,,,,,-1.11495122953784,0.0,0.0,0.0,1.0,0.0,0.0,0.0,0.0,0.0,0.0,0.0,0.0,0.0,0.0,0.0,,,,,,,,MIA,10.0,22
SF,MIA,2,MIA,SF,SF,13.0,3.0,run,8.0,0,0,0,,,,,0.269182777729238,0.0,0.0,0.0,0.0,0.0,1.0,0.0,0.0,0.0,0.0,0.0,0.0,0.0,0.0,0.0,,,,,D.Achane,8.0,,,,22
SF,MIA,2,,,,,,no_play,0.0,0,0,0,,,,,0.0,0.0,0.0,0.0,0.0,0.0,0.0,0.0,0.0,0.0,0.0,0.0,0.0,0.0,0.0,0.0,,,,,,,,,,22
SF,MIA,2,MIA,SF,SF,5.0,4.0,field_goal,0.0,0,0,0,made,,,,0.050250002883022,0.0,0.0,0.0,0.0,0.0,0.0,0.0,0.0,0.0,0.0,0.0,0.0,0.0,0.0,0.0,,,,,,,,,,22
SF,MIA,2,,,,,,,,0,0,0,,,,,,,,,,,,,,,,,,,,,,,,,,,,,,22
SF,MIA,2,SF,MIA,MIA,35.0,,kickoff,0.0,0,0,0,,,,,0.562355830334127,0.0,0.0,0.0,0.0,0.0,0.0,0.0,0.0,0.0,0.0,0.0,0.0,0.0,1.0,0.0,,,,,,,,,,22
SF,MIA,2,SF,MIA,SF,65.0,1.0,pass,40.0,0,0,0,,,,,2.58832029742189,0.0,0.0,0.0,0.0,0.0,0.0,1.0,0.0,0.0,0.0,0.0,0.0,0.0,0.0,1.0,B.Purdy,40.0,G.Kittle,40.0,,,,,,22
SF,MIA,2,SF,MIA,MIA,25.0,1.0,run,5.0,0,0,0,,,,,0.0897525629261509,0.0,0.0,0.0,0.0,0.0,1.0,0.0,0.0,0.0,0.0,0.0,0.0,0.0,0.0,0.0,,,,,C.McCaffrey,5.0,,,,22
SF,MIA,2,SF,MIA,MIA,20.0,2.0,pass,8.0,0,0,0,,,,,0.583330397494137,0.0,0.0,0.0,0.0,0.0,0.0,1.0,0.0,0.0,0.0,0.0,0.0,0.0,0.0,1.0,B.Purdy,8.0,C.McCaffrey,8.0,,,,,,22
SF,MIA,2,SF,MIA,MIA,12.0,1.0,pass,12.0,0,0,0,,,,SF,1.7021431439789,0.0,0.0,0.0,0.0,0.0,0.0,1.0,0.0,1.0,1.0,0.0,0.0,0.0,0.0,1.0,B.Purdy,12.0,G.Kittle,12.0,,,,,,22
SF,MIA,2,SF,MIA,MIA,15.0,,extra_point,0.0,0,0,0,,good,,,0.0675730031076331,0.0,0.0,0.0,0.0,0.0,0.0,0.0,0.0,0.0,0.0,0.0,1.0,0.0,0.0,0.0,,,,,,,,,,22
SF,MIA,2,MIA,SF,SF,35.0,,kickoff,0.0,0,0,0,,,,,0.290292628575116,0.0,0.0,0.0,0.0,0.0,0.0,0.0,0.0,0.0,0.0,0.0,0.0,0.0,1.0,0.0,,,,,,,,,,22
SF,MIA,2,MIA,SF,MIA,71.0,1.0,run,5.0,0,0,0,,,,,-0.0362610770389438,0.0,0.0,0.0,0.0,0.0,1.0,0.0,0.0,0.0,0.0,0.0,0.0,0.0,0.0,0.0,,,,,D.Achane,5.0,,,,22
SF,MIA,2,MIA,SF,MIA,66.0,2.0,pass,-5.0,0,0,0,,,,,-1.30661051347852,0.0,0.0,0.0,0.0,0.0,0.0,1.0,1.0,0.0,0.0,0.0,0.0,0.0,0.0,0.0,M.Willis,,,,,,,,,22
SF,MIA,2,MIA,SF,MIA,71.0,3.0,pass,3.0,0,0,0,,,,,-1.05718200700358,0.0,0.0,0.0,0.0,0.0,0.0,1.0,0.0,0.0,0.0,0.0,0.0,0.0,0.0,1.0,M.Willis,3.0,M.Washington,3.0,,,,,,22
SF,MIA,2,MIA,SF,MIA,68.0,4.0,punt,0.0,0,0,0,,,,,-0.529842319199815,0.0,0.0,0.0,0.0,0.0,0.0,0.0,0.0,0.0,0.0,0.0,0.0,0.0,0.0,0.0,,,,,,,,,,22
SF,MIA,2,SF,MIA,SF,71.0,1.0,run,3.0,0,0,0,,,,,-0.306482115527615,0.0,0.0,0.0,0.0,0.0,1.0,0.0,0.0,0.0,0.0,0.0,0.0,0.0,0.0,0.0,,,,,C.McCaffrey,3.0,,,,22
SF,MIA,2,SF,MIA,SF,68.0,2.0,run,1.0,0,0,0,,,,,-0.716575248166919,0.0,0.0,0.0,0.0,0.0,1.0,0.0,0.0,0.0,0.0,0.0,0.0,0.0,0.0,0.0,,,,,C.McCaffrey,1.0,,,,22
SF,MIA,2,SF,MIA,SF,67.0,3.0,no_play,0.0,0,0,0,,,,,-0.795895691029728,0.0,0.0,0.0,1.0,0.0,0.0,0.0,0.0,0.0,0.0,0.0,0.0,0.0,0.0,0.0,,,,,,,,SF,5.0,22
SF,MIA,2,SF,MIA,SF,72.0,3.0,pass,21.0,0,0,0,,,,,3.02740130200982,1.0,0.0,0.0,0.0,0.0,0.0,1.0,0.0,0.0,0.0,0.0,0.0,0.0,0.0,1.0,B.Purdy,21.0,D.Samuel,21.0,,,,,,22
SF,MIA,2,SF,MIA,SF,51.0,1.0,pass,17.0,0,0,0,,,,,0.913501999340951,0.0,0.0,0.0,0.0,0.0,0.0,1.0,0.0,0.0,0.0,0.0,0.0,0.0,0.0,1.0,B.Purdy,17.0,M.Evans,17.0,,,,,,22
SF,MIA,2,SF,MIA,MIA,34.0,1.0,pass,21.0,0,0,0,,,,,1.36000278952997,0.0,0.0,0.0,0.0,0.0,0.0,1.0,0.0,0.0,0.0,0.0,0.0,0.0,0.0,1.0,B.Purdy,21.0,K.Juszczyk,21.0,,,,,,22
SF,MIA,2,SF,MIA,MIA,13.0,1.0,run,5.0,0,0,0,,,,,0.0868514545145445,0.0,0.0,0.0,0.0,0.0,1.0,0.0,0.0,0.0,0.0,0.0,0.0,0.0,0.0,0.0,,,,,K.Black,5.0,,,,22
SF,MIA,2,SF,MIA,MIA,8.0,2.0,pass,2.0,0,0,0,,,,,-0.603156019060407,0.0,0.0,0.0,0.0,0.0,0.0,1.0,0.0,0.0,0.0,0.0,0.0,0.0,0.0,1.0,B.Purdy,2.0,G.Kittle,2.0,,,,,,22
SF,MIA,2,SF,MIA,MIA,6.0,3.0,pass,6.0,0,0,0,,,,SF,2.2839055461809,1.0,0.0,0.0,0.0,0.0,0.0,1.0,0.0,1.0,1.0,0.0,0.0,0.0,0.0,1.0,B.Purdy,6.0,K.Juszczyk,6.0,,,,,,22
SF,MIA,2,SF,MIA,MIA,15.0,,extra_point,0.0,0,0,0,,good,,,0.0675730031076331,0.0,0.0,0.0,0.0,0.0,0.0,0.0,0.0,0.0,0.0,0.0,1.0,0.0,0.0,0.0,,,,,,,,,,22
SF,MIA,2,MIA,SF,SF,35.0,,kickoff,0.0,0,0,0,,,,,0.489045318681747,0.0,0.0,0.0,0.0,0.0,0.0,0.0,0.0,0.0,0.0,0.0,0.0,0.0,1.0,0.0,,,,,,,,,,22
SF,MIA,2,MIA,SF,MIA,67.0,1.0,pass,11.0,0,0,0,,,,,0.728701973333955,0.0,0.0,0.0,0.0,0.0,0.0,1.0,0.0,0.0,0.0,0.0,0.0,0.0,0.0,1.0,M.Willis,11.0,G.Dulcich,11.0,,,,,,22
SF,MIA,2,MIA,SF,MIA,56.0,1.0,run,2.0,0,0,0,,,,,-0.820923159364611,0.0,0.0,0.0,1.0,0.0,1.0,0.0,0.0,0.0,0.0,0.0,0.0,0.0,0.0,0.0,,,,,D.Achane,2.0,,MIA,10.0,22
SF,MIA,2,MIA,SF,MIA,64.0,1.0,run,3.0,0,0,0,,,,,-0.354442457668483,0.0,0.0,0.0,0.0,0.0,1.0,0.0,0.0,0.0,0.0,0.0,0.0,0.0,0.0,0.0,,,,,D.Achane,3.0,,,,22
SF,MIA,2,MIA,SF,MIA,61.0,2.0,pass,0.0,0,0,0,,,,,-0.920056360773742,0.0,0.0,0.0,0.0,0.0,0.0,1.0,0.0,0.0,0.0,0.0,0.0,0.0,0.0,0.0,M.Willis,,D.Achane,,,,,,,22
SF,MIA,2,MIA,SF,MIA,61.0,3.0,pass,0.0,0,0,0,,,,,-1.09704536013305,0.0,0.0,0.0,0.0,0.0,0.0,1.0,0.0,0.0,0.0,0.0,0.0,0.0,0.0,0.0,M.Willis,,C.Douglas,,,,,,,22
SF,MIA,2,MIA,SF,MIA,61.0,4.0,run,0.0,0,0,0,,,,,-3.22026351245586,0.0,0.0,0.0,0.0,0.0,1.0,0.0,0.0,0.0,0.0,0.0,0.0,0.0,0.0,0.0,,,,,B.Pinion,0.0,B.Pinion,,,22
SF,MIA,2,SF,MIA,MIA,28.0,1.0,pass,27.0,0,0,0,,,,,2.1800404379901,0.0,0.0,0.0,0.0,0.0,0.0,1.0,0.0,0.0,0.0,0.0,0.0,0.0,0.0,1.0,B.Purdy,27.0,M.Evans,27.0,,,,,,22
SF,MIA,2,SF,MIA,MIA,1.0,1.0,run,1.0,0,0,0,,,,SF,0.4958274239616,0.0,0.0,0.0,0.0,0.0,1.0,0.0,0.0,1.0,0.0,1.0,0.0,0.0,0.0,0.0,,,,,C.McCaffrey,1.0,,,,22
SF,MIA,2,SF,MIA,MIA,15.0,,extra_point,0.0,0,0,0,,good,,,0.0675730031076331,0.0,0.0,0.0,0.0,0.0,0.0,0.0,0.0,0.0,0.0,0.0,1.0,0.0,0.0,0.0,,,,,,,,,,22
SF,MIA,2,MIA,SF,SF,35.0,,kickoff,0.0,0,0,0,,,,,0.099978057667613,0.0,0.0,0.0,0.0,0.0,0.0,0.0,0.0,0.0,0.0,0.0,0.0,0.0,1.0,0.0,,,,,,,,,,22
SF,MIA,2,MIA,SF,MIA,73.0,1.0,pass,0.0,0,0,0,,,,,-0.561540879774839,0.0,0.0,0.0,0.0,0.0,0.0,1.0,0.0,0.0,0.0,0.0,0.0,0.0,0.0,0.0,M.Willis,,D.Herman,,,,,,,22
SF,MIA,2,MIA,SF,MIA,73.0,2.0,run,-1.0,0,0,0,,,,,-0.978648161515594,0.0,0.0,0.0,0.0,0.0,1.0,0.0,0.0,0.0,0.0,0.0,0.0,0.0,0.0,0.0,,,,,D.Achane,-1.0,,,,22
SF,MIA,2,MIA,SF,MIA,74.0,3.0,pass,4.0,0,0,0,,,,,-0.727405899669975,0.0,0.0,0.0,0.0,0.0,0.0,1.0,0.0,0.0,0.0,0.0,0.0,0.0,0.0,1.0,M.Willis,4.0,W.Kacmarek,4.0,,,,,,22
SF,MIA,2,MIA,SF,MIA,70.0,4.0,punt,0.0,0,0,0,,,,,0.841427666833624,0.0,0.0,0.0,1.0,0.0,0.0,0.0,0.0,0.0,0.0,0.0,0.0,0.0,0.0,0.0,,,,,,,,SF,10.0,22
SF,MIA,2,SF,MIA,SF,88.0,1.0,run,4.0,0,0,0,,,,,-0.250317579368129,0.0,0.0,0.0,0.0,0.0,1.0,0.0,0.0,0.0,0.0,0.0,0.0,0.0,0.0,0.0,,,,,K.Black,4.0,,,,22
SF,MIA,2,SF,MIA,SF,84.0,2.0,pass,26.0,0,0,0,,,,,2.08064267993905,0.0,0.0,0.0,0.0,0.0,0.0,1.0,0.0,0.0,0.0,0.0,0.0,0.0,0.0,1.0,B.Purdy,26.0,G.Kittle,26.0,,,,,,22
SF,MIA,2,SF,MIA,,,,,,0,0,0,,,,,0.0,,,,,,,,,,,,,,,,,,,,,,,,,22
SF,MIA,2,SF,MIA,SF,58.0,1.0,no_play,0.0,0,0,0,,,,,-0.838367619784549,0.0,0.0,0.0,1.0,0.0,0.0,0.0,0.0,0.0,0.0,0.0,0.0,0.0,0.0,0.0,,,,,,,,SF,10.0,22
SF,MIA,2,SF,MIA,SF,68.0,1.0,pass,8.0,0,0,0,,,,,-0.103746097534895,0.0,0.0,0.0,0.0,0.0,0.0,1.0,0.0,0.0,0.0,0.0,0.0,0.0,0.0,1.0,B.Purdy,8.0,D.Samuel,8.0,,,,,,22
SF,MIA,2,SF,MIA,SF,60.0,2.0,no_play,0.0,0,0,0,,,,,-0.709095220081508,0.0,0.0,0.0,1.0,0.0,0.0,0.0,0.0,0.0,0.0,0.0,0.0,0.0,0.0,0.0,,,,,,,,SF,10.0,22
SF,MIA,2,SF,MIA,SF,70.0,2.0,pass,18.0,0,0,0,,,,,1.03852834762074,0.0,0.0,0.0,0.0,0.0,0.0,1.0,0.0,0.0,0.0,0.0,0.0,0.0,0.0,1.0,B.Purdy,18.0,K.Hodge,18.0,,,,,,22
SF,MIA,2,SF,MIA,SF,52.0,3.0,pass,8.0,0,0,0,,,,,1.34054982638918,1.0,0.0,0.0,0.0,0.0,0.0,1.0,0.0,0.0,0.0,0.0,0.0,0.0,0.0,1.0,B.Purdy,8.0,C.McCaffrey,8.0,,,,,,22
SF,MIA,2,SF,MIA,MIA,44.0,1.0,run,3.0,0,0,0,,,,,-0.23559246188961,0.0,0.0,0.0,0.0,0.0,1.0,0.0,0.0,0.0,0.0,0.0,0.0,0.0,0.0,0.0,,,,,K.Black,3.0,,,,22
SF,MIA,2,SF,MIA,MIA,41.0,2.0,run,2.0,0,0,0,,,,,-0.526001520687714,0.0,0.0,0.0,0.0,0.0,1.0,0.0,0.0,0.0,0.0,0.0,0.0,0.0,0.0,0.0,,,,,K.Black,2.0,,,,22
SF,MIA,2,SF,MIA,MIA,39.0,3.0,pass,0.0,0,0,0,,,,,-2.75687073729932,0.0,0.0,0.0,1.0,0.0,0.0,1.0,0.0,0.0,0.0,0.0,0.0,0.0,0.0,0.0,B.Purdy,,,,,,,SF,18.0,22
SF,MIA,2,SF,MIA,SF,57.0,4.0,no_play,,0,0,0,,,,,0.0052502853795886,,,,,,,,,,,,,,,,,,,,,,,,,22
SF,MIA,2,SF,MIA,SF,57.0,4.0,punt,0.0,0,0,0,,,,,-0.0712993261404336,0.0,0.0,0.0,0.0,0.0,0.0,0.0,0.0,0.0,0.0,0.0,0.0,0.0,0.0,0.0,,,,,,,,,,22
SF,MIA,2,MIA,SF,MIA,82.0,1.0,run,6.0,0,0,0,,,,,0.142610229551792,0.0,0.0,0.0,0.0,0.0,1.0,0.0,0.0,0.0,0.0,0.0,0.0,0.0,0.0,0.0,,,,,D.Achane,6.0,,,,22
SF,MIA,2,MIA,SF,MIA,76.0,2.0,run,-3.0,0,0,0,,,,,-1.15561171201989,0.0,0.0,0.0,0.0,0.0,1.0,0.0,0.0,0.0,0.0,0.0,0.0,0.0,0.0,0.0,,,,,D.Achane,-3.0,,,,22
SF,MIA,2,MIA,SF,MIA,79.0,3.0,pass,11.0,0,0,0,,,,,1.95229341182858,1.0,0.0,0.0,0.0,0.0,0.0,1.0,0.0,0.0,0.0,0.0,0.0,0.0,0.0,1.0,M.Willis,11.0,C.Douglas,11.0,,,,,,22
SF,MIA,2,MIA,SF,MIA,68.0,1.0,no_play,0.0,0,0,0,,,,,-0.972297920845449,0.0,0.0,0.0,1.0,0.0,0.0,0.0,0.0,0.0,0.0,0.0,0.0,0.0,0.0,0.0,,,,,,,,MIA,10.0,22
SF,MIA,2,MIA,SF,MIA,78.0,1.0,pass,6.0,0,0,0,,,,,-0.10025135660544,0.0,0.0,0.0,0.0,0.0,0.0,1.0,0.0,0.0,0.0,0.0,0.0,0.0,0.0,1.0,M.Willis,6.0,G.Dulcich,6.0,,,,,,22
SF,MIA,2,MIA,SF,MIA,72.0,2.0,pass,0.0,0,0,0,,,,,-0.966528246644884,0.0,0.0,0.0,0.0,0.0,0.0,1.0,0.0,0.0,0.0,0.0,0.0,0.0,0.0,0.0,M.Willis,,C.Bell,,,,,,,22
SF,MIA,2,,,,,,no_play,0.0,0,0,0,,,,,0.0,0.0,0.0,0.0,0.0,0.0,0.0,0.0,0.0,0.0,0.0,0.0,0.0,0.0,0.0,0.0,,,,,,,,,,22
SF,MIA,2,MIA,SF,MIA,72.0,3.0,pass,-6.0,0,0,0,,,,,-1.09128203894943,0.0,0.0,0.0,0.0,0.0,0.0,1.0,1.0,0.0,0.0,0.0,0.0,0.0,0.0,0.0,M.Willis,,,,,,,,,22
SF,MIA,2,MIA,SF,MIA,78.0,4.0,punt,0.0,0,0,0,,,,,-0.328218799782917,0.0,0.0,0.0,0.0,0.0,0.0,0.0,0.0,0.0,0.0,0.0,0.0,0.0,0.0,0.0,,,,,,,,,,22
SF,MIA,2,SF,MIA,SF,64.0,1.0,run,2.0,0,0,0,,,,,-0.491180282784626,0.0,0.0,0.0,0.0,0.0,1.0,0.0,0.0,0.0,0.0,0.0,0.0,0.0,0.0,0.0,,,,,J.James,2.0,,,,22
SF,MIA,2,SF,MIA,SF,62.0,2.0,run,2.0,0,0,0,,,,,-0.486627538688481,0.0,0.0,0.0,0.0,0.0,1.0,0.0,0.0,0.0,0.0,0.0,0.0,0.0,0.0,0.0,,,,,J.James,2.0,,,,22
SF,MIA,2,SF,MIA,SF,60.0,3.0,no_play,0.0,0,0,1,,,,,-1.08423748426139,0.0,0.0,0.0,1.0,0.0,0.0,0.0,0.0,0.0,0.0,0.0,0.0,0.0,0.0,0.0,,,,,,,,SF,10.0,22
SF,MIA,2,SF,MIA,SF,70.0,3.0,run,6.0,0,0,0,,,,,-0.409295714460313,0.0,0.0,0.0,0.0,0.0,1.0,0.0,0.0,0.0,0.0,0.0,0.0,0.0,0.0,0.0,,,,,K.Black,6.0,,,,22
SF,MIA,2,SF,MIA,SF,64.0,4.0,punt,0.0,0,0,0,,,,,0.403710208134726,0.0,0.0,0.0,0.0,0.0,0.0,0.0,0.0,0.0,0.0,0.0,0.0,0.0,0.0,0.0,,,,,,,,,,22
SF,MIA,2,MIA,SF,MIA,83.0,1.0,run,1.0,0,0,0,,,,,-0.305308843264356,0.0,0.0,0.0,0.0,0.0,1.0,0.0,0.0,0.0,0.0,0.0,0.0,0.0,0.0,0.0,,,,,O.Gordon,1.0,,,,22
SF,MIA,2,MIA,SF,MIA,82.0,2.0,run,5.0,0,0,0,,,,,0.181463433429599,0.0,0.0,0.0,0.0,0.0,1.0,0.0,0.0,0.0,0.0,0.0,0.0,0.0,0.0,0.0,,,,,O.Gordon,5.0,,,,22
SF,MIA,2,MIA,SF,MIA,77.0,3.0,pass,77.0,0,0,0,,,,MIA,7.01091622002423,1.0,0.0,0.0,0.0,0.0,0.0,1.0,0.0,1.0,1.0,0.0,0.0,0.0,0.0,1.0,M.Willis,77.0,R.Miller,77.0,,,,,,22
SF,MIA,2,MIA,SF,SF,15.0,,extra_point,0.0,0,0,0,,good,,,0.0675730031076331,0.0,0.0,0.0,0.0,0.0,0.0,0.0,0.0,0.0,0.0,0.0,1.0,0.0,0.0,0.0,,,,,,,,,,22
SF,MIA,2,SF,MIA,MIA,35.0,,kickoff,0.0,0,0,0,,,,,0.120023928931914,0.0,0.0,0.0,0.0,0.0,0.0,0.0,0.0,0.0,0.0,0.0,0.0,0.0,1.0,0.0,,,,,,,,,,22
SF,MIA,2,SF,MIA,SF,73.0,1.0,run,8.0,0,0,0,,,,,0.213767270441167,0.0,0.0,0.0,0.0,0.0,1.0,0.0,0.0,0.0,0.0,0.0,0.0,0.0,0.0,0.0,,,,,J.James,8.0,,,,22
SF,MIA,2,SF,MIA,SF,65.0,2.0,run,3.0,0,0,0,,,,,-1.37910646526143,0.0,0.0,0.0,0.0,0.0,1.0,0.0,0.0,0.0,0.0,0.0,0.0,0.0,0.0,0.0,,,,,J.James,3.0,,,,22
SF,MIA,2,SF,MIA,SF,62.0,1.0,qb_kneel,-1.0,1,0,0,,,,,0.0,0.0,0.0,0.0,0.0,0.0,1.0,0.0,0.0,0.0,0.0,0.0,0.0,0.0,0.0,0.0,,,,,M.Jones,-1.0,,,,22
SF,MIA,2,SF,MIA,SF,63.0,2.0,qb_kneel,-1.0,1,0,0,,,,,0.0,0.0,0.0,0.0,0.0,0.0,1.0,0.0,0.0,0.0,0.0,0.0,0.0,0.0,0.0,0.0,,,,,M.Jones,-1.0,,,,22
SF,MIA,2,SF,MIA,,,,,,0,0,0,,,,,,,,,,,,,,,,,,,,,,,,,,,,,,22
CHI,MIN,2,,,,,,,,0,0,0,,,,,0.0,,,,,,,,,,,,,,,,,,,,,,,,,-6
CHI,MIN,2,MIN,CHI,CHI,35.0,,kickoff,0.0,0,0,0,,,,,0.13001302909106,0.0,0.0,0.0,0.0,0.0,0.0,0.0,0.0,0.0,0.0,0.0,0.0,0.0,1.0,0.0,,,,,,,,,,-6
CHI,MIN,2,MIN,CHI,MIN,72.0,1.0,run,8.0,0,0,0,,,,,0.765053167939186,0.0,0.0,0.0,0.0,0.0,1.0,0.0,0.0,0.0,0.0,0.0,0.0,0.0,0.0,0.0,,,,,A.Jones,8.0,,,,-6
CHI,MIN,2,MIN,CHI,MIN,64.0,2.0,pass,30.0,0,0,0,,,,,1.91054756008089,0.0,0.0,0.0,0.0,0.0,0.0,1.0,0.0,0.0,0.0,0.0,0.0,0.0,0.0,1.0,C.Wentz,30.0,J.Jefferson,30.0,,,,,,-6
CHI,MIN,2,MIN,CHI,CHI,34.0,1.0,pass,0.0,0,0,0,,,,,-0.520349915255792,0.0,0.0,0.0,0.0,0.0,0.0,1.0,0.0,0.0,0.0,0.0,0.0,0.0,0.0,0.0,C.Wentz,,,,,,,,,-6
CHI,MIN,2,MIN,CHI,CHI,34.0,2.0,pass,6.0,0,0,0,,,,,0.274294119444676,0.0,0.0,0.0,0.0,0.0,0.0,1.0,0.0,0.0,0.0,0.0,0.0,0.0,0.0,1.0,C.Wentz,6.0,J.Addison,6.0,,,,,,-6
CHI,MIN,2,MIN,CHI,CHI,28.0,3.0,pass,7.0,0,0,0,,,,,1.2467276842799,1.0,0.0,0.0,0.0,0.0,0.0,1.0,0.0,0.0,0.0,0.0,0.0,0.0,0.0,1.0,C.Wentz,7.0,T.Hockenson,7.0,,,,,,-6
CHI,MIN,2,MIN,CHI,CHI,21.0,1.0,pass,0.0,0,0,0,,,,,-0.469610717729665,0.0,0.0,0.0,0.0,0.0,0.0,1.0,0.0,0.0,0.0,0.0,0.0,0.0,0.0,0.0,C.Wentz,,J.Addison,,,,,,,-6
CHI,MIN,2,MIN,CHI,CHI,21.0,2.0,run,4.0,0,0,1,,,,,-0.395341919967905,0.0,0.0,0.0,0.0,0.0,1.0,0.0,0.0,0.0,0.0,0.0,0.0,0.0,0.0,0.0,,,,,C.Wentz,4.0,,,,-6
CHI,MIN,2,MIN,CHI,CHI,17.0,3.0,pass,0.0,0,0,0,,,,,-1.04661877288147,0.0,0.0,0.0,0.0,0.0,0.0,1.0,0.0,0.0,0.0,0.0,0.0,0.0,0.0,0.0,C.Wentz,,J.Jefferson,,,,,,,-6
CHI,MIN,2,MIN,CHI,CHI,17.0,4.0,field_goal,0.0,0,0,0,made,,,,0.33506339821163,0.0,0.0,0.0,0.0,0.0,0.0,0.0,0.0,0.0,0.0,0.0,0.0,0.0,0.0,0.0,,,,,,,,,,-6
CHI,MIN,2,CHI,MIN,MIN,35.0,,kickoff,0.0,0,0,0,,,,,0.360698644537479,0.0,0.0,0.0,0.0,0.0,0.0,0.0,0.0,0.0,0.0,0.0,0.0,0.0,1.0,0.0,,,,,,,,,,-6
CHI,MIN,2,CHI,MIN,CHI,69.0,1.0,pass,7.0,0,0,0,,,,,0.336559837218374,0.0,0.0,0.0,0.0,0.0,0.0,1.0,0.0,0.0,0.0,0.0,0.0,0.0,0.0,1.0,C.Williams,7.0,D.Swift,7.0,,,,,,-6
CHI,MIN,2,CHI,MIN,CHI,62.0,2.0,run,17.0,0,0,0,,,,,1.15282310312614,0.0,0.0,0.0,0.0,0.0,1.0,0.0,0.0,0.0,0.0,0.0,0.0,0.0,0.0,0.0,,,,,C.Williams,17.0,C.Williams,,,-6
CHI,MIN,2,CHI,MIN,MIN,45.0,1.0,run,7.0,0,0,0,,,,,0.282046844949946,0.0,0.0,0.0,0.0,0.0,1.0,0.0,0.0,0.0,0.0,0.0,0.0,0.0,0.0,0.0,,,,,D.Swift,7.0,,,,-6
CHI,MIN,2,CHI,MIN,MIN,38.0,2.0,run,2.0,0,0,0,,,,,-0.192539072595537,0.0,0.0,0.0,0.0,0.0,1.0,0.0,0.0,0.0,0.0,0.0,0.0,0.0,0.0,0.0,,,,,D.Swift,2.0,,,,-6
CHI,MIN,2,CHI,MIN,MIN,36.0,3.0,run,1.0,0,0,0,,,,,0.504211687017232,1.0,0.0,0.0,0.0,0.0,1.0,0.0,0.0,0.0,0.0,0.0,0.0,0.0,0.0,0.0,,,,,D.Swift,1.0,,,,-6
CHI,MIN,2,CHI,MIN,MIN,35.0,1.0,no_play,,0,0,0,,,,,-0.000921151950024,,,,,,,,,,,,,,,,,,,,,,,,,-6
CHI,MIN,2,CHI,MIN,MIN,35.0,1.0,run,3.0,0,0,0,,,,,-0.174867527093738,0.0,0.0,0.0,0.0,0.0,1.0,0.0,0.0,0.0,0.0,0.0,0.0,0.0,0.0,0.0,,,,,K.Monangai,3.0,,,,-6
CHI,MIN,2,CHI,MIN,MIN,32.0,2.0,no_play,0.0,0,0,0,,,,,-1.38860479334835,0.0,0.0,0.0,1.0,0.0,0.0,0.0,0.0,0.0,0.0,0.0,0.0,0.0,0.0,0.0,,,,,,,,CHI,10.0,-6
CHI,MIN,2,CHI,MIN,MIN,42.0,2.0,pass,4.0,0,0,0,,,,,-0.666612365283072,0.0,0.0,0.0,0.0,0.0,0.0,1.0,0.0,0.0,0.0,0.0,0.0,0.0,0.0,1.0,C.Williams,4.0,K.Monangai,4.0,,,,,,-6
CHI,MIN,2,CHI,MIN,MIN,38.0,3.0,run,6.0,0,0,1,,,,,-0.470545855031676,0.0,0.0,0.0,0.0,0.0,1.0,0.0,0.0,0.0,0.0,0.0,0.0,0.0,0.0,0.0,,,,,C.Williams,6.0,,,,-6
CHI,MIN,2,CHI,MIN,MIN,32.0,4.0,field_goal,0.0,0,0,0,made,,,,1.8217191793093,0.0,0.0,0.0,0.0,0.0,0.0,0.0,0.0,0.0,0.0,0.0,0.0,0.0,0.0,0.0,,,,,,,,,,-6
CHI,MIN,2,MIN,CHI,CHI,35.0,,kickoff,0.0,0,0,0,,,,,0.0252014542929828,0.0,0.0,0.0,0.0,0.0,0.0,0.0,0.0,0.0,0.0,0.0,0.0,0.0,1.0,0.0,,,,,,,,,,-6
CHI,MIN,2,MIN,CHI,MIN,74.0,1.0,run,4.0,0,0,0,,,,,-0.0463583674281836,0.0,0.0,0.0,0.0,0.0,1.0,0.0,0.0,0.0,0.0,0.0,0.0,0.0,0.0,0.0,,,,,A.Jones,4.0,,,,-6
CHI,MIN,2,MIN,CHI,MIN,70.0,2.0,run,4.0,0,0,0,,,,,-0.10314199142158,0.0,0.0,0.0,0.0,0.0,1.0,0.0,0.0,0.0,0.0,0.0,0.0,0.0,0.0,0.0,,,,,A.Jones,4.0,,,,-6
CHI,MIN,2,MIN,CHI,MIN,66.0,3.0,run,0.0,0,0,0,,,,,-3.45555927231908,0.0,0.0,0.0,0.0,0.0,1.0,0.0,0.0,0.0,0.0,0.0,0.0,0.0,0.0,0.0,,,,,C.Wentz,0.0,C.Wentz,,,-6
CHI,MIN,2,MIN,CHI,MIN,88.0,4.0,punt,0.0,0,0,0,,,,,0.274780299048871,0.0,0.0,0.0,0.0,0.0,0.0,0.0,0.0,0.0,0.0,0.0,0.0,0.0,0.0,0.0,,,,,,,,,,-6
CHI,MIN,2,CHI,MIN,CHI,58.0,1.0,no_play,0.0,0,0,0,,,,,-0.576554835774005,0.0,0.0,0.0,1.0,0.0,0.0,0.0,0.0,0.0,0.0,0.0,0.0,0.0,0.0,0.0,,,,,,,,CHI,5.0,-6
CHI,MIN,2,CHI,MIN,CHI,63.0,1.0,run,0.0,0,0,0,,,,,-0.543576461263001,0.0,0.0,0.0,0.0,0.0,1.0,0.0,0.0,0.0,0.0,0.0,0.0,0.0,0.0,0.0,,,,,D.Swift,0.0,,,,-6
CHI,MIN,2,CHI,MIN,CHI,63.0,2.0,pass,3.0,0,0,0,,,,,-0.705804824829102,0.0,0.0,0.0,0.0,0.0,0.0,1.0,0.0,0.0,0.0,0.0,0.0,0.0,0.0,1.0,C.Williams,3.0,C.Loveland,3.0,,,,,,-6
CHI,MIN,2,CHI,MIN,CHI,60.0,3.0,no_play,0.0,0,0,0,,,,,0.741479664575309,0.0,0.0,0.0,1.0,0.0,0.0,0.0,0.0,0.0,0.0,0.0,0.0,0.0,0.0,0.0,,,,,,,,MIN,5.0,-6
CHI,MIN,2,CHI,MIN,CHI,55.0,3.0,no_play,0.0,0,0,0,,,,,-0.741866676136851,0.0,0.0,0.0,1.0,0.0,0.0,0.0,0.0,0.0,0.0,0.0,0.0,0.0,0.0,0.0,,,,,,,,CHI,5.0,-6
CHI,MIN,2,CHI,MIN,CHI,60.0,3.0,pass,0.0,0,0,0,,,,,-2.02899849833921,0.0,0.0,1.0,0.0,0.0,0.0,1.0,0.0,0.0,0.0,0.0,0.0,0.0,0.0,0.0,C.Williams,,L.Burden,,,,,,,-6
CHI,MIN,2,MIN,CHI,MIN,65.0,1.0,run,3.0,0,0,0,,,,,-0.183798402082175,0.0,0.0,0.0,0.0,0.0,1.0,0.0,0.0,0.0,0.0,0.0,0.0,0.0,0.0,0.0,,,,,A.Jones,3.0,,,,-6
CHI,MIN,2,MIN,CHI,MIN,62.0,2.0,run,4.0,0,0,0,,,,,-0.150654157390818,0.0,0.0,0.0,0.0,0.0,1.0,0.0,0.0,0.0,0.0,0.0,0.0,0.0,0.0,0.0,,,,,A.Jones,4.0,,,,-6
CHI,MIN,2,MIN,CHI,MIN,58.0,3.0,pass,0.0,0,0,0,,,,,-1.6268283247482,0.0,0.0,0.0,0.0,0.0,0.0,1.0,0.0,0.0,0.0,0.0,0.0,0.0,0.0,0.0,C.Wentz,,J.Addison,,,,,,,-6
CHI,MIN,2,MIN,CHI,MIN,58.0,4.0,punt,0.0,0,0,0,,,,,0.181266185129061,0.0,0.0,0.0,0.0,0.0,0.0,0.0,0.0,0.0,0.0,0.0,0.0,0.0,0.0,0.0,,,,,,,,,,-6
CHI,MIN,2,CHI,MIN,CHI,88.0,1.0,run,2.0,0,0,0,,,,,-0.538305836031213,0.0,0.0,0.0,0.0,0.0,1.0,0.0,0.0,0.0,0.0,0.0,0.0,0.0,0.0,0.0,,,,,K.Monangai,2.0,,,,-6
CHI,MIN,2,CHI,MIN,,,,,,0,0,0,,,,,0.0,,,,,,,,,,,,,,,,,,,,,,,,,-6
CHI,MIN,2,CHI,MIN,CHI,86.0,2.0,run,0.0,0,0,0,,,,,-0.735884630121291,0.0,0.0,0.0,0.0,0.0,1.0,0.0,0.0,0.0,0.0,0.0,0.0,0.0,0.0,0.0,,,,,K.Monangai,0.0,,,,-6
CHI,MIN,2,CHI,MIN,CHI,86.0,3.0,pass,0.0,0,0,0,,,,,-1.22281630709767,0.0,0.0,0.0,0.0,0.0,0.0,1.0,0.0,0.0,0.0,0.0,0.0,0.0,0.0,0.0,C.Williams,,R.Odunze,,,,,,,-6
CHI,MIN,2,CHI,MIN,CHI,86.0,4.0,punt,0.0,0,0,0,,,,,0.543280516285449,0.0,0.0,0.0,0.0,0.0,0.0,0.0,0.0,0.0,0.0,0.0,0.0,0.0,0.0,0.0,,,,,,,,,,-6
CHI,MIN,2,MIN,CHI,MIN,64.0,1.0,pass,0.0,0,0,0,,,,,-0.499272512272,0.0,0.0,0.0,0.0,0.0,0.0,1.0,0.0,0.0,0.0,0.0,0.0,0.0,0.0,0.0,C.Wentz,,T.Hockenson,,,,,,,-6
CHI,MIN,2,MIN,CHI,MIN,64.0,2.0,run,6.0,0,0,0,,,,,-0.0967575707472861,0.0,0.0,0.0,0.0,0.0,1.0,0.0,0.0,0.0,0.0,0.0,0.0,0.0,0.0,0.0,,,,,A.Jones,6.0,,,,-6
CHI,MIN,2,MIN,CHI,MIN,58.0,3.0,pass,16.0,0,0,0,,,,,1.96180122764781,1.0,0.0,0.0,0.0,0.0,0.0,1.0,0.0,0.0,0.0,0.0,0.0,0.0,0.0,1.0,C.Wentz,16.0,J.Jefferson,16.0,,,,,,-6
CHI,MIN,2,MIN,CHI,CHI,42.0,1.0,run,7.0,0,0,0,,,,,0.430033048731275,0.0,0.0,0.0,0.0,0.0,1.0,0.0,0.0,0.0,0.0,0.0,0.0,0.0,0.0,0.0,,,,,A.Jones,7.0,,,,-6
CHI,MIN,2,MIN,CHI,CHI,35.0,2.0,run,1.0,0,0,0,,,,,-0.571900580893271,0.0,0.0,0.0,0.0,0.0,1.0,0.0,0.0,0.0,0.0,0.0,0.0,0.0,0.0,0.0,,,,,A.Jones,1.0,,,,-6
CHI,MIN,2,MIN,CHI,CHI,34.0,3.0,run,1.0,0,0,0,,,,,-0.73714486300014,0.0,0.0,0.0,0.0,0.0,1.0,0.0,0.0,0.0,0.0,0.0,0.0,0.0,0.0,0.0,,,,,A.Jones,1.0,,,,-6
CHI,MIN,2,MIN,CHI,CHI,33.0,4.0,run,2.0,0,0,0,,,,,1.69873362139333,0.0,1.0,0.0,0.0,0.0,1.0,0.0,0.0,0.0,0.0,0.0,0.0,0.0,0.0,0.0,,,,,C.Wentz,2.0,,,,-6
CHI,MIN,2,MIN,CHI,CHI,31.0,1.0,run,-2.0,0,0,0,,,,,-0.853889610036276,0.0,0.0,0.0,0.0,0.0,1.0,0.0,0.0,0.0,0.0,0.0,0.0,0.0,0.0,0.0,,,,,A.Jones,-2.0,,,,-6
CHI,MIN,2,MIN,CHI,CHI,33.0,2.0,pass,0.0,0,0,0,,,,,-0.743842075346038,0.0,0.0,0.0,0.0,0.0,0.0,1.0,0.0,0.0,0.0,0.0,0.0,0.0,0.0,0.0,C.Wentz,,J.Jefferson,,,,,,,-6
CHI,MIN,2,MIN,CHI,CHI,33.0,3.0,pass,2.0,0,0,0,,,,,-0.732057184187663,0.0,0.0,0.0,0.0,0.0,0.0,1.0,0.0,0.0,0.0,0.0,0.0,0.0,0.0,1.0,C.Wentz,2.0,D.Claiborne,2.0,,,,,,-6
CHI,MIN,2,MIN,CHI,CHI,31.0,4.0,field_goal,0.0,0,0,0,made,,,,1.54666042581384,0.0,0.0,0.0,0.0,0.0,0.0,0.0,0.0,0.0,0.0,0.0,0.0,0.0,0.0,0.0,,,,,,,,,,-6
CHI,MIN,2,CHI,MIN,MIN,35.0,,kickoff,0.0,0,0,0,,,,,-0.556915341876447,0.0,0.0,0.0,0.0,0.0,0.0,0.0,0.0,0.0,0.0,0.0,0.0,0.0,1.0,0.0,,,,,,,,,,-6
CHI,MIN,2,CHI,MIN,CHI,82.0,1.0,run,2.0,0,0,0,,,,,-0.298392785713077,0.0,0.0,0.0,0.0,0.0,1.0,0.0,0.0,0.0,0.0,0.0,0.0,0.0,0.0,0.0,,,,,D.Swift,2.0,,,,-6
CHI,MIN,2,CHI,MIN,CHI,80.0,2.0,pass,4.0,0,0,0,,,,,-0.260351561009884,0.0,0.0,0.0,0.0,0.0,0.0,1.0,0.0,0.0,0.0,0.0,0.0,0.0,0.0,1.0,C.Williams,4.0,K.Raymond,4.0,,,,,,-6
CHI,MIN,2,CHI,MIN,CHI,76.0,3.0,pass,16.0,0,0,0,,,,,1.88738875812851,1.0,0.0,0.0,0.0,0.0,0.0,1.0,0.0,0.0,0.0,0.0,0.0,0.0,0.0,1.0,C.Williams,16.0,K.Raymond,16.0,,,,,,-6
CHI,MIN,2,CHI,MIN,CHI,60.0,1.0,pass,0.0,0,0,0,,,,,-0.457130550639704,0.0,0.0,0.0,0.0,0.0,0.0,1.0,0.0,0.0,0.0,0.0,0.0,0.0,0.0,0.0,C.Williams,,,,,,,,,-6
CHI,MIN,2,CHI,MIN,CHI,60.0,2.0,pass,5.0,0,0,0,,,,,1.79240928322542,0.0,0.0,0.0,1.0,0.0,0.0,1.0,0.0,0.0,0.0,0.0,0.0,0.0,0.0,1.0,C.Williams,5.0,K.Raymond,5.0,,,,MIN,15.0,-6
CHI,MIN,2,CHI,MIN,MIN,40.0,1.0,run,-2.0,0,0,0,,,,,-1.05490870133508,0.0,0.0,0.0,0.0,0.0,1.0,0.0,0.0,0.0,0.0,0.0,0.0,0.0,0.0,0.0,,,,,D.Swift,-2.0,,,,-6
CHI,MIN,2,CHI,MIN,MIN,42.0,2.0,run,6.0,0,0,0,,,,,0.0829441330279224,0.0,0.0,0.0,0.0,0.0,1.0,0.0,0.0,0.0,0.0,0.0,0.0,0.0,0.0,0.0,,,,,D.Swift,6.0,,,,-6
CHI,MIN,2,CHI,MIN,MIN,36.0,3.0,run,3.0,0,0,0,,,,,-0.944951908721123,0.0,0.0,0.0,0.0,0.0,1.0,0.0,0.0,0.0,0.0,0.0,0.0,0.0,0.0,0.0,,,,,D.Swift,3.0,,,,-6
CHI,MIN,2,CHI,MIN,MIN,33.0,4.0,pass,3.0,0,0,0,,,,,2.1494797441992,0.0,1.0,0.0,0.0,0.0,0.0,1.0,0.0,0.0,0.0,0.0,0.0,0.0,0.0,1.0,C.Williams,3.0,D.Swift,3.0,,,,,,-6
CHI,MIN,2,CHI,MIN,MIN,30.0,1.0,no_play,0.0,0,0,0,,,,,-0.758903869253118,0.0,0.0,0.0,1.0,0.0,0.0,0.0,0.0,0.0,0.0,0.0,0.0,0.0,0.0,0.0,,,,,,,,CHI,5.0,-6
CHI,MIN,2,CHI,MIN,MIN,35.0,1.0,run,3.0,0,0,0,,,,,-0.401724414492492,0.0,0.0,0.0,1.0,0.0,1.0,0.0,0.0,0.0,0.0,0.0,0.0,0.0,0.0,0.0,,,,,D.Swift,3.0,,CHI,10.0,-6
CHI,MIN,2,CHI,MIN,MIN,42.0,1.0,pass,0.0,0,0,0,,,,,-0.953950883296784,0.0,0.0,0.0,1.0,0.0,0.0,1.0,0.0,0.0,0.0,0.0,0.0,0.0,0.0,0.0,C.Williams,,,,,,,CHI,13.0,-6
CHI,MIN,2,CHI,MIN,CHI,55.0,2.0,pass,11.0,0,0,0,,,,,-0.166953856823966,0.0,0.0,0.0,0.0,0.0,0.0,1.0,0.0,0.0,0.0,0.0,0.0,0.0,0.0,1.0,C.Williams,11.0,D.Swift,11.0,,,,,,-6
CHI,MIN,2,CHI,MIN,MIN,44.0,3.0,no_play,0.0,0,0,0,,,,,-0.205887186806649,0.0,0.0,0.0,1.0,0.0,0.0,0.0,0.0,0.0,0.0,0.0,0.0,0.0,0.0,0.0,,,,,,,,CHI,5.0,-6
CHI,MIN,2,CHI,MIN,MIN,49.0,3.0,pass,0.0,0,0,0,,,,,-1.19211084954441,0.0,0.0,0.0,0.0,0.0,0.0,1.0,0.0,0.0,0.0,0.0,0.0,0.0,0.0,0.0,C.Williams,,C.Kmet,,,,,,,-6
CHI,MIN,2,CHI,MIN,MIN,49.0,4.0,punt,0.0,0,0,0,,,,,0.0441064507467672,0.0,0.0,0.0,0.0,0.0,0.0,0.0,0.0,0.0,0.0,0.0,0.0,0.0,0.0,0.0,,,,,,,,,,-6
CHI,MIN,2,MIN,CHI,MIN,88.0,1.0,run,8.0,0,0,0,,,,,0.272284524166025,0.0,0.0,0.0,0.0,0.0,1.0,0.0,0.0,0.0,0.0,0.0,0.0,0.0,0.0,0.0,,,,,A.Jones,8.0,,,,-6
CHI,MIN,2,MIN,CHI,MIN,80.0,2.0,run,8.0,0,0,0,,,,,0.158881251118146,0.0,0.0,0.0,0.0,0.0,1.0,0.0,0.0,0.0,0.0,0.0,0.0,0.0,0.0,0.0,,,,,A.Jones,8.0,,,,-6
CHI,MIN,2,MIN,CHI,MIN,72.0,1.0,pass,0.0,0,0,0,,,,,-0.208184669609182,0.0,0.0,0.0,0.0,0.0,0.0,1.0,0.0,0.0,0.0,0.0,0.0,0.0,0.0,0.0,C.Wentz,,M.Price,,,,,,,-6
CHI,MIN,2,MIN,CHI,MIN,72.0,2.0,pass,-9.0,0,0,0,,,,,-0.446880970383063,0.0,0.0,0.0,0.0,0.0,0.0,1.0,1.0,0.0,0.0,0.0,0.0,0.0,0.0,0.0,C.Wentz,,,,,,,,,-6
CHI,MIN,2,,,,,,no_play,0.0,0,0,0,,,,,0.0,0.0,0.0,0.0,0.0,0.0,0.0,0.0,0.0,0.0,0.0,0.0,0.0,0.0,0.0,0.0,,,,,,,,,,-6
CHI,MIN,2,MIN,CHI,MIN,81.0,3.0,pass,9.0,0,0,0,,,,,-0.0007667649188078,0.0,0.0,0.0,0.0,0.0,0.0,1.0,0.0,0.0,0.0,0.0,0.0,0.0,0.0,1.0,C.Wentz,9.0,J.Jefferson,9.0,,,,,,-6
CHI,MIN,2,,,,,,no_play,0.0,0,0,0,,,,,0.0,0.0,0.0,0.0,0.0,0.0,0.0,0.0,0.0,0.0,0.0,0.0,0.0,0.0,0.0,0.0,,,,,,,,,,-6
CHI,MIN,2,MIN,CHI,MIN,72.0,4.0,punt,0.0,0,0,0,,,,,-0.274365087330807,0.0,0.0,0.0,0.0,0.0,0.0,0.0,0.0,0.0,0.0,0.0,0.0,0.0,0.0,0.0,,,,,,,,,,-6
CHI,MIN,2,CHI,MIN,CHI,66.0,1.0,pass,7.0,0,0,0,,,,,-0.013443959527649,0.0,0.0,0.0,0.0,0.0,0.0,1.0,0.0,0.0,0.0,0.0,0.0,0.0,0.0,1.0,C.Williams,7.0,R.Odunze,7.0,,,,,,-6
CHI,MIN,2,,,,,,no_play,0.0,0,0,0,,,,,0.0,0.0,0.0,0.0,0.0,0.0,0.0,0.0,0.0,0.0,0.0,0.0,0.0,0.0,0.0,0.0,,,,,,,,,,-6
CHI,MIN,2,CHI,MIN,CHI,59.0,2.0,pass,-17.0,0,0,0,,,,,-0.410468510352075,0.0,0.0,0.0,0.0,0.0,0.0,1.0,1.0,0.0,0.0,0.0,0.0,0.0,0.0,0.0,C.Williams,,,,,,,,,-6
CHI,MIN,2,,,,,,,,0,0,0,,,,,,,,,,,,,,,,,,,,,,,,,,,,,,-6
CHI,MIN,2,CHI,MIN,MIN,35.0,,kickoff,0.0,0,0,0,,,,,0.562355830334127,0.0,0.0,0.0,0.0,0.0,0.0,0.0,0.0,0.0,0.0,0.0,0.0,0.0,1.0,0.0,,,,,,,,,,-6
CHI,MIN,2,CHI,MIN,CHI,65.0,1.0,pass,0.0,0,0,0,,,,,-0.512011093553156,0.0,0.0,0.0,0.0,0.0,0.0,1.0,0.0,0.0,0.0,0.0,0.0,0.0,0.0,0.0,C.Williams,,,,,,,,,-6
CHI,MIN,2,CHI,MIN,CHI,65.0,2.0,run,12.0,0,0,0,,,,,1.39938293932937,0.0,0.0,0.0,0.0,0.0,1.0,0.0,0.0,0.0,0.0,0.0,0.0,0.0,0.0,0.0,,,,,D.Swift,12.0,,,,-6
CHI,MIN,2,CHI,MIN,CHI,53.0,1.0,pass,0.0,0,0,0,,,,,-0.521865198155865,0.0,0.0,0.0,0.0,0.0,0.0,1.0,0.0,0.0,0.0,0.0,0.0,0.0,0.0,0.0,C.Williams,,S.Roush,,,,,,,-6
CHI,MIN,2,CHI,MIN,CHI,53.0,2.0,run,11.0,0,0,1,,,,,1.14432313689031,0.0,0.0,0.0,0.0,0.0,1.0,0.0,0.0,0.0,0.0,0.0,0.0,0.0,0.0,0.0,,,,,C.Williams,11.0,,,,-6
CHI,MIN,2,CHI,MIN,MIN,42.0,1.0,run,15.0,0,0,0,,,,,0.984062631148845,0.0,0.0,0.0,0.0,0.0,1.0,0.0,0.0,0.0,0.0,0.0,0.0,0.0,0.0,0.0,,,,,K.Monangai,15.0,,,,-6
CHI,MIN,2,CHI,MIN,MIN,27.0,1.0,run,4.0,0,0,0,,,,,-0.039930748171173,0.0,0.0,0.0,0.0,0.0,1.0,0.0,0.0,0.0,0.0,0.0,0.0,0.0,0.0,0.0,,,,,K.Monangai,4.0,,,,-6
CHI,MIN,2,CHI,MIN,MIN,23.0,2.0,run,12.0,0,0,0,,,,,0.809327462280635,0.0,0.0,0.0,0.0,0.0,1.0,0.0,0.0,0.0,0.0,0.0,0.0,0.0,0.0,0.0,,,,,K.Monangai,12.0,,,,-6
CHI,MIN,2,CHI,MIN,MIN,11.0,1.0,run,-2.0,0,0,0,,,,,-0.814196894003544,0.0,0.0,0.0,0.0,0.0,1.0,0.0,0.0,0.0,0.0,0.0,0.0,0.0,0.0,0.0,,,,,C.Williams,-2.0,,,,-6
CHI,MIN,2,CHI,MIN,MIN,13.0,2.0,run,4.0,0,0,0,,,,,-0.43178498337511,0.0,0.0,0.0,0.0,0.0,1.0,0.0,0.0,0.0,0.0,0.0,0.0,0.0,0.0,0.0,,,,,D.Swift,4.0,,,,-6
CHI,MIN,2,CHI,MIN,MIN,9.0,3.0,pass,8.0,0,0,0,,,,,2.47078253774089,1.0,0.0,0.0,0.0,0.0,0.0,1.0,0.0,0.0,0.0,0.0,0.0,0.0,0.0,1.0,C.Williams,8.0,K.Raymond,8.0,,,,,,-6
CHI,MIN,2,CHI,MIN,MIN,1.0,1.0,run,0.0,0,0,0,,,,,-5.51195234226179,0.0,0.0,0.0,0.0,1.0,1.0,0.0,0.0,0.0,0.0,0.0,0.0,0.0,0.0,0.0,,,,,D.Swift,0.0,D.Swift,,,-6
CHI,MIN,2,MIN,CHI,MIN,99.0,1.0,run,3.0,0,0,0,,,,,0.0613058833405376,0.0,0.0,0.0,0.0,0.0,1.0,0.0,0.0,0.0,0.0,0.0,0.0,0.0,0.0,0.0,,,,,A.Jones,3.0,,,,-6
CHI,MIN,2,MIN,CHI,MIN,96.0,2.0,run,20.0,0,0,0,,,,,1.60427722544409,0.0,0.0,0.0,0.0,0.0,1.0,0.0,0.0,0.0,0.0,0.0,0.0,0.0,0.0,0.0,,,,,A.Jones,20.0,,,,-6
CHI,MIN,2,MIN,CHI,MIN,76.0,1.0,run,4.0,0,0,0,,,,,-0.0322294291108847,0.0,0.0,0.0,0.0,0.0,1.0,0.0,0.0,0.0,0.0,0.0,0.0,0.0,0.0,0.0,,,,,D.Dallas,4.0,,,,-6
CHI,MIN,2,MIN,CHI,MIN,72.0,2.0,run,4.0,0,0,0,,,,,0.0541849345900118,0.0,0.0,0.0,0.0,0.0,1.0,0.0,0.0,0.0,0.0,0.0,0.0,0.0,0.0,0.0,,,,,D.Dallas,4.0,,,,-6
CHI,MIN,2,MIN,CHI,MIN,68.0,3.0,pass,-1.0,0,0,0,,,,,-1.85219609178603,0.0,0.0,0.0,0.0,0.0,0.0,1.0,1.0,0.0,0.0,0.0,0.0,0.0,0.0,0.0,C.Wentz,,,,,,,,,-6
CHI,MIN,2,MIN,CHI,MIN,69.0,4.0,punt,0.0,0,0,0,,,,,0.687599902041256,0.0,0.0,0.0,0.0,0.0,0.0,0.0,0.0,0.0,0.0,0.0,0.0,0.0,0.0,0.0,,,,,,,,,,-6
CHI,MIN,2,CHI,MIN,CHI,87.0,1.0,pass,-3.0,0,0,0,,,,,-1.13661399320699,0.0,0.0,0.0,0.0,0.0,0.0,1.0,1.0,0.0,0.0,0.0,0.0,0.0,0.0,0.0,C.Williams,,,,,,,,,-6
CHI,MIN,2,CHI,MIN,CHI,90.0,2.0,run,7.0,0,0,0,,,,,0.224134310381487,0.0,0.0,0.0,0.0,0.0,1.0,0.0,0.0,0.0,0.0,0.0,0.0,0.0,0.0,0.0,,,,,K.Monangai,7.0,,,,-6
CHI,MIN,2,CHI,MIN,CHI,83.0,3.0,run,10.0,0,0,1,,,,,1.95138782914728,1.0,0.0,0.0,0.0,0.0,1.0,0.0,0.0,0.0,0.0,0.0,0.0,0.0,0.0,0.0,,,,,C.Williams,10.0,,,,-6
CHI,MIN,2,CHI,MIN,CHI,73.0,1.0,pass,0.0,0,0,0,,,,,-0.561554674524814,0.0,0.0,0.0,0.0,0.0,0.0,1.0,0.0,0.0,0.0,0.0,0.0,0.0,0.0,0.0,C.Williams,,C.Loveland,,,,,,,-6
CHI,MIN,2,CHI,MIN,CHI,73.0,2.0,run,0.0,0,0,0,,,,,-0.789072251878679,0.0,0.0,0.0,0.0,0.0,1.0,0.0,0.0,0.0,0.0,0.0,0.0,0.0,0.0,0.0,,,,,K.Monangai,0.0,,,,-6
CHI,MIN,2,CHI,MIN,CHI,73.0,3.0,pass,7.0,0,0,0,,,,,-0.70049957651645,0.0,0.0,0.0,0.0,0.0,0.0,1.0,0.0,0.0,0.0,0.0,0.0,0.0,0.0,1.0,C.Williams,7.0,K.Raymond,7.0,,,,,,-6
CHI,MIN,2,CHI,MIN,CHI,66.0,4.0,punt,0.0,0,0,0,,,,,0.488486234564334,0.0,0.0,0.0,0.0,0.0,0.0,0.0,0.0,0.0,0.0,0.0,0.0,0.0,0.0,0.0,,,,,,,,,,-6
CHI,MIN,2,MIN,CHI,MIN,86.0,1.0,pass,24.0,0,0,0,,,,,1.60812324378639,0.0,0.0,0.0,0.0,0.0,0.0,1.0,0.0,0.0,0.0,0.0,0.0,0.0,0.0,1.0,C.Wentz,24.0,J.Oliver,24.0,,,,,,-6
CHI,MIN,2,MIN,CHI,MIN,62.0,1.0,run,3.0,0,0,0,,,,,-0.226403172360733,0.0,0.0,0.0,0.0,0.0,1.0,0.0,0.0,0.0,0.0,0.0,0.0,0.0,0.0,0.0,,,,,A.Jones,3.0,,,,-6
CHI,MIN,2,MIN,CHI,MIN,59.0,2.0,pass,0.0,0,0,0,,,,,-0.789500538492575,0.0,0.0,0.0,0.0,0.0,0.0,1.0,0.0,0.0,0.0,0.0,0.0,0.0,0.0,0.0,C.Wentz,,J.Addison,,,,,,,-6
CHI,MIN,2,MIN,CHI,MIN,59.0,3.0,pass,-6.0,0,0,0,,,,,-1.86502443719655,0.0,0.0,0.0,0.0,0.0,0.0,1.0,1.0,0.0,0.0,0.0,0.0,0.0,0.0,0.0,C.Wentz,,,,,,,,,-6
CHI,MIN,2,MIN,CHI,MIN,65.0,4.0,punt,0.0,0,0,0,,,,,-0.430568509502336,0.0,0.0,0.0,0.0,0.0,0.0,0.0,0.0,0.0,0.0,0.0,0.0,0.0,0.0,0.0,,,,,,,,,,-6
CHI,MIN,2,CHI,MIN,CHI,70.0,1.0,pass,9.0,0,0,0,,,,,0.795859505189583,0.0,0.0,0.0,0.0,0.0,0.0,1.0,0.0,0.0,0.0,0.0,0.0,0.0,0.0,1.0,C.Williams,9.0,S.Roush,9.0,,,,,,-6
CHI,MIN,2,CHI,MIN,CHI,61.0,2.0,run,1.0,0,0,0,,,,,-0.277514385292307,0.0,0.0,0.0,0.0,0.0,1.0,0.0,0.0,0.0,0.0,0.0,0.0,0.0,0.0,0.0,,,,,D.Swift,1.0,,,,-6
CHI,MIN,2,CHI,MIN,CHI,60.0,1.0,pass,0.0,0,0,0,,,,,-0.504342158092186,0.0,0.0,0.0,0.0,0.0,0.0,1.0,0.0,0.0,0.0,0.0,0.0,0.0,0.0,0.0,C.Williams,,L.Burden,,,,,,,-6
CHI,MIN,2,CHI,MIN,CHI,60.0,2.0,run,3.0,0,0,0,,,,,-0.513266793452203,0.0,0.0,0.0,0.0,0.0,1.0,0.0,0.0,0.0,0.0,0.0,0.0,0.0,0.0,0.0,,,,,D.Swift,3.0,,,,-6
CHI,MIN,2,CHI,MIN,,,,,,0,0,0,,,,,0.0,,,,,,,,,,,,,,,,,,,,,,,,,-6
CHI,MIN,2,CHI,MIN,CHI,57.0,3.0,pass,0.0,0,0,0,,,,,-1.52033886825666,0.0,0.0,0.0,0.0,0.0,0.0,1.0,0.0,0.0,0.0,0.0,0.0,0.0,0.0,0.0,C.Williams,,L.Burden,,,,,,,-6
CHI,MIN,2,CHI,MIN,CHI,57.0,4.0,punt,0.0,0,0,0,,,,,0.304280483163893,0.0,0.0,0.0,0.0,0.0,0.0,0.0,0.0,0.0,0.0,0.0,0.0,0.0,0.0,0.0,,,,,,,,,,-6
CHI,MIN,2,MIN,CHI,MIN,88.0,1.0,pass,0.0,0,0,0,,,,,-0.587308143265545,0.0,0.0,0.0,0.0,0.0,0.0,1.0,0.0,0.0,0.0,0.0,0.0,0.0,0.0,0.0,C.Wentz,,J.Jefferson,,,,,,,-6
CHI,MIN,2,MIN,CHI,MIN,88.0,2.0,no_play,0.0,0,0,0,,,,,-0.867821763968095,0.0,0.0,0.0,1.0,0.0,0.0,0.0,0.0,0.0,0.0,0.0,0.0,0.0,0.0,0.0,,,,,,,,MIN,5.0,-6
CHI,MIN,2,MIN,CHI,MIN,93.0,2.0,run,2.0,0,0,0,,,,,-0.337610978167504,0.0,0.0,0.0,0.0,0.0,1.0,0.0,0.0,0.0,0.0,0.0,0.0,0.0,0.0,0.0,,,,,A.Jones,2.0,,,,-6
CHI,MIN,2,MIN,CHI,MIN,91.0,3.0,pass,12.0,0,0,0,,,,,0.364559409441426,0.0,0.0,0.0,0.0,0.0,0.0,1.0,0.0,0.0,0.0,0.0,0.0,0.0,0.0,1.0,C.Wentz,12.0,D.Dallas,12.0,,,,,,-6
CHI,MIN,2,MIN,CHI,MIN,79.0,4.0,punt,0.0,0,0,0,,,,,-0.354991714470089,0.0,0.0,0.0,0.0,0.0,0.0,0.0,0.0,0.0,0.0,0.0,0.0,0.0,0.0,0.0,,,,,,,,,,-6
CHI,MIN,2,CHI,MIN,CHI,67.0,1.0,run,2.0,0,0,0,,,,,-0.522994624217972,0.0,0.0,0.0,0.0,0.0,1.0,0.0,0.0,0.0,0.0,0.0,0.0,0.0,0.0,0.0,,,,,D.Swift,2.0,,,,-6
CHI,MIN,2,CHI,MIN,CHI,65.0,2.0,run,1.0,0,0,0,,,,,-0.448644822696224,0.0,0.0,0.0,0.0,0.0,1.0,0.0,0.0,0.0,0.0,0.0,0.0,0.0,0.0,0.0,,,,,D.Swift,1.0,,,,-6
CHI,MIN,2,CHI,MIN,CHI,64.0,3.0,pass,32.0,0,0,0,,,,,3.06432028161362,1.0,0.0,0.0,0.0,0.0,0.0,1.0,0.0,0.0,0.0,0.0,0.0,0.0,0.0,1.0,C.Williams,32.0,D.Swift,32.0,,,,,,-6
CHI,MIN,2,CHI,MIN,MIN,32.0,1.0,pass,15.0,0,0,0,,,,,0.978723570180591,0.0,0.0,0.0,0.0,0.0,0.0,1.0,0.0,0.0,0.0,0.0,0.0,0.0,0.0,1.0,C.Williams,15.0,R.Odunze,15.0,,,,,,-6
CHI,MIN,2,CHI,MIN,MIN,17.0,1.0,pass,0.0,0,0,0,,,,,-0.454103123454843,0.0,0.0,0.0,0.0,0.0,0.0,1.0,0.0,0.0,0.0,0.0,0.0,0.0,0.0,0.0,C.Williams,,S.Roush,,,,,,,-6
CHI,MIN,2,CHI,MIN,MIN,17.0,2.0,pass,7.0,0,0,0,,,,,-0.011887586384546,0.0,0.0,0.0,0.0,0.0,0.0,1.0,0.0,0.0,0.0,0.0,0.0,0.0,0.0,1.0,C.Williams,7.0,K.Monangai,7.0,,,,,,-6
CHI,MIN,2,CHI,MIN,MIN,10.0,3.0,run,2.0,0,0,0,,,,,-0.617041312449146,0.0,0.0,0.0,0.0,0.0,1.0,0.0,0.0,0.0,0.0,0.0,0.0,0.0,0.0,0.0,,,,,K.Monangai,2.0,,,,-6
CHI,MIN,2,CHI,MIN,MIN,8.0,4.0,run,2.0,0,0,0,,,,,1.82852051779628,0.0,1.0,0.0,0.0,0.0,1.0,0.0,0.0,0.0,0.0,0.0,0.0,0.0,0.0,0.0,,,,,K.Monangai,2.0,,,,-6
CHI,MIN,2,CHI,MIN,MIN,6.0,1.0,pass,0.0,0,0,0,,,,,-0.521547125012148,0.0,0.0,0.0,0.0,0.0,0.0,1.0,1.0,0.0,0.0,0.0,0.0,0.0,0.0,0.0,C.Williams,,,,,,,,,-6
CHI,MIN,2,CHI,MIN,MIN,6.0,2.0,pass,1.0,0,0,0,,,,,-0.768896249181125,0.0,0.0,0.0,0.0,0.0,0.0,1.0,0.0,0.0,0.0,0.0,0.0,0.0,0.0,1.0,T.Bagent,1.0,D.Swift,1.0,,,,,,-6
CHI,MIN,2,CHI,MIN,MIN,5.0,3.0,pass,0.0,0,0,0,,,,,-1.31681637980191,0.0,0.0,0.0,0.0,0.0,0.0,1.0,0.0,0.0,0.0,0.0,0.0,0.0,0.0,0.0,T.Bagent,,,,,,,,,-6
CHI,MIN,2,CHI,MIN,MIN,5.0,4.0,field_goal,0.0,0,0,0,blocked,,,,-3.080672814025,0.0,0.0,0.0,0.0,0.0,0.0,0.0,0.0,0.0,0.0,0.0,0.0,0.0,0.0,0.0,,,,,,,,,,-6
CHI,MIN,2,MIN,CHI,MIN,88.0,1.0,run,5.0,0,0,0,,,,,-0.146649054717273,0.0,0.0,0.0,0.0,0.0,1.0,0.0,0.0,0.0,0.0,0.0,0.0,0.0,0.0,0.0,,,,,A.Jones,5.0,,,,-6
CHI,MIN,2,MIN,CHI,MIN,83.0,2.0,run,0.0,0,0,0,,,,,-0.620316538959742,0.0,0.0,0.0,0.0,0.0,1.0,0.0,0.0,0.0,0.0,0.0,0.0,0.0,0.0,0.0,,,,,A.Jones,0.0,,,,-6
CHI,MIN,2,MIN,CHI,MIN,83.0,3.0,pass,15.0,0,0,0,,,,,2.00808580894955,1.0,0.0,0.0,0.0,0.0,0.0,1.0,0.0,0.0,0.0,0.0,0.0,0.0,0.0,1.0,C.Wentz,15.0,J.Addison,15.0,,,,,,-6
CHI,MIN,2,MIN,CHI,MIN,68.0,1.0,no_play,0.0,0,0,0,,,,,0.196940700639971,0.0,0.0,0.0,1.0,0.0,0.0,0.0,0.0,0.0,0.0,0.0,0.0,0.0,0.0,0.0,,,,,,,,CHI,5.0,-6
CHI,MIN,2,MIN,CHI,MIN,63.0,1.0,run,0.0,0,0,0,,,,,-0.498169248225167,0.0,0.0,0.0,0.0,0.0,1.0,0.0,0.0,0.0,0.0,0.0,0.0,0.0,0.0,0.0,,,,,A.Jones,0.0,,,,-6
CHI,MIN,2,MIN,CHI,MIN,63.0,2.0,pass,19.0,0,0,0,,,,,1.67702890490182,0.0,0.0,0.0,0.0,0.0,0.0,1.0,0.0,0.0,0.0,0.0,0.0,0.0,0.0,1.0,C.Wentz,19.0,T.Hockenson,19.0,,,,,,-6
CHI,MIN,2,,,,,,no_play,0.0,0,0,0,,,,,0.0,0.0,0.0,0.0,0.0,0.0,0.0,0.0,0.0,0.0,0.0,0.0,0.0,0.0,0.0,0.0,,,,,,,,,,-6
CHI,MIN,2,MIN,CHI,CHI,44.0,1.0,run,5.0,0,0,0,,,,,-0.348593199101742,0.0,0.0,0.0,0.0,0.0,1.0,0.0,0.0,0.0,0.0,0.0,0.0,0.0,0.0,0.0,,,,,A.Jones,5.0,,,,-6
CHI,MIN,2,,,,,,no_play,0.0,0,0,0,,,,,0.0,0.0,0.0,0.0,0.0,0.0,0.0,0.0,0.0,0.0,0.0,0.0,0.0,0.0,0.0,0.0,,,,,,,,,,-6
CHI,MIN,2,MIN,CHI,CHI,39.0,2.0,run,15.0,0,0,0,,,,,-0.0694301231997088,0.0,0.0,0.0,0.0,0.0,1.0,0.0,0.0,0.0,0.0,0.0,0.0,0.0,0.0,0.0,,,,,A.Jones,15.0,,,,-6
CHI,MIN,2,,,,,,no_play,0.0,0,0,0,,,,,0.0,0.0,0.0,0.0,0.0,0.0,0.0,0.0,0.0,0.0,0.0,0.0,0.0,0.0,0.0,0.0,,,,,,,,,,-6
CHI,MIN,2,MIN,CHI,CHI,24.0,1.0,run,0.0,0,0,0,,,,,-0.430229712626897,0.0,0.0,0.0,0.0,0.0,1.0,0.0,0.0,0.0,0.0,0.0,0.0,0.0,0.0,0.0,,,,,A.Jones,0.0,,,,-6
CHI,MIN,2,MIN,CHI,CHI,24.0,2.0,run,0.0,0,0,0,,,,,-0.226181290228851,0.0,0.0,0.0,0.0,0.0,1.0,0.0,0.0,0.0,0.0,0.0,0.0,0.0,0.0,0.0,,,,,A.Jones,0.0,,,,-6
CHI,MIN,2,MIN,CHI,CHI,24.0,3.0,pass,3.0,0,0,0,,,,,0.850576925924246,0.0,0.0,0.0,0.0,0.0,0.0,1.0,0.0,0.0,0.0,0.0,0.0,0.0,0.0,1.0,C.Wentz,3.0,T.Hockenson,3.0,,,,,,-6
CHI,MIN,2,,,,,,no_play,0.0,0,0,0,,,,,0.0,0.0,0.0,0.0,0.0,0.0,0.0,0.0,0.0,0.0,0.0,0.0,0.0,0.0,0.0,0.0,,,,,,,,,,-6
CHI,MIN,2,MIN,CHI,CHI,21.0,4.0,field_goal,0.0,0,0,0,made,,,,0.473038045962608,0.0,0.0,0.0,0.0,0.0,0.0,0.0,0.0,0.0,0.0,0.0,0.0,0.0,0.0,0.0,,,,,,,,,,-6
CHI,MIN,2,CHI,MIN,MIN,35.0,,kickoff,0.0,0,0,0,,,,,0.0952539895661175,0.0,0.0,0.0,0.0,0.0,0.0,0.0,0.0,0.0,0.0,0.0,0.0,0.0,1.0,0.0,,,,,,,,,,-6
CHI,MIN,2,CHI,MIN,CHI,65.0,1.0,pass,6.0,0,0,0,,,,,0.299857086036354,0.0,0.0,0.0,0.0,0.0,0.0,1.0,0.0,0.0,0.0,0.0,0.0,0.0,0.0,1.0,T.Bagent,6.0,L.Burden,6.0,,,,,,-6
CHI,MIN,2,CHI,MIN,CHI,59.0,2.0,pass,18.0,0,0,0,,,,,1.06001166196074,0.0,0.0,0.0,0.0,0.0,0.0,1.0,0.0,0.0,0.0,0.0,0.0,0.0,0.0,1.0,T.Bagent,18.0,L.Burden,18.0,,,,,,-6
CHI,MIN,2,CHI,MIN,MIN,41.0,1.0,qb_spike,0.0,0,1,0,,,,,-0.202116076136008,0.0,0.0,0.0,0.0,0.0,0.0,1.0,0.0,0.0,0.0,0.0,0.0,0.0,0.0,0.0,T.Bagent,,,,,,,,,-6
CHI,MIN,2,CHI,MIN,MIN,41.0,2.0,pass,21.0,0,0,0,,,,,1.81051271478646,0.0,0.0,0.0,0.0,0.0,0.0,1.0,0.0,0.0,0.0,0.0,0.0,0.0,0.0,1.0,T.Bagent,21.0,R.Odunze,21.0,,,,,,-6
CHI,MIN,2,CHI,MIN,MIN,20.0,1.0,pass,8.0,0,0,0,,,,,-0.564443933893926,0.0,0.0,0.0,0.0,0.0,0.0,1.0,0.0,0.0,0.0,0.0,0.0,0.0,0.0,1.0,T.Bagent,8.0,L.Burden,8.0,,,,,,-6
CHI,MIN,2,CHI,MIN,MIN,12.0,2.0,pass,0.0,0,0,0,,,,,-0.334592676430475,0.0,0.0,0.0,0.0,0.0,0.0,1.0,0.0,0.0,0.0,0.0,0.0,0.0,0.0,0.0,T.Bagent,,L.Burden,,,,,,,-6
CHI,MIN,2,CHI,MIN,MIN,12.0,3.0,pass,0.0,0,0,0,,,,,-0.242669583967654,0.0,0.0,0.0,0.0,0.0,0.0,1.0,0.0,0.0,0.0,0.0,0.0,0.0,0.0,0.0,T.Bagent,,C.Loveland,,,,,,,-6
CHI,MIN,2,,,,,,no_play,0.0,0,0,0,,,,,0.0,0.0,0.0,0.0,0.0,0.0,0.0,0.0,0.0,0.0,0.0,0.0,0.0,0.0,0.0,0.0,,,,,,,,,,-6
CHI,MIN,2,CHI,MIN,MIN,12.0,4.0,pass,-9.0,0,0,0,,,,,-2.58521556571941,0.0,0.0,0.0,0.0,0.0,0.0,1.0,1.0,0.0,0.0,0.0,0.0,0.0,0.0,0.0,T.Bagent,,,,,,,,,-6
CHI,MIN,2,CHI,MIN,,,,,,0,0,0,,,,,,,,,,,,,,,,,,,,,,,,,,,,,,-6
BAL,NO,2,,,,,,,,0,0,0,,,,,0.0,,,,,,,,,,,,,,,,,,,,,,,,,-7
BAL,NO,2,BAL,NO,NO,35.0,,kickoff,0.0,0,0,0,,,,,0.0084231393411755,0.0,0.0,0.0,0.0,0.0,0.0,0.0,0.0,0.0,0.0,0.0,0.0,0.0,1.0,0.0,,,,,,,,,,-7
BAL,NO,2,BAL,NO,BAL,75.0,1.0,run,5.0,0,0,0,,,,,0.0443726521916688,0.0,0.0,0.0,0.0,0.0,1.0,0.0,0.0,0.0,0.0,0.0,0.0,0.0,0.0,0.0,,,,,D.Henry,5.0,,,,-7
BAL,NO,2,BAL,NO,BAL,70.0,2.0,run,-1.0,0,0,0,,,,,-0.927864274010062,0.0,0.0,0.0,0.0,0.0,1.0,0.0,0.0,0.0,0.0,0.0,0.0,0.0,0.0,0.0,,,,,D.Henry,-1.0,,,,-7
BAL,NO,2,BAL,NO,BAL,71.0,3.0,pass,0.0,0,0,0,,,,,-1.43766497913748,0.0,0.0,0.0,0.0,0.0,0.0,1.0,0.0,0.0,0.0,0.0,0.0,0.0,0.0,0.0,L.Jackson,,M.Andrews,,,,,,,-7
BAL,NO,2,BAL,NO,BAL,71.0,4.0,punt,0.0,0,0,0,,,,,0.220099958591163,0.0,0.0,0.0,0.0,0.0,0.0,0.0,0.0,0.0,0.0,0.0,0.0,0.0,0.0,0.0,,,,,,,,,,-7
BAL,NO,2,NO,BAL,NO,76.0,1.0,run,3.0,0,0,0,,,,,-0.142434083856642,0.0,0.0,0.0,0.0,0.0,1.0,0.0,0.0,0.0,0.0,0.0,0.0,0.0,0.0,0.0,,,,,T.Etienne,3.0,,,,-7
BAL,NO,2,NO,BAL,NO,73.0,2.0,run,6.0,0,0,0,,,,,0.586505252867937,0.0,0.0,0.0,0.0,0.0,1.0,0.0,0.0,0.0,0.0,0.0,0.0,0.0,0.0,0.0,,,,,T.Etienne,6.0,,,,-7
BAL,NO,2,NO,BAL,NO,67.0,3.0,run,2.0,0,0,0,,,,,0.358617695514113,1.0,0.0,0.0,0.0,0.0,1.0,0.0,0.0,0.0,0.0,0.0,0.0,0.0,0.0,0.0,,,,,C.Donaldson,2.0,,,,-7
BAL,NO,2,NO,BAL,NO,65.0,1.0,pass,6.0,0,0,0,,,,,0.349586297059432,0.0,0.0,0.0,0.0,0.0,0.0,1.0,0.0,0.0,0.0,0.0,0.0,0.0,0.0,1.0,T.Shough,6.0,A.Kamara,6.0,,,,,,-7
BAL,NO,2,NO,BAL,NO,59.0,2.0,run,2.0,0,0,0,,,,,-0.424335135612637,0.0,0.0,0.0,0.0,0.0,1.0,0.0,0.0,0.0,0.0,0.0,0.0,0.0,0.0,0.0,,,,,A.Kamara,2.0,,,,-7
BAL,NO,2,NO,BAL,NO,57.0,3.0,pass,-7.0,0,0,0,,,,,-2.47226606472395,0.0,0.0,0.0,0.0,0.0,0.0,1.0,1.0,0.0,0.0,0.0,0.0,0.0,0.0,0.0,T.Shough,,,,,,,,,-7
BAL,NO,2,NO,BAL,NO,64.0,4.0,punt,0.0,0,0,0,,,,,0.0244605881161988,0.0,0.0,0.0,0.0,0.0,0.0,0.0,0.0,0.0,0.0,0.0,0.0,0.0,0.0,0.0,,,,,,,,,,-7
BAL,NO,2,BAL,NO,BAL,76.0,1.0,pass,10.0,0,0,0,,,,,0.87759141693823,0.0,0.0,0.0,0.0,0.0,0.0,1.0,0.0,0.0,0.0,0.0,0.0,0.0,0.0,1.0,L.Jackson,10.0,M.Andrews,10.0,,,,,,-7
BAL,NO,2,BAL,NO,BAL,66.0,1.0,run,5.0,0,0,0,,,,,0.0634551097173244,0.0,0.0,0.0,0.0,0.0,1.0,0.0,0.0,0.0,0.0,0.0,0.0,0.0,0.0,0.0,,,,,D.Henry,5.0,,,,-7
BAL,NO,2,BAL,NO,BAL,61.0,2.0,pass,0.0,0,0,0,,,,,-0.878089793492109,0.0,0.0,0.0,0.0,0.0,0.0,1.0,0.0,0.0,0.0,0.0,0.0,0.0,0.0,0.0,L.Jackson,,L.Wester,,,,,,,-7
BAL,NO,2,BAL,NO,BAL,61.0,3.0,pass,5.0,0,0,0,,,,,1.4739954364486,1.0,0.0,0.0,0.0,0.0,0.0,1.0,0.0,0.0,0.0,0.0,0.0,0.0,0.0,1.0,L.Jackson,5.0,M.Andrews,5.0,,,,,,-7
BAL,NO,2,BAL,NO,BAL,56.0,1.0,no_play,0.0,0,0,0,,,,,-0.618340810295194,0.0,0.0,0.0,1.0,0.0,0.0,0.0,0.0,0.0,0.0,0.0,0.0,0.0,0.0,0.0,,,,,,,,BAL,5.0,-7
BAL,NO,2,BAL,NO,BAL,61.0,1.0,pass,20.0,0,0,0,,,,,1.53947026073001,0.0,0.0,0.0,0.0,0.0,0.0,1.0,0.0,0.0,0.0,0.0,0.0,0.0,0.0,1.0,L.Jackson,20.0,D.Henry,20.0,,,,,,-7
BAL,NO,2,BAL,NO,NO,41.0,1.0,pass,0.0,0,0,0,,,,,-0.52554959570989,0.0,0.0,0.0,0.0,0.0,0.0,1.0,0.0,0.0,0.0,0.0,0.0,0.0,0.0,0.0,L.Jackson,,,,,,,,,-7
BAL,NO,2,BAL,NO,NO,41.0,2.0,pass,19.0,0,0,0,,,,,1.75410047161859,0.0,0.0,0.0,0.0,0.0,0.0,1.0,0.0,0.0,0.0,0.0,0.0,0.0,0.0,1.0,L.Jackson,19.0,R.Bateman,19.0,,,,,,-7
BAL,NO,2,BAL,NO,NO,22.0,1.0,pass,2.0,0,0,0,,,,,-0.469481169711798,0.0,0.0,0.0,0.0,0.0,0.0,1.0,0.0,0.0,0.0,0.0,0.0,0.0,0.0,1.0,L.Jackson,2.0,D.Henry,2.0,,,,,,-7
BAL,NO,2,BAL,NO,NO,20.0,2.0,run,6.0,0,0,0,,,,,0.336693783989176,0.0,0.0,0.0,0.0,0.0,1.0,0.0,0.0,0.0,0.0,0.0,0.0,0.0,0.0,0.0,,,,,D.Henry,6.0,,,,-7
BAL,NO,2,BAL,NO,NO,14.0,3.0,run,5.0,0,0,0,,,,,0.702349287050311,1.0,0.0,0.0,0.0,0.0,1.0,0.0,0.0,0.0,0.0,0.0,0.0,0.0,0.0,0.0,,,,,D.Henry,5.0,,,,-7
BAL,NO,2,BAL,NO,NO,9.0,1.0,run,8.0,0,0,0,,,,,0.917904977046419,0.0,0.0,0.0,0.0,0.0,1.0,0.0,0.0,0.0,0.0,0.0,0.0,0.0,0.0,0.0,,,,,D.Henry,8.0,,,,-7
BAL,NO,2,BAL,NO,NO,1.0,2.0,run,1.0,0,0,0,,,,BAL,0.724570910213515,0.0,0.0,0.0,0.0,0.0,1.0,0.0,0.0,1.0,0.0,1.0,0.0,0.0,0.0,0.0,,,,,D.Henry,1.0,,,,-7
BAL,NO,2,BAL,NO,NO,15.0,,extra_point,0.0,0,0,0,,good,,,0.0675730031076331,0.0,0.0,0.0,0.0,0.0,0.0,0.0,0.0,0.0,0.0,0.0,1.0,0.0,0.0,0.0,,,,,,,,,,-7
BAL,NO,2,NO,BAL,BAL,35.0,,kickoff,0.0,0,0,0,,,,,0.543831486720592,0.0,0.0,0.0,0.0,0.0,0.0,0.0,0.0,0.0,0.0,0.0,0.0,0.0,1.0,0.0,,,,,,,,,,-7
BAL,NO,2,NO,BAL,NO,65.0,1.0,no_play,0.0,0,0,0,,,,,-0.531215964350849,0.0,0.0,0.0,1.0,0.0,0.0,0.0,0.0,0.0,0.0,0.0,0.0,0.0,0.0,0.0,,,,,,,,NO,5.0,-7
BAL,NO,2,NO,BAL,NO,70.0,1.0,run,4.0,0,0,0,,,,,-0.172202196437866,0.0,0.0,0.0,0.0,0.0,1.0,0.0,0.0,0.0,0.0,0.0,0.0,0.0,0.0,0.0,,,,,A.Kamara,4.0,,,,-7
BAL,NO,2,NO,BAL,NO,66.0,2.0,pass,20.0,0,0,0,,,,,1.06572079076432,0.0,0.0,0.0,1.0,0.0,0.0,1.0,0.0,0.0,0.0,0.0,0.0,0.0,0.0,1.0,T.Shough,20.0,C.Olave,20.0,,,,NO,15.0,-7
BAL,NO,2,NO,BAL,NO,61.0,1.0,pass,2.0,0,0,0,,,,,-0.436462180456147,0.0,0.0,0.0,0.0,0.0,0.0,1.0,0.0,0.0,0.0,0.0,0.0,0.0,0.0,1.0,T.Shough,2.0,A.Kamara,2.0,,,,,,-7
BAL,NO,2,NO,BAL,NO,59.0,2.0,pass,1.0,0,0,0,,,,,-0.636442794464529,0.0,0.0,0.0,0.0,0.0,0.0,1.0,0.0,0.0,0.0,0.0,0.0,0.0,0.0,1.0,T.Shough,1.0,A.Kamara,1.0,,,,,,-7
BAL,NO,2,NO,BAL,NO,58.0,3.0,pass,11.0,0,0,0,,,,,2.03406833740883,1.0,0.0,0.0,0.0,0.0,0.0,1.0,0.0,0.0,0.0,0.0,0.0,0.0,0.0,1.0,T.Shough,11.0,D.Vele,11.0,,,,,,-7
BAL,NO,2,NO,BAL,BAL,47.0,1.0,pass,1.0,0,0,0,,,,,-0.533651886507869,0.0,0.0,0.0,0.0,0.0,0.0,1.0,0.0,0.0,0.0,0.0,0.0,0.0,0.0,1.0,T.Shough,1.0,C.Olave,1.0,,,,,,-7
BAL,NO,2,NO,BAL,,,,,,0,0,0,,,,,0.0,,,,,,,,,,,,,,,,,,,,,,,,,-7
BAL,NO,2,NO,BAL,BAL,46.0,2.0,run,0.0,0,0,0,,,,,-1.65033329720609,0.0,0.0,0.0,0.0,0.0,1.0,0.0,0.0,0.0,0.0,0.0,0.0,0.0,0.0,0.0,,,,,T.Shough,0.0,T.Shough,,,-7
BAL,NO,2,NO,BAL,NO,53.0,3.0,pass,10.0,0,0,0,,,,,-0.66267580143176,0.0,0.0,0.0,0.0,0.0,0.0,1.0,0.0,0.0,0.0,0.0,0.0,0.0,0.0,1.0,T.Shough,10.0,J.Johnson,10.0,,,,,,-7
BAL,NO,2,NO,BAL,BAL,43.0,4.0,punt,0.0,0,0,0,,,,,-0.0275713882874697,0.0,0.0,0.0,0.0,0.0,0.0,0.0,0.0,0.0,0.0,0.0,0.0,0.0,0.0,0.0,,,,,,,,,,-7
BAL,NO,2,BAL,NO,BAL,94.0,1.0,run,5.0,0,0,0,,,,,-0.139484270242974,0.0,0.0,0.0,0.0,0.0,1.0,0.0,0.0,0.0,0.0,0.0,0.0,0.0,0.0,0.0,,,,,D.Henry,5.0,,,,-7
BAL,NO,2,BAL,NO,BAL,89.0,2.0,pass,47.0,0,0,0,,,,,3.15040206722915,0.0,0.0,0.0,0.0,0.0,0.0,1.0,0.0,0.0,0.0,0.0,0.0,0.0,0.0,1.0,L.Jackson,47.0,D.Walker,47.0,,,,,,-7
BAL,NO,2,BAL,NO,NO,42.0,1.0,pass,14.0,0,0,0,,,,,0.947836373466998,0.0,0.0,0.0,0.0,0.0,0.0,1.0,0.0,0.0,0.0,0.0,0.0,0.0,0.0,1.0,L.Jackson,14.0,L.Wester,14.0,,,,,,-7
BAL,NO,2,BAL,NO,NO,28.0,1.0,run,0.0,0,0,0,,,,,-0.418154442799278,0.0,0.0,0.0,0.0,0.0,1.0,0.0,0.0,0.0,0.0,0.0,0.0,0.0,0.0,0.0,,,,,J.Hill,0.0,,,,-7
BAL,NO,2,BAL,NO,NO,28.0,2.0,pass,-11.0,0,0,0,,,,,-2.23549586918671,0.0,0.0,0.0,0.0,0.0,0.0,1.0,1.0,0.0,0.0,0.0,0.0,0.0,0.0,0.0,L.Jackson,,,,,,,,,-7
BAL,NO,2,BAL,NO,NO,39.0,3.0,pass,8.0,0,0,0,,,,,-0.0538232249364929,0.0,0.0,0.0,0.0,0.0,0.0,1.0,0.0,0.0,0.0,0.0,0.0,0.0,0.0,1.0,L.Jackson,8.0,J.Hill,8.0,,,,,,-7
BAL,NO,2,BAL,NO,NO,31.0,4.0,field_goal,0.0,0,0,0,blocked,,,,-3.24479880024039,0.0,0.0,0.0,0.0,0.0,0.0,0.0,0.0,0.0,0.0,0.0,0.0,0.0,0.0,0.0,,,,,,,,,,-7
BAL,NO,2,NO,BAL,NO,61.0,1.0,pass,0.0,0,0,0,,,,,-0.490657276241109,0.0,0.0,0.0,0.0,0.0,0.0,1.0,0.0,0.0,0.0,0.0,0.0,0.0,0.0,0.0,T.Shough,,C.Olave,,,,,,,-7
BAL,NO,2,NO,BAL,NO,61.0,2.0,no_play,0.0,0,0,0,,,,,-0.77244815020822,0.0,0.0,0.0,1.0,0.0,0.0,0.0,0.0,0.0,0.0,0.0,0.0,0.0,0.0,0.0,,,,,,,,NO,5.0,-7
BAL,NO,2,NO,BAL,NO,66.0,2.0,pass,2.0,0,0,0,,,,,-0.581300841644406,0.0,0.0,0.0,0.0,0.0,0.0,1.0,0.0,0.0,0.0,0.0,0.0,0.0,0.0,1.0,T.Shough,2.0,A.Kamara,2.0,,,,,,-7
BAL,NO,2,NO,BAL,NO,64.0,3.0,pass,29.0,0,0,0,,,,,3.49345123197418,1.0,0.0,0.0,0.0,0.0,0.0,1.0,0.0,0.0,0.0,0.0,0.0,0.0,0.0,1.0,T.Shough,29.0,D.Vele,29.0,,,,,,-7
BAL,NO,2,NO,BAL,BAL,35.0,1.0,pass,0.0,0,0,0,,,,,-0.467592756380327,0.0,0.0,0.0,0.0,0.0,0.0,1.0,0.0,0.0,0.0,0.0,0.0,0.0,0.0,0.0,T.Shough,,,,,,,,,-7
BAL,NO,2,NO,BAL,BAL,35.0,2.0,run,2.0,0,0,0,,,,,-0.496092578629032,0.0,0.0,0.0,0.0,0.0,1.0,0.0,0.0,0.0,0.0,0.0,0.0,0.0,0.0,0.0,,,,,A.Kamara,2.0,,,,-7
BAL,NO,2,NO,BAL,BAL,33.0,3.0,pass,11.0,0,0,0,,,,,1.85369770776015,1.0,0.0,0.0,0.0,0.0,0.0,1.0,0.0,0.0,0.0,0.0,0.0,0.0,0.0,1.0,T.Shough,11.0,C.Olave,11.0,,,,,,-7
BAL,NO,2,NO,BAL,BAL,22.0,1.0,run,2.0,0,0,0,,,,,-0.487015474645887,0.0,0.0,0.0,0.0,0.0,1.0,0.0,0.0,0.0,0.0,0.0,0.0,0.0,0.0,0.0,,,,,A.Kamara,2.0,,,,-7
BAL,NO,2,NO,BAL,BAL,20.0,2.0,run,8.0,0,0,0,,,,,0.97914590354776,0.0,0.0,0.0,0.0,0.0,1.0,0.0,0.0,0.0,0.0,0.0,0.0,0.0,0.0,0.0,,,,,T.Shough,8.0,,,,-7
BAL,NO,2,NO,BAL,BAL,12.0,1.0,run,0.0,0,0,0,,,,,-0.425542572920676,0.0,0.0,0.0,0.0,0.0,1.0,0.0,0.0,0.0,0.0,0.0,0.0,0.0,0.0,0.0,,,,,A.Kamara,0.0,,,,-7
BAL,NO,2,NO,BAL,BAL,12.0,2.0,pass,-4.0,0,0,0,,,,,-1.43191528541502,0.0,0.0,0.0,0.0,0.0,0.0,1.0,0.0,0.0,0.0,0.0,0.0,0.0,0.0,1.0,T.Shough,-4.0,A.Kamara,-4.0,,,,,,-7
BAL,NO,2,NO,BAL,BAL,16.0,3.0,run,11.0,0,0,1,,,,,-0.0869490437037643,0.0,0.0,0.0,0.0,0.0,1.0,0.0,0.0,0.0,0.0,0.0,0.0,0.0,0.0,0.0,,,,,T.Shough,11.0,,,,-7
BAL,NO,2,NO,BAL,BAL,5.0,4.0,field_goal,0.0,0,0,0,made,,,,0.0534342628382478,0.0,0.0,0.0,0.0,0.0,0.0,0.0,0.0,0.0,0.0,0.0,0.0,0.0,0.0,0.0,,,,,,,,,,-7
BAL,NO,2,BAL,NO,NO,35.0,,kickoff,0.0,0,0,0,,,,,-0.28270983020775,0.0,0.0,0.0,0.0,0.0,0.0,0.0,0.0,0.0,0.0,0.0,0.0,0.0,1.0,0.0,,,,,,,,,,-7
BAL,NO,2,BAL,NO,BAL,80.0,1.0,run,8.0,0,0,0,,,,,0.323490466922522,0.0,0.0,0.0,0.0,0.0,1.0,0.0,0.0,0.0,0.0,0.0,0.0,0.0,0.0,0.0,,,,,D.Henry,8.0,,,,-7
BAL,NO,2,BAL,NO,BAL,72.0,2.0,run,2.0,0,0,0,,,,,0.432091149152257,0.0,0.0,0.0,0.0,0.0,1.0,0.0,0.0,0.0,0.0,0.0,0.0,0.0,0.0,0.0,,,,,D.Henry,2.0,,,,-7
BAL,NO,2,BAL,NO,BAL,70.0,1.0,run,7.0,0,0,0,,,,,0.0454564574174583,0.0,0.0,0.0,0.0,0.0,1.0,0.0,0.0,0.0,0.0,0.0,0.0,0.0,0.0,0.0,,,,,D.Henry,7.0,,,,-7
BAL,NO,2,BAL,NO,BAL,63.0,2.0,pass,6.0,0,0,0,,,,,0.456285039894283,0.0,0.0,0.0,0.0,0.0,0.0,1.0,0.0,0.0,0.0,0.0,0.0,0.0,0.0,1.0,L.Jackson,6.0,C.Moore,6.0,,,,,,-7
BAL,NO,2,BAL,NO,BAL,57.0,1.0,pass,9.0,0,0,0,,,,,0.500901060993783,0.0,0.0,0.0,0.0,0.0,0.0,1.0,0.0,0.0,0.0,0.0,0.0,0.0,0.0,1.0,L.Jackson,9.0,R.Bateman,9.0,,,,,,-7
BAL,NO,2,BAL,NO,NO,48.0,2.0,run,11.0,0,0,1,,,,,0.383629866293632,0.0,0.0,0.0,0.0,0.0,1.0,0.0,0.0,0.0,0.0,0.0,0.0,0.0,0.0,0.0,,,,,L.Jackson,11.0,,,,-7
BAL,NO,2,BAL,NO,NO,37.0,1.0,pass,5.0,0,0,0,,,,,0.352202417794615,0.0,0.0,0.0,0.0,0.0,0.0,1.0,0.0,0.0,0.0,0.0,0.0,0.0,0.0,1.0,L.Jackson,5.0,M.Andrews,5.0,,,,,,-7
BAL,NO,2,,,,,,no_play,0.0,0,0,0,,,,,0.0,0.0,0.0,0.0,0.0,0.0,0.0,0.0,0.0,0.0,0.0,0.0,0.0,0.0,0.0,0.0,,,,,,,,,,-7
BAL,NO,2,BAL,NO,NO,32.0,2.0,run,6.0,0,0,1,,,,,0.225421728740912,0.0,0.0,0.0,0.0,0.0,1.0,0.0,0.0,0.0,0.0,0.0,0.0,0.0,0.0,0.0,,,,,L.Jackson,6.0,,,,-7
BAL,NO,2,,,,,,no_play,0.0,0,0,0,,,,,0.0,0.0,0.0,0.0,0.0,0.0,0.0,0.0,0.0,0.0,0.0,0.0,0.0,0.0,0.0,0.0,,,,,,,,,,-7
BAL,NO,2,BAL,NO,NO,26.0,1.0,pass,4.0,0,0,0,,,,,0.0892842237954028,0.0,0.0,0.0,0.0,0.0,0.0,1.0,0.0,0.0,0.0,0.0,0.0,0.0,0.0,1.0,L.Jackson,4.0,J.Hill,4.0,,,,,,-7
BAL,NO,2,BAL,NO,NO,22.0,2.0,pass,22.0,0,0,0,,,,BAL,3.59698893746827,0.0,0.0,0.0,0.0,0.0,0.0,1.0,0.0,1.0,1.0,0.0,0.0,0.0,0.0,1.0,L.Jackson,22.0,R.Bateman,22.0,,,,,,-7
BAL,NO,2,BAL,NO,NO,15.0,,extra_point,0.0,0,0,0,,good,,,0.0675730031076331,0.0,0.0,0.0,0.0,0.0,0.0,0.0,0.0,0.0,0.0,0.0,1.0,0.0,0.0,0.0,,,,,,,,,,-7
BAL,NO,2,NO,BAL,BAL,35.0,,kickoff,0.0,0,0,0,,,,,1.06930943010957,0.0,0.0,0.0,0.0,0.0,0.0,0.0,0.0,0.0,0.0,0.0,0.0,0.0,1.0,0.0,,,,,,,,,,-7
BAL,NO,2,NO,BAL,BAL,44.0,1.0,run,2.0,0,0,0,,,,,-0.127640814171173,0.0,0.0,0.0,0.0,0.0,1.0,0.0,0.0,0.0,0.0,0.0,0.0,0.0,0.0,0.0,,,,,T.Shough,2.0,,,,-7
BAL,NO,2,,,,,,no_play,0.0,0,0,0,,,,,0.0,0.0,0.0,0.0,0.0,0.0,0.0,0.0,0.0,0.0,0.0,0.0,0.0,0.0,0.0,0.0,,,,,,,,,,-7
BAL,NO,2,NO,BAL,BAL,42.0,2.0,pass,13.0,0,0,0,,,,,0.894960283418186,0.0,0.0,0.0,0.0,0.0,0.0,1.0,0.0,0.0,0.0,0.0,0.0,0.0,0.0,1.0,T.Shough,13.0,D.Vele,13.0,,,,,,-7
BAL,NO,2,NO,BAL,BAL,29.0,1.0,pass,0.0,0,0,0,,,,,0.127217801574083,0.0,0.0,0.0,0.0,0.0,0.0,1.0,0.0,0.0,0.0,0.0,0.0,0.0,0.0,0.0,T.Shough,,,,,,,,,-7
BAL,NO,2,NO,BAL,BAL,29.0,2.0,field_goal,0.0,0,0,0,made,,,,0.830995250963674,0.0,0.0,0.0,0.0,0.0,0.0,0.0,0.0,0.0,0.0,0.0,0.0,0.0,0.0,0.0,,,,,,,,,,-7
BAL,NO,2,,,,,,,,0,0,0,,,,,,,,,,,,,,,,,,,,,,,,,,,,,,-7
BAL,NO,2,NO,BAL,BAL,35.0,,kickoff,0.0,0,0,0,,,,,0.0530723500996828,0.0,0.0,0.0,0.0,0.0,0.0,0.0,0.0,0.0,0.0,0.0,0.0,0.0,1.0,0.0,,,,,,,,,,-7
BAL,NO,2,NO,BAL,NO,74.0,1.0,run,8.0,0,0,0,,,,,0.611593972891569,0.0,0.0,0.0,0.0,0.0,1.0,0.0,0.0,0.0,0.0,0.0,0.0,0.0,0.0,0.0,,,,,T.Etienne,8.0,,,,-7
BAL,NO,2,NO,BAL,NO,66.0,2.0,no_play,0.0,0,0,0,,,,,0.288940251572058,0.0,0.0,0.0,1.0,0.0,0.0,0.0,0.0,0.0,0.0,0.0,0.0,0.0,0.0,0.0,,,,,,,,BAL,5.0,-7
BAL,NO,2,NO,BAL,NO,61.0,1.0,run,-4.0,0,0,0,,,,,-1.2373747068923,0.0,0.0,0.0,0.0,0.0,1.0,0.0,0.0,0.0,0.0,0.0,0.0,0.0,0.0,0.0,,,,,T.Etienne,-4.0,,,,-7
BAL,NO,2,NO,BAL,NO,65.0,2.0,run,1.0,0,0,1,,,,,-0.683738419786096,0.0,0.0,0.0,0.0,0.0,1.0,0.0,0.0,0.0,0.0,0.0,0.0,0.0,0.0,0.0,,,,,T.Shough,1.0,,,,-7
BAL,NO,2,NO,BAL,NO,64.0,3.0,pass,25.0,0,0,0,,,,,3.52787526557222,1.0,0.0,0.0,0.0,0.0,0.0,1.0,0.0,0.0,0.0,0.0,0.0,0.0,0.0,1.0,T.Shough,25.0,J.Johnson,25.0,,,,,,-7
BAL,NO,2,NO,BAL,BAL,39.0,1.0,pass,6.0,0,0,0,,,,,0.288079384132288,0.0,0.0,0.0,0.0,0.0,0.0,1.0,0.0,0.0,0.0,0.0,0.0,0.0,0.0,1.0,T.Shough,6.0,T.Etienne,6.0,,,,,,-7
BAL,NO,2,NO,BAL,BAL,33.0,2.0,pass,0.0,0,0,0,,,,,-0.735956297721714,0.0,0.0,0.0,0.0,0.0,0.0,1.0,0.0,0.0,0.0,0.0,0.0,0.0,0.0,1.0,T.Shough,0.0,T.Etienne,0.0,,,,,,-7
BAL,NO,2,NO,BAL,BAL,33.0,3.0,pass,0.0,0,0,0,,,,,-1.66136509914777,0.0,0.0,0.0,0.0,0.0,0.0,1.0,0.0,0.0,0.0,0.0,0.0,0.0,0.0,0.0,T.Shough,,C.Olave,,,,,,,-7
BAL,NO,2,NO,BAL,BAL,33.0,4.0,field_goal,0.0,0,0,0,made,,,,1.77865093249257,0.0,0.0,0.0,0.0,0.0,0.0,0.0,0.0,0.0,0.0,0.0,0.0,0.0,0.0,0.0,,,,,,,,,,-7
BAL,NO,2,BAL,NO,NO,35.0,,kickoff,0.0,0,0,0,,,,,0.524094469845295,0.0,0.0,0.0,0.0,0.0,0.0,0.0,0.0,0.0,0.0,0.0,0.0,0.0,1.0,0.0,,,,,,,,,,-7
BAL,NO,2,BAL,NO,BAL,68.0,1.0,pass,8.0,0,0,0,,,,,0.485462824581191,0.0,0.0,0.0,0.0,0.0,0.0,1.0,0.0,0.0,0.0,0.0,0.0,0.0,0.0,1.0,L.Jackson,8.0,M.Andrews,8.0,,,,,,-7
BAL,NO,2,BAL,NO,BAL,60.0,2.0,run,7.0,0,0,0,,,,,0.424359602387995,0.0,0.0,0.0,0.0,0.0,1.0,0.0,0.0,0.0,0.0,0.0,0.0,0.0,0.0,0.0,,,,,D.Henry,7.0,,,,-7
BAL,NO,2,BAL,NO,BAL,53.0,1.0,run,6.0,0,0,0,,,,,0.190174916293472,0.0,0.0,0.0,0.0,0.0,1.0,0.0,0.0,0.0,0.0,0.0,0.0,0.0,0.0,0.0,,,,,J.Hill,6.0,,,,-7
BAL,NO,2,BAL,NO,NO,47.0,2.0,pass,0.0,0,0,0,,,,,-0.827045261859894,0.0,0.0,0.0,0.0,0.0,0.0,1.0,0.0,0.0,0.0,0.0,0.0,0.0,0.0,0.0,L.Jackson,,D.Smythe,,,,,,,-7
BAL,NO,2,BAL,NO,NO,47.0,3.0,pass,7.0,0,0,0,,,,,1.3917564728763,1.0,0.0,0.0,0.0,0.0,0.0,1.0,0.0,0.0,0.0,0.0,0.0,0.0,0.0,1.0,L.Jackson,7.0,M.Andrews,7.0,,,,,,-7
BAL,NO,2,BAL,NO,NO,40.0,1.0,run,4.0,0,0,1,,,,,-0.768982175039128,0.0,0.0,0.0,1.0,0.0,1.0,0.0,0.0,0.0,0.0,0.0,0.0,0.0,0.0,0.0,,,,,L.Jackson,4.0,,BAL,10.0,-7
BAL,NO,2,BAL,NO,NO,46.0,1.0,no_play,0.0,0,0,0,,,,,-0.124633751576766,0.0,0.0,0.0,1.0,0.0,0.0,0.0,0.0,0.0,0.0,0.0,0.0,0.0,0.0,0.0,,,,,,,,BAL,5.0,-7
BAL,NO,2,BAL,NO,BAL,51.0,1.0,pass,18.0,0,0,0,,,,,1.20401663333178,0.0,0.0,0.0,0.0,0.0,0.0,1.0,0.0,0.0,0.0,0.0,0.0,0.0,0.0,1.0,L.Jackson,18.0,R.Bateman,18.0,,,,,,-7
BAL,NO,2,BAL,NO,NO,33.0,2.0,run,3.0,0,0,0,,,,,0.221723787835799,0.0,0.0,0.0,0.0,0.0,1.0,0.0,0.0,0.0,0.0,0.0,0.0,0.0,0.0,0.0,,,,,D.Henry,3.0,,,,-7
BAL,NO,2,BAL,NO,NO,30.0,1.0,run,5.0,0,0,0,,,,,0.124256112030707,0.0,0.0,0.0,0.0,0.0,1.0,0.0,0.0,0.0,0.0,0.0,0.0,0.0,0.0,0.0,,,,,D.Henry,5.0,,,,-7
BAL,NO,2,BAL,NO,NO,25.0,2.0,pass,6.0,0,0,0,,,,,0.607136941107456,0.0,0.0,0.0,0.0,0.0,0.0,1.0,0.0,0.0,0.0,0.0,0.0,0.0,0.0,1.0,L.Jackson,6.0,R.Bateman,6.0,,,,,,-7
BAL,NO,2,BAL,NO,NO,19.0,1.0,run,0.0,0,0,0,,,,,-0.474793708126526,0.0,0.0,0.0,0.0,0.0,1.0,0.0,0.0,0.0,0.0,0.0,0.0,0.0,0.0,0.0,,,,,D.Henry,0.0,,,,-7
BAL,NO,2,BAL,NO,NO,19.0,2.0,pass,0.0,0,0,0,,,,,-0.681587108061649,0.0,0.0,0.0,0.0,0.0,0.0,1.0,0.0,0.0,0.0,0.0,0.0,0.0,0.0,0.0,L.Jackson,,R.Bateman,,,,,,,-7
BAL,NO,2,BAL,NO,NO,19.0,3.0,pass,-12.0,0,0,0,,,,,-2.41125303167166,0.0,0.0,0.0,0.0,0.0,0.0,1.0,1.0,0.0,0.0,0.0,0.0,0.0,0.0,0.0,L.Jackson,,,,,,,,,-7
BAL,NO,2,BAL,NO,NO,31.0,4.0,field_goal,0.0,0,0,0,made,,,,1.68588934545653,0.0,0.0,0.0,0.0,0.0,0.0,0.0,0.0,0.0,0.0,0.0,0.0,0.0,0.0,0.0,,,,,,,,,,-7
BAL,NO,2,NO,BAL,BAL,35.0,,kickoff,0.0,0,0,0,,,,,0.0248774355277419,0.0,0.0,0.0,0.0,0.0,0.0,0.0,0.0,0.0,0.0,0.0,0.0,0.0,1.0,0.0,,,,,,,,,,-7
BAL,NO,2,NO,BAL,NO,74.0,1.0,pass,-4.0,0,0,0,,,,,-1.32951522758231,0.0,0.0,0.0,0.0,0.0,0.0,1.0,1.0,0.0,0.0,0.0,0.0,0.0,0.0,0.0,T.Shough,,,,,,,,,-7
BAL,NO,2,NO,BAL,NO,78.0,2.0,no_play,0.0,0,0,0,,,,,-0.21306424960494,0.0,0.0,0.0,1.0,0.0,0.0,0.0,0.0,0.0,0.0,0.0,0.0,0.0,0.0,0.0,,,,,,,,NO,5.0,-7
BAL,NO,2,NO,BAL,NO,83.0,2.0,pass,0.0,0,0,0,,,,,-0.760132280178368,0.0,0.0,0.0,0.0,0.0,0.0,1.0,0.0,0.0,0.0,0.0,0.0,0.0,0.0,0.0,T.Shough,,A.Kamara,,,,,,,-7
BAL,NO,2,NO,BAL,NO,83.0,3.0,pass,-8.0,0,0,0,,,,,-1.41645185579546,0.0,0.0,0.0,0.0,0.0,0.0,1.0,1.0,0.0,0.0,0.0,0.0,0.0,0.0,0.0,T.Shough,,,,,,,,,-7
BAL,NO,2,NO,BAL,NO,91.0,4.0,punt,0.0,0,0,0,,,,,-0.147022309014574,0.0,0.0,0.0,0.0,0.0,0.0,0.0,0.0,0.0,0.0,0.0,0.0,0.0,0.0,0.0,,,,,,,,,,-7
BAL,NO,2,BAL,NO,NO,49.0,1.0,no_play,0.0,0,0,0,,,,,-0.507433066144586,0.0,0.0,0.0,1.0,0.0,0.0,0.0,0.0,0.0,0.0,0.0,0.0,0.0,0.0,0.0,,,,,,,,BAL,5.0,-7
BAL,NO,2,BAL,NO,BAL,54.0,1.0,pass,-3.0,0,0,0,,,,,-0.862560577690601,0.0,0.0,0.0,0.0,0.0,0.0,1.0,0.0,0.0,0.0,0.0,0.0,0.0,0.0,1.0,L.Jackson,-3.0,D.Henry,-3.0,,,,,,-7
BAL,NO,2,BAL,NO,BAL,57.0,2.0,pass,-8.0,0,0,0,,,,,-1.44796059234068,0.0,0.0,0.0,0.0,0.0,0.0,1.0,1.0,0.0,0.0,0.0,0.0,0.0,0.0,0.0,L.Jackson,,,,,,,,,-7
BAL,NO,2,BAL,NO,BAL,65.0,3.0,pass,0.0,0,0,0,,,,,-0.820499093271792,0.0,0.0,0.0,0.0,0.0,0.0,1.0,0.0,0.0,0.0,0.0,0.0,0.0,0.0,0.0,L.Jackson,,C.Moore,,,,,,,-7
BAL,NO,2,BAL,NO,BAL,65.0,4.0,punt,0.0,0,0,0,,,,,-0.725461619440466,0.0,0.0,0.0,0.0,0.0,0.0,0.0,0.0,0.0,0.0,0.0,0.0,0.0,0.0,0.0,,,,,,,,,,-7
BAL,NO,2,NO,BAL,,,,,,0,0,0,,,,,0.0,,,,,,,,,,,,,,,,,,,,,,,,,-7
BAL,NO,2,NO,BAL,NO,68.0,1.0,pass,8.0,0,0,0,,,,,0.490383297903463,0.0,0.0,0.0,0.0,0.0,0.0,1.0,0.0,0.0,0.0,0.0,0.0,0.0,0.0,1.0,T.Shough,8.0,B.Lance,8.0,,,,,,-7
BAL,NO,2,NO,BAL,NO,60.0,2.0,run,2.0,0,0,0,,,,,0.0664280531927943,0.0,0.0,0.0,0.0,0.0,1.0,0.0,0.0,0.0,0.0,0.0,0.0,0.0,0.0,0.0,,,,,T.Etienne,2.0,,,,-7
BAL,NO,2,NO,BAL,NO,58.0,1.0,pass,8.0,0,0,0,,,,,0.639764283318073,0.0,0.0,0.0,0.0,0.0,0.0,1.0,0.0,0.0,0.0,0.0,0.0,0.0,0.0,1.0,T.Shough,8.0,O.Delp,8.0,,,,,,-7
BAL,NO,2,NO,BAL,50,50.0,2.0,run,6.0,0,0,0,,,,,0.242397856200114,0.0,0.0,0.0,0.0,0.0,1.0,0.0,0.0,0.0,0.0,0.0,0.0,0.0,0.0,0.0,,,,,A.Kamara,6.0,,,,-7
BAL,NO,2,NO,BAL,BAL,44.0,1.0,run,2.0,0,0,0,,,,,-0.249981719302014,0.0,0.0,0.0,0.0,0.0,1.0,0.0,0.0,0.0,0.0,0.0,0.0,0.0,0.0,0.0,,,,,A.Kamara,2.0,,,,-7
BAL,NO,2,NO,BAL,BAL,42.0,2.0,pass,3.0,0,0,0,,,,,-0.290090675931424,0.0,0.0,0.0,0.0,0.0,0.0,1.0,0.0,0.0,0.0,0.0,0.0,0.0,0.0,1.0,T.Shough,3.0,C.Olave,3.0,,,,,,-7
BAL,NO,2,NO,BAL,BAL,39.0,3.0,pass,12.0,0,0,0,,,,,1.91118065058254,1.0,0.0,0.0,0.0,0.0,0.0,1.0,0.0,0.0,0.0,0.0,0.0,0.0,0.0,1.0,T.Shough,12.0,C.Olave,12.0,,,,,,-7
BAL,NO,2,NO,BAL,BAL,27.0,1.0,run,6.0,0,0,0,,,,,0.207039796747267,0.0,0.0,0.0,0.0,0.0,1.0,0.0,0.0,0.0,0.0,0.0,0.0,0.0,0.0,0.0,,,,,T.Etienne,6.0,,,,-7
BAL,NO,2,NO,BAL,BAL,21.0,2.0,pass,21.0,0,0,0,,,,NO,2.59529882576317,0.0,0.0,0.0,0.0,0.0,0.0,1.0,0.0,1.0,1.0,0.0,0.0,0.0,0.0,1.0,T.Shough,21.0,C.Olave,21.0,,,,,,-7
BAL,NO,2,NO,BAL,BAL,2.0,,no_play,0.0,0,0,0,,,,,0.0,0.0,0.0,0.0,1.0,0.0,0.0,0.0,0.0,0.0,0.0,0.0,0.0,0.0,0.0,0.0,,,,,,,,BAL,1.0,-7
BAL,NO,2,NO,BAL,BAL,1.0,,run,2.0,0,0,0,,,success,,1.053,0.0,0.0,0.0,0.0,0.0,1.0,0.0,0.0,0.0,0.0,0.0,0.0,1.0,0.0,0.0,,,,,T.Etienne,,,,,-7
BAL,NO,2,BAL,NO,NO,35.0,,kickoff,0.0,0,0,0,,,,,0.0263939339201897,0.0,0.0,0.0,0.0,0.0,0.0,0.0,0.0,0.0,0.0,0.0,0.0,0.0,1.0,0.0,,,,,,,,,,-7
BAL,NO,2,BAL,NO,BAL,72.0,1.0,pass,7.0,0,0,0,,,,,0.270601755008101,0.0,0.0,0.0,0.0,0.0,0.0,1.0,0.0,0.0,0.0,0.0,0.0,0.0,0.0,1.0,L.Jackson,7.0,R.Bateman,7.0,,,,,,-7
BAL,NO,2,BAL,NO,BAL,65.0,2.0,run,2.0,0,0,0,,,,,0.0910610980354249,0.0,0.0,0.0,0.0,0.0,1.0,0.0,0.0,0.0,0.0,0.0,0.0,0.0,0.0,0.0,,,,,D.Henry,2.0,,,,-7
BAL,NO,2,BAL,NO,BAL,63.0,3.0,pass,0.0,0,0,0,,,,,-1.56939390674233,0.0,0.0,0.0,0.0,0.0,0.0,1.0,0.0,0.0,0.0,0.0,0.0,0.0,0.0,0.0,L.Jackson,,C.Moore,,,,,,,-7
BAL,NO,2,BAL,NO,BAL,63.0,4.0,punt,0.0,0,0,0,,,,,-1.45712518622167,0.0,0.0,0.0,0.0,0.0,0.0,0.0,0.0,0.0,0.0,0.0,0.0,0.0,0.0,0.0,,,,,,,,,,-7
BAL,NO,2,NO,BAL,NO,68.0,1.0,run,0.0,0,0,0,,,,,-0.369571392191574,0.0,0.0,0.0,0.0,0.0,1.0,0.0,0.0,0.0,0.0,0.0,0.0,0.0,0.0,0.0,,,,,T.Etienne,0.0,,,,-7
BAL,NO,2,NO,BAL,NO,68.0,2.0,pass,15.0,0,0,0,,,,,1.30914629297331,0.0,0.0,0.0,0.0,0.0,0.0,1.0,0.0,0.0,0.0,0.0,0.0,0.0,0.0,1.0,T.Shough,15.0,C.Olave,15.0,,,,,,-7
BAL,NO,2,NO,BAL,NO,53.0,1.0,pass,0.0,0,0,0,,,,,-0.460126026533544,0.0,0.0,0.0,0.0,0.0,0.0,1.0,0.0,0.0,0.0,0.0,0.0,0.0,0.0,0.0,T.Shough,,D.Vele,,,,,,,-7
BAL,NO,2,NO,BAL,NO,53.0,2.0,run,4.0,0,0,0,,,,,-0.394319521961734,0.0,0.0,0.0,0.0,0.0,1.0,0.0,0.0,0.0,0.0,0.0,0.0,0.0,0.0,0.0,,,,,T.Etienne,4.0,,,,-7
BAL,NO,2,NO,BAL,BAL,49.0,3.0,pass,5.0,0,0,0,,,,,-0.378024058882147,0.0,0.0,0.0,0.0,0.0,0.0,1.0,0.0,0.0,0.0,0.0,0.0,0.0,0.0,1.0,T.Shough,5.0,D.Vele,5.0,,,,,,-7
BAL,NO,2,NO,BAL,BAL,44.0,4.0,run,1.0,0,0,0,,,,,1.66094933956629,0.0,1.0,0.0,0.0,0.0,1.0,0.0,0.0,0.0,0.0,0.0,0.0,0.0,0.0,0.0,,,,,T.Shough,1.0,,,,-7
BAL,NO,2,NO,BAL,BAL,43.0,1.0,pass,7.0,0,0,0,,,,,0.38609720725799,0.0,0.0,0.0,0.0,0.0,0.0,1.0,0.0,0.0,0.0,0.0,0.0,0.0,0.0,1.0,T.Shough,7.0,K.Austin,7.0,,,,,,-7
BAL,NO,2,NO,BAL,BAL,36.0,2.0,run,1.0,0,0,0,,,,,-0.572375802323222,0.0,0.0,0.0,0.0,0.0,1.0,0.0,0.0,0.0,0.0,0.0,0.0,0.0,0.0,0.0,,,,,A.Kamara,1.0,,,,-7
BAL,NO,2,NO,BAL,BAL,35.0,3.0,pass,3.0,0,0,0,,,,,0.714951821893919,1.0,0.0,0.0,0.0,0.0,0.0,1.0,0.0,0.0,0.0,0.0,0.0,0.0,0.0,1.0,T.Shough,3.0,C.Olave,3.0,,,,,,-7
BAL,NO,2,NO,BAL,BAL,32.0,1.0,run,-4.0,0,0,0,,,,,-1.20320183678996,0.0,0.0,0.0,0.0,0.0,1.0,0.0,0.0,0.0,0.0,0.0,0.0,0.0,0.0,0.0,,,,,A.Kamara,-4.0,,,,-7
BAL,NO,2,NO,BAL,BAL,36.0,2.0,pass,6.0,0,0,0,,,,,0.332412504300009,0.0,0.0,0.0,0.0,0.0,0.0,1.0,0.0,0.0,0.0,0.0,0.0,0.0,0.0,1.0,T.Shough,6.0,D.Vele,6.0,,,,,,-7
BAL,NO,2,NO,BAL,BAL,30.0,3.0,pass,25.0,0,0,0,,,,,3.44062310873414,1.0,0.0,0.0,1.0,0.0,0.0,1.0,0.0,0.0,0.0,0.0,0.0,0.0,0.0,1.0,T.Shough,25.0,J.Johnson,25.0,,,,BAL,3.0,-7
BAL,NO,2,NO,BAL,BAL,2.0,1.0,no_play,0.0,0,0,0,,,,,-0.908306912664557,0.0,0.0,0.0,1.0,0.0,0.0,0.0,0.0,0.0,0.0,0.0,0.0,0.0,0.0,0.0,,,,,,,,NO,5.0,-7
BAL,NO,2,NO,BAL,BAL,7.0,1.0,pass,0.0,0,0,0,,,,,-0.48934291274054,0.0,0.0,0.0,0.0,0.0,0.0,1.0,0.0,0.0,0.0,0.0,0.0,0.0,0.0,0.0,T.Shough,,D.Vele,,,,,,,-7
BAL,NO,2,NO,BAL,BAL,7.0,2.0,pass,6.0,0,0,0,,,,,0.708437574474374,0.0,0.0,0.0,0.0,0.0,0.0,1.0,0.0,0.0,0.0,0.0,0.0,0.0,0.0,1.0,T.Shough,6.0,J.Johnson,6.0,,,,,,-7
BAL,NO,2,,,,,,no_play,0.0,0,0,0,,,,,0.0,0.0,0.0,0.0,0.0,0.0,0.0,0.0,0.0,0.0,0.0,0.0,0.0,0.0,0.0,0.0,,,,,,,,,,-7
BAL,NO,2,NO,BAL,BAL,1.0,3.0,run,0.0,0,0,0,,,,,-1.81877512132633,0.0,0.0,0.0,0.0,0.0,1.0,0.0,0.0,0.0,0.0,0.0,0.0,0.0,0.0,0.0,,,,,T.Shough,0.0,,,,-7
BAL,NO,2,,,,,,no_play,0.0,0,0,0,,,,,0.0,0.0,0.0,0.0,0.0,0.0,0.0,0.0,0.0,0.0,0.0,0.0,0.0,0.0,0.0,0.0,,,,,,,,,,-7
BAL,NO,2,NO,BAL,BAL,1.0,4.0,run,1.0,0,0,0,,,,NO,3.38690049370052,0.0,1.0,0.0,0.0,0.0,1.0,0.0,0.0,1.0,0.0,1.0,0.0,0.0,0.0,0.0,,,,,T.Shough,1.0,,,,-7
BAL,NO,2,NO,BAL,BAL,15.0,,extra_point,0.0,0,0,0,,good,,,0.0675730031076331,0.0,0.0,0.0,0.0,0.0,0.0,0.0,0.0,0.0,0.0,0.0,1.0,0.0,0.0,0.0,,,,,,,,,,-7
BAL,NO,2,BAL,NO,NO,35.0,,kickoff,0.0,0,0,0,,,,,-0.258217144873925,0.0,0.0,0.0,0.0,0.0,0.0,0.0,0.0,0.0,0.0,0.0,0.0,0.0,1.0,0.0,,,,,,,,,,-7
BAL,NO,2,BAL,NO,BAL,71.0,1.0,pass,0.0,0,0,0,,,,,-0.215906576020643,0.0,0.0,0.0,0.0,0.0,0.0,1.0,0.0,0.0,0.0,0.0,0.0,0.0,0.0,0.0,L.Jackson,,D.Walker,,,,,,,-7
BAL,NO,2,BAL,NO,BAL,71.0,2.0,pass,7.0,0,0,0,,,,,0.0977912567323074,0.0,0.0,0.0,0.0,0.0,0.0,1.0,0.0,0.0,0.0,0.0,0.0,0.0,0.0,1.0,L.Jackson,7.0,R.Bateman,7.0,,,,,,-7
BAL,NO,2,BAL,NO,BAL,64.0,3.0,pass,14.0,0,0,0,,,,,0.813436119176913,1.0,0.0,0.0,0.0,0.0,0.0,1.0,0.0,0.0,0.0,0.0,0.0,0.0,0.0,1.0,L.Jackson,14.0,M.Andrews,14.0,,,,,,-7
BAL,NO,2,BAL,NO,50,50.0,1.0,run,13.0,0,0,1,,,,,0.472839130088687,0.0,0.0,0.0,0.0,0.0,1.0,0.0,0.0,0.0,0.0,0.0,0.0,0.0,0.0,0.0,,,,,L.Jackson,13.0,,,,-7
BAL,NO,2,BAL,NO,NO,37.0,1.0,qb_spike,0.0,0,1,0,,,,,-0.0776583856204525,0.0,0.0,0.0,0.0,0.0,0.0,1.0,0.0,0.0,0.0,0.0,0.0,0.0,0.0,0.0,L.Jackson,,,,,,,,,-7
BAL,NO,2,BAL,NO,NO,37.0,2.0,pass,0.0,0,0,0,,,,,-1.77789378905436,0.0,0.0,1.0,0.0,0.0,0.0,1.0,0.0,0.0,0.0,0.0,0.0,0.0,0.0,0.0,L.Jackson,,R.Bateman,,,,,,,-7
BAL,NO,2,NO,BAL,NO,91.0,1.0,qb_kneel,-1.0,1,0,0,,,,,0.0,0.0,0.0,0.0,0.0,0.0,1.0,0.0,0.0,0.0,0.0,0.0,0.0,0.0,0.0,0.0,,,,,T.Shough,-1.0,,,,-7
BAL,NO,2,NO,BAL,,,,,,0,0,0,,,,,,,,,,,,,,,,,,,,,,,,,,,,,,-7
LA,NYG,2,,,,,,,,0,0,0,,,,,0.0,,,,,,,,,,,,,,,,,,,,,,,,,22
LA,NYG,2,NYG,LA,LA,35.0,,kickoff,0.0,0,0,0,,,,,0.292737607844174,0.0,0.0,0.0,0.0,0.0,0.0,0.0,0.0,0.0,0.0,0.0,0.0,0.0,1.0,0.0,,,,,,,,,,22
LA,NYG,2,NYG,LA,NYG,70.0,1.0,run,4.0,0,0,0,,,,,-0.100483756046742,0.0,0.0,0.0,0.0,0.0,1.0,0.0,0.0,0.0,0.0,0.0,0.0,0.0,0.0,0.0,,,,,C.Skattebo,4.0,,,,22
LA,NYG,2,NYG,LA,NYG,66.0,2.0,run,3.0,0,0,0,,,,,-0.328096066601574,0.0,0.0,0.0,0.0,0.0,1.0,0.0,0.0,0.0,0.0,0.0,0.0,0.0,0.0,0.0,,,,,C.Skattebo,3.0,,,,22
LA,NYG,2,NYG,LA,NYG,63.0,3.0,pass,4.0,0,0,0,,,,,1.18236938584596,1.0,0.0,0.0,0.0,0.0,0.0,1.0,0.0,0.0,0.0,0.0,0.0,0.0,0.0,1.0,J.Dart,4.0,I.Likely,4.0,,,,,,22
LA,NYG,2,NYG,LA,NYG,59.0,1.0,pass,14.0,0,0,0,,,,,1.0091330378782,0.0,0.0,0.0,0.0,0.0,0.0,1.0,0.0,0.0,0.0,0.0,0.0,0.0,0.0,1.0,J.Dart,14.0,M.Fields,14.0,,,,,,22
LA,NYG,2,NYG,LA,LA,45.0,1.0,pass,0.0,0,0,0,,,,,-0.548758208984509,0.0,0.0,0.0,0.0,0.0,0.0,1.0,0.0,0.0,0.0,0.0,0.0,0.0,0.0,0.0,J.Dart,,T.Johnson,,,,,,,22
LA,NYG,2,NYG,LA,LA,45.0,2.0,pass,2.0,0,0,0,,,,,-0.932611520402133,0.0,0.0,0.0,0.0,0.0,0.0,1.0,0.0,0.0,0.0,0.0,0.0,0.0,0.0,1.0,J.Dart,2.0,C.Skattebo,2.0,,,,,,22
LA,NYG,2,NYG,LA,LA,43.0,3.0,pass,0.0,0,0,0,,,,,-1.82592181605287,0.0,0.0,0.0,0.0,0.0,0.0,1.0,0.0,0.0,0.0,0.0,0.0,0.0,0.0,0.0,J.Dart,,T.Johnson,,,,,,,22
LA,NYG,2,NYG,LA,LA,43.0,4.0,punt,0.0,0,0,0,,,,,-0.395758648170158,0.0,0.0,0.0,0.0,0.0,0.0,0.0,0.0,0.0,0.0,0.0,0.0,0.0,0.0,0.0,,,,,,,,,,22
LA,NYG,2,LA,NYG,LA,90.0,1.0,run,3.0,0,0,0,,,,,-0.395452944096178,0.0,0.0,0.0,0.0,0.0,1.0,0.0,0.0,0.0,0.0,0.0,0.0,0.0,0.0,0.0,,,,,K.Williams,3.0,,,,22
LA,NYG,2,LA,NYG,LA,87.0,2.0,pass,2.0,0,0,0,,,,,-0.544946039561182,0.0,0.0,0.0,0.0,0.0,0.0,1.0,0.0,0.0,0.0,0.0,0.0,0.0,0.0,1.0,M.Stafford,2.0,K.Williams,2.0,,,,,,22
LA,NYG,2,LA,NYG,LA,85.0,3.0,pass,0.0,0,0,0,,,,,-1.50955755123869,0.0,0.0,0.0,0.0,0.0,0.0,1.0,0.0,0.0,0.0,0.0,0.0,0.0,0.0,0.0,M.Stafford,,D.Adams,,,,,,,22
LA,NYG,2,LA,NYG,LA,85.0,4.0,punt,0.0,0,0,0,,,,,-0.660762343322858,0.0,0.0,0.0,0.0,0.0,0.0,0.0,0.0,0.0,0.0,0.0,0.0,0.0,0.0,0.0,,,,,,,,,,22
LA,NYG,2,NYG,LA,NYG,53.0,1.0,run,2.0,0,0,0,,,,,-0.485061797546223,0.0,0.0,0.0,0.0,0.0,1.0,0.0,0.0,0.0,0.0,0.0,0.0,0.0,0.0,0.0,,,,,C.Skattebo,2.0,,,,22
LA,NYG,2,NYG,LA,NYG,51.0,2.0,run,6.0,0,0,0,,,,,0.279905941104516,0.0,0.0,0.0,0.0,0.0,1.0,0.0,0.0,0.0,0.0,0.0,0.0,0.0,0.0,0.0,,,,,D.Singletary,6.0,,,,22
LA,NYG,2,NYG,LA,LA,45.0,3.0,run,5.0,0,0,0,,,,,1.11999775678851,1.0,0.0,0.0,0.0,0.0,1.0,0.0,0.0,0.0,0.0,0.0,0.0,0.0,0.0,0.0,,,,,C.Skattebo,5.0,,,,22
LA,NYG,2,NYG,LA,LA,40.0,1.0,pass,0.0,0,0,0,,,,,-0.586964484071359,0.0,0.0,0.0,0.0,0.0,0.0,1.0,0.0,0.0,0.0,0.0,0.0,0.0,0.0,0.0,J.Winston,,T.Johnson,,,,,,,22
LA,NYG,2,NYG,LA,LA,40.0,2.0,run,1.0,0,0,0,,,,,-0.902683491818607,0.0,0.0,0.0,0.0,0.0,1.0,0.0,0.0,0.0,0.0,0.0,0.0,0.0,0.0,0.0,,,,,D.Singletary,1.0,,,,22
LA,NYG,2,NYG,LA,LA,39.0,3.0,no_play,0.0,0,0,0,,,,,1.77712955896277,0.0,0.0,0.0,1.0,0.0,0.0,0.0,0.0,0.0,0.0,0.0,0.0,0.0,0.0,0.0,,,,,,,,LA,5.0,22
LA,NYG,2,NYG,LA,LA,34.0,1.0,no_play,0.0,0,0,0,,,,,-1.02469146752264,0.0,0.0,0.0,1.0,0.0,0.0,0.0,0.0,0.0,0.0,0.0,0.0,0.0,0.0,0.0,,,,,,,,NYG,10.0,22
LA,NYG,2,NYG,LA,LA,44.0,1.0,pass,1.0,0,0,0,,,,,-0.726637855404988,0.0,0.0,0.0,0.0,0.0,0.0,1.0,0.0,0.0,0.0,0.0,0.0,0.0,0.0,1.0,J.Winston,1.0,M.Nabers,1.0,,,,,,22
LA,NYG,2,NYG,LA,LA,43.0,2.0,pass,0.0,0,0,0,,,,,-0.95073996600695,0.0,0.0,0.0,0.0,0.0,0.0,1.0,0.0,0.0,0.0,0.0,0.0,0.0,0.0,0.0,J.Winston,,I.Likely,,,,,,,22
LA,NYG,2,NYG,LA,LA,43.0,3.0,pass,0.0,0,0,0,,,,,-1.49806567421183,0.0,0.0,0.0,0.0,0.0,0.0,1.0,0.0,0.0,0.0,0.0,0.0,0.0,0.0,0.0,J.Winston,,D.Singletary,,,,,,,22
LA,NYG,2,NYG,LA,LA,43.0,4.0,punt,0.0,0,0,0,,,,,-0.745718227233738,0.0,0.0,0.0,0.0,0.0,0.0,0.0,0.0,0.0,0.0,0.0,0.0,0.0,0.0,0.0,,,,,,,,,,22
LA,NYG,2,LA,NYG,LA,80.0,1.0,run,1.0,0,0,0,,,,,-0.626230146270245,0.0,0.0,0.0,0.0,0.0,1.0,0.0,0.0,0.0,0.0,0.0,0.0,0.0,0.0,0.0,,,,,B.Corum,1.0,,,,22
LA,NYG,2,LA,NYG,LA,79.0,2.0,pass,8.0,0,0,0,,,,,0.968808909412473,0.0,0.0,0.0,0.0,0.0,0.0,1.0,0.0,0.0,0.0,0.0,0.0,0.0,0.0,1.0,M.Stafford,8.0,T.Ferguson,8.0,,,,,,22
LA,NYG,2,LA,NYG,LA,71.0,3.0,run,2.0,0,0,0,,,,,0.382136679021642,1.0,0.0,0.0,0.0,0.0,1.0,0.0,0.0,0.0,0.0,0.0,0.0,0.0,0.0,0.0,,,,,B.Corum,2.0,,,,22
LA,NYG,2,LA,NYG,LA,69.0,1.0,pass,7.0,0,0,0,,,,,0.248069821158424,0.0,0.0,0.0,0.0,0.0,0.0,1.0,0.0,0.0,0.0,0.0,0.0,0.0,0.0,1.0,M.Stafford,7.0,C.Parkinson,7.0,,,,,,22
LA,NYG,2,LA,NYG,LA,62.0,2.0,pass,19.0,0,0,0,,,,,1.16836551879533,0.0,0.0,0.0,0.0,0.0,0.0,1.0,0.0,0.0,0.0,0.0,0.0,0.0,0.0,1.0,M.Stafford,19.0,D.Adams,19.0,,,,,,22
LA,NYG,2,LA,NYG,NYG,43.0,1.0,run,16.0,0,0,0,,,,,1.11946273536887,0.0,0.0,0.0,0.0,0.0,1.0,0.0,0.0,0.0,0.0,0.0,0.0,0.0,0.0,0.0,,,,,B.Corum,16.0,,,,22
LA,NYG,2,LA,NYG,NYG,27.0,1.0,no_play,0.0,0,0,1,,,,,-1.20746600523125,0.0,0.0,0.0,1.0,0.0,0.0,0.0,0.0,0.0,0.0,0.0,0.0,0.0,0.0,0.0,,,,,,,,LA,10.0,22
LA,NYG,2,LA,NYG,NYG,37.0,1.0,pass,6.0,0,0,0,,,,,-0.0742436359869316,0.0,0.0,0.0,0.0,0.0,0.0,1.0,0.0,0.0,0.0,0.0,0.0,0.0,0.0,1.0,M.Stafford,6.0,T.Ferguson,6.0,,,,,,22
LA,NYG,2,LA,NYG,NYG,31.0,2.0,pass,31.0,0,0,0,,,,LA,3.74914666858967,0.0,0.0,0.0,0.0,0.0,0.0,1.0,0.0,1.0,1.0,0.0,0.0,0.0,0.0,1.0,M.Stafford,31.0,D.Adams,31.0,,,,,,22
LA,NYG,2,LA,NYG,NYG,15.0,,extra_point,0.0,0,0,0,,good,,,0.0511715660706391,0.0,0.0,0.0,0.0,0.0,0.0,0.0,0.0,0.0,0.0,0.0,1.0,0.0,0.0,0.0,,,,,,,,,,22
LA,NYG,2,NYG,LA,LA,35.0,,kickoff,0.0,0,0,0,,,,,0.0728187588974834,0.0,0.0,0.0,0.0,0.0,0.0,0.0,0.0,0.0,0.0,0.0,0.0,0.0,1.0,0.0,,,,,,,,,,22
LA,NYG,2,NYG,LA,NYG,73.0,1.0,pass,0.0,0,0,0,,,,,-0.622760855592787,0.0,0.0,0.0,0.0,0.0,0.0,1.0,0.0,0.0,0.0,0.0,0.0,0.0,0.0,0.0,J.Winston,,M.Nabers,,,,,,,22
LA,NYG,2,NYG,LA,NYG,73.0,2.0,run,1.0,0,0,0,,,,,-0.753475107252598,0.0,0.0,0.0,0.0,0.0,1.0,0.0,0.0,0.0,0.0,0.0,0.0,0.0,0.0,0.0,,,,,C.Skattebo,1.0,,,,22
LA,NYG,2,NYG,LA,,,,,,0,0,0,,,,,0.0,,,,,,,,,,,,,,,,,,,,,,,,,22
LA,NYG,2,NYG,LA,NYG,72.0,3.0,pass,0.0,0,0,0,,,,,-1.39235021080822,0.0,0.0,0.0,0.0,0.0,0.0,1.0,0.0,0.0,0.0,0.0,0.0,0.0,0.0,0.0,J.Winston,,M.Fields,,,,,,,22
LA,NYG,2,NYG,LA,NYG,72.0,4.0,punt,0.0,0,0,0,,,,,0.431454062461853,0.0,0.0,0.0,0.0,0.0,0.0,0.0,0.0,0.0,0.0,0.0,0.0,0.0,0.0,0.0,,,,,,,,,,22
LA,NYG,2,LA,NYG,LA,78.0,1.0,no_play,0.0,0,0,0,,,,,-0.988342651631683,0.0,0.0,0.0,1.0,0.0,0.0,0.0,0.0,0.0,0.0,0.0,0.0,0.0,0.0,0.0,,,,,,,,LA,10.0,22
LA,NYG,2,LA,NYG,LA,88.0,1.0,pass,4.0,0,0,0,,,,,-0.283584626857191,0.0,0.0,0.0,0.0,0.0,0.0,1.0,0.0,0.0,0.0,0.0,0.0,0.0,0.0,1.0,M.Stafford,4.0,D.Adams,4.0,,,,,,22
LA,NYG,2,LA,NYG,LA,84.0,2.0,pass,6.0,0,0,0,,,,,-0.0544688925147057,0.0,0.0,0.0,0.0,0.0,0.0,1.0,0.0,0.0,0.0,0.0,0.0,0.0,0.0,1.0,M.Stafford,6.0,T.Ferguson,6.0,,,,,,22
LA,NYG,2,LA,NYG,LA,78.0,3.0,pass,64.0,0,0,0,,,,,5.41724735638127,1.0,0.0,0.0,0.0,0.0,0.0,1.0,0.0,0.0,0.0,0.0,0.0,0.0,0.0,1.0,M.Stafford,64.0,D.Adams,64.0,,,,,,22
LA,NYG,2,,,,,,no_play,0.0,0,0,0,,,,,0.0,0.0,0.0,0.0,0.0,0.0,0.0,0.0,0.0,0.0,0.0,0.0,0.0,0.0,0.0,0.0,,,,,,,,,,22
LA,NYG,2,LA,NYG,NYG,14.0,1.0,run,4.0,0,0,0,,,,,-0.284022028441541,0.0,0.0,0.0,0.0,0.0,1.0,0.0,0.0,0.0,0.0,0.0,0.0,0.0,0.0,0.0,,,,,K.Williams,4.0,,,,22
LA,NYG,2,LA,NYG,NYG,10.0,2.0,pass,0.0,0,0,0,,,,,-0.781027704360895,0.0,0.0,0.0,0.0,0.0,0.0,1.0,0.0,0.0,0.0,0.0,0.0,0.0,0.0,0.0,M.Stafford,,X.Smith,,,,,,,22
LA,NYG,2,LA,NYG,NYG,10.0,3.0,pass,10.0,0,0,0,,,,LA,2.8929248910863,1.0,0.0,0.0,0.0,0.0,0.0,1.0,0.0,1.0,1.0,0.0,0.0,0.0,0.0,1.0,M.Stafford,10.0,K.Williams,10.0,,,,,,22
LA,NYG,2,LA,NYG,NYG,15.0,,extra_point,0.0,0,0,0,,good,,,0.0511715660706391,0.0,0.0,0.0,0.0,0.0,0.0,0.0,0.0,0.0,0.0,0.0,1.0,0.0,0.0,0.0,,,,,,,,,,22
LA,NYG,2,NYG,LA,LA,35.0,,kickoff,0.0,0,0,0,,,,,0.44964688597247,0.0,0.0,0.0,0.0,0.0,0.0,0.0,0.0,0.0,0.0,0.0,0.0,0.0,1.0,0.0,,,,,,,,,,22
LA,NYG,2,NYG,LA,NYG,66.0,1.0,run,2.0,0,0,0,,,,,-0.416212225332856,0.0,0.0,0.0,0.0,0.0,1.0,0.0,0.0,0.0,0.0,0.0,0.0,0.0,0.0,0.0,,,,,N.Harris,2.0,,,,22
LA,NYG,2,NYG,LA,NYG,64.0,2.0,pass,33.0,0,0,0,,,,,2.49486698384862,0.0,0.0,0.0,0.0,0.0,0.0,1.0,0.0,0.0,0.0,0.0,0.0,0.0,0.0,1.0,J.Winston,33.0,D.Mooney,33.0,,,,,,22
LA,NYG,2,NYG,LA,LA,31.0,1.0,run,4.0,0,0,0,,,,,-0.0871028655674309,0.0,0.0,0.0,0.0,0.0,1.0,0.0,0.0,0.0,0.0,0.0,0.0,0.0,0.0,0.0,,,,,N.Harris,4.0,,,,22
LA,NYG,2,NYG,LA,LA,27.0,2.0,pass,5.0,0,0,0,,,,,0.330735466093756,0.0,0.0,0.0,0.0,0.0,0.0,1.0,0.0,0.0,0.0,0.0,0.0,0.0,0.0,1.0,J.Winston,5.0,I.Likely,5.0,,,,,,22
LA,NYG,2,NYG,LA,LA,22.0,3.0,run,0.0,0,0,0,,,,,-1.25276556657627,0.0,0.0,0.0,0.0,0.0,1.0,0.0,0.0,0.0,0.0,0.0,0.0,0.0,0.0,0.0,,,,,J.Winston,0.0,,,,22
LA,NYG,2,NYG,LA,LA,22.0,4.0,run,1.0,0,0,0,,,,,1.58077601075638,0.0,1.0,0.0,0.0,0.0,1.0,0.0,0.0,0.0,0.0,0.0,0.0,0.0,0.0,0.0,,,,,J.Winston,1.0,,,,22
LA,NYG,2,NYG,LA,LA,21.0,1.0,pass,0.0,0,0,0,,,,,-0.456210213946179,0.0,0.0,0.0,0.0,0.0,0.0,1.0,0.0,0.0,0.0,0.0,0.0,0.0,0.0,0.0,J.Winston,,T.Johnson,,,,,,,22
LA,NYG,2,NYG,LA,LA,21.0,2.0,run,3.0,0,0,0,,,,,-0.472621334367432,0.0,0.0,0.0,0.0,0.0,1.0,0.0,0.0,0.0,0.0,0.0,0.0,0.0,0.0,0.0,,,,,C.Skattebo,3.0,,,,22
LA,NYG,2,NYG,LA,LA,18.0,3.0,pass,0.0,0,0,0,,,,,-4.60416230862029,0.0,0.0,1.0,0.0,0.0,0.0,1.0,0.0,0.0,0.0,0.0,0.0,0.0,0.0,0.0,J.Winston,,M.Nabers,,,,,,,22
LA,NYG,2,LA,NYG,LA,79.0,1.0,run,5.0,0,0,0,,,,,-0.152825146680698,0.0,0.0,0.0,0.0,0.0,1.0,0.0,0.0,0.0,0.0,0.0,0.0,0.0,0.0,0.0,,,,,B.Corum,5.0,,,,22
LA,NYG,2,LA,NYG,LA,74.0,2.0,pass,0.0,0,0,0,,,,,-2.37018584739417,0.0,0.0,1.0,0.0,0.0,0.0,1.0,0.0,0.0,0.0,0.0,0.0,0.0,0.0,0.0,M.Stafford,,D.Adams,,,,,,,22
LA,NYG,2,NYG,LA,NYG,71.0,1.0,pass,19.0,0,0,0,,,,,1.02304343960714,0.0,0.0,0.0,0.0,0.0,0.0,1.0,0.0,0.0,0.0,0.0,0.0,0.0,0.0,1.0,J.Winston,19.0,C.Skattebo,19.0,,,,,,22
LA,NYG,2,NYG,LA,NYG,52.0,1.0,pass,0.0,0,0,0,,,,,-0.67569187504705,0.0,0.0,0.0,0.0,0.0,0.0,1.0,1.0,0.0,0.0,0.0,0.0,0.0,0.0,0.0,J.Winston,,,,,,,,,22
LA,NYG,2,NYG,LA,NYG,52.0,2.0,run,2.0,0,0,0,,,,,-0.769780586124398,0.0,0.0,0.0,0.0,0.0,1.0,0.0,0.0,0.0,0.0,0.0,0.0,0.0,0.0,0.0,,,,,D.Singletary,2.0,,,,22
LA,NYG,2,NYG,LA,50,50.0,3.0,pass,0.0,0,0,0,,,,,-1.41997537075076,0.0,0.0,0.0,0.0,0.0,0.0,1.0,0.0,0.0,0.0,0.0,0.0,0.0,0.0,0.0,J.Winston,,D.Mooney,,,,,,,22
LA,NYG,2,NYG,LA,50,50.0,4.0,punt,0.0,0,0,0,,,,,-0.117760711116716,0.0,0.0,0.0,0.0,0.0,0.0,0.0,0.0,0.0,0.0,0.0,0.0,0.0,0.0,0.0,,,,,,,,,,22
LA,NYG,2,LA,NYG,LA,94.0,1.0,run,5.0,0,0,0,,,,,-5.33961275540059,0.0,0.0,0.0,0.0,1.0,1.0,0.0,0.0,0.0,0.0,0.0,0.0,0.0,0.0,0.0,,,,,K.Williams,5.0,K.Williams,,,22
LA,NYG,2,NYG,LA,LA,11.0,1.0,no_play,0.0,0,0,0,,,,,0.604406426951755,0.0,0.0,0.0,1.0,0.0,0.0,0.0,0.0,0.0,0.0,0.0,0.0,0.0,0.0,0.0,,,,,,,,LA,5.0,22
LA,NYG,2,NYG,LA,LA,6.0,1.0,run,0.0,0,0,0,,,,,-0.399537805642467,0.0,0.0,0.0,0.0,0.0,1.0,0.0,0.0,0.0,0.0,0.0,0.0,0.0,0.0,0.0,,,,,C.Skattebo,0.0,,,,22
LA,NYG,2,NYG,LA,LA,6.0,2.0,run,3.0,0,0,0,,,,,-0.771907988062594,0.0,0.0,0.0,0.0,0.0,1.0,0.0,0.0,0.0,0.0,0.0,0.0,0.0,0.0,0.0,,,,,N.Harris,3.0,,,,22
LA,NYG,2,,,,,,no_play,0.0,0,0,0,,,,,0.0,0.0,0.0,0.0,0.0,0.0,0.0,0.0,0.0,0.0,0.0,0.0,0.0,0.0,0.0,0.0,,,,,,,,,,22
LA,NYG,2,NYG,LA,LA,3.0,3.0,run,-3.0,0,0,0,,,,,-1.47189147902211,0.0,0.0,0.0,0.0,0.0,1.0,0.0,0.0,0.0,0.0,0.0,0.0,0.0,0.0,0.0,,,,,N.Harris,-3.0,,,,22
LA,NYG,2,NYG,LA,LA,6.0,4.0,field_goal,0.0,0,0,0,made,,,,0.0288671000537106,0.0,0.0,0.0,0.0,0.0,0.0,0.0,0.0,0.0,0.0,0.0,0.0,0.0,0.0,0.0,,,,,,,,,,22
LA,NYG,2,LA,NYG,NYG,35.0,,kickoff,0.0,0,0,0,,,,,0.135662046144716,0.0,0.0,0.0,0.0,0.0,0.0,0.0,0.0,0.0,0.0,0.0,0.0,0.0,1.0,0.0,,,,,,,,,,22
LA,NYG,2,LA,NYG,LA,65.0,1.0,run,13.0,0,0,0,,,,,0.457783137855586,0.0,0.0,0.0,0.0,0.0,1.0,0.0,0.0,0.0,0.0,0.0,0.0,0.0,0.0,0.0,,,,,K.Williams,13.0,,,,22
LA,NYG,2,LA,NYG,LA,52.0,1.0,pass,27.0,0,0,0,,,,,1.27635582437506,0.0,0.0,0.0,0.0,0.0,0.0,1.0,0.0,0.0,0.0,0.0,0.0,0.0,0.0,1.0,M.Stafford,27.0,D.Adams,27.0,,,,,,22
LA,NYG,2,LA,NYG,NYG,25.0,1.0,qb_spike,0.0,0,1,0,,,,,0.171681367042854,0.0,0.0,0.0,0.0,0.0,0.0,1.0,0.0,0.0,0.0,0.0,0.0,0.0,0.0,0.0,M.Stafford,,,,,,,,,22
LA,NYG,2,LA,NYG,NYG,25.0,2.0,field_goal,0.0,0,0,0,missed,,,,-2.38559385360722,0.0,0.0,0.0,0.0,0.0,0.0,0.0,0.0,0.0,0.0,0.0,0.0,0.0,0.0,0.0,,,,,,,,,,22
LA,NYG,2,,,,,,,,0,0,0,,,,,,,,,,,,,,,,,,,,,,,,,,,,,,22
LA,NYG,2,LA,NYG,NYG,35.0,,kickoff,0.0,0,0,0,,,,,-0.976680650841445,0.0,0.0,0.0,0.0,0.0,0.0,0.0,0.0,0.0,0.0,0.0,0.0,0.0,1.0,0.0,,,,,,,,,,22
LA,NYG,2,LA,NYG,LA,89.0,1.0,run,3.0,0,0,0,,,,,-0.406948628369719,0.0,0.0,0.0,0.0,0.0,1.0,0.0,0.0,0.0,0.0,0.0,0.0,0.0,0.0,0.0,,,,,B.Corum,3.0,,,,22
LA,NYG,2,LA,NYG,LA,86.0,2.0,pass,19.0,0,0,0,,,,,1.87293609813787,0.0,0.0,0.0,0.0,0.0,0.0,1.0,0.0,0.0,0.0,0.0,0.0,0.0,0.0,1.0,M.Stafford,19.0,T.Atwell,19.0,,,,,,22
LA,NYG,2,LA,NYG,LA,67.0,1.0,pass,0.0,0,0,0,,,,,-0.554532376816496,0.0,0.0,0.0,0.0,0.0,0.0,1.0,0.0,0.0,0.0,0.0,0.0,0.0,0.0,0.0,M.Stafford,,T.Atwell,,,,,,,22
LA,NYG,2,LA,NYG,LA,67.0,2.0,pass,0.0,0,0,0,,,,,-0.806243664585054,0.0,0.0,0.0,0.0,0.0,0.0,1.0,0.0,0.0,0.0,0.0,0.0,0.0,0.0,0.0,M.Stafford,,T.Ferguson,,,,,,,22
LA,NYG,2,LA,NYG,LA,67.0,3.0,pass,0.0,0,0,0,,,,,-1.57630392955616,0.0,0.0,0.0,0.0,0.0,0.0,1.0,0.0,0.0,0.0,0.0,0.0,0.0,0.0,0.0,M.Stafford,,K.Mumpfield,,,,,,,22
LA,NYG,2,LA,NYG,LA,67.0,4.0,punt,0.0,0,0,0,,,,,-0.132218997459859,0.0,0.0,0.0,0.0,0.0,0.0,0.0,0.0,0.0,0.0,0.0,0.0,0.0,0.0,0.0,,,,,,,,,,22
LA,NYG,2,NYG,LA,NYG,80.0,1.0,run,1.0,0,0,0,,,,,-0.658450243063271,0.0,0.0,0.0,0.0,0.0,1.0,0.0,0.0,0.0,0.0,0.0,0.0,0.0,0.0,0.0,,,,,C.Skattebo,1.0,,,,22
LA,NYG,2,NYG,LA,NYG,79.0,2.0,pass,13.0,0,0,0,,,,,1.54025737149641,0.0,0.0,0.0,0.0,0.0,0.0,1.0,0.0,0.0,0.0,0.0,0.0,0.0,0.0,1.0,J.Winston,13.0,I.Likely,13.0,,,,,,22
LA,NYG,2,NYG,LA,NYG,66.0,1.0,run,5.0,0,0,0,,,,,0.0304649074096233,0.0,0.0,0.0,0.0,0.0,1.0,0.0,0.0,0.0,0.0,0.0,0.0,0.0,0.0,0.0,,,,,C.Skattebo,5.0,,,,22
LA,NYG,2,NYG,LA,NYG,61.0,2.0,no_play,0.0,0,0,0,,,,,-0.658278952119872,0.0,0.0,0.0,1.0,0.0,0.0,0.0,0.0,0.0,0.0,0.0,0.0,0.0,0.0,0.0,,,,,,,,NYG,5.0,22
LA,NYG,2,NYG,LA,NYG,66.0,2.0,pass,-2.0,0,0,0,,,,,-1.21387813379988,0.0,0.0,0.0,0.0,0.0,0.0,1.0,0.0,0.0,0.0,0.0,0.0,0.0,0.0,1.0,J.Winston,-2.0,C.Skattebo,-2.0,,,,,,22
LA,NYG,2,NYG,LA,NYG,68.0,3.0,pass,0.0,0,0,0,,,,,-1.1531165256165,0.0,0.0,0.0,0.0,0.0,0.0,1.0,0.0,0.0,0.0,0.0,0.0,0.0,0.0,0.0,J.Winston,,M.Nabers,,,,,,,22
LA,NYG,2,NYG,LA,NYG,68.0,4.0,punt,0.0,0,0,0,,,,,0.648751239292324,0.0,0.0,0.0,0.0,0.0,0.0,0.0,0.0,0.0,0.0,0.0,0.0,0.0,0.0,0.0,,,,,,,,,,22
LA,NYG,2,LA,NYG,LA,86.0,1.0,run,5.0,0,0,0,,,,,0.0648019672371447,0.0,0.0,0.0,0.0,0.0,1.0,0.0,0.0,0.0,0.0,0.0,0.0,0.0,0.0,0.0,,,,,K.Williams,5.0,,,,22
LA,NYG,2,LA,NYG,LA,81.0,2.0,pass,16.0,0,0,0,,,,,1.40618290868588,0.0,0.0,0.0,0.0,0.0,0.0,1.0,0.0,0.0,0.0,0.0,0.0,0.0,0.0,1.0,M.Stafford,16.0,D.Adams,16.0,,,,,,22
LA,NYG,2,LA,NYG,LA,65.0,1.0,pass,-9.0,0,0,0,,,,,-1.4970207514707,0.0,0.0,0.0,0.0,0.0,0.0,1.0,1.0,0.0,0.0,0.0,0.0,0.0,0.0,0.0,M.Stafford,,,,,,,,,22
LA,NYG,2,LA,NYG,LA,74.0,2.0,pass,20.0,0,0,0,,,,,2.27049616794102,0.0,0.0,0.0,0.0,0.0,0.0,1.0,0.0,0.0,0.0,0.0,0.0,0.0,0.0,1.0,M.Stafford,20.0,T.Ferguson,20.0,,,,,,22
LA,NYG,2,LA,NYG,LA,54.0,1.0,pass,23.0,0,0,0,,,,,1.31327306875028,0.0,0.0,0.0,0.0,0.0,0.0,1.0,0.0,0.0,0.0,0.0,0.0,0.0,0.0,1.0,M.Stafford,23.0,D.Adams,23.0,,,,,,22
LA,NYG,2,LA,NYG,NYG,31.0,1.0,run,20.0,0,0,0,,,,,1.13101840077434,0.0,0.0,0.0,0.0,0.0,1.0,0.0,0.0,0.0,0.0,0.0,0.0,0.0,0.0,0.0,,,,,K.Williams,20.0,,,,22
LA,NYG,2,LA,NYG,NYG,11.0,1.0,pass,11.0,0,0,0,,,,LA,1.58570606715512,0.0,0.0,0.0,0.0,0.0,0.0,1.0,0.0,1.0,1.0,0.0,0.0,0.0,0.0,1.0,M.Stafford,11.0,D.Adams,11.0,,,,,,22
LA,NYG,2,LA,NYG,NYG,15.0,,extra_point,0.0,0,0,0,,good,,,0.0511715660706391,0.0,0.0,0.0,0.0,0.0,0.0,0.0,0.0,0.0,0.0,0.0,1.0,0.0,0.0,0.0,,,,,,,,,,22
LA,NYG,2,NYG,LA,LA,35.0,,kickoff,0.0,0,0,0,,,,,1.5107361334376,0.0,0.0,0.0,1.0,0.0,0.0,0.0,0.0,0.0,0.0,0.0,0.0,0.0,1.0,0.0,,,,,,,,LA,15.0,22
LA,NYG,2,NYG,LA,NYG,51.0,1.0,run,2.0,0,0,0,,,,,-0.478090166579932,0.0,0.0,0.0,0.0,0.0,1.0,0.0,0.0,0.0,0.0,0.0,0.0,0.0,0.0,0.0,,,,,C.Skattebo,2.0,,,,22
LA,NYG,2,NYG,LA,LA,49.0,2.0,pass,0.0,0,0,0,,,,,-0.897453248035163,0.0,0.0,0.0,0.0,0.0,0.0,1.0,0.0,0.0,0.0,0.0,0.0,0.0,0.0,0.0,J.Winston,,I.Likely,,,,,,,22
LA,NYG,2,NYG,LA,LA,49.0,3.0,pass,15.0,0,0,0,,,,,2.43574899854139,1.0,0.0,0.0,0.0,0.0,0.0,1.0,0.0,0.0,0.0,0.0,0.0,0.0,0.0,1.0,J.Winston,15.0,D.Mooney,15.0,,,,,,22
LA,NYG,2,NYG,LA,LA,34.0,1.0,pass,0.0,0,0,0,,,,,-0.543529925635085,0.0,0.0,0.0,0.0,0.0,0.0,1.0,0.0,0.0,0.0,0.0,0.0,0.0,0.0,0.0,J.Winston,,I.Likely,,,,,,,22
LA,NYG,2,NYG,LA,LA,34.0,2.0,run,2.0,0,0,0,,,,,-0.38272552320268,0.0,0.0,0.0,0.0,0.0,1.0,0.0,0.0,0.0,0.0,0.0,0.0,0.0,0.0,0.0,,,,,C.Skattebo,2.0,,,,22
LA,NYG,2,NYG,LA,LA,32.0,3.0,pass,-1.0,0,0,0,,,,,-1.14313761057745,0.0,0.0,0.0,0.0,0.0,0.0,1.0,1.0,0.0,0.0,0.0,0.0,0.0,0.0,0.0,J.Winston,,,,,,,,,22
LA,NYG,2,NYG,LA,LA,33.0,4.0,field_goal,0.0,0,0,0,made,,,,1.41520184482395,0.0,0.0,0.0,0.0,0.0,0.0,0.0,0.0,0.0,0.0,0.0,0.0,0.0,0.0,0.0,,,,,,,,,,22
LA,NYG,2,LA,NYG,NYG,35.0,,kickoff,0.0,0,0,0,,,,,0.110246630152687,0.0,0.0,0.0,0.0,0.0,0.0,0.0,0.0,0.0,0.0,0.0,0.0,0.0,1.0,0.0,,,,,,,,,,22
LA,NYG,2,LA,NYG,LA,72.0,1.0,run,1.0,0,0,0,,,,,-0.411870610900223,0.0,0.0,0.0,0.0,0.0,1.0,0.0,0.0,0.0,0.0,0.0,0.0,0.0,0.0,0.0,,,,,B.Corum,1.0,,,,22
LA,NYG,2,LA,NYG,LA,71.0,2.0,pass,12.0,0,0,0,,,,,1.19218855979852,0.0,0.0,0.0,0.0,0.0,0.0,1.0,0.0,0.0,0.0,0.0,0.0,0.0,0.0,1.0,M.Stafford,12.0,K.Mumpfield,12.0,,,,,,22
LA,NYG,2,LA,NYG,LA,59.0,1.0,run,6.0,0,0,0,,,,,0.238110018894076,0.0,0.0,0.0,0.0,0.0,1.0,0.0,0.0,0.0,0.0,0.0,0.0,0.0,0.0,0.0,,,,,B.Corum,6.0,,,,22
LA,NYG,2,LA,NYG,LA,53.0,2.0,run,13.0,0,0,0,,,,,0.836665278067812,0.0,0.0,0.0,0.0,0.0,1.0,0.0,0.0,0.0,0.0,0.0,0.0,0.0,0.0,0.0,,,,,B.Corum,13.0,,,,22
LA,NYG,2,LA,NYG,NYG,40.0,1.0,run,2.0,0,0,1,,,,,-0.608141521224752,0.0,0.0,0.0,0.0,0.0,1.0,0.0,0.0,0.0,0.0,0.0,0.0,0.0,0.0,0.0,,,,,M.Stafford,2.0,,,,22
LA,NYG,2,,,,,,no_play,0.0,0,0,0,,,,,0.0,0.0,0.0,0.0,0.0,0.0,0.0,0.0,0.0,0.0,0.0,0.0,0.0,0.0,0.0,0.0,,,,,,,,,,22
LA,NYG,2,LA,NYG,NYG,38.0,2.0,pass,0.0,0,0,0,,,,,-0.893737784586847,0.0,0.0,0.0,0.0,0.0,0.0,1.0,0.0,0.0,0.0,0.0,0.0,0.0,0.0,0.0,M.Stafford,,T.Ferguson,,,,,,,22
LA,NYG,2,LA,NYG,NYG,38.0,3.0,pass,0.0,0,0,0,,,,,-1.92315488657914,0.0,0.0,0.0,0.0,0.0,0.0,1.0,0.0,0.0,0.0,0.0,0.0,0.0,0.0,0.0,M.Stafford,,T.Ferguson,,,,,,,22
LA,NYG,2,LA,NYG,NYG,38.0,4.0,no_play,0.0,0,0,0,,,,,-0.42471876880154,0.0,0.0,0.0,1.0,0.0,0.0,0.0,0.0,0.0,0.0,0.0,0.0,0.0,0.0,0.0,,,,,,,,LA,5.0,22
LA,NYG,2,LA,NYG,NYG,43.0,4.0,punt,0.0,0,0,0,,,,,0.0997883244417608,0.0,0.0,0.0,0.0,0.0,0.0,0.0,0.0,0.0,0.0,0.0,0.0,0.0,0.0,0.0,,,,,,,,,,22
LA,NYG,2,NYG,LA,,,,,,0,0,0,,,,,0.0,,,,,,,,,,,,,,,,,,,,,,,,,22
LA,NYG,2,NYG,LA,NYG,95.0,1.0,pass,0.0,0,0,0,,,,,-0.667502012103796,0.0,0.0,0.0,0.0,0.0,0.0,1.0,0.0,0.0,0.0,0.0,0.0,0.0,0.0,0.0,J.Winston,,I.Likely,,,,,,,22
LA,NYG,2,NYG,LA,NYG,95.0,2.0,pass,0.0,0,0,0,,,,,-0.673578795744106,0.0,0.0,0.0,0.0,0.0,0.0,1.0,0.0,0.0,0.0,0.0,0.0,0.0,0.0,0.0,J.Winston,,I.Likely,,,,,,,22
LA,NYG,2,NYG,LA,NYG,95.0,3.0,pass,0.0,0,0,0,,,,,-1.36182239931077,0.0,0.0,0.0,0.0,0.0,0.0,1.0,0.0,0.0,0.0,0.0,0.0,0.0,0.0,0.0,J.Winston,,M.Fields,,,,,,,22
LA,NYG,2,NYG,LA,NYG,95.0,4.0,punt,0.0,0,0,0,,,,,0.552582440897822,0.0,0.0,0.0,0.0,0.0,0.0,0.0,0.0,0.0,0.0,0.0,0.0,0.0,0.0,0.0,,,,,,,,,,22
LA,NYG,2,LA,NYG,LA,64.0,1.0,pass,9.0,0,0,0,,,,,0.700238920282573,0.0,0.0,0.0,0.0,0.0,0.0,1.0,0.0,0.0,0.0,0.0,0.0,0.0,0.0,1.0,M.Stafford,9.0,T.Ferguson,9.0,,,,,,22
LA,NYG,2,LA,NYG,LA,55.0,2.0,run,16.0,0,0,0,,,,,0.748831064207479,0.0,0.0,0.0,0.0,0.0,1.0,0.0,0.0,0.0,0.0,0.0,0.0,0.0,0.0,0.0,,,,,K.Williams,16.0,,,,22
LA,NYG,2,LA,NYG,NYG,39.0,1.0,run,6.0,0,0,0,,,,,0.26835047302302,0.0,0.0,0.0,0.0,0.0,1.0,0.0,0.0,0.0,0.0,0.0,0.0,0.0,0.0,0.0,,,,,K.Williams,6.0,,,,22
LA,NYG,2,LA,NYG,NYG,33.0,2.0,run,3.0,0,0,0,,,,,-0.238319924566895,0.0,0.0,0.0,0.0,0.0,1.0,0.0,0.0,0.0,0.0,0.0,0.0,0.0,0.0,0.0,,,,,K.Williams,3.0,,,,22
LA,NYG,2,LA,NYG,NYG,30.0,3.0,pass,8.0,0,0,0,,,,,1.16948150319513,1.0,0.0,0.0,0.0,0.0,0.0,1.0,0.0,0.0,0.0,0.0,0.0,0.0,0.0,1.0,M.Stafford,8.0,C.Parkinson,8.0,,,,,,22
LA,NYG,2,LA,NYG,NYG,22.0,1.0,run,1.0,0,0,0,,,,,-0.50298301957082,0.0,0.0,0.0,0.0,0.0,1.0,0.0,0.0,0.0,0.0,0.0,0.0,0.0,0.0,0.0,,,,,B.Corum,1.0,B.Corum,,,22
LA,NYG,2,LA,NYG,NYG,21.0,2.0,pass,13.0,0,0,0,,,,,1.28598926746054,0.0,0.0,0.0,0.0,0.0,0.0,1.0,0.0,0.0,0.0,0.0,0.0,0.0,0.0,1.0,M.Stafford,13.0,B.Corum,13.0,,,,,,22
LA,NYG,2,LA,NYG,NYG,8.0,1.0,run,3.0,0,0,0,,,,,-0.0552869954844937,0.0,0.0,0.0,0.0,0.0,1.0,0.0,0.0,0.0,0.0,0.0,0.0,0.0,0.0,0.0,,,,,K.Williams,3.0,,,,22
LA,NYG,2,LA,NYG,NYG,5.0,2.0,pass,5.0,0,0,0,,,,LA,1.60054047108861,0.0,0.0,0.0,0.0,0.0,0.0,1.0,0.0,1.0,1.0,0.0,0.0,0.0,0.0,1.0,M.Stafford,5.0,T.Ferguson,5.0,,,,,,22
LA,NYG,2,LA,NYG,NYG,15.0,,extra_point,0.0,0,0,0,,good,,,0.0511715660706391,0.0,0.0,0.0,0.0,0.0,0.0,0.0,0.0,0.0,0.0,0.0,1.0,0.0,0.0,0.0,,,,,,,,,,22
LA,NYG,2,NYG,LA,LA,35.0,,kickoff,0.0,0,0,0,,,,,0.395302569726482,0.0,0.0,0.0,0.0,0.0,0.0,0.0,0.0,0.0,0.0,0.0,0.0,0.0,1.0,0.0,,,,,,,,,,22
LA,NYG,2,NYG,LA,NYG,65.0,1.0,run,8.0,0,0,0,,,,,0.720084197586402,0.0,0.0,0.0,0.0,0.0,1.0,0.0,0.0,0.0,0.0,0.0,0.0,0.0,0.0,0.0,,,,,C.Skattebo,8.0,,,,22
LA,NYG,2,NYG,LA,NYG,57.0,2.0,pass,6.0,0,0,0,,,,,0.198875102913007,0.0,0.0,0.0,0.0,0.0,0.0,1.0,0.0,0.0,0.0,0.0,0.0,0.0,0.0,1.0,J.Winston,6.0,I.Likely,6.0,,,,,,22
LA,NYG,2,NYG,LA,NYG,51.0,1.0,pass,16.0,0,0,0,,,,,0.951287183212116,0.0,0.0,0.0,0.0,0.0,0.0,1.0,0.0,0.0,0.0,0.0,0.0,0.0,0.0,1.0,J.Winston,16.0,M.Fields,16.0,,,,,,22
LA,NYG,2,NYG,LA,LA,35.0,1.0,pass,5.0,0,0,0,,,,,0.102251103031449,0.0,0.0,0.0,0.0,0.0,0.0,1.0,0.0,0.0,0.0,0.0,0.0,0.0,0.0,1.0,J.Winston,5.0,I.Likely,5.0,,,,,,22
LA,NYG,2,NYG,LA,LA,30.0,2.0,pass,0.0,0,0,0,,,,,-0.646763270022348,0.0,0.0,0.0,0.0,0.0,0.0,1.0,0.0,0.0,0.0,0.0,0.0,0.0,0.0,1.0,J.Winston,0.0,C.Skattebo,0.0,,,C.Skattebo,,,22
LA,NYG,2,NYG,LA,LA,30.0,3.0,no_play,0.0,0,0,0,,,,,-0.602321596699767,0.0,0.0,0.0,1.0,0.0,0.0,0.0,0.0,0.0,0.0,0.0,0.0,0.0,0.0,0.0,,,,,,,,NYG,5.0,22
LA,NYG,2,NYG,LA,LA,35.0,3.0,pass,0.0,0,0,0,,,,,-1.20451794238761,0.0,0.0,0.0,0.0,0.0,0.0,1.0,0.0,0.0,0.0,0.0,0.0,0.0,0.0,0.0,J.Winston,,M.Fields,,,,,,,22
LA,NYG,2,NYG,LA,LA,35.0,4.0,pass,0.0,0,0,0,,,,,-3.1286719290074,0.0,0.0,0.0,0.0,0.0,0.0,1.0,0.0,0.0,0.0,0.0,0.0,0.0,0.0,0.0,J.Winston,,M.Fields,,,,,,,22
LA,NYG,2,LA,NYG,LA,65.0,1.0,run,18.0,0,0,0,,,,,1.21004107361659,0.0,0.0,0.0,0.0,0.0,1.0,0.0,0.0,0.0,0.0,0.0,0.0,0.0,0.0,0.0,,,,,B.Corum,18.0,,,,22
LA,NYG,2,LA,NYG,NYG,47.0,1.0,run,8.0,0,0,0,,,,,0.521408058761153,0.0,0.0,0.0,0.0,0.0,1.0,0.0,0.0,0.0,0.0,0.0,0.0,0.0,0.0,0.0,,,,,B.Corum,8.0,,,,22
LA,NYG,2,LA,NYG,NYG,39.0,2.0,run,5.0,0,0,0,,,,,0.093718585150782,0.0,0.0,0.0,0.0,0.0,1.0,0.0,0.0,0.0,0.0,0.0,0.0,0.0,0.0,0.0,,,,,B.Corum,5.0,,,,22
LA,NYG,2,LA,NYG,NYG,34.0,1.0,run,6.0,0,0,0,,,,,0.241631521494128,0.0,0.0,0.0,0.0,0.0,1.0,0.0,0.0,0.0,0.0,0.0,0.0,0.0,0.0,0.0,,,,,K.Williams,6.0,,,,22
LA,NYG,2,LA,NYG,NYG,28.0,2.0,run,1.0,0,0,0,,,,,-0.513610066089314,0.0,0.0,0.0,0.0,0.0,1.0,0.0,0.0,0.0,0.0,0.0,0.0,0.0,0.0,0.0,,,,,K.Williams,1.0,,,,22
LA,NYG,2,LA,NYG,NYG,27.0,3.0,pass,7.0,0,0,0,,,,,1.21332770393929,1.0,0.0,0.0,0.0,0.0,0.0,1.0,0.0,0.0,0.0,0.0,0.0,0.0,0.0,1.0,M.Stafford,7.0,D.Allen,7.0,,,,,,22
LA,NYG,2,LA,NYG,NYG,20.0,1.0,qb_kneel,-1.0,1,0,0,,,,,-0.783424500375986,0.0,0.0,0.0,0.0,0.0,1.0,0.0,0.0,0.0,0.0,0.0,0.0,0.0,0.0,0.0,,,,,M.Stafford,-1.0,,,,22
LA,NYG,2,LA,NYG,NYG,21.0,2.0,qb_kneel,-1.0,1,0,0,,,,,-0.47064408485312,0.0,0.0,0.0,0.0,0.0,1.0,0.0,0.0,0.0,0.0,0.0,0.0,0.0,0.0,0.0,,,,,M.Stafford,-1.0,,,,22
LA,NYG,2,LA,NYG,NYG,22.0,3.0,qb_kneel,-1.0,1,0,0,,,,,-3.20304576389026,0.0,0.0,0.0,0.0,0.0,1.0,0.0,0.0,0.0,0.0,0.0,0.0,0.0,0.0,0.0,,,,,M.Stafford,-1.0,,,,22
LA,NYG,2,LA,NYG,,,,,,0,0,0,,,,,,,,,,,,,,,,,,,,,,,,,,,,,,22
TEN,PHI,2,,,,,,,,0,0,0,,,,,0.0,,,,,,,,,,,,,,,,,,,,,,,,,-4
TEN,PHI,2,TEN,PHI,PHI,35.0,,kickoff,0.0,0,0,0,,,,,0.370569288032129,0.0,0.0,0.0,0.0,0.0,0.0,0.0,0.0,0.0,0.0,0.0,0.0,0.0,1.0,0.0,,,,,,,,,,-4
TEN,PHI,2,TEN,PHI,TEN,69.0,1.0,run,-2.0,0,0,0,,,,,-0.877814686158672,0.0,0.0,0.0,0.0,0.0,1.0,0.0,0.0,0.0,0.0,0.0,0.0,0.0,0.0,0.0,,,,,T.Pollard,-2.0,,,,-4
TEN,PHI,2,TEN,PHI,TEN,71.0,2.0,pass,1.0,0,0,0,,,,,-0.749599168542773,0.0,0.0,0.0,0.0,0.0,0.0,1.0,0.0,0.0,0.0,0.0,0.0,0.0,0.0,1.0,C.Ward,1.0,T.Pollard,1.0,,,,,,-4
TEN,PHI,2,TEN,PHI,TEN,70.0,3.0,pass,0.0,0,0,0,,,,,-1.24319396167994,0.0,0.0,0.0,0.0,0.0,0.0,1.0,0.0,0.0,0.0,0.0,0.0,0.0,0.0,0.0,C.Ward,,C.Tate,,,,,,,-4
TEN,PHI,2,TEN,PHI,TEN,70.0,4.0,punt,0.0,0,0,0,,,,,0.0788462930358946,0.0,0.0,0.0,0.0,0.0,0.0,0.0,0.0,0.0,0.0,0.0,0.0,0.0,0.0,0.0,,,,,,,,,,-4
TEN,PHI,2,PHI,TEN,PHI,72.0,1.0,run,0.0,0,0,0,,,,,-0.526941310148686,0.0,0.0,0.0,0.0,0.0,1.0,0.0,0.0,0.0,0.0,0.0,0.0,0.0,0.0,0.0,,,,,S.Barkley,0.0,,,,-4
TEN,PHI,2,PHI,TEN,PHI,72.0,2.0,pass,-2.0,0,0,0,,,,,-1.22055483376607,0.0,0.0,0.0,0.0,0.0,0.0,1.0,0.0,0.0,0.0,0.0,0.0,0.0,0.0,1.0,J.Hurts,-2.0,T.Bigsby,-2.0,,,,,,-4
TEN,PHI,2,PHI,TEN,PHI,74.0,3.0,pass,27.0,0,0,0,,,,,3.59115131641738,1.0,0.0,0.0,0.0,0.0,0.0,1.0,0.0,0.0,0.0,0.0,0.0,0.0,0.0,1.0,J.Hurts,27.0,D.Wicks,27.0,,,,,,-4
TEN,PHI,2,PHI,TEN,TEN,47.0,1.0,pass,0.0,0,0,0,,,,,-0.529789985623211,0.0,0.0,0.0,0.0,0.0,0.0,1.0,0.0,0.0,0.0,0.0,0.0,0.0,0.0,0.0,J.Hurts,,D.Goedert,,,,,,,-4
TEN,PHI,2,PHI,TEN,TEN,47.0,2.0,run,4.0,0,0,0,,,,,-0.633768342668191,0.0,0.0,0.0,0.0,0.0,1.0,0.0,0.0,0.0,0.0,0.0,0.0,0.0,0.0,0.0,,,,,T.Bigsby,4.0,,,,-4
TEN,PHI,2,PHI,TEN,TEN,43.0,3.0,run,5.0,0,0,0,,,,,-0.523218451067805,0.0,0.0,0.0,0.0,0.0,1.0,0.0,0.0,0.0,0.0,0.0,0.0,0.0,0.0,0.0,,,,,W.Shipley,5.0,,,,-4
TEN,PHI,2,PHI,TEN,TEN,38.0,4.0,no_play,0.0,0,0,0,,,,,2.5451967936242,0.0,0.0,0.0,1.0,0.0,0.0,0.0,0.0,0.0,0.0,0.0,0.0,0.0,0.0,0.0,,,,,,,,TEN,5.0,-4
TEN,PHI,2,PHI,TEN,TEN,33.0,1.0,run,1.0,0,0,0,,,,,-0.355633093509823,0.0,0.0,0.0,0.0,0.0,1.0,0.0,0.0,0.0,0.0,0.0,0.0,0.0,0.0,0.0,,,,,T.Bigsby,1.0,,,,-4
TEN,PHI,2,PHI,TEN,TEN,32.0,2.0,pass,4.0,0,0,0,,,,,-0.087353904847987,0.0,0.0,0.0,0.0,0.0,0.0,1.0,0.0,0.0,0.0,0.0,0.0,0.0,0.0,1.0,J.Hurts,4.0,D.Goedert,4.0,,,,,,-4
TEN,PHI,2,PHI,TEN,TEN,28.0,3.0,pass,8.0,0,0,0,,,,,1.3291314234375,1.0,0.0,0.0,0.0,0.0,0.0,1.0,0.0,0.0,0.0,0.0,0.0,0.0,0.0,1.0,J.Hurts,8.0,D.Smith,8.0,,,,,,-4
TEN,PHI,2,PHI,TEN,TEN,20.0,1.0,run,5.0,0,0,0,,,,,0.181943023810163,0.0,0.0,0.0,0.0,0.0,1.0,0.0,0.0,0.0,0.0,0.0,0.0,0.0,0.0,0.0,,,,,W.Shipley,5.0,,,,-4
TEN,PHI,2,PHI,TEN,TEN,15.0,2.0,run,1.0,0,0,0,,,,,-0.62557016836945,0.0,0.0,0.0,0.0,0.0,1.0,0.0,0.0,0.0,0.0,0.0,0.0,0.0,0.0,0.0,,,,,W.Shipley,1.0,,,,-4
TEN,PHI,2,PHI,TEN,TEN,14.0,3.0,pass,7.0,0,0,0,,,,,1.34914890187792,1.0,0.0,0.0,0.0,0.0,0.0,1.0,0.0,0.0,0.0,0.0,0.0,0.0,0.0,1.0,J.Hurts,7.0,D.Wicks,7.0,,,,,,-4
TEN,PHI,2,PHI,TEN,TEN,7.0,1.0,run,-1.0,0,0,0,,,,,-0.689255839330144,0.0,0.0,0.0,0.0,0.0,1.0,0.0,0.0,0.0,0.0,0.0,0.0,0.0,0.0,0.0,,,,,J.Hurts,-1.0,,,,-4
TEN,PHI,2,PHI,TEN,TEN,8.0,2.0,pass,0.0,0,0,0,,,,,-0.822205896489322,0.0,0.0,0.0,0.0,0.0,0.0,1.0,0.0,0.0,0.0,0.0,0.0,0.0,0.0,0.0,J.Hurts,,,,,,,,,-4
TEN,PHI,2,PHI,TEN,TEN,8.0,3.0,pass,0.0,0,0,0,,,,,-9.19475208019139,0.0,0.0,1.0,0.0,0.0,0.0,1.0,0.0,0.0,0.0,0.0,0.0,0.0,0.0,0.0,J.Hurts,,D.Smith,,,,,,,-4
TEN,PHI,2,TEN,PHI,PHI,10.0,1.0,run,5.0,0,0,0,,,,,0.234823132748716,0.0,0.0,0.0,0.0,0.0,1.0,0.0,0.0,0.0,0.0,0.0,0.0,0.0,0.0,0.0,,,,,T.Pollard,5.0,,,,-4
TEN,PHI,2,TEN,PHI,PHI,5.0,2.0,pass,0.0,0,0,0,,,,,-0.978346912947018,0.0,0.0,0.0,0.0,0.0,0.0,1.0,0.0,0.0,0.0,0.0,0.0,0.0,0.0,0.0,C.Ward,,E.Ayomanor,,,,,,,-4
TEN,PHI,2,TEN,PHI,PHI,5.0,3.0,run,4.0,0,0,1,,,,,0.299542060762178,0.0,0.0,0.0,0.0,0.0,1.0,0.0,0.0,0.0,0.0,0.0,0.0,0.0,0.0,0.0,,,,,C.Ward,4.0,,,,-4
TEN,PHI,2,TEN,PHI,PHI,1.0,4.0,run,1.0,0,0,0,,,,TEN,2.17860374005977,0.0,1.0,0.0,0.0,0.0,1.0,0.0,0.0,1.0,0.0,1.0,0.0,0.0,0.0,0.0,,,,,C.Ward,1.0,,,,-4
TEN,PHI,2,TEN,PHI,PHI,15.0,,extra_point,0.0,0,0,0,,good,,,0.0675730031076331,0.0,0.0,0.0,0.0,0.0,0.0,0.0,0.0,0.0,0.0,0.0,1.0,0.0,0.0,0.0,,,,,,,,,,-4
TEN,PHI,2,PHI,TEN,TEN,35.0,,kickoff,0.0,0,0,0,,,,,0.531410411931574,0.0,0.0,0.0,0.0,0.0,0.0,0.0,0.0,0.0,0.0,0.0,0.0,0.0,1.0,0.0,,,,,,,,,,-4
TEN,PHI,2,PHI,TEN,PHI,65.0,1.0,pass,7.0,0,0,0,,,,,0.450727382907644,0.0,0.0,0.0,0.0,0.0,0.0,1.0,0.0,0.0,0.0,0.0,0.0,0.0,0.0,1.0,J.Hurts,7.0,T.Bigsby,7.0,,,,,,-4
TEN,PHI,2,PHI,TEN,PHI,58.0,2.0,run,4.0,0,0,0,,,,,0.417167995590717,0.0,0.0,0.0,0.0,0.0,1.0,0.0,0.0,0.0,0.0,0.0,0.0,0.0,0.0,0.0,,,,,T.Bigsby,4.0,,,,-4
TEN,PHI,2,PHI,TEN,PHI,54.0,1.0,run,4.0,0,0,0,,,,,-0.108711619861424,0.0,0.0,0.0,0.0,0.0,1.0,0.0,0.0,0.0,0.0,0.0,0.0,0.0,0.0,0.0,,,,,T.Bigsby,4.0,,,,-4
TEN,PHI,2,PHI,TEN,50,50.0,2.0,pass,10.0,0,0,0,,,,,1.02933970093727,0.0,0.0,0.0,0.0,0.0,0.0,1.0,0.0,0.0,0.0,0.0,0.0,0.0,0.0,1.0,J.Hurts,10.0,D.Smith,10.0,,,,,,-4
TEN,PHI,2,PHI,TEN,TEN,40.0,1.0,run,2.0,0,0,0,,,,,-0.498643923783675,0.0,0.0,0.0,0.0,0.0,1.0,0.0,0.0,0.0,0.0,0.0,0.0,0.0,0.0,0.0,,,,,T.Bigsby,2.0,,,,-4
TEN,PHI,2,PHI,TEN,TEN,38.0,2.0,run,0.0,0,0,0,,,,,-0.867725600488484,0.0,0.0,0.0,0.0,0.0,1.0,0.0,0.0,0.0,0.0,0.0,0.0,0.0,0.0,0.0,,,,,T.Bigsby,0.0,,,,-4
TEN,PHI,2,PHI,TEN,TEN,38.0,3.0,pass,14.0,0,0,0,,,,,2.49466600152664,1.0,0.0,0.0,0.0,0.0,0.0,1.0,0.0,0.0,0.0,0.0,0.0,0.0,0.0,1.0,J.Hurts,14.0,M.Lemon,14.0,,,,,,-4
TEN,PHI,2,PHI,TEN,,,,,,0,0,0,,,,,0.0,,,,,,,,,,,,,,,,,,,,,,,,,-4
TEN,PHI,2,PHI,TEN,TEN,24.0,1.0,pass,8.0,0,0,0,,,,,0.487922781030648,0.0,0.0,0.0,0.0,0.0,0.0,1.0,0.0,0.0,0.0,0.0,0.0,0.0,0.0,1.0,J.Hurts,8.0,D.Smith,8.0,,,,,,-4
TEN,PHI,2,PHI,TEN,TEN,16.0,2.0,run,5.0,0,0,0,,,,,0.154916511499323,0.0,0.0,0.0,0.0,0.0,1.0,0.0,0.0,0.0,0.0,0.0,0.0,0.0,0.0,0.0,,,,,W.Shipley,5.0,,,,-4
TEN,PHI,2,PHI,TEN,TEN,11.0,1.0,run,9.0,0,0,0,,,,,1.0194197986275,0.0,0.0,0.0,0.0,0.0,1.0,0.0,0.0,0.0,0.0,0.0,0.0,0.0,0.0,0.0,,,,,T.Bigsby,9.0,,,,-4
TEN,PHI,2,PHI,TEN,TEN,2.0,2.0,run,2.0,0,0,0,,,,PHI,1.00192864402197,0.0,0.0,0.0,0.0,0.0,1.0,0.0,0.0,1.0,0.0,1.0,0.0,0.0,0.0,0.0,,,,,T.Bigsby,2.0,,,,-4
TEN,PHI,2,PHI,TEN,TEN,15.0,,extra_point,0.0,0,0,0,,good,,,0.0675730031076331,0.0,0.0,0.0,0.0,0.0,0.0,0.0,0.0,0.0,0.0,0.0,1.0,0.0,0.0,0.0,,,,,,,,,,-4
TEN,PHI,2,TEN,PHI,PHI,35.0,,kickoff,0.0,0,0,0,,,,,0.27574067004025,0.0,0.0,0.0,0.0,0.0,0.0,0.0,0.0,0.0,0.0,0.0,0.0,0.0,1.0,0.0,,,,,,,,,,-4
TEN,PHI,2,TEN,PHI,TEN,71.0,1.0,run,1.0,0,0,0,,,,,-0.549631996080279,0.0,0.0,0.0,0.0,0.0,1.0,0.0,0.0,0.0,0.0,0.0,0.0,0.0,0.0,0.0,,,,,T.Spears,1.0,,,,-4
TEN,PHI,2,TEN,PHI,TEN,70.0,2.0,run,8.0,0,0,0,,,,,0.729816521517932,0.0,0.0,0.0,0.0,0.0,1.0,0.0,0.0,0.0,0.0,0.0,0.0,0.0,0.0,0.0,,,,,T.Spears,8.0,,,,-4
TEN,PHI,2,TEN,PHI,TEN,62.0,3.0,run,13.0,0,0,0,,,,,1.09220047970302,1.0,0.0,0.0,0.0,0.0,1.0,0.0,0.0,0.0,0.0,0.0,0.0,0.0,0.0,0.0,,,,,T.Pollard,13.0,,,,-4
TEN,PHI,2,TEN,PHI,PHI,49.0,1.0,run,4.0,0,0,0,,,,,-1.509903363185,0.0,0.0,0.0,1.0,0.0,1.0,0.0,0.0,0.0,0.0,0.0,0.0,0.0,0.0,0.0,,,,,T.Spears,4.0,,TEN,15.0,-4
TEN,PHI,2,TEN,PHI,TEN,60.0,2.0,pass,5.0,0,0,0,,,,,-0.641430793795735,0.0,0.0,0.0,0.0,0.0,0.0,1.0,0.0,0.0,0.0,0.0,0.0,0.0,0.0,1.0,C.Ward,5.0,G.Helm,5.0,,,,,,-4
TEN,PHI,2,TEN,PHI,TEN,55.0,3.0,pass,0.0,0,0,0,,,,,-1.24068500194699,0.0,0.0,0.0,0.0,0.0,0.0,1.0,0.0,0.0,0.0,0.0,0.0,0.0,0.0,0.0,C.Ward,,,,,,,,,-4
TEN,PHI,2,TEN,PHI,TEN,55.0,4.0,punt,0.0,0,0,0,,,,,0.011886294465512,0.0,0.0,0.0,0.0,0.0,0.0,0.0,0.0,0.0,0.0,0.0,0.0,0.0,0.0,0.0,,,,,,,,,,-4
TEN,PHI,2,PHI,TEN,PHI,81.0,1.0,run,9.0,0,0,0,,,,,0.749090890400112,0.0,0.0,0.0,0.0,0.0,1.0,0.0,0.0,0.0,0.0,0.0,0.0,0.0,0.0,0.0,,,,,M.Brown,9.0,,,,-4
TEN,PHI,2,PHI,TEN,PHI,72.0,2.0,pass,18.0,0,0,0,,,,,0.950554394628853,0.0,0.0,0.0,0.0,0.0,0.0,1.0,0.0,0.0,0.0,0.0,0.0,0.0,0.0,1.0,J.Hurts,18.0,D.Smith,18.0,,,,,,-4
TEN,PHI,2,PHI,TEN,PHI,54.0,1.0,run,2.0,0,0,0,,,,,-0.356984441401437,0.0,0.0,0.0,0.0,0.0,1.0,0.0,0.0,0.0,0.0,0.0,0.0,0.0,0.0,0.0,,,,,T.Bigsby,2.0,,,,-4
TEN,PHI,2,PHI,TEN,PHI,52.0,2.0,pass,-1.0,0,0,0,,,,,-0.721229955554009,0.0,0.0,0.0,0.0,0.0,0.0,1.0,1.0,0.0,0.0,0.0,0.0,0.0,0.0,0.0,J.Hurts,,,,,,,,,-4
TEN,PHI,2,PHI,TEN,PHI,53.0,3.0,run,7.0,0,0,1,,,,,-0.805679637240246,0.0,0.0,0.0,0.0,0.0,1.0,0.0,0.0,0.0,0.0,0.0,0.0,0.0,0.0,0.0,,,,,J.Hurts,7.0,,,,-4
TEN,PHI,2,,,,,,no_play,0.0,0,0,0,,,,,0.0,0.0,0.0,0.0,0.0,0.0,0.0,0.0,0.0,0.0,0.0,0.0,0.0,0.0,0.0,0.0,,,,,,,,,,-4
TEN,PHI,2,PHI,TEN,TEN,46.0,4.0,pass,5.0,0,0,0,,,,,2.61614760314114,0.0,1.0,0.0,0.0,0.0,0.0,1.0,0.0,0.0,0.0,0.0,0.0,0.0,0.0,1.0,J.Hurts,5.0,D.Wicks,5.0,,,,,,-4
TEN,PHI,2,PHI,TEN,TEN,41.0,1.0,run,7.0,0,0,0,,,,,0.320424661156721,0.0,0.0,0.0,0.0,0.0,1.0,0.0,0.0,0.0,0.0,0.0,0.0,0.0,0.0,0.0,,,,,W.Shipley,7.0,,,,-4
TEN,PHI,2,PHI,TEN,TEN,34.0,2.0,run,-1.0,0,0,0,,,,,-0.870025420910679,0.0,0.0,0.0,0.0,0.0,1.0,0.0,0.0,0.0,0.0,0.0,0.0,0.0,0.0,0.0,,,,,T.Bigsby,-1.0,,,,-4
TEN,PHI,2,PHI,TEN,TEN,35.0,3.0,run,4.0,0,0,0,,,,,1.32456293172436,1.0,0.0,0.0,1.0,0.0,1.0,0.0,0.0,0.0,0.0,0.0,0.0,0.0,0.0,0.0,,,,,J.Hurts,4.0,,TEN,5.0,-4
TEN,PHI,2,PHI,TEN,TEN,26.0,1.0,run,0.0,0,0,0,,,,,-0.501492467068601,0.0,0.0,0.0,0.0,0.0,1.0,0.0,0.0,0.0,0.0,0.0,0.0,0.0,0.0,0.0,,,,,W.Shipley,0.0,,,,-4
TEN,PHI,2,PHI,TEN,TEN,26.0,2.0,pass,-2.0,0,0,0,,,,,-0.904202492965851,0.0,0.0,0.0,0.0,0.0,0.0,1.0,0.0,0.0,0.0,0.0,0.0,0.0,0.0,1.0,J.Hurts,-2.0,W.Shipley,-2.0,,,,,,-4
TEN,PHI,2,PHI,TEN,TEN,28.0,3.0,pass,15.0,0,0,0,,,,,2.31415088125505,1.0,0.0,0.0,0.0,0.0,0.0,1.0,0.0,0.0,0.0,0.0,0.0,0.0,0.0,1.0,J.Hurts,15.0,D.Wicks,15.0,,,,,,-4
TEN,PHI,2,PHI,TEN,TEN,13.0,1.0,run,1.0,0,0,0,,,,,-0.505897892056964,0.0,0.0,0.0,0.0,0.0,1.0,0.0,0.0,0.0,0.0,0.0,0.0,0.0,0.0,0.0,,,,,W.Shipley,1.0,,,,-4
TEN,PHI,2,PHI,TEN,TEN,12.0,2.0,no_play,0.0,0,0,0,,,,,-1.11601659178268,0.0,0.0,0.0,1.0,0.0,0.0,0.0,0.0,0.0,0.0,0.0,0.0,0.0,0.0,0.0,,,,,,,,PHI,10.0,-4
TEN,PHI,2,PHI,TEN,TEN,22.0,2.0,pass,22.0,0,0,0,,,,PHI,3.92396433145041,0.0,0.0,0.0,0.0,0.0,0.0,1.0,0.0,1.0,1.0,0.0,0.0,0.0,0.0,1.0,J.Hurts,22.0,D.Smith,22.0,,,,,,-4
TEN,PHI,2,PHI,TEN,TEN,15.0,,extra_point,0.0,0,0,0,,good,,,0.0675730031076331,0.0,0.0,0.0,0.0,0.0,0.0,0.0,0.0,0.0,0.0,0.0,1.0,0.0,0.0,0.0,,,,,,,,,,-4
TEN,PHI,2,TEN,PHI,PHI,35.0,,kickoff,0.0,0,0,0,,,,,0.338670127792284,0.0,0.0,0.0,0.0,0.0,0.0,0.0,0.0,0.0,0.0,0.0,0.0,0.0,1.0,0.0,,,,,,,,,,-4
TEN,PHI,2,TEN,PHI,TEN,70.0,1.0,pass,2.0,0,0,0,,,,,-0.302203853498213,0.0,0.0,0.0,0.0,0.0,0.0,1.0,0.0,0.0,0.0,0.0,0.0,0.0,0.0,1.0,C.Ward,2.0,T.Spears,2.0,,,T.Spears,,,-4
TEN,PHI,2,TEN,PHI,TEN,68.0,2.0,pass,-5.0,0,0,0,,,,,-0.742476995917969,0.0,0.0,0.0,0.0,0.0,0.0,1.0,1.0,0.0,0.0,0.0,0.0,0.0,0.0,0.0,C.Ward,,,,,,,,,-4
TEN,PHI,2,,,,,,no_play,0.0,0,0,0,,,,,0.0,0.0,0.0,0.0,0.0,0.0,0.0,0.0,0.0,0.0,0.0,0.0,0.0,0.0,0.0,0.0,,,,,,,,,,-4
TEN,PHI,2,TEN,PHI,TEN,73.0,3.0,pass,28.0,0,0,0,,,,,1.99718164588558,1.0,0.0,0.0,0.0,0.0,0.0,1.0,0.0,0.0,0.0,0.0,0.0,0.0,0.0,1.0,C.Ward,28.0,E.Ayomanor,28.0,,,,,,-4
TEN,PHI,2,TEN,PHI,PHI,45.0,1.0,pass,27.0,0,0,0,,,,,1.79002870136173,0.0,0.0,0.0,0.0,0.0,0.0,1.0,0.0,0.0,0.0,0.0,0.0,0.0,0.0,1.0,C.Ward,27.0,T.Spears,27.0,,,,,,-4
TEN,PHI,2,,,,,,no_play,0.0,0,0,0,,,,,0.0,0.0,0.0,0.0,0.0,0.0,0.0,0.0,0.0,0.0,0.0,0.0,0.0,0.0,0.0,0.0,,,,,,,,,,-4
TEN,PHI,2,TEN,PHI,PHI,18.0,1.0,run,1.0,0,0,0,,,,,-0.514579418464564,0.0,0.0,0.0,0.0,0.0,1.0,0.0,0.0,0.0,0.0,0.0,0.0,0.0,0.0,0.0,,,,,T.Pollard,1.0,,,,-4
TEN,PHI,2,,,,,,no_play,0.0,0,0,0,,,,,0.0,0.0,0.0,0.0,0.0,0.0,0.0,0.0,0.0,0.0,0.0,0.0,0.0,0.0,0.0,0.0,,,,,,,,,,-4
TEN,PHI,2,TEN,PHI,PHI,17.0,2.0,no_play,0.0,0,0,0,,,,,-0.418209908530116,0.0,0.0,0.0,1.0,0.0,0.0,0.0,0.0,0.0,0.0,0.0,0.0,0.0,0.0,0.0,,,,,,,,TEN,5.0,-4
TEN,PHI,2,TEN,PHI,PHI,22.0,2.0,pass,0.0,0,0,0,,,,,-0.290335883386433,0.0,0.0,0.0,0.0,0.0,0.0,1.0,0.0,0.0,0.0,0.0,0.0,0.0,0.0,0.0,C.Ward,,,,,,,,,-4
TEN,PHI,2,TEN,PHI,PHI,22.0,3.0,run,3.0,0,0,0,,,,,-0.0618676984387867,0.0,0.0,0.0,0.0,0.0,1.0,0.0,0.0,0.0,0.0,0.0,0.0,0.0,0.0,0.0,,,,,T.Pollard,3.0,,,,-4
TEN,PHI,2,,,,,,no_play,0.0,0,0,0,,,,,0.0,0.0,0.0,0.0,0.0,0.0,0.0,0.0,0.0,0.0,0.0,0.0,0.0,0.0,0.0,0.0,,,,,,,,,,-4
TEN,PHI,2,,,,,,no_play,0.0,0,0,0,,,,,0.0,0.0,0.0,0.0,0.0,0.0,0.0,0.0,0.0,0.0,0.0,0.0,0.0,0.0,0.0,0.0,,,,,,,,,,-4
TEN,PHI,2,TEN,PHI,PHI,19.0,4.0,field_goal,0.0,0,0,0,made,,,,0.327827932423302,0.0,0.0,0.0,0.0,0.0,0.0,0.0,0.0,0.0,0.0,0.0,0.0,0.0,0.0,0.0,,,,,,,,,,-4
TEN,PHI,2,,,,,,,,0,0,0,,,,,,,,,,,,,,,,,,,,,,,,,,,,,,-4
TEN,PHI,2,PHI,TEN,TEN,35.0,,kickoff,0.0,0,0,0,,,,,0.894723295234144,0.0,0.0,0.0,1.0,0.0,0.0,0.0,0.0,0.0,0.0,0.0,0.0,0.0,1.0,0.0,,,,,,,,TEN,0.0,-4
TEN,PHI,2,PHI,TEN,PHI,60.0,1.0,no_play,0.0,0,0,0,,,,,-0.77472721086815,0.0,0.0,0.0,1.0,0.0,0.0,0.0,0.0,0.0,0.0,0.0,0.0,0.0,0.0,0.0,,,,,,,,PHI,10.0,-4
TEN,PHI,2,PHI,TEN,PHI,70.0,1.0,pass,6.0,0,0,0,,,,,-0.214396595954895,0.0,0.0,0.0,0.0,0.0,0.0,1.0,0.0,0.0,0.0,0.0,0.0,0.0,0.0,1.0,J.Hurts,6.0,J.Mundt,6.0,,,,,,-4
TEN,PHI,2,PHI,TEN,PHI,64.0,2.0,no_play,0.0,0,0,1,,,,,-0.35584076307714,0.0,0.0,0.0,1.0,0.0,0.0,0.0,0.0,0.0,0.0,0.0,0.0,0.0,0.0,0.0,,,,,,,,PHI,5.0,-4
TEN,PHI,2,PHI,TEN,PHI,69.0,2.0,pass,7.0,0,0,0,,,,,-0.373057913966477,0.0,0.0,0.0,0.0,0.0,0.0,1.0,0.0,0.0,0.0,0.0,0.0,0.0,0.0,1.0,J.Hurts,7.0,W.Shipley,7.0,,,,,,-4
TEN,PHI,2,PHI,TEN,PHI,62.0,3.0,pass,-11.0,0,0,0,,,,,-1.58108356455341,0.0,0.0,0.0,0.0,0.0,0.0,1.0,1.0,0.0,0.0,0.0,0.0,0.0,0.0,0.0,J.Hurts,,,,,,,,,-4
TEN,PHI,2,PHI,TEN,PHI,73.0,4.0,punt,0.0,0,0,0,,,,,0.856119152158499,0.0,0.0,0.0,0.0,0.0,0.0,0.0,0.0,0.0,0.0,0.0,0.0,0.0,0.0,0.0,,,,,,,,,,-4
TEN,PHI,2,TEN,PHI,TEN,84.0,1.0,pass,0.0,0,0,0,,,,,-0.621908008586615,0.0,0.0,0.0,0.0,0.0,0.0,1.0,0.0,0.0,0.0,0.0,0.0,0.0,0.0,0.0,C.Ward,,D.Bellinger,,,,,,,-4
TEN,PHI,2,TEN,PHI,TEN,84.0,2.0,run,0.0,0,0,0,,,,,-0.800162852276117,0.0,0.0,0.0,0.0,0.0,1.0,0.0,0.0,0.0,0.0,0.0,0.0,0.0,0.0,0.0,,,,,T.Pollard,0.0,,,,-4
TEN,PHI,2,TEN,PHI,TEN,84.0,3.0,pass,6.0,0,0,0,,,,,-0.970866338349879,0.0,0.0,0.0,0.0,0.0,0.0,1.0,0.0,0.0,0.0,0.0,0.0,0.0,0.0,1.0,C.Ward,6.0,C.Tate,6.0,,,,,,-4
TEN,PHI,2,TEN,PHI,TEN,78.0,4.0,punt,0.0,0,0,0,,,,,-0.484560772543773,0.0,0.0,0.0,0.0,0.0,0.0,0.0,0.0,0.0,0.0,0.0,0.0,0.0,0.0,0.0,,,,,,,,,,-4
TEN,PHI,2,PHI,TEN,PHI,56.0,1.0,run,3.0,0,0,0,,,,,-0.195832250639796,0.0,0.0,0.0,0.0,0.0,1.0,0.0,0.0,0.0,0.0,0.0,0.0,0.0,0.0,0.0,,,,,S.Barkley,3.0,,,,-4
TEN,PHI,2,PHI,TEN,PHI,53.0,2.0,run,2.0,0,0,0,,,,,-0.574643732747063,0.0,0.0,0.0,0.0,0.0,1.0,0.0,0.0,0.0,0.0,0.0,0.0,0.0,0.0,0.0,,,,,S.Barkley,2.0,,,,-4
TEN,PHI,2,PHI,TEN,PHI,51.0,3.0,pass,11.0,0,0,0,,,,,1.92695191595703,1.0,0.0,0.0,0.0,0.0,0.0,1.0,0.0,0.0,0.0,0.0,0.0,0.0,0.0,1.0,J.Hurts,11.0,S.Barkley,11.0,,,,,,-4
TEN,PHI,2,PHI,TEN,TEN,40.0,1.0,pass,0.0,0,0,0,,,,,-0.542343208100647,0.0,0.0,0.0,0.0,0.0,0.0,1.0,0.0,0.0,0.0,0.0,0.0,0.0,0.0,0.0,J.Hurts,,D.Smith,,,,,,,-4
TEN,PHI,2,PHI,TEN,TEN,40.0,2.0,pass,0.0,0,0,0,,,,,-1.19946739426814,0.0,0.0,0.0,0.0,0.0,0.0,1.0,0.0,0.0,0.0,0.0,0.0,0.0,0.0,0.0,J.Hurts,,S.Barkley,,,,,,,-4
TEN,PHI,2,,,,,,no_play,0.0,0,0,0,,,,,0.0,0.0,0.0,0.0,0.0,0.0,0.0,0.0,0.0,0.0,0.0,0.0,0.0,0.0,0.0,0.0,,,,,,,,,,-4
TEN,PHI,2,PHI,TEN,TEN,40.0,3.0,pass,0.0,0,0,0,,,,,-1.27666956888391,0.0,0.0,0.0,0.0,0.0,0.0,1.0,0.0,0.0,0.0,0.0,0.0,0.0,0.0,0.0,J.Hurts,,,,,,,,,-4
TEN,PHI,2,PHI,TEN,TEN,40.0,4.0,field_goal,0.0,0,0,0,made,,,,2.76254750116607,0.0,0.0,0.0,0.0,0.0,0.0,0.0,0.0,0.0,0.0,0.0,0.0,0.0,0.0,0.0,,,,,,,,,,-4
TEN,PHI,2,TEN,PHI,PHI,35.0,,kickoff,0.0,0,0,0,,,,,0.354655547998846,0.0,0.0,0.0,0.0,0.0,0.0,0.0,0.0,0.0,0.0,0.0,0.0,0.0,1.0,0.0,,,,,,,,,,-4
TEN,PHI,2,TEN,PHI,TEN,69.0,1.0,run,-1.0,0,0,0,,,,,-0.784043436869979,0.0,0.0,0.0,0.0,0.0,1.0,0.0,0.0,0.0,0.0,0.0,0.0,0.0,0.0,0.0,,,,,N.Singleton,-1.0,,,,-4
TEN,PHI,2,TEN,PHI,TEN,70.0,2.0,run,6.0,0,0,0,,,,,0.0530156781896949,0.0,0.0,0.0,0.0,0.0,1.0,0.0,0.0,0.0,0.0,0.0,0.0,0.0,0.0,0.0,,,,,N.Singleton,6.0,,,,-4
TEN,PHI,2,TEN,PHI,TEN,64.0,3.0,pass,9.0,0,0,0,,,,,1.62332643289119,1.0,0.0,0.0,0.0,0.0,0.0,1.0,0.0,0.0,0.0,0.0,0.0,0.0,0.0,1.0,C.Ward,9.0,W.Robinson,9.0,,,,,,-4
TEN,PHI,2,TEN,PHI,TEN,55.0,1.0,pass,25.0,0,0,0,,,,,1.29355311824474,0.0,0.0,0.0,0.0,0.0,0.0,1.0,0.0,0.0,0.0,0.0,0.0,0.0,0.0,1.0,C.Ward,25.0,C.Ridley,25.0,,,,,,-4
TEN,PHI,2,TEN,PHI,PHI,30.0,1.0,run,4.0,0,0,0,,,,,-0.0788598151411861,0.0,0.0,0.0,0.0,0.0,1.0,0.0,0.0,0.0,0.0,0.0,0.0,0.0,0.0,0.0,,,,,N.Singleton,4.0,,,,-4
TEN,PHI,2,TEN,PHI,PHI,26.0,2.0,pass,10.0,0,0,0,,,,,0.907660527911503,0.0,0.0,0.0,0.0,0.0,0.0,1.0,0.0,0.0,0.0,0.0,0.0,0.0,0.0,1.0,C.Ward,10.0,C.Ridley,10.0,,,,,,-4
TEN,PHI,2,TEN,PHI,PHI,16.0,1.0,run,1.0,0,0,0,,,,,-0.417135786614381,0.0,0.0,0.0,0.0,0.0,1.0,0.0,0.0,0.0,0.0,0.0,0.0,0.0,0.0,0.0,,,,,N.Singleton,1.0,,,,-4
TEN,PHI,2,TEN,PHI,PHI,15.0,2.0,pass,8.0,0,0,0,,,,,0.617850241775159,0.0,0.0,0.0,0.0,0.0,0.0,1.0,0.0,0.0,0.0,0.0,0.0,0.0,0.0,1.0,C.Ward,8.0,G.Helm,8.0,,,,,,-4
TEN,PHI,2,TEN,PHI,PHI,7.0,3.0,run,1.0,0,0,0,,,,,0.508109091606457,1.0,0.0,0.0,0.0,0.0,1.0,0.0,0.0,0.0,0.0,0.0,0.0,0.0,0.0,0.0,,,,,C.Ward,1.0,,,,-4
TEN,PHI,2,TEN,PHI,PHI,6.0,1.0,run,4.0,0,0,0,,,,,0.237570263911039,0.0,0.0,0.0,0.0,0.0,1.0,0.0,0.0,0.0,0.0,0.0,0.0,0.0,0.0,0.0,,,,,T.Pollard,4.0,,,,-4
TEN,PHI,2,TEN,PHI,PHI,2.0,2.0,run,1.0,0,0,0,,,,,-0.141474424046464,0.0,0.0,0.0,0.0,0.0,1.0,0.0,0.0,0.0,0.0,0.0,0.0,0.0,0.0,0.0,,,,,T.Pollard,1.0,,,,-4
TEN,PHI,2,TEN,PHI,PHI,1.0,3.0,run,1.0,0,0,1,,,,TEN,1.10780841478845,1.0,0.0,0.0,0.0,0.0,1.0,0.0,0.0,1.0,0.0,1.0,0.0,0.0,0.0,0.0,,,,,C.Ward,1.0,,,,-4
TEN,PHI,2,TEN,PHI,PHI,15.0,,extra_point,0.0,0,0,0,,good,,,0.0675730031076331,0.0,0.0,0.0,0.0,0.0,0.0,0.0,0.0,0.0,0.0,0.0,1.0,0.0,0.0,0.0,,,,,,,,,,-4
TEN,PHI,2,PHI,TEN,TEN,35.0,,kickoff,0.0,0,0,0,,,,,0.523699948564172,0.0,0.0,0.0,0.0,0.0,0.0,0.0,0.0,0.0,0.0,0.0,0.0,0.0,1.0,0.0,,,,,,,,,,-4
TEN,PHI,2,PHI,TEN,PHI,65.0,1.0,pass,2.0,0,0,0,,,,,-0.326334075070918,0.0,0.0,0.0,0.0,0.0,0.0,1.0,0.0,0.0,0.0,0.0,0.0,0.0,0.0,1.0,J.Hurts,2.0,J.Mundt,2.0,,,,,,-4
TEN,PHI,2,PHI,TEN,PHI,63.0,2.0,pass,0.0,0,0,0,,,,,-0.822645426960662,0.0,0.0,0.0,0.0,0.0,0.0,1.0,0.0,0.0,0.0,0.0,0.0,0.0,0.0,0.0,J.Hurts,,D.Cooper,,,,,,,-4
TEN,PHI,2,PHI,TEN,PHI,63.0,3.0,pass,0.0,0,0,0,,,,,-1.22187222423963,0.0,0.0,0.0,0.0,0.0,0.0,1.0,0.0,0.0,0.0,0.0,0.0,0.0,0.0,0.0,J.Hurts,,J.Mundt,,,,,,,-4
TEN,PHI,2,PHI,TEN,PHI,63.0,4.0,punt,0.0,0,0,0,,,,,0.276180643588305,0.0,0.0,0.0,0.0,0.0,0.0,0.0,0.0,0.0,0.0,0.0,0.0,0.0,0.0,0.0,,,,,,,,,,-4
TEN,PHI,2,TEN,PHI,,,,,,0,0,0,,,,,0.0,,,,,,,,,,,,,,,,,,,,,,,,,-4
TEN,PHI,2,TEN,PHI,TEN,81.0,1.0,run,2.0,0,0,0,,,,,-0.501759947743267,0.0,0.0,0.0,0.0,0.0,1.0,0.0,0.0,0.0,0.0,0.0,0.0,0.0,0.0,0.0,,,,,T.Pollard,2.0,,,,-4
TEN,PHI,2,TEN,PHI,TEN,79.0,2.0,run,18.0,0,0,0,,,,,1.7877446943894,0.0,0.0,0.0,0.0,0.0,1.0,0.0,0.0,0.0,0.0,0.0,0.0,0.0,0.0,0.0,,,,,T.Pollard,18.0,,,,-4
TEN,PHI,2,TEN,PHI,TEN,61.0,1.0,run,-2.0,0,0,0,,,,,-0.840295156463981,0.0,0.0,0.0,0.0,0.0,1.0,0.0,0.0,0.0,0.0,0.0,0.0,0.0,0.0,0.0,,,,,T.Pollard,-2.0,,,,-4
TEN,PHI,2,TEN,PHI,TEN,63.0,2.0,run,3.0,0,0,0,,,,,-0.387215739581734,0.0,0.0,0.0,0.0,0.0,1.0,0.0,0.0,0.0,0.0,0.0,0.0,0.0,0.0,0.0,,,,,T.Spears,3.0,,,,-4
TEN,PHI,2,TEN,PHI,TEN,60.0,3.0,pass,0.0,0,0,0,,,,,-1.38158881384879,0.0,0.0,0.0,0.0,0.0,0.0,1.0,0.0,0.0,0.0,0.0,0.0,0.0,0.0,0.0,C.Ward,,C.Tate,,,,,,,-4
TEN,PHI,2,TEN,PHI,TEN,60.0,4.0,punt,0.0,0,0,0,,,,,0.0317469239234924,0.0,0.0,0.0,0.0,0.0,0.0,0.0,0.0,0.0,0.0,0.0,0.0,0.0,0.0,0.0,,,,,,,,,,-4
TEN,PHI,2,PHI,TEN,PHI,80.0,1.0,run,4.0,0,0,0,,,,,-0.115092240273952,0.0,0.0,0.0,0.0,0.0,1.0,0.0,0.0,0.0,0.0,0.0,0.0,0.0,0.0,0.0,,,,,S.Barkley,4.0,,,,-4
TEN,PHI,2,PHI,TEN,PHI,76.0,2.0,run,5.0,0,0,0,,,,,0.43838239274919,0.0,0.0,0.0,0.0,0.0,1.0,0.0,0.0,0.0,0.0,0.0,0.0,0.0,0.0,0.0,,,,,T.Bigsby,5.0,,,,-4
TEN,PHI,2,PHI,TEN,PHI,71.0,3.0,run,2.0,0,0,0,,,,,0.354449612321332,1.0,0.0,0.0,0.0,0.0,1.0,0.0,0.0,0.0,0.0,0.0,0.0,0.0,0.0,0.0,,,,,J.Hurts,2.0,,,,-4
TEN,PHI,2,PHI,TEN,PHI,69.0,1.0,run,-2.0,0,0,0,,,,,-0.761689226841554,0.0,0.0,0.0,0.0,0.0,1.0,0.0,0.0,0.0,0.0,0.0,0.0,0.0,0.0,0.0,,,,,T.Bigsby,-2.0,,,,-4
TEN,PHI,2,PHI,TEN,PHI,71.0,2.0,pass,0.0,0,0,0,,,,,-0.837297898251563,0.0,0.0,0.0,0.0,0.0,0.0,1.0,1.0,0.0,0.0,0.0,0.0,0.0,0.0,0.0,J.Hurts,,,,,,,,,-4
TEN,PHI,2,PHI,TEN,PHI,71.0,3.0,pass,13.0,0,0,0,,,,,2.31011108192615,1.0,0.0,0.0,0.0,0.0,0.0,1.0,0.0,0.0,0.0,0.0,0.0,0.0,0.0,1.0,J.Hurts,13.0,D.Smith,13.0,,,,,,-4
TEN,PHI,2,PHI,TEN,PHI,58.0,1.0,run,3.0,0,0,0,,,,,-0.64899968332611,0.0,0.0,0.0,1.0,0.0,1.0,0.0,0.0,0.0,0.0,0.0,0.0,0.0,0.0,0.0,,,,,M.Brown,3.0,,PHI,10.0,-4
TEN,PHI,2,PHI,TEN,PHI,65.0,1.0,pass,23.0,0,0,0,,,,,1.76914606592618,0.0,0.0,0.0,0.0,0.0,0.0,1.0,0.0,0.0,0.0,0.0,0.0,0.0,0.0,1.0,J.Hurts,23.0,D.Cooper,23.0,,,,,,-4
TEN,PHI,2,PHI,TEN,TEN,42.0,1.0,run,3.0,0,0,0,,,,,-0.157645133091137,0.0,0.0,0.0,0.0,0.0,1.0,0.0,0.0,0.0,0.0,0.0,0.0,0.0,0.0,0.0,,,,,T.Bigsby,3.0,,,,-4
TEN,PHI,2,PHI,TEN,TEN,39.0,2.0,run,-5.0,0,0,0,,,,,-1.32893741689622,0.0,0.0,0.0,0.0,0.0,1.0,0.0,0.0,0.0,0.0,0.0,0.0,0.0,0.0,0.0,,,,,M.Lemon,-5.0,,,,-4
TEN,PHI,2,,,,,,no_play,0.0,0,0,0,,,,,0.0,0.0,0.0,0.0,0.0,0.0,0.0,0.0,0.0,0.0,0.0,0.0,0.0,0.0,0.0,0.0,,,,,,,,,,-4
TEN,PHI,2,PHI,TEN,TEN,44.0,3.0,pass,0.0,0,0,0,,,,,-1.58053480368108,0.0,0.0,1.0,0.0,0.0,0.0,1.0,0.0,0.0,0.0,0.0,0.0,0.0,0.0,0.0,J.Hurts,,D.Smith,,,,,,,-4
TEN,PHI,2,TEN,PHI,TEN,83.0,1.0,run,9.0,0,0,0,,,,,0.712265893351287,0.0,0.0,0.0,0.0,0.0,1.0,0.0,0.0,0.0,0.0,0.0,0.0,0.0,0.0,0.0,,,,,T.Pollard,9.0,,,,-4
TEN,PHI,2,TEN,PHI,TEN,74.0,2.0,run,9.0,0,0,0,,,,,0.336528109270148,0.0,0.0,0.0,0.0,0.0,1.0,0.0,0.0,0.0,0.0,0.0,0.0,0.0,0.0,0.0,,,,,T.Pollard,9.0,,,,-4
TEN,PHI,2,TEN,PHI,TEN,65.0,1.0,pass,41.0,0,0,0,,,,,2.76056363247335,0.0,0.0,0.0,0.0,0.0,0.0,1.0,0.0,0.0,0.0,0.0,0.0,0.0,0.0,1.0,C.Ward,41.0,E.Ayomanor,41.0,,,,,,-4
TEN,PHI,2,TEN,PHI,PHI,24.0,1.0,no_play,0.0,0,0,0,,,,,-1.16246749169659,0.0,0.0,0.0,1.0,0.0,0.0,0.0,0.0,0.0,0.0,0.0,0.0,0.0,0.0,0.0,,,,,,,,TEN,10.0,-4
TEN,PHI,2,TEN,PHI,PHI,34.0,1.0,run,-3.0,0,0,0,,,,,-0.791996342188213,0.0,0.0,0.0,0.0,0.0,1.0,0.0,0.0,0.0,0.0,0.0,0.0,0.0,0.0,0.0,,,,,T.Spears,-3.0,,,,-4
TEN,PHI,2,TEN,PHI,PHI,37.0,2.0,no_play,0.0,0,0,0,,,,,-0.376829352055211,0.0,0.0,0.0,1.0,0.0,0.0,0.0,0.0,0.0,0.0,0.0,0.0,0.0,0.0,0.0,,,,,,,,TEN,5.0,-4
TEN,PHI,2,TEN,PHI,PHI,42.0,2.0,pass,6.0,0,0,0,,,,,-0.145020884170663,0.0,0.0,0.0,0.0,0.0,0.0,1.0,0.0,0.0,0.0,0.0,0.0,0.0,0.0,1.0,C.Ward,6.0,C.Tate,6.0,,,,,,-4
TEN,PHI,2,TEN,PHI,PHI,36.0,3.0,run,27.0,0,0,0,,,,,3.24912706934265,1.0,0.0,0.0,0.0,0.0,1.0,0.0,0.0,0.0,0.0,0.0,0.0,0.0,0.0,0.0,,,,,T.Spears,27.0,,,,-4
TEN,PHI,2,TEN,PHI,PHI,9.0,1.0,pass,-9.0,0,0,0,,,,,-1.67924750826205,0.0,0.0,0.0,0.0,0.0,0.0,1.0,1.0,0.0,0.0,0.0,0.0,0.0,0.0,0.0,C.Ward,,,,,,,,,-4
TEN,PHI,2,,,,,,no_play,0.0,0,0,0,,,,,0.0,0.0,0.0,0.0,0.0,0.0,0.0,0.0,0.0,0.0,0.0,0.0,0.0,0.0,0.0,0.0,,,,,,,,,,-4
TEN,PHI,2,TEN,PHI,PHI,18.0,2.0,run,3.0,0,0,0,,,,,-0.833927054423839,0.0,0.0,0.0,0.0,0.0,1.0,0.0,0.0,0.0,0.0,0.0,0.0,0.0,0.0,0.0,,,,,T.Pollard,3.0,,,,-4
TEN,PHI,2,,,,,,no_play,0.0,0,0,0,,,,,0.0,0.0,0.0,0.0,0.0,0.0,0.0,0.0,0.0,0.0,0.0,0.0,0.0,0.0,0.0,0.0,,,,,,,,,,-4
TEN,PHI,2,TEN,PHI,PHI,15.0,3.0,run,1.0,0,0,0,,,,,0.487450928523472,0.0,0.0,0.0,0.0,0.0,1.0,0.0,0.0,0.0,0.0,0.0,0.0,0.0,0.0,0.0,,,,,T.Spears,1.0,,,,-4
TEN,PHI,2,TEN,PHI,PHI,14.0,4.0,field_goal,0.0,0,0,0,made,,,,0.196180122982909,0.0,0.0,0.0,0.0,0.0,0.0,0.0,0.0,0.0,0.0,0.0,0.0,0.0,0.0,0.0,,,,,,,,,,-4
TEN,PHI,2,PHI,TEN,TEN,35.0,,kickoff,0.0,0,0,0,,,,,0.517744127428159,0.0,0.0,0.0,0.0,0.0,0.0,0.0,0.0,0.0,0.0,0.0,0.0,0.0,1.0,0.0,,,,,,,,,,-4
TEN,PHI,2,PHI,TEN,PHI,65.0,1.0,pass,0.0,0,0,0,,,,,-0.444574574474245,0.0,0.0,0.0,0.0,0.0,0.0,1.0,0.0,0.0,0.0,0.0,0.0,0.0,0.0,0.0,J.Hurts,,D.Wicks,,,,,,,-4
TEN,PHI,2,PHI,TEN,PHI,65.0,2.0,pass,4.0,0,0,0,,,,,-0.0827629164559767,0.0,0.0,0.0,0.0,0.0,0.0,1.0,0.0,0.0,0.0,0.0,0.0,0.0,0.0,1.0,J.Hurts,4.0,D.Smith,4.0,,,,,,-4
TEN,PHI,2,PHI,TEN,PHI,61.0,3.0,pass,20.0,0,0,0,,,,,1.62820208858466,1.0,0.0,0.0,0.0,0.0,0.0,1.0,0.0,0.0,0.0,0.0,0.0,0.0,0.0,1.0,J.Hurts,20.0,D.Wicks,20.0,,,,,,-4
TEN,PHI,2,PHI,TEN,TEN,41.0,1.0,pass,9.0,0,0,0,,,,,0.584396626392845,0.0,0.0,0.0,0.0,0.0,0.0,1.0,0.0,0.0,0.0,0.0,0.0,0.0,0.0,1.0,J.Hurts,9.0,D.Smith,9.0,,,,,,-4
TEN,PHI,2,PHI,TEN,TEN,32.0,2.0,pass,6.0,0,0,0,,,,,0.175442850682884,0.0,0.0,0.0,0.0,0.0,0.0,1.0,0.0,0.0,0.0,0.0,0.0,0.0,0.0,1.0,J.Hurts,6.0,D.Smith,6.0,,,,,,-4
TEN,PHI,2,PHI,TEN,TEN,26.0,1.0,pass,0.0,0,0,0,,,,,-0.306703571171965,0.0,0.0,0.0,0.0,0.0,0.0,1.0,0.0,0.0,0.0,0.0,0.0,0.0,0.0,0.0,J.Hurts,,,,,,,,,-4
TEN,PHI,2,PHI,TEN,TEN,26.0,2.0,run,4.0,0,0,1,,,,,-0.27063761849422,0.0,0.0,0.0,0.0,0.0,1.0,0.0,0.0,0.0,0.0,0.0,0.0,0.0,0.0,0.0,,,,,J.Hurts,4.0,,,,-4
TEN,PHI,2,PHI,TEN,TEN,22.0,3.0,pass,19.0,0,0,0,,,,,1.87444330198923,1.0,0.0,0.0,0.0,0.0,0.0,1.0,0.0,0.0,0.0,0.0,0.0,0.0,0.0,1.0,J.Hurts,19.0,D.Smith,19.0,,,,,,-4
TEN,PHI,2,,,,,,no_play,0.0,0,0,0,,,,,0.0,0.0,0.0,0.0,0.0,0.0,0.0,0.0,0.0,0.0,0.0,0.0,0.0,0.0,0.0,0.0,,,,,,,,,,-4
TEN,PHI,2,PHI,TEN,TEN,3.0,1.0,pass,3.0,0,0,0,,,,PHI,2.25124740868341,0.0,0.0,0.0,0.0,0.0,0.0,1.0,0.0,1.0,1.0,0.0,0.0,0.0,0.0,1.0,J.Hurts,3.0,D.Cooper,3.0,,,,,,-4
TEN,PHI,2,PHI,TEN,TEN,15.0,,extra_point,0.0,0,0,0,,good,,,0.0675730031076331,0.0,0.0,0.0,0.0,0.0,0.0,0.0,0.0,0.0,0.0,0.0,1.0,0.0,0.0,0.0,,,,,,,,,,-4
TEN,PHI,2,TEN,PHI,PHI,35.0,,kickoff,0.0,0,0,0,,,,,0.0598186198039912,0.0,0.0,0.0,0.0,0.0,0.0,0.0,0.0,0.0,0.0,0.0,0.0,0.0,1.0,0.0,,,,,,,,,,-4
TEN,PHI,2,TEN,PHI,TEN,65.0,1.0,pass,15.0,0,0,0,,,,,0.193663366895635,0.0,0.0,0.0,0.0,0.0,0.0,1.0,0.0,0.0,0.0,0.0,0.0,0.0,0.0,1.0,C.Ward,15.0,C.Tate,15.0,,,,,,-4
TEN,PHI,2,,,,50.0,,no_play,0.0,0,0,0,,,,,0.0,0.0,0.0,0.0,0.0,0.0,0.0,0.0,0.0,0.0,0.0,0.0,0.0,0.0,0.0,0.0,,,,,,,,,,-4
TEN,PHI,2,TEN,PHI,50,50.0,1.0,pass,0.0,0,0,0,,,,,-0.294638076797128,0.0,0.0,0.0,0.0,0.0,0.0,1.0,0.0,0.0,0.0,0.0,0.0,0.0,0.0,0.0,C.Ward,,,,,,,,,-4
TEN,PHI,2,TEN,PHI,,,,,,0,0,0,,,,,,,,,,,,,,,,,,,,,,,,,,,,,,-4
NE,PIT,2,,,,,,,,0,0,0,,,,,0.0,,,,,,,,,,,,,,,,,,,,,,,,,17
NE,PIT,2,PIT,NE,NE,35.0,,kickoff,0.0,0,0,0,,,,,0.31510377349332,0.0,0.0,0.0,0.0,0.0,0.0,0.0,0.0,0.0,0.0,0.0,0.0,0.0,1.0,0.0,,,,,,,,,,17
NE,PIT,2,PIT,NE,PIT,70.0,1.0,run,1.0,0,0,0,,,,,-0.503022436052561,0.0,0.0,0.0,0.0,0.0,1.0,0.0,0.0,0.0,0.0,0.0,0.0,0.0,0.0,0.0,,,,,R.Dowdle,1.0,,,,17
NE,PIT,2,PIT,NE,PIT,69.0,2.0,run,2.0,0,0,0,,,,,-0.546675473917276,0.0,0.0,0.0,0.0,0.0,1.0,0.0,0.0,0.0,0.0,0.0,0.0,0.0,0.0,0.0,,,,,R.Dowdle,2.0,,,,17
NE,PIT,2,PIT,NE,PIT,67.0,3.0,pass,0.0,0,0,0,,,,,-1.4087063013576,0.0,0.0,0.0,0.0,0.0,0.0,1.0,0.0,0.0,0.0,0.0,0.0,0.0,0.0,0.0,A.Rodgers,,D.Metcalf,,,,,,,17
NE,PIT,2,PIT,NE,PIT,67.0,4.0,punt,0.0,0,0,0,,,,,0.181438913568854,0.0,0.0,0.0,0.0,0.0,0.0,0.0,0.0,0.0,0.0,0.0,0.0,0.0,0.0,0.0,,,,,,,,,,17
NE,PIT,2,NE,PIT,NE,77.0,1.0,pass,9.0,0,0,0,,,,,1.10450166882947,0.0,0.0,0.0,0.0,0.0,0.0,1.0,0.0,0.0,0.0,0.0,0.0,0.0,0.0,1.0,D.Maye,9.0,D.Douglas,9.0,,,,,,17
NE,PIT,2,NE,PIT,NE,68.0,2.0,run,5.0,0,0,0,,,,,-0.042106295702979,0.0,0.0,0.0,0.0,0.0,1.0,0.0,0.0,0.0,0.0,0.0,0.0,0.0,0.0,0.0,,,,,R.Stevenson,5.0,,,,17
NE,PIT,2,NE,PIT,NE,63.0,1.0,pass,29.0,0,0,0,,,,,1.67017538275104,0.0,0.0,0.0,0.0,0.0,0.0,1.0,0.0,0.0,0.0,0.0,0.0,0.0,0.0,1.0,D.Maye,29.0,H.Henry,29.0,,,,,,17
NE,PIT,2,NE,PIT,PIT,34.0,1.0,pass,3.0,0,0,0,,,,,-4.15501275716815,0.0,0.0,0.0,1.0,1.0,0.0,1.0,0.0,0.0,0.0,0.0,0.0,0.0,0.0,1.0,D.Maye,3.0,R.Stevenson,3.0,,,R.Stevenson,PIT,15.0,17
NE,PIT,2,PIT,NE,PIT,84.0,1.0,run,4.0,0,0,0,,,,,-0.164663540199399,0.0,0.0,0.0,0.0,0.0,1.0,0.0,0.0,0.0,0.0,0.0,0.0,0.0,0.0,0.0,,,,,J.Warren,4.0,,,,17
NE,PIT,2,PIT,NE,PIT,80.0,2.0,pass,0.0,0,0,0,,,,,-0.792916005477309,0.0,0.0,0.0,0.0,0.0,0.0,1.0,0.0,0.0,0.0,0.0,0.0,0.0,0.0,0.0,A.Rodgers,,J.Warren,,,,,,,17
NE,PIT,2,PIT,NE,PIT,80.0,3.0,pass,0.0,0,0,0,,,,,-1.3056471273303,0.0,0.0,0.0,0.0,0.0,0.0,1.0,0.0,0.0,0.0,0.0,0.0,0.0,0.0,0.0,A.Rodgers,,P.Freiermuth,,,,,,,17
NE,PIT,2,PIT,NE,PIT,80.0,4.0,punt,0.0,0,0,0,,,,,-1.01806105859578,0.0,0.0,0.0,0.0,0.0,0.0,0.0,0.0,0.0,0.0,0.0,0.0,0.0,0.0,0.0,,,,,,,,,,17
NE,PIT,2,NE,PIT,PIT,49.0,1.0,pass,0.0,0,0,0,,,,,-0.5255087739788,0.0,0.0,0.0,0.0,0.0,0.0,1.0,0.0,0.0,0.0,0.0,0.0,0.0,0.0,0.0,D.Maye,,R.Gilliam,,,,,,,17
NE,PIT,2,NE,PIT,PIT,49.0,2.0,run,5.0,0,0,0,,,,,-0.321120399283245,0.0,0.0,0.0,0.0,0.0,1.0,0.0,0.0,0.0,0.0,0.0,0.0,0.0,0.0,0.0,,,,,T.Henderson,5.0,,,,17
NE,PIT,2,NE,PIT,PIT,44.0,3.0,no_play,0.0,0,0,0,,,,,0.938732771202922,0.0,0.0,0.0,1.0,0.0,0.0,0.0,0.0,0.0,0.0,0.0,0.0,0.0,0.0,0.0,,,,,,,,PIT,4.0,17
NE,PIT,2,NE,PIT,PIT,40.0,3.0,run,1.0,0,0,0,,,,,0.541335557820275,1.0,0.0,0.0,0.0,0.0,1.0,0.0,0.0,0.0,0.0,0.0,0.0,0.0,0.0,0.0,,,,,T.Henderson,1.0,,,,17
NE,PIT,2,NE,PIT,PIT,39.0,1.0,run,39.0,0,0,0,,,,NE,3.31607595644891,0.0,0.0,0.0,0.0,0.0,1.0,0.0,0.0,1.0,0.0,1.0,0.0,0.0,0.0,0.0,,,,,T.Henderson,39.0,,,,17
NE,PIT,2,NE,PIT,PIT,15.0,,extra_point,0.0,0,0,0,,good,,,0.0675730031076331,0.0,0.0,0.0,0.0,0.0,0.0,0.0,0.0,0.0,0.0,0.0,1.0,0.0,0.0,0.0,,,,,,,,,,17
NE,PIT,2,PIT,NE,NE,35.0,,kickoff,0.0,0,0,0,,,,,0.031452237162739,0.0,0.0,0.0,0.0,0.0,0.0,0.0,0.0,0.0,0.0,0.0,0.0,0.0,1.0,0.0,,,,,,,,,,17
NE,PIT,2,PIT,NE,PIT,74.0,1.0,pass,9.0,0,0,0,,,,,0.724301267415285,0.0,0.0,0.0,0.0,0.0,0.0,1.0,0.0,0.0,0.0,0.0,0.0,0.0,0.0,1.0,A.Rodgers,9.0,P.Freiermuth,9.0,,,,,,17
NE,PIT,2,PIT,NE,PIT,65.0,2.0,run,6.0,0,0,0,,,,,0.207211447414011,0.0,0.0,0.0,0.0,0.0,1.0,0.0,0.0,0.0,0.0,0.0,0.0,0.0,0.0,0.0,,,,,R.Dowdle,6.0,,,,17
NE,PIT,2,PIT,NE,PIT,59.0,1.0,pass,7.0,0,0,0,,,,,0.48965506744571,0.0,0.0,0.0,0.0,0.0,0.0,1.0,0.0,0.0,0.0,0.0,0.0,0.0,0.0,1.0,A.Rodgers,7.0,D.Washington,7.0,,,,,,17
NE,PIT,2,PIT,NE,PIT,52.0,2.0,pass,9.0,0,0,0,,,,,0.521235293708742,0.0,0.0,0.0,0.0,0.0,0.0,1.0,0.0,0.0,0.0,0.0,0.0,0.0,0.0,1.0,A.Rodgers,9.0,R.Dowdle,9.0,,,,,,17
NE,PIT,2,PIT,NE,NE,43.0,1.0,run,1.0,0,0,0,,,,,-0.451727895764634,0.0,0.0,0.0,0.0,0.0,1.0,0.0,0.0,0.0,0.0,0.0,0.0,0.0,0.0,0.0,,,,,J.Warren,1.0,,,,17
NE,PIT,2,PIT,NE,NE,42.0,2.0,run,3.0,0,0,0,,,,,-0.466779934009537,0.0,0.0,0.0,0.0,0.0,1.0,0.0,0.0,0.0,0.0,0.0,0.0,0.0,0.0,0.0,,,,,J.Warren,3.0,,,,17
NE,PIT,2,PIT,NE,NE,39.0,3.0,pass,0.0,0,0,0,,,,,-1.72732143513234,0.0,0.0,0.0,0.0,0.0,0.0,1.0,0.0,0.0,0.0,0.0,0.0,0.0,0.0,0.0,A.Rodgers,,J.Warren,,,,,,,17
NE,PIT,2,PIT,NE,NE,39.0,4.0,field_goal,0.0,0,0,0,missed,,,,-3.06629911540701,0.0,0.0,0.0,0.0,0.0,0.0,0.0,0.0,0.0,0.0,0.0,0.0,0.0,0.0,0.0,,,,,,,,,,17
NE,PIT,2,NE,PIT,NE,53.0,1.0,run,5.0,0,0,0,,,,,-0.0817616446875036,0.0,0.0,0.0,0.0,0.0,1.0,0.0,0.0,0.0,0.0,0.0,0.0,0.0,0.0,0.0,,,,,T.Henderson,5.0,,,,17
NE,PIT,2,NE,PIT,PIT,48.0,2.0,pass,4.0,0,0,0,,,,,0.139351769117638,0.0,0.0,0.0,0.0,0.0,0.0,1.0,0.0,0.0,0.0,0.0,0.0,0.0,0.0,1.0,D.Maye,4.0,R.Doubs,4.0,,,R.Doubs,,,17
NE,PIT,2,NE,PIT,PIT,44.0,3.0,run,2.0,0,0,0,,,,,0.507297303760424,1.0,0.0,0.0,0.0,0.0,1.0,0.0,0.0,0.0,0.0,0.0,0.0,0.0,0.0,0.0,,,,,R.Stevenson,2.0,,,,17
NE,PIT,2,NE,PIT,PIT,42.0,1.0,run,6.0,0,0,0,,,,,0.202597969444469,0.0,0.0,0.0,0.0,0.0,1.0,0.0,0.0,0.0,0.0,0.0,0.0,0.0,0.0,0.0,,,,,T.Henderson,6.0,,,,17
NE,PIT,2,NE,PIT,PIT,36.0,2.0,pass,30.0,0,0,0,,,,,2.17241139156977,0.0,0.0,0.0,0.0,0.0,0.0,1.0,0.0,0.0,0.0,0.0,0.0,0.0,0.0,1.0,D.Maye,30.0,E.Raridon,30.0,,,,,,17
NE,PIT,2,NE,PIT,PIT,6.0,1.0,no_play,0.0,0,0,0,,,,,-0.887498413736466,0.0,0.0,0.0,1.0,0.0,0.0,0.0,0.0,0.0,0.0,0.0,0.0,0.0,0.0,0.0,,,,,,,,NE,5.0,17
NE,PIT,2,NE,PIT,PIT,11.0,1.0,pass,-3.0,0,0,0,,,,,-0.700828665285371,0.0,0.0,0.0,0.0,0.0,0.0,1.0,1.0,0.0,0.0,0.0,0.0,0.0,0.0,0.0,D.Maye,,,,,,,,,17
NE,PIT,2,NE,PIT,PIT,14.0,2.0,pass,4.0,0,0,0,,,,,-0.23559629637748,0.0,0.0,0.0,0.0,0.0,0.0,1.0,0.0,0.0,0.0,0.0,0.0,0.0,0.0,1.0,D.Maye,4.0,H.Henry,4.0,,,,,,17
NE,PIT,2,NE,PIT,,,,,,0,0,0,,,,,0.0,,,,,,,,,,,,,,,,,,,,,,,,,17
NE,PIT,2,NE,PIT,PIT,10.0,3.0,pass,-2.0,0,0,0,,,,,-1.11844657657602,0.0,0.0,0.0,0.0,0.0,0.0,1.0,1.0,0.0,0.0,0.0,0.0,0.0,0.0,0.0,D.Maye,,,,,,,,,17
NE,PIT,2,NE,PIT,PIT,12.0,4.0,field_goal,0.0,0,0,0,made,,,,0.171788253871992,0.0,0.0,0.0,0.0,0.0,0.0,0.0,0.0,0.0,0.0,0.0,0.0,0.0,0.0,0.0,,,,,,,,,,17
NE,PIT,2,PIT,NE,NE,35.0,,kickoff,0.0,0,0,0,,,,,0.265692504122853,0.0,0.0,0.0,0.0,0.0,0.0,0.0,0.0,0.0,0.0,0.0,0.0,0.0,1.0,0.0,,,,,,,,,,17
NE,PIT,2,PIT,NE,PIT,70.0,1.0,run,3.0,0,0,0,,,,,-0.262269234284759,0.0,0.0,0.0,0.0,0.0,1.0,0.0,0.0,0.0,0.0,0.0,0.0,0.0,0.0,0.0,,,,,J.Warren,3.0,,,,17
NE,PIT,2,PIT,NE,PIT,67.0,2.0,pass,3.0,0,0,0,,,,,-0.218204510398209,0.0,0.0,0.0,0.0,0.0,0.0,1.0,0.0,0.0,0.0,0.0,0.0,0.0,0.0,1.0,A.Rodgers,3.0,G.Bernard,3.0,,,,,,17
NE,PIT,2,PIT,NE,PIT,64.0,3.0,run,3.0,0,0,0,,,,,-0.864314345642924,0.0,0.0,0.0,0.0,0.0,1.0,0.0,0.0,0.0,0.0,0.0,0.0,0.0,0.0,0.0,,,,,J.Warren,3.0,,,,17
NE,PIT,2,PIT,NE,PIT,61.0,4.0,run,2.0,0,0,0,,,,,2.12668753904291,0.0,1.0,0.0,0.0,0.0,1.0,0.0,0.0,0.0,0.0,0.0,0.0,0.0,0.0,0.0,,,,,P.Freiermuth,2.0,,,,17
NE,PIT,2,PIT,NE,PIT,59.0,1.0,pass,0.0,0,0,0,,,,,-0.480283283395693,0.0,0.0,0.0,0.0,0.0,0.0,1.0,0.0,0.0,0.0,0.0,0.0,0.0,0.0,0.0,A.Rodgers,,,,,,,,,17
NE,PIT,2,PIT,NE,PIT,59.0,2.0,run,2.0,0,0,0,,,,,-0.674739795504138,0.0,0.0,0.0,0.0,0.0,1.0,0.0,0.0,0.0,0.0,0.0,0.0,0.0,0.0,0.0,,,,,R.Dowdle,2.0,,,,17
NE,PIT,2,PIT,NE,PIT,57.0,3.0,pass,19.0,0,0,0,,,,,2.35030260018539,1.0,0.0,0.0,0.0,0.0,0.0,1.0,0.0,0.0,0.0,0.0,0.0,0.0,0.0,1.0,A.Rodgers,19.0,G.Bernard,19.0,,,,,,17
NE,PIT,2,,,,,,no_play,0.0,0,0,0,,,,,0.0,0.0,0.0,0.0,0.0,0.0,0.0,0.0,0.0,0.0,0.0,0.0,0.0,0.0,0.0,0.0,,,,,,,,,,17
NE,PIT,2,PIT,NE,NE,38.0,1.0,pass,3.0,0,0,0,,,,,-0.230049070669338,0.0,0.0,0.0,0.0,0.0,0.0,1.0,0.0,0.0,0.0,0.0,0.0,0.0,0.0,1.0,A.Rodgers,3.0,G.Bernard,3.0,,,,,,17
NE,PIT,2,PIT,NE,NE,35.0,2.0,pass,10.0,0,0,0,,,,,1.08921840705443,0.0,0.0,0.0,0.0,0.0,0.0,1.0,0.0,0.0,0.0,0.0,0.0,0.0,0.0,1.0,A.Rodgers,10.0,G.Bernard,10.0,,,,,,17
NE,PIT,2,PIT,NE,NE,25.0,1.0,pass,3.0,0,0,0,,,,,-0.138990450766869,0.0,0.0,0.0,0.0,0.0,0.0,1.0,0.0,0.0,0.0,0.0,0.0,0.0,0.0,1.0,A.Rodgers,3.0,D.Metcalf,3.0,,,,,,17
NE,PIT,2,PIT,NE,NE,22.0,2.0,pass,0.0,0,0,0,,,,,-0.558346774370875,0.0,0.0,0.0,0.0,0.0,0.0,1.0,0.0,0.0,0.0,0.0,0.0,0.0,0.0,0.0,A.Rodgers,,D.Washington,,,,,,,17
NE,PIT,2,PIT,NE,NE,22.0,3.0,pass,-8.0,0,0,0,,,,,-2.9600217998377,0.0,0.0,0.0,0.0,0.0,0.0,1.0,1.0,0.0,0.0,0.0,0.0,0.0,0.0,0.0,A.Rodgers,,,,,,A.Rodgers,,,17
NE,PIT,2,PIT,NE,PIT,58.0,4.0,punt,0.0,0,0,0,,,,,-0.646750324172899,0.0,0.0,0.0,1.0,0.0,0.0,0.0,0.0,0.0,0.0,0.0,0.0,0.0,0.0,0.0,,,,,,,,NE,6.0,17
NE,PIT,2,NE,PIT,NE,94.0,1.0,no_play,0.0,0,0,0,,,,,0.707588295219466,0.0,0.0,0.0,1.0,0.0,0.0,0.0,0.0,0.0,0.0,0.0,0.0,0.0,0.0,0.0,,,,,,,,PIT,15.0,17
NE,PIT,2,NE,PIT,NE,79.0,1.0,pass,10.0,0,0,0,,,,,0.551593387965113,0.0,0.0,0.0,0.0,0.0,0.0,1.0,0.0,0.0,0.0,0.0,0.0,0.0,0.0,1.0,D.Maye,10.0,M.Hollins,10.0,,,,,,17
NE,PIT,2,NE,PIT,NE,69.0,1.0,run,7.0,0,0,1,,,,,0.266506620217115,0.0,0.0,0.0,0.0,0.0,1.0,0.0,0.0,0.0,0.0,0.0,0.0,0.0,0.0,0.0,,,,,D.Maye,7.0,,,,17
NE,PIT,2,NE,PIT,NE,62.0,2.0,run,-3.0,0,0,0,,,,,-1.17526585608721,0.0,0.0,0.0,0.0,0.0,1.0,0.0,0.0,0.0,0.0,0.0,0.0,0.0,0.0,0.0,,,,,T.Henderson,-3.0,,,,17
NE,PIT,2,NE,PIT,NE,65.0,3.0,pass,0.0,0,0,0,,,,,-1.27588937152177,0.0,0.0,0.0,0.0,0.0,0.0,1.0,0.0,0.0,0.0,0.0,0.0,0.0,0.0,0.0,D.Maye,,D.Douglas,,,,,,,17
NE,PIT,2,NE,PIT,NE,65.0,4.0,punt,0.0,0,0,0,,,,,-0.0868279449641705,0.0,0.0,0.0,0.0,0.0,0.0,0.0,0.0,0.0,0.0,0.0,0.0,0.0,0.0,0.0,,,,,,,,,,17
NE,PIT,2,PIT,NE,PIT,72.0,1.0,pass,0.0,0,0,0,,,,,-0.512679336592555,0.0,0.0,0.0,0.0,0.0,0.0,1.0,0.0,0.0,0.0,0.0,0.0,0.0,0.0,0.0,A.Rodgers,,,,,,,,,17
NE,PIT,2,PIT,NE,PIT,72.0,2.0,run,14.0,0,0,0,,,,,1.4637275384739,0.0,0.0,0.0,0.0,0.0,1.0,0.0,0.0,0.0,0.0,0.0,0.0,0.0,0.0,0.0,,,,,T.Homer,14.0,,,,17
NE,PIT,2,PIT,NE,PIT,58.0,1.0,run,2.0,0,0,0,,,,,-0.539780908613466,0.0,0.0,0.0,0.0,0.0,1.0,0.0,0.0,0.0,0.0,0.0,0.0,0.0,0.0,0.0,,,,,T.Homer,2.0,,,,17
NE,PIT,2,PIT,NE,PIT,56.0,2.0,run,5.0,0,0,1,,,,,0.23470135719981,0.0,0.0,0.0,0.0,0.0,1.0,0.0,0.0,0.0,0.0,0.0,0.0,0.0,0.0,0.0,,,,,A.Rodgers,5.0,,,,17
NE,PIT,2,PIT,NE,PIT,51.0,3.0,no_play,0.0,0,0,0,,,,,1.00045028229943,0.0,0.0,0.0,1.0,0.0,0.0,0.0,0.0,0.0,0.0,0.0,0.0,0.0,0.0,0.0,,,,,,,,NE,5.0,17
NE,PIT,2,PIT,NE,NE,46.0,1.0,pass,-1.0,0,0,0,,,,,-0.543168302683625,0.0,0.0,0.0,0.0,0.0,0.0,1.0,0.0,0.0,0.0,0.0,0.0,0.0,0.0,1.0,A.Rodgers,-1.0,D.Metcalf,-1.0,,,,,,17
NE,PIT,2,PIT,NE,NE,47.0,2.0,run,2.0,0,0,0,,,,,-0.277365032176022,0.0,0.0,0.0,0.0,0.0,1.0,0.0,0.0,0.0,0.0,0.0,0.0,0.0,0.0,0.0,,,,,J.Warren,2.0,,,,17
NE,PIT,2,PIT,NE,NE,45.0,3.0,pass,0.0,0,0,0,,,,,-1.36080773890717,0.0,0.0,0.0,0.0,0.0,0.0,1.0,0.0,0.0,0.0,0.0,0.0,0.0,0.0,0.0,A.Rodgers,,R.Wilson,,,,,,,17
NE,PIT,2,PIT,NE,NE,45.0,4.0,punt,0.0,0,0,0,,,,,-0.852312035742216,0.0,0.0,0.0,0.0,0.0,0.0,0.0,0.0,0.0,0.0,0.0,0.0,0.0,0.0,0.0,,,,,,,,,,17
NE,PIT,2,NE,PIT,NE,80.0,1.0,pass,-12.0,0,0,0,,,,,-0.892179331276566,0.0,0.0,0.0,0.0,0.0,0.0,1.0,1.0,0.0,0.0,0.0,0.0,0.0,0.0,0.0,D.Maye,,,,,,,,,17
NE,PIT,2,,,,,,no_play,0.0,0,0,0,,,,,0.0,0.0,0.0,0.0,0.0,0.0,0.0,0.0,0.0,0.0,0.0,0.0,0.0,0.0,0.0,0.0,,,,,,,,,,17
NE,PIT,2,NE,PIT,NE,92.0,2.0,run,2.0,0,0,0,,,,,-0.26898735051509,0.0,0.0,0.0,0.0,0.0,1.0,0.0,0.0,0.0,0.0,0.0,0.0,0.0,0.0,0.0,,,,,T.Henderson,2.0,,,,17
NE,PIT,2,,,,,,no_play,0.0,0,0,0,,,,,0.0,0.0,0.0,0.0,0.0,0.0,0.0,0.0,0.0,0.0,0.0,0.0,0.0,0.0,0.0,0.0,,,,,,,,,,17
NE,PIT,2,NE,PIT,NE,90.0,3.0,run,10.0,0,0,0,,,,,0.0880753676174209,0.0,0.0,0.0,0.0,0.0,1.0,0.0,0.0,0.0,0.0,0.0,0.0,0.0,0.0,0.0,,,,,T.Henderson,10.0,,,,17
NE,PIT,2,NE,PIT,NE,80.0,4.0,punt,0.0,0,0,0,,,,,0.0202274709590711,0.0,0.0,0.0,0.0,0.0,0.0,0.0,0.0,0.0,0.0,0.0,0.0,0.0,0.0,0.0,,,,,,,,,,17
NE,PIT,2,PIT,NE,PIT,65.0,1.0,pass,0.0,0,0,0,,,,,-0.031622497306671,0.0,0.0,0.0,0.0,0.0,0.0,1.0,0.0,0.0,0.0,0.0,0.0,0.0,0.0,0.0,A.Rodgers,,G.Bernard,,,,,,,17
NE,PIT,2,PIT,NE,PIT,65.0,2.0,pass,9.0,0,0,0,,,,,0.0857439499231987,0.0,0.0,0.0,0.0,0.0,0.0,1.0,0.0,0.0,0.0,0.0,0.0,0.0,0.0,1.0,A.Rodgers,9.0,P.Freiermuth,9.0,,,,,,17
NE,PIT,2,PIT,NE,PIT,56.0,3.0,pass,9.0,0,0,0,,,,,0.30352937115822,1.0,0.0,0.0,0.0,0.0,0.0,1.0,0.0,0.0,0.0,0.0,0.0,0.0,0.0,1.0,A.Rodgers,9.0,P.Freiermuth,9.0,,,,,,17
NE,PIT,2,,,,,,no_play,0.0,0,0,0,,,,,0.0,0.0,0.0,0.0,0.0,0.0,0.0,0.0,0.0,0.0,0.0,0.0,0.0,0.0,0.0,0.0,,,,,,,,,,17
NE,PIT,2,PIT,NE,NE,47.0,1.0,no_play,0.0,0,0,0,,,,,0.287585703306831,0.0,0.0,0.0,1.0,0.0,0.0,0.0,0.0,0.0,0.0,0.0,0.0,0.0,0.0,0.0,,,,,,,,NE,5.0,17
NE,PIT,2,,,,,,no_play,0.0,0,0,0,,,,,0.0,0.0,0.0,0.0,0.0,0.0,0.0,0.0,0.0,0.0,0.0,0.0,0.0,0.0,0.0,0.0,,,,,,,,,,17
NE,PIT,2,PIT,NE,NE,42.0,1.0,pass,4.0,0,0,0,,,,,0.260609334451146,0.0,0.0,0.0,0.0,0.0,0.0,1.0,0.0,0.0,0.0,0.0,0.0,0.0,0.0,1.0,A.Rodgers,4.0,R.Wilson,4.0,,,,,,17
NE,PIT,2,PIT,NE,NE,38.0,2.0,pass,0.0,0,0,0,,,,,0.229710170520263,0.0,0.0,0.0,0.0,0.0,0.0,1.0,0.0,0.0,0.0,0.0,0.0,0.0,0.0,0.0,A.Rodgers,,,,,,,,,17
NE,PIT,2,PIT,NE,NE,38.0,3.0,field_goal,0.0,0,0,0,made,,,,1.46781882196825,0.0,0.0,0.0,0.0,0.0,0.0,0.0,0.0,0.0,0.0,0.0,0.0,0.0,0.0,0.0,,,,,,,,,,17
NE,PIT,2,,,,,,,,0,0,0,,,,,,,,,,,,,,,,,,,,,,,,,,,,,,17
NE,PIT,2,NE,PIT,PIT,35.0,,kickoff,0.0,0,0,0,,,,,0.532624092418701,0.0,0.0,0.0,0.0,0.0,0.0,0.0,0.0,0.0,0.0,0.0,0.0,0.0,1.0,0.0,,,,,,,,,,17
NE,PIT,2,NE,PIT,NE,67.0,1.0,pass,7.0,0,0,0,,,,,0.347864769399166,0.0,0.0,0.0,0.0,0.0,0.0,1.0,0.0,0.0,0.0,0.0,0.0,0.0,0.0,1.0,D.Maye,7.0,H.Henry,7.0,,,,,,17
NE,PIT,2,NE,PIT,NE,60.0,2.0,run,-2.0,0,0,0,,,,,-1.21585596352816,0.0,0.0,0.0,0.0,0.0,1.0,0.0,0.0,0.0,0.0,0.0,0.0,0.0,0.0,0.0,,,,,T.Henderson,-2.0,,,,17
NE,PIT,2,NE,PIT,NE,62.0,3.0,pass,29.0,0,0,0,,,,,2.98661356815137,1.0,0.0,0.0,0.0,0.0,0.0,1.0,0.0,0.0,0.0,0.0,0.0,0.0,0.0,1.0,D.Maye,29.0,R.Doubs,29.0,,,,,,17
NE,PIT,2,NE,PIT,PIT,33.0,1.0,pass,0.0,0,0,0,,,,,-4.11903955065645,0.0,0.0,1.0,0.0,0.0,0.0,1.0,0.0,0.0,0.0,0.0,0.0,0.0,0.0,0.0,D.Maye,,H.Henry,,,,,,,17
NE,PIT,2,PIT,NE,PIT,87.0,1.0,run,5.0,0,0,0,,,,,-0.0168617069721222,0.0,0.0,0.0,0.0,0.0,1.0,0.0,0.0,0.0,0.0,0.0,0.0,0.0,0.0,0.0,,,,,R.Dowdle,5.0,,,,17
NE,PIT,2,PIT,NE,PIT,82.0,2.0,run,2.0,0,0,0,,,,,-0.437836616300046,0.0,0.0,0.0,0.0,0.0,1.0,0.0,0.0,0.0,0.0,0.0,0.0,0.0,0.0,0.0,,,,,R.Dowdle,2.0,,,,17
NE,PIT,2,PIT,NE,PIT,80.0,3.0,no_play,0.0,0,0,0,,,,,1.33413352677599,0.0,0.0,0.0,1.0,0.0,0.0,0.0,0.0,0.0,0.0,0.0,0.0,0.0,0.0,0.0,,,,,,,,NE,5.0,17
NE,PIT,2,PIT,NE,PIT,75.0,1.0,run,8.0,0,0,0,,,,,0.555757558438927,0.0,0.0,0.0,0.0,0.0,1.0,0.0,0.0,0.0,0.0,0.0,0.0,0.0,0.0,0.0,,,,,J.Warren,8.0,,,,17
NE,PIT,2,PIT,NE,PIT,67.0,2.0,pass,5.0,0,0,0,,,,,0.228804769227281,0.0,0.0,0.0,0.0,0.0,0.0,1.0,0.0,0.0,0.0,0.0,0.0,0.0,0.0,1.0,A.Rodgers,5.0,R.Wilson,5.0,,,,,,17
NE,PIT,2,PIT,NE,PIT,62.0,1.0,pass,0.0,0,0,0,,,,,-0.537192845484242,0.0,0.0,0.0,0.0,0.0,0.0,1.0,0.0,0.0,0.0,0.0,0.0,0.0,0.0,0.0,A.Rodgers,,D.Metcalf,,,,,,,17
NE,PIT,2,PIT,NE,PIT,62.0,2.0,run,4.0,0,0,0,,,,,-0.39135796809569,0.0,0.0,0.0,0.0,0.0,1.0,0.0,0.0,0.0,0.0,0.0,0.0,0.0,0.0,0.0,,,,,R.Dowdle,4.0,,,,17
NE,PIT,2,PIT,NE,PIT,58.0,3.0,pass,0.0,0,0,0,,,,,-1.46014440897852,0.0,0.0,0.0,0.0,0.0,0.0,1.0,0.0,0.0,0.0,0.0,0.0,0.0,0.0,0.0,A.Rodgers,,G.Bernard,,,,,,,17
NE,PIT,2,PIT,NE,PIT,58.0,4.0,punt,0.0,0,0,0,,,,,0.0966782150790095,0.0,0.0,0.0,0.0,0.0,0.0,0.0,0.0,0.0,0.0,0.0,0.0,0.0,0.0,0.0,,,,,,,,,,17
NE,PIT,2,NE,PIT,NE,85.0,1.0,pass,8.0,0,0,0,,,,,0.517634638119489,0.0,0.0,0.0,0.0,0.0,0.0,1.0,0.0,0.0,0.0,0.0,0.0,0.0,0.0,1.0,D.Maye,8.0,M.Hollins,8.0,,,,,,17
NE,PIT,2,NE,PIT,NE,77.0,2.0,run,3.0,0,0,0,,,,,0.283466155640781,0.0,0.0,0.0,0.0,0.0,1.0,0.0,0.0,0.0,0.0,0.0,0.0,0.0,0.0,0.0,,,,,T.Henderson,3.0,,,,17
NE,PIT,2,NE,PIT,NE,74.0,1.0,pass,4.0,0,0,0,,,,,-0.0926769962534308,0.0,0.0,0.0,0.0,0.0,0.0,1.0,0.0,0.0,0.0,0.0,0.0,0.0,0.0,1.0,D.Maye,4.0,R.Gilliam,4.0,,,,,,17
NE,PIT,2,NE,PIT,NE,70.0,2.0,pass,0.0,0,0,0,,,,,-0.792858132626861,0.0,0.0,0.0,0.0,0.0,0.0,1.0,0.0,0.0,0.0,0.0,0.0,0.0,0.0,0.0,D.Maye,,R.Stevenson,,,,,,,17
NE,PIT,2,NE,PIT,NE,70.0,3.0,pass,10.0,0,0,0,,,,,1.78262962307781,1.0,0.0,0.0,0.0,0.0,0.0,1.0,0.0,0.0,0.0,0.0,0.0,0.0,0.0,1.0,D.Maye,10.0,K.Williams,10.0,,,,,,17
NE,PIT,2,NE,PIT,NE,60.0,1.0,run,24.0,0,0,0,,,,,1.49221103475429,0.0,0.0,0.0,0.0,0.0,1.0,0.0,0.0,0.0,0.0,0.0,0.0,0.0,0.0,0.0,,,,,R.Stevenson,24.0,,,,17
NE,PIT,2,NE,PIT,PIT,36.0,1.0,run,9.0,0,0,0,,,,,0.693264173227362,0.0,0.0,0.0,0.0,0.0,1.0,0.0,0.0,0.0,0.0,0.0,0.0,0.0,0.0,0.0,,,,,R.Stevenson,9.0,,,,17
NE,PIT,2,NE,PIT,PIT,27.0,2.0,run,0.0,0,0,0,,,,,-0.575098701403476,0.0,0.0,0.0,0.0,0.0,1.0,0.0,0.0,0.0,0.0,0.0,0.0,0.0,0.0,0.0,,,,,T.Henderson,0.0,,,,17
NE,PIT,2,NE,PIT,PIT,27.0,3.0,pass,-2.0,0,0,0,,,,,-2.37572271311738,0.0,0.0,0.0,0.0,0.0,0.0,1.0,0.0,0.0,0.0,0.0,0.0,0.0,0.0,1.0,D.Maye,-2.0,E.Chism,-2.0,,,,,,17
NE,PIT,2,NE,PIT,PIT,29.0,4.0,field_goal,0.0,0,0,0,missed,,,,-3.1925714169155,0.0,0.0,0.0,0.0,0.0,0.0,0.0,0.0,0.0,0.0,0.0,0.0,0.0,0.0,0.0,,,,,,,,,,17
NE,PIT,2,PIT,NE,PIT,63.0,1.0,run,5.0,0,0,0,,,,,0.0623679419513792,0.0,0.0,0.0,0.0,0.0,1.0,0.0,0.0,0.0,0.0,0.0,0.0,0.0,0.0,0.0,,,,,J.Warren,5.0,,,,17
NE,PIT,2,PIT,NE,PIT,58.0,2.0,pass,2.0,0,0,0,,,,,-0.468048979295418,0.0,0.0,0.0,0.0,0.0,0.0,1.0,0.0,0.0,0.0,0.0,0.0,0.0,0.0,1.0,A.Rodgers,2.0,B.Skowronek,2.0,,,,,,17
NE,PIT,2,PIT,NE,PIT,56.0,3.0,pass,0.0,0,0,0,,,,,-1.73221352673136,0.0,0.0,0.0,0.0,0.0,0.0,1.0,0.0,0.0,0.0,0.0,0.0,0.0,0.0,0.0,A.Rodgers,,D.Metcalf,,,,,,,17
NE,PIT,2,PIT,NE,PIT,56.0,4.0,punt,0.0,0,0,0,,,,,0.29817439452745,0.0,0.0,0.0,0.0,0.0,0.0,0.0,0.0,0.0,0.0,0.0,0.0,0.0,0.0,0.0,,,,,,,,,,17
NE,PIT,2,NE,PIT,NE,92.0,1.0,pass,63.0,0,0,0,,,,,4.00185310770758,0.0,0.0,0.0,0.0,0.0,0.0,1.0,0.0,0.0,0.0,0.0,0.0,0.0,0.0,1.0,D.Maye,63.0,R.Doubs,63.0,,,,,,17
NE,PIT,2,NE,PIT,PIT,29.0,1.0,no_play,0.0,0,0,0,,,,,-0.799273466458544,0.0,0.0,0.0,1.0,0.0,0.0,0.0,0.0,0.0,0.0,0.0,0.0,0.0,0.0,0.0,,,,,,,,NE,5.0,17
NE,PIT,2,NE,PIT,PIT,34.0,1.0,pass,0.0,0,0,0,,,,,-0.532615941250697,0.0,0.0,0.0,0.0,0.0,0.0,1.0,0.0,0.0,0.0,0.0,0.0,0.0,0.0,0.0,D.Maye,,H.Henry,,,,,,,17
NE,PIT,2,NE,PIT,PIT,34.0,2.0,run,7.0,0,0,0,,,,,0.317584709264338,0.0,0.0,0.0,0.0,0.0,1.0,0.0,0.0,0.0,0.0,0.0,0.0,0.0,0.0,0.0,,,,,T.Henderson,7.0,,,,17
NE,PIT,2,NE,PIT,PIT,27.0,3.0,pass,0.0,0,0,0,,,,,-1.35154805265489,0.0,0.0,0.0,0.0,0.0,0.0,1.0,0.0,0.0,0.0,0.0,0.0,0.0,0.0,0.0,D.Maye,,,,,,,,,17
NE,PIT,2,NE,PIT,PIT,27.0,4.0,field_goal,0.0,0,0,0,made,,,,1.14967764940235,0.0,0.0,0.0,0.0,0.0,0.0,0.0,0.0,0.0,0.0,0.0,0.0,0.0,0.0,0.0,,,,,,,,,,17
NE,PIT,2,PIT,NE,NE,35.0,,kickoff,0.0,0,0,0,,,,,0.101655323058367,0.0,0.0,0.0,0.0,0.0,0.0,0.0,0.0,0.0,0.0,0.0,0.0,0.0,1.0,0.0,,,,,,,,,,17
NE,PIT,2,PIT,NE,PIT,72.0,1.0,pass,13.0,0,0,0,,,,,0.8436657381244,0.0,0.0,0.0,0.0,0.0,0.0,1.0,0.0,0.0,0.0,0.0,0.0,0.0,0.0,1.0,A.Rodgers,13.0,R.Dowdle,13.0,,,,,,17
NE,PIT,2,PIT,NE,,,,,,0,0,0,,,,,0.0,,,,,,,,,,,,,,,,,,,,,,,,,17
NE,PIT,2,PIT,NE,PIT,59.0,1.0,run,-1.0,0,0,0,,,,,-0.783273533452302,0.0,0.0,0.0,0.0,0.0,1.0,0.0,0.0,0.0,0.0,0.0,0.0,0.0,0.0,0.0,,,,,J.Warren,-1.0,,,,17
NE,PIT,2,PIT,NE,PIT,60.0,2.0,no_play,0.0,0,0,0,,,,,-0.711443675681949,0.0,0.0,0.0,1.0,0.0,0.0,0.0,0.0,0.0,0.0,0.0,0.0,0.0,0.0,0.0,,,,,,,,PIT,10.0,17
NE,PIT,2,PIT,NE,PIT,70.0,2.0,pass,-11.0,0,0,0,,,,NE,-7.38385299919173,0.0,0.0,0.0,0.0,1.0,0.0,1.0,1.0,1.0,0.0,0.0,0.0,0.0,0.0,0.0,A.Rodgers,,,,,,A.Rodgers,,,17
NE,PIT,2,NE,PIT,PIT,15.0,,extra_point,0.0,0,0,0,,good,,,0.0675730031076331,0.0,0.0,0.0,0.0,0.0,0.0,0.0,0.0,0.0,0.0,0.0,1.0,0.0,0.0,0.0,,,,,,,,,,17
NE,PIT,2,PIT,NE,NE,35.0,,kickoff,0.0,0,0,0,,,,,0.0834936392493546,0.0,0.0,0.0,0.0,0.0,0.0,0.0,0.0,0.0,0.0,0.0,0.0,0.0,1.0,0.0,,,,,,,,,,17
NE,PIT,2,PIT,NE,PIT,73.0,1.0,pass,0.0,0,0,0,,,,,-0.531973602250218,0.0,0.0,0.0,0.0,0.0,0.0,1.0,0.0,0.0,0.0,0.0,0.0,0.0,0.0,0.0,A.Rodgers,,D.Metcalf,,,,,,,17
NE,PIT,2,PIT,NE,PIT,73.0,2.0,pass,5.0,0,0,0,,,,,-0.13815502030775,0.0,0.0,0.0,0.0,0.0,0.0,1.0,0.0,0.0,0.0,0.0,0.0,0.0,0.0,1.0,A.Rodgers,5.0,P.Freiermuth,5.0,,,,,,17
NE,PIT,2,PIT,NE,PIT,68.0,3.0,pass,-11.0,0,0,0,,,,,-2.43072842853144,0.0,0.0,0.0,0.0,0.0,0.0,1.0,1.0,0.0,0.0,0.0,0.0,0.0,0.0,0.0,A.Rodgers,,,,,,,,,17
NE,PIT,2,PIT,NE,PIT,79.0,4.0,punt,0.0,0,0,0,,,,,-0.0468551011290401,0.0,0.0,0.0,0.0,0.0,0.0,0.0,0.0,0.0,0.0,0.0,0.0,0.0,0.0,0.0,,,,,,,,,,17
NE,PIT,2,NE,PIT,NE,60.0,1.0,run,-2.0,0,0,0,,,,,-0.821765688480809,0.0,0.0,0.0,0.0,0.0,1.0,0.0,0.0,0.0,0.0,0.0,0.0,0.0,0.0,0.0,,,,,T.Henderson,-2.0,,,,17
NE,PIT,2,NE,PIT,NE,62.0,2.0,run,13.0,0,0,1,,,,,1.51278284238651,0.0,0.0,0.0,0.0,0.0,1.0,0.0,0.0,0.0,0.0,0.0,0.0,0.0,0.0,0.0,,,,,D.Maye,13.0,,,,17
NE,PIT,2,NE,PIT,PIT,49.0,1.0,run,1.0,0,0,0,,,,,-0.559052382595837,0.0,0.0,0.0,0.0,0.0,1.0,0.0,0.0,0.0,0.0,0.0,0.0,0.0,0.0,0.0,,,,,T.Henderson,1.0,,,,17
NE,PIT,2,NE,PIT,PIT,48.0,2.0,pass,0.0,0,0,0,,,,,-0.816750577650964,0.0,0.0,0.0,0.0,0.0,0.0,1.0,0.0,0.0,0.0,0.0,0.0,0.0,0.0,0.0,D.Maye,,K.Williams,,,,,,,17
NE,PIT,2,NE,PIT,PIT,48.0,3.0,pass,0.0,0,0,0,,,,,-1.57022443856113,0.0,0.0,0.0,0.0,0.0,0.0,1.0,0.0,0.0,0.0,0.0,0.0,0.0,0.0,0.0,D.Maye,,R.Doubs,,,,,,,17
NE,PIT,2,NE,PIT,PIT,48.0,4.0,punt,0.0,0,0,0,,,,,0.209083340130746,0.0,0.0,0.0,0.0,0.0,0.0,0.0,0.0,0.0,0.0,0.0,0.0,0.0,0.0,0.0,,,,,,,,,,17
NE,PIT,2,PIT,NE,PIT,92.0,1.0,pass,9.0,0,0,0,,,,,0.694709031144157,0.0,0.0,0.0,0.0,0.0,0.0,1.0,0.0,0.0,0.0,0.0,0.0,0.0,0.0,1.0,A.Rodgers,9.0,D.Metcalf,9.0,,,,,,17
NE,PIT,2,PIT,NE,PIT,83.0,2.0,run,10.0,0,0,0,,,,,0.467279657255858,0.0,0.0,0.0,0.0,0.0,1.0,0.0,0.0,0.0,0.0,0.0,0.0,0.0,0.0,0.0,,,,,J.Warren,10.0,,,,17
NE,PIT,2,PIT,NE,PIT,73.0,1.0,pass,8.0,0,0,0,,,,,0.453049906063825,0.0,0.0,0.0,0.0,0.0,0.0,1.0,0.0,0.0,0.0,0.0,0.0,0.0,0.0,1.0,A.Rodgers,8.0,J.Warren,8.0,,,,,,17
NE,PIT,2,PIT,NE,PIT,65.0,2.0,pass,5.0,0,0,0,,,,,0.363158189691603,0.0,0.0,0.0,0.0,0.0,0.0,1.0,0.0,0.0,0.0,0.0,0.0,0.0,0.0,1.0,A.Rodgers,5.0,R.Wilson,5.0,,,,,,17
NE,PIT,2,PIT,NE,PIT,60.0,1.0,pass,0.0,0,0,0,,,,,-0.417930130846798,0.0,0.0,0.0,0.0,0.0,0.0,1.0,0.0,0.0,0.0,0.0,0.0,0.0,0.0,0.0,A.Rodgers,,G.Bernard,,,,,,,17
NE,PIT,2,PIT,NE,PIT,60.0,2.0,pass,16.0,0,0,0,,,,,1.43147675972432,0.0,0.0,0.0,0.0,0.0,0.0,1.0,0.0,0.0,0.0,0.0,0.0,0.0,0.0,1.0,A.Rodgers,16.0,D.Metcalf,16.0,,,,,,17
NE,PIT,2,PIT,NE,NE,44.0,1.0,pass,5.0,0,0,0,,,,,0.113232327741571,0.0,0.0,0.0,0.0,0.0,0.0,1.0,0.0,0.0,0.0,0.0,0.0,0.0,0.0,1.0,A.Rodgers,5.0,R.Wilson,5.0,,,,,,17
NE,PIT,2,PIT,NE,NE,39.0,2.0,pass,9.0,0,0,0,,,,,0.764489428373054,0.0,0.0,0.0,0.0,0.0,0.0,1.0,0.0,0.0,0.0,0.0,0.0,0.0,0.0,1.0,A.Rodgers,9.0,R.Wilson,9.0,,,,,,17
NE,PIT,2,PIT,NE,NE,30.0,1.0,pass,26.0,0,0,0,,,,,2.04209580860334,0.0,0.0,0.0,0.0,0.0,0.0,1.0,0.0,0.0,0.0,0.0,0.0,0.0,0.0,1.0,A.Rodgers,26.0,J.Warren,26.0,,,,,,17
NE,PIT,2,,,,,,no_play,0.0,0,0,0,,,,,0.0,0.0,0.0,0.0,0.0,0.0,0.0,0.0,0.0,0.0,0.0,0.0,0.0,0.0,0.0,0.0,,,,,,,,,,17
NE,PIT,2,PIT,NE,NE,4.0,1.0,pass,-13.0,0,0,0,,,,,-2.27065492421389,0.0,0.0,0.0,0.0,0.0,0.0,1.0,1.0,0.0,0.0,0.0,0.0,0.0,0.0,0.0,A.Rodgers,,,,,,,,,17
NE,PIT,2,PIT,NE,NE,17.0,2.0,pass,0.0,0,0,0,,,,,-4.75875813298626,0.0,0.0,1.0,0.0,0.0,0.0,1.0,0.0,0.0,0.0,0.0,0.0,0.0,0.0,0.0,A.Rodgers,,G.Bernard,,,,,,,17
NE,PIT,2,NE,PIT,NE,68.0,1.0,run,-1.0,0,0,0,,,,,-0.709690196672455,0.0,0.0,0.0,0.0,0.0,1.0,0.0,0.0,0.0,0.0,0.0,0.0,0.0,0.0,0.0,,,,,T.Henderson,-1.0,,,,17
NE,PIT,2,NE,PIT,NE,69.0,2.0,run,1.0,0,0,0,,,,,-0.354403724311851,0.0,0.0,0.0,0.0,0.0,1.0,0.0,0.0,0.0,0.0,0.0,0.0,0.0,0.0,0.0,,,,,R.Stevenson,1.0,,,,17
NE,PIT,2,NE,PIT,NE,68.0,3.0,run,5.0,0,0,0,,,,,-0.618581043090671,0.0,0.0,0.0,0.0,0.0,1.0,0.0,0.0,0.0,0.0,0.0,0.0,0.0,0.0,0.0,,,,,T.Henderson,5.0,,,,17
NE,PIT,2,,,,,,no_play,0.0,0,0,0,,,,,0.0,0.0,0.0,0.0,0.0,0.0,0.0,0.0,0.0,0.0,0.0,0.0,0.0,0.0,0.0,0.0,,,,,,,,,,17
NE,PIT,2,NE,PIT,NE,63.0,4.0,punt,0.0,0,0,0,,,,,-0.104189579258673,0.0,0.0,0.0,0.0,0.0,0.0,0.0,0.0,0.0,0.0,0.0,0.0,0.0,0.0,0.0,,,,,,,,,,17
NE,PIT,2,PIT,NE,PIT,79.0,1.0,pass,0.0,0,0,0,,,,,-0.417870544595644,0.0,0.0,0.0,0.0,0.0,0.0,1.0,0.0,0.0,0.0,0.0,0.0,0.0,0.0,0.0,M.Rudolph,,D.Metcalf,,,,,,,17
NE,PIT,2,PIT,NE,PIT,79.0,2.0,run,5.0,0,0,0,,,,,-0.0476707862690091,0.0,0.0,0.0,0.0,0.0,1.0,0.0,0.0,0.0,0.0,0.0,0.0,0.0,0.0,0.0,,,,,J.Warren,5.0,,,,17
NE,PIT,2,PIT,NE,PIT,74.0,3.0,run,3.0,0,0,1,,,,,-0.696471540722996,0.0,0.0,0.0,0.0,0.0,1.0,0.0,0.0,0.0,0.0,0.0,0.0,0.0,0.0,0.0,,,,,M.Rudolph,3.0,,,,17
NE,PIT,2,PIT,NE,PIT,71.0,4.0,punt,0.0,0,0,0,,,,,-0.188868409954011,0.0,0.0,0.0,0.0,0.0,0.0,0.0,0.0,0.0,0.0,0.0,0.0,0.0,0.0,0.0,,,,,,,,,,17
NE,PIT,2,NE,PIT,NE,80.0,1.0,run,2.0,0,0,0,,,,,-0.478730205213651,0.0,0.0,0.0,0.0,0.0,1.0,0.0,0.0,0.0,0.0,0.0,0.0,0.0,0.0,0.0,,,,,R.Stevenson,2.0,,,,17
NE,PIT,2,NE,PIT,NE,78.0,2.0,run,-2.0,0,0,0,,,,,-0.171816314104944,0.0,0.0,0.0,0.0,0.0,1.0,0.0,0.0,0.0,0.0,0.0,0.0,0.0,0.0,0.0,,,,,C.Kiner,-2.0,,,,17
NE,PIT,2,NE,PIT,NE,80.0,3.0,run,2.0,0,0,0,,,,,-0.0999826649203897,0.0,0.0,0.0,1.0,0.0,1.0,0.0,0.0,0.0,0.0,0.0,0.0,0.0,0.0,0.0,,,,,C.Kiner,2.0,,PIT,15.0,17
NE,PIT,2,NE,PIT,NE,63.0,1.0,qb_kneel,-2.0,1,0,0,,,,,0.0,0.0,0.0,0.0,0.0,0.0,1.0,0.0,0.0,0.0,0.0,0.0,0.0,0.0,0.0,0.0,,,,,D.Maye,-2.0,,,,17
NE,PIT,2,NE,PIT,NE,65.0,2.0,qb_kneel,-1.0,1,0,0,,,,,0.0,0.0,0.0,0.0,0.0,0.0,1.0,0.0,0.0,0.0,0.0,0.0,0.0,0.0,0.0,0.0,,,,,D.Maye,-1.0,,,,17
NE,PIT,2,NE,PIT,,,,,,0,0,0,,,,,,,,,,,,,,,,,,,,,,,,,,,,,,17
ARI,SEA,2,,,,,,,,0,0,0,,,,,0.0,,,,,,,,,,,,,,,,,,,,,,,,,-24
ARI,SEA,2,ARI,SEA,SEA,35.0,,kickoff,0.0,0,0,0,,,,,1.10352344880812,0.0,0.0,0.0,0.0,0.0,0.0,0.0,0.0,0.0,0.0,0.0,0.0,0.0,1.0,0.0,,,,,,,,,,-24
ARI,SEA,2,ARI,SEA,ARI,57.0,1.0,pass,9.0,0,0,0,,,,,0.73768229666166,0.0,0.0,0.0,0.0,0.0,0.0,1.0,0.0,0.0,0.0,0.0,0.0,0.0,0.0,1.0,J.Brissett,9.0,T.McBride,9.0,,,,,,-24
ARI,SEA,2,ARI,SEA,SEA,48.0,2.0,pass,0.0,0,0,0,,,,,-0.60591187258251,0.0,0.0,0.0,0.0,0.0,0.0,1.0,0.0,0.0,0.0,0.0,0.0,0.0,0.0,0.0,J.Brissett,,Mi.Wilson,,,,,,,-24
ARI,SEA,2,ARI,SEA,SEA,48.0,3.0,run,-1.0,0,0,0,,,,,-2.34619651525281,0.0,0.0,0.0,0.0,0.0,1.0,0.0,0.0,0.0,0.0,0.0,0.0,0.0,0.0,0.0,,,,,T.Allgeier,-1.0,,,,-24
ARI,SEA,2,ARI,SEA,SEA,49.0,4.0,punt,0.0,0,0,0,,,,,-0.712789738085121,0.0,0.0,0.0,0.0,0.0,0.0,0.0,0.0,0.0,0.0,0.0,0.0,0.0,0.0,0.0,,,,,,,,,,-24
ARI,SEA,2,SEA,ARI,SEA,86.0,1.0,run,4.0,0,0,0,,,,,-0.138419423718005,0.0,0.0,0.0,0.0,0.0,1.0,0.0,0.0,0.0,0.0,0.0,0.0,0.0,0.0,0.0,,,,,J.Price,4.0,,,,-24
ARI,SEA,2,SEA,ARI,SEA,82.0,2.0,pass,82.0,0,0,0,,,,SEA,6.90772058395669,0.0,0.0,0.0,0.0,0.0,0.0,1.0,0.0,1.0,1.0,0.0,0.0,0.0,0.0,1.0,D.Lock,82.0,J.Smith-Njigba,82.0,,,,,,-24
ARI,SEA,2,SEA,ARI,ARI,15.0,,extra_point,0.0,0,0,0,,good,,,0.0685713509799278,0.0,0.0,0.0,0.0,0.0,0.0,0.0,0.0,0.0,0.0,0.0,1.0,0.0,0.0,0.0,,,,,,,,,,-24
ARI,SEA,2,ARI,SEA,SEA,35.0,,kickoff,0.0,0,0,0,,,,,0.490902862977237,0.0,0.0,0.0,0.0,0.0,0.0,0.0,0.0,0.0,0.0,0.0,0.0,0.0,1.0,0.0,,,,,,,,,,-24
ARI,SEA,2,ARI,SEA,ARI,68.0,1.0,run,3.0,0,0,0,,,,,-0.437597024720162,0.0,0.0,0.0,0.0,0.0,1.0,0.0,0.0,0.0,0.0,0.0,0.0,0.0,0.0,0.0,,,,,J.Love,3.0,,,,-24
ARI,SEA,2,ARI,SEA,ARI,65.0,2.0,no_play,0.0,0,0,0,,,,,-0.606251485645771,0.0,0.0,0.0,1.0,0.0,0.0,0.0,0.0,0.0,0.0,0.0,0.0,0.0,0.0,0.0,,,,,,,,ARI,5.0,-24
ARI,SEA,2,ARI,SEA,ARI,70.0,2.0,pass,9.0,0,0,0,,,,,0.448646568693221,0.0,0.0,0.0,0.0,0.0,0.0,1.0,0.0,0.0,0.0,0.0,0.0,0.0,0.0,1.0,J.Brissett,9.0,T.McBride,9.0,,,,,,-24
ARI,SEA,2,ARI,SEA,ARI,61.0,3.0,pass,3.0,0,0,0,,,,,1.05327920010313,1.0,0.0,0.0,0.0,0.0,0.0,1.0,0.0,0.0,0.0,0.0,0.0,0.0,0.0,1.0,J.Brissett,3.0,T.McBride,3.0,,,,,,-24
ARI,SEA,2,ARI,SEA,ARI,58.0,1.0,run,7.0,0,0,0,,,,,0.375362284481525,0.0,0.0,0.0,0.0,0.0,1.0,0.0,0.0,0.0,0.0,0.0,0.0,0.0,0.0,0.0,,,,,J.Love,7.0,,,,-24
ARI,SEA,2,ARI,SEA,ARI,51.0,2.0,run,-2.0,0,0,0,,,,,-1.15596908750013,0.0,0.0,0.0,0.0,0.0,1.0,0.0,0.0,0.0,0.0,0.0,0.0,0.0,0.0,0.0,,,,,J.Love,-2.0,,,,-24
ARI,SEA,2,ARI,SEA,ARI,53.0,3.0,pass,-7.0,0,0,0,,,,,-2.35748952208087,0.0,0.0,0.0,0.0,0.0,0.0,1.0,1.0,0.0,0.0,0.0,0.0,0.0,0.0,0.0,J.Brissett,,,,,,,,,-24
ARI,SEA,2,ARI,SEA,ARI,60.0,4.0,punt,0.0,0,0,0,,,,,0.438641051761806,0.0,0.0,0.0,0.0,0.0,0.0,0.0,0.0,0.0,0.0,0.0,0.0,0.0,0.0,0.0,,,,,,,,,,-24
ARI,SEA,2,SEA,ARI,SEA,88.0,1.0,run,1.0,0,0,0,,,,,-0.625795470550656,0.0,0.0,0.0,0.0,0.0,1.0,0.0,0.0,0.0,0.0,0.0,0.0,0.0,0.0,0.0,,,,,J.Price,1.0,,,,-24
ARI,SEA,2,SEA,ARI,SEA,87.0,2.0,run,-3.0,0,0,0,,,,,-1.26563119003549,0.0,0.0,0.0,0.0,0.0,1.0,0.0,0.0,0.0,0.0,0.0,0.0,0.0,0.0,0.0,,,,,J.Price,-3.0,,,,-24
ARI,SEA,2,SEA,ARI,SEA,90.0,3.0,pass,0.0,0,0,0,,,,,-1.03716799337417,0.0,0.0,0.0,0.0,0.0,0.0,1.0,0.0,0.0,0.0,0.0,0.0,0.0,0.0,0.0,D.Lock,,R.Shaheed,,,,,,,-24
ARI,SEA,2,SEA,ARI,SEA,90.0,4.0,punt,0.0,0,0,0,,,,,0.360949743539095,0.0,0.0,0.0,0.0,0.0,0.0,0.0,0.0,0.0,0.0,0.0,0.0,0.0,0.0,0.0,,,,,,,,,,-24
ARI,SEA,2,ARI,SEA,ARI,61.0,1.0,pass,9.0,0,0,0,,,,,0.811322112334892,0.0,0.0,0.0,0.0,0.0,0.0,1.0,0.0,0.0,0.0,0.0,0.0,0.0,0.0,1.0,J.Brissett,9.0,Mi.Wilson,9.0,,,,,,-24
ARI,SEA,2,ARI,SEA,ARI,52.0,2.0,run,2.0,0,0,0,,,,,-0.130473082419485,0.0,0.0,0.0,0.0,0.0,1.0,0.0,0.0,0.0,0.0,0.0,0.0,0.0,0.0,0.0,,,,,T.Allgeier,2.0,,,,-24
ARI,SEA,2,ARI,SEA,50,50.0,1.0,pass,7.0,0,0,0,,,,,0.18826174014248,0.0,0.0,0.0,0.0,0.0,0.0,1.0,0.0,0.0,0.0,0.0,0.0,0.0,0.0,1.0,J.Brissett,7.0,J.Love,7.0,,,,,,-24
ARI,SEA,2,ARI,SEA,SEA,43.0,2.0,run,3.0,0,0,0,,,,,0.392896499950439,0.0,0.0,0.0,0.0,0.0,1.0,0.0,0.0,0.0,0.0,0.0,0.0,0.0,0.0,0.0,,,,,T.Allgeier,3.0,,,,-24
ARI,SEA,2,ARI,SEA,SEA,40.0,1.0,pass,0.0,0,0,0,,,,,-0.547543089604005,0.0,0.0,0.0,0.0,0.0,0.0,1.0,0.0,0.0,0.0,0.0,0.0,0.0,0.0,0.0,J.Brissett,,,,,,,,,-24
ARI,SEA,2,ARI,SEA,SEA,40.0,2.0,pass,5.0,0,0,0,,,,,-0.197417987859808,0.0,0.0,0.0,0.0,0.0,0.0,1.0,0.0,0.0,0.0,0.0,0.0,0.0,0.0,1.0,J.Brissett,5.0,T.McBride,5.0,,,,,,-24
ARI,SEA,2,ARI,SEA,SEA,35.0,3.0,no_play,0.0,0,0,0,,,,,1.56030395178823,0.0,0.0,0.0,1.0,0.0,0.0,0.0,0.0,0.0,0.0,0.0,0.0,0.0,0.0,0.0,,,,,,,,SEA,8.0,-24
ARI,SEA,2,,,,,,no_play,0.0,0,0,0,,,,,0.0,0.0,0.0,0.0,0.0,0.0,0.0,0.0,0.0,0.0,0.0,0.0,0.0,0.0,0.0,0.0,,,,,,,,,,-24
ARI,SEA,2,ARI,SEA,SEA,27.0,1.0,run,8.0,0,0,0,,,,,0.500489374506287,0.0,0.0,0.0,0.0,0.0,1.0,0.0,0.0,0.0,0.0,0.0,0.0,0.0,0.0,0.0,,,,,J.Love,8.0,,,,-24
ARI,SEA,2,ARI,SEA,SEA,19.0,2.0,run,9.0,0,0,0,,,,,0.398195899499115,0.0,0.0,0.0,0.0,0.0,1.0,0.0,0.0,0.0,0.0,0.0,0.0,0.0,0.0,0.0,,,,,J.Love,9.0,,,,-24
ARI,SEA,2,ARI,SEA,SEA,10.0,1.0,run,1.0,0,0,0,,,,,-0.49912703334121,0.0,0.0,0.0,0.0,0.0,1.0,0.0,0.0,0.0,0.0,0.0,0.0,0.0,0.0,0.0,,,,,J.Love,1.0,,,,-24
ARI,SEA,2,ARI,SEA,SEA,9.0,2.0,pass,0.0,0,0,0,,,,,-0.790855157363694,0.0,0.0,0.0,0.0,0.0,0.0,1.0,0.0,0.0,0.0,0.0,0.0,0.0,0.0,0.0,J.Brissett,,T.McBride,,,,,,,-24
ARI,SEA,2,ARI,SEA,SEA,9.0,3.0,run,7.0,0,0,1,,,,,-0.772654672968201,0.0,0.0,0.0,0.0,0.0,1.0,0.0,0.0,0.0,0.0,0.0,0.0,0.0,0.0,0.0,,,,,J.Brissett,7.0,,,,-24
ARI,SEA,2,ARI,SEA,,,,,,0,0,0,,,,,0.0,,,,,,,,,,,,,,,,,,,,,,,,,-24
ARI,SEA,2,ARI,SEA,SEA,2.0,4.0,pass,2.0,0,0,0,,,,ARI,3.71365097619128,0.0,1.0,0.0,0.0,0.0,0.0,1.0,0.0,1.0,1.0,0.0,0.0,0.0,0.0,1.0,J.Brissett,2.0,T.McBride,2.0,,,,,,-24
ARI,SEA,2,ARI,SEA,SEA,15.0,,extra_point,0.0,0,0,0,,good,,,0.0685713509799278,0.0,0.0,0.0,0.0,0.0,0.0,0.0,0.0,0.0,0.0,0.0,1.0,0.0,0.0,0.0,,,,,,,,,,-24
ARI,SEA,2,SEA,ARI,ARI,35.0,,kickoff,0.0,0,0,0,,,,,0.0164977989625186,0.0,0.0,0.0,0.0,0.0,0.0,0.0,0.0,0.0,0.0,0.0,0.0,0.0,1.0,0.0,,,,,,,,,,-24
ARI,SEA,2,SEA,ARI,SEA,74.0,1.0,pass,23.0,0,0,0,,,,,1.49949257588014,0.0,0.0,0.0,0.0,0.0,0.0,1.0,0.0,0.0,0.0,0.0,0.0,0.0,0.0,1.0,D.Lock,23.0,R.Shaheed,23.0,,,,,,-24
ARI,SEA,2,SEA,ARI,SEA,51.0,1.0,pass,4.0,0,0,0,,,,,-0.130908065708354,0.0,0.0,0.0,0.0,0.0,0.0,1.0,0.0,0.0,0.0,0.0,0.0,0.0,0.0,1.0,D.Lock,4.0,R.Shaheed,4.0,,,,,,-24
ARI,SEA,2,SEA,ARI,ARI,47.0,2.0,run,0.0,0,0,0,,,,,-5.18525700387545,0.0,0.0,0.0,0.0,1.0,1.0,0.0,0.0,0.0,0.0,0.0,0.0,0.0,0.0,0.0,,,,,J.Price,0.0,J.Price,,,-24
ARI,SEA,2,ARI,SEA,ARI,53.0,1.0,pass,9.0,0,0,0,,,,,0.718514482025057,0.0,0.0,0.0,0.0,0.0,0.0,1.0,0.0,0.0,0.0,0.0,0.0,0.0,0.0,1.0,J.Brissett,9.0,J.Love,9.0,,,,,,-24
ARI,SEA,2,ARI,SEA,SEA,44.0,2.0,run,-3.0,0,0,0,,,,,-1.3846655235393,0.0,0.0,0.0,0.0,0.0,1.0,0.0,0.0,0.0,0.0,0.0,0.0,0.0,0.0,0.0,,,,,J.Love,-3.0,,,,-24
ARI,SEA,2,ARI,SEA,SEA,47.0,3.0,pass,0.0,0,0,0,,,,,-1.73384170245845,0.0,0.0,0.0,0.0,0.0,0.0,1.0,0.0,0.0,0.0,0.0,0.0,0.0,0.0,0.0,J.Brissett,,K.Bourne,,,,,,,-24
ARI,SEA,2,ARI,SEA,SEA,47.0,4.0,punt,0.0,0,0,0,,,,,-0.92688193381764,0.0,0.0,0.0,0.0,0.0,0.0,0.0,0.0,0.0,0.0,0.0,0.0,0.0,0.0,0.0,,,,,,,,,,-24
ARI,SEA,2,SEA,ARI,SEA,84.0,1.0,run,11.0,0,0,0,,,,,0.681148771662265,0.0,0.0,0.0,0.0,0.0,1.0,0.0,0.0,0.0,0.0,0.0,0.0,0.0,0.0,0.0,,,,,J.Price,11.0,,,,-24
ARI,SEA,2,SEA,ARI,SEA,73.0,1.0,pass,8.0,0,0,0,,,,,0.530166474170983,0.0,0.0,0.0,0.0,0.0,0.0,1.0,0.0,0.0,0.0,0.0,0.0,0.0,0.0,1.0,D.Lock,8.0,A.Barner,8.0,,,,,,-24
ARI,SEA,2,SEA,ARI,SEA,65.0,2.0,run,4.0,0,0,0,,,,,0.21728609665297,0.0,0.0,0.0,0.0,0.0,1.0,0.0,0.0,0.0,0.0,0.0,0.0,0.0,0.0,0.0,,,,,E.Wilson,4.0,,,,-24
ARI,SEA,2,SEA,ARI,SEA,61.0,1.0,run,5.0,0,0,0,,,,,0.0723719710949808,0.0,0.0,0.0,0.0,0.0,1.0,0.0,0.0,0.0,0.0,0.0,0.0,0.0,0.0,0.0,,,,,E.Wilson,5.0,,,,-24
ARI,SEA,2,SEA,ARI,SEA,56.0,2.0,run,10.0,0,0,0,,,,,0.869619298377074,0.0,0.0,0.0,0.0,0.0,1.0,0.0,0.0,0.0,0.0,0.0,0.0,0.0,0.0,0.0,,,,,E.Wilson,10.0,,,,-24
ARI,SEA,2,SEA,ARI,ARI,46.0,1.0,pass,4.0,0,0,0,,,,,-0.172870907816105,0.0,0.0,0.0,0.0,0.0,0.0,1.0,0.0,0.0,0.0,0.0,0.0,0.0,0.0,1.0,D.Lock,4.0,C.Kupp,4.0,,,,,,-24
ARI,SEA,2,SEA,ARI,ARI,42.0,2.0,run,-1.0,0,0,0,,,,,-0.797433449886739,0.0,0.0,0.0,0.0,0.0,1.0,0.0,0.0,0.0,0.0,0.0,0.0,0.0,0.0,0.0,,,,,J.Price,-1.0,,,,-24
ARI,SEA,2,SEA,ARI,ARI,43.0,3.0,no_play,0.0,0,0,0,,,,,-0.772133487742394,0.0,0.0,0.0,1.0,0.0,0.0,0.0,0.0,0.0,0.0,0.0,0.0,0.0,0.0,0.0,,,,,,,,SEA,5.0,-24
ARI,SEA,2,SEA,ARI,ARI,48.0,3.0,pass,0.0,0,0,0,,,,,-1.44898171210662,0.0,0.0,0.0,0.0,0.0,0.0,1.0,0.0,0.0,0.0,0.0,0.0,0.0,0.0,0.0,D.Lock,,R.Shaheed,,,,,,,-24
ARI,SEA,2,SEA,ARI,ARI,48.0,4.0,punt,0.0,0,0,0,,,,,0.326772933127359,0.0,0.0,0.0,1.0,0.0,0.0,0.0,0.0,0.0,0.0,0.0,0.0,0.0,0.0,0.0,,,,,,,,ARI,3.0,-24
ARI,SEA,2,ARI,SEA,ARI,97.0,1.0,run,5.0,0,0,0,,,,,-0.22639877628535,0.0,0.0,0.0,0.0,0.0,1.0,0.0,0.0,0.0,0.0,0.0,0.0,0.0,0.0,0.0,,,,,T.Allgeier,5.0,,,,-24
ARI,SEA,2,ARI,SEA,ARI,92.0,2.0,run,3.0,0,0,0,,,,,-0.026974462904036,0.0,0.0,0.0,0.0,0.0,1.0,0.0,0.0,0.0,0.0,0.0,0.0,0.0,0.0,0.0,,,,,J.Love,3.0,,,,-24
ARI,SEA,2,ARI,SEA,ARI,89.0,3.0,pass,0.0,0,0,0,,,,,-1.25514208106324,0.0,0.0,0.0,0.0,0.0,0.0,1.0,0.0,0.0,0.0,0.0,0.0,0.0,0.0,0.0,J.Brissett,,T.McBride,,,,,,,-24
ARI,SEA,2,ARI,SEA,ARI,89.0,4.0,punt,0.0,0,0,0,,,,,-2.33695597137557,0.0,0.0,0.0,1.0,0.0,0.0,0.0,0.0,0.0,0.0,0.0,0.0,0.0,0.0,0.0,,,,,,,,ARI,15.0,-24
ARI,SEA,2,SEA,ARI,ARI,31.0,1.0,pass,10.0,0,0,0,,,,,0.599977759353351,0.0,0.0,0.0,0.0,0.0,0.0,1.0,0.0,0.0,0.0,0.0,0.0,0.0,0.0,1.0,D.Lock,10.0,J.Smith-Njigba,10.0,,,,,,-24
ARI,SEA,2,SEA,ARI,ARI,21.0,1.0,run,2.0,0,0,0,,,,,-0.511197624844499,0.0,0.0,0.0,0.0,0.0,1.0,0.0,0.0,0.0,0.0,0.0,0.0,0.0,0.0,0.0,,,,,J.Price,2.0,,,,-24
ARI,SEA,2,SEA,ARI,ARI,19.0,2.0,run,6.0,0,0,0,,,,,0.552249799307901,0.0,0.0,0.0,0.0,0.0,1.0,0.0,0.0,0.0,0.0,0.0,0.0,0.0,0.0,0.0,,,,,J.Price,6.0,,,,-24
ARI,SEA,2,SEA,ARI,ARI,13.0,3.0,pass,7.0,0,0,0,,,,,0.866296377935214,1.0,0.0,0.0,0.0,0.0,0.0,1.0,0.0,0.0,0.0,0.0,0.0,0.0,0.0,1.0,D.Lock,7.0,J.Smith-Njigba,7.0,,,,,,-24
ARI,SEA,2,,,,,,no_play,0.0,0,0,0,,,,,0.0,0.0,0.0,0.0,0.0,0.0,0.0,0.0,0.0,0.0,0.0,0.0,0.0,0.0,0.0,0.0,,,,,,,,,,-24
ARI,SEA,2,SEA,ARI,ARI,6.0,1.0,run,2.0,0,0,0,,,,,-0.0559905968548264,0.0,0.0,0.0,0.0,0.0,1.0,0.0,0.0,0.0,0.0,0.0,0.0,0.0,0.0,0.0,,,,,J.Price,2.0,,,,-24
ARI,SEA,2,SEA,ARI,ARI,4.0,2.0,run,2.0,0,0,0,,,,,-0.370918362546945,0.0,0.0,0.0,0.0,0.0,1.0,0.0,0.0,0.0,0.0,0.0,0.0,0.0,0.0,0.0,,,,,E.Wilson,2.0,,,,-24
ARI,SEA,2,SEA,ARI,ARI,2.0,3.0,run,1.0,0,0,0,,,,,-0.295216353173601,0.0,0.0,0.0,0.0,0.0,1.0,0.0,0.0,0.0,0.0,0.0,0.0,0.0,0.0,0.0,,,,,E.Wilson,1.0,,,,-24
ARI,SEA,2,,,,,,no_play,0.0,0,0,0,,,,,0.0,0.0,0.0,0.0,0.0,0.0,0.0,0.0,0.0,0.0,0.0,0.0,0.0,0.0,0.0,0.0,,,,,,,,,,-24
ARI,SEA,2,SEA,ARI,ARI,1.0,4.0,run,-1.0,0,0,0,,,,,-4.87789007020183,0.0,0.0,0.0,0.0,0.0,1.0,0.0,0.0,0.0,0.0,0.0,0.0,0.0,0.0,0.0,,,,,E.Wilson,-1.0,,,,-24
ARI,SEA,2,ARI,SEA,ARI,98.0,1.0,pass,4.0,0,0,0,,,,,-0.0717202245723456,0.0,0.0,0.0,0.0,0.0,0.0,1.0,0.0,0.0,0.0,0.0,0.0,0.0,0.0,1.0,J.Brissett,4.0,T.McBride,4.0,,,,,,-24
ARI,SEA,2,,,,,,no_play,0.0,0,0,0,,,,,0.0,0.0,0.0,0.0,0.0,0.0,0.0,0.0,0.0,0.0,0.0,0.0,0.0,0.0,0.0,0.0,,,,,,,,,,-24
ARI,SEA,2,ARI,SEA,ARI,94.0,2.0,pass,0.0,0,0,0,,,,,-0.2550798021839,0.0,0.0,0.0,0.0,0.0,0.0,1.0,0.0,0.0,0.0,0.0,0.0,0.0,0.0,0.0,J.Brissett,,M.Harrison,,,,,,,-24
ARI,SEA,2,ARI,SEA,ARI,94.0,3.0,pass,9.0,0,0,0,,,,,0.680185149249155,1.0,0.0,0.0,0.0,0.0,0.0,1.0,0.0,0.0,0.0,0.0,0.0,0.0,0.0,1.0,J.Brissett,9.0,Mi.Wilson,9.0,,,,,,-24
ARI,SEA,2,ARI,SEA,ARI,85.0,1.0,no_play,0.0,0,0,0,,,,,0.290069534559734,0.0,0.0,0.0,1.0,0.0,0.0,0.0,0.0,0.0,0.0,0.0,0.0,0.0,0.0,0.0,,,,,,,,SEA,13.0,-24
ARI,SEA,2,ARI,SEA,ARI,72.0,1.0,pass,1.0,0,0,0,,,,,-0.227226848015562,0.0,0.0,0.0,0.0,0.0,0.0,1.0,0.0,0.0,0.0,0.0,0.0,0.0,0.0,1.0,J.Brissett,1.0,T.McBride,1.0,,,,,,-24
ARI,SEA,2,ARI,SEA,ARI,71.0,2.0,pass,5.0,0,0,0,,,,,-0.0526925203157589,0.0,0.0,0.0,0.0,0.0,0.0,1.0,0.0,0.0,0.0,0.0,0.0,0.0,0.0,1.0,J.Brissett,5.0,T.Allgeier,5.0,,,,,,-24
ARI,SEA,2,ARI,SEA,ARI,66.0,3.0,pass,0.0,0,0,0,,,,,-0.508637637482025,0.0,0.0,0.0,0.0,0.0,0.0,1.0,0.0,0.0,0.0,0.0,0.0,0.0,0.0,0.0,J.Brissett,,,,,,,,,-24
ARI,SEA,2,ARI,SEA,ARI,66.0,4.0,punt,0.0,0,0,0,,,,,-0.218599945888855,0.0,0.0,0.0,0.0,0.0,0.0,0.0,0.0,0.0,0.0,0.0,0.0,0.0,0.0,0.0,,,,,,,,,,-24
ARI,SEA,2,SEA,ARI,SEA,74.0,1.0,pass,0.0,0,0,0,,,,,-0.119444573938381,0.0,0.0,0.0,0.0,0.0,0.0,1.0,0.0,0.0,0.0,0.0,0.0,0.0,0.0,0.0,D.Lock,,R.Shaheed,,,,,,,-24
ARI,SEA,2,SEA,ARI,SEA,74.0,2.0,pass,16.0,0,0,0,,,,,0.410031879495364,0.0,0.0,0.0,0.0,0.0,0.0,1.0,0.0,0.0,0.0,0.0,0.0,0.0,0.0,1.0,D.Lock,16.0,C.Kupp,16.0,,,,,,-24
ARI,SEA,2,SEA,ARI,SEA,58.0,1.0,pass,0.0,0,0,0,,,,,-0.102560596831609,0.0,0.0,0.0,0.0,0.0,0.0,1.0,0.0,0.0,0.0,0.0,0.0,0.0,0.0,0.0,D.Lock,,J.Smith-Njigba,,,,,,,-24
ARI,SEA,2,SEA,ARI,SEA,58.0,2.0,pass,0.0,0,0,0,,,,,-0.213225446117576,0.0,0.0,0.0,0.0,0.0,0.0,1.0,0.0,0.0,0.0,0.0,0.0,0.0,0.0,0.0,D.Lock,,J.Smith-Njigba,,,,,,,-24
ARI,SEA,2,SEA,ARI,SEA,58.0,3.0,pass,9.0,0,0,0,,,,,0.0755941632669419,0.0,0.0,0.0,0.0,0.0,0.0,1.0,0.0,0.0,0.0,0.0,0.0,0.0,0.0,1.0,D.Lock,9.0,J.Smith-Njigba,9.0,,,,,,-24
ARI,SEA,2,,,,,,no_play,0.0,0,0,0,,,,,0.0,0.0,0.0,0.0,0.0,0.0,0.0,0.0,0.0,0.0,0.0,0.0,0.0,0.0,0.0,0.0,,,,,,,,,,-24
ARI,SEA,2,SEA,ARI,ARI,49.0,4.0,pass,-16.0,0,0,0,,,,,-0.355995918507688,0.0,0.0,0.0,0.0,0.0,0.0,1.0,1.0,0.0,0.0,0.0,0.0,0.0,0.0,0.0,D.Lock,,,,,,,,,-24
ARI,SEA,2,,,,,,,,0,0,0,,,,,,,,,,,,,,,,,,,,,,,,,,,,,,-24
ARI,SEA,2,SEA,ARI,ARI,35.0,,kickoff,0.0,0,0,0,,,,,2.5632652308559,0.0,0.0,0.0,0.0,0.0,0.0,0.0,0.0,0.0,0.0,0.0,0.0,0.0,1.0,0.0,,,,,,,R.Shaheed,,,-24
ARI,SEA,2,SEA,ARI,ARI,37.0,1.0,no_play,0.0,0,0,0,,,,,0.570763143245131,0.0,0.0,0.0,1.0,0.0,0.0,0.0,0.0,0.0,0.0,0.0,0.0,0.0,0.0,0.0,,,,,,,,ARI,5.0,-24
ARI,SEA,2,SEA,ARI,ARI,32.0,1.0,run,25.0,0,0,0,,,,,1.44388011097908,0.0,0.0,0.0,0.0,0.0,1.0,0.0,0.0,0.0,0.0,0.0,0.0,0.0,0.0,0.0,,,,,J.Price,25.0,,,,-24
ARI,SEA,2,SEA,ARI,ARI,7.0,1.0,run,2.0,0,0,0,,,,,-0.0785304411547259,0.0,0.0,0.0,0.0,0.0,1.0,0.0,0.0,0.0,0.0,0.0,0.0,0.0,0.0,0.0,,,,,E.Wilson,2.0,,,,-24
ARI,SEA,2,SEA,ARI,ARI,5.0,2.0,run,-2.0,0,0,0,,,,,-1.21376771864016,0.0,0.0,0.0,0.0,0.0,1.0,0.0,0.0,0.0,0.0,0.0,0.0,0.0,0.0,0.0,,,,,J.Price,-2.0,,,,-24
ARI,SEA,2,SEA,ARI,ARI,7.0,3.0,pass,7.0,0,0,0,,,,SEA,2.78370192355942,1.0,0.0,0.0,0.0,0.0,0.0,1.0,0.0,1.0,1.0,0.0,0.0,0.0,0.0,1.0,D.Lock,7.0,J.Smith-Njigba,7.0,,,,,,-24
ARI,SEA,2,SEA,ARI,ARI,15.0,,extra_point,0.0,0,0,0,,good,,,0.0685713509799278,0.0,0.0,0.0,0.0,0.0,0.0,0.0,0.0,0.0,0.0,0.0,1.0,0.0,0.0,0.0,,,,,,,,,,-24
ARI,SEA,2,ARI,SEA,SEA,35.0,,kickoff,0.0,0,0,0,,,,,-0.435134468134493,0.0,0.0,0.0,0.0,0.0,0.0,0.0,0.0,0.0,0.0,0.0,0.0,0.0,1.0,0.0,,,,,,,,,,-24
ARI,SEA,2,ARI,SEA,ARI,80.0,1.0,pass,0.0,0,0,0,,,,,-0.593772292602807,0.0,0.0,0.0,0.0,0.0,0.0,1.0,0.0,0.0,0.0,0.0,0.0,0.0,0.0,0.0,J.Brissett,,Mi.Wilson,,,,,,,-24
ARI,SEA,2,ARI,SEA,ARI,80.0,2.0,pass,3.0,0,0,0,,,,,-0.644709903746843,0.0,0.0,0.0,0.0,0.0,0.0,1.0,0.0,0.0,0.0,0.0,0.0,0.0,0.0,1.0,J.Brissett,3.0,K.Bourne,3.0,,,,,,-24
ARI,SEA,2,ARI,SEA,ARI,77.0,3.0,pass,0.0,0,0,0,,,,,-2.83856027200818,0.0,0.0,1.0,0.0,0.0,0.0,1.0,0.0,0.0,0.0,0.0,0.0,0.0,0.0,0.0,J.Brissett,,Mi.Wilson,,,,,,,-24
ARI,SEA,2,SEA,ARI,ARI,44.0,1.0,pass,17.0,0,0,0,,,,,1.36316828615963,0.0,0.0,0.0,0.0,0.0,0.0,1.0,0.0,0.0,0.0,0.0,0.0,0.0,0.0,1.0,D.Lock,17.0,E.Arroyo,17.0,,,,,,-24
ARI,SEA,2,SEA,ARI,ARI,27.0,1.0,run,3.0,0,0,0,,,,,-0.148122904705815,0.0,0.0,0.0,0.0,0.0,1.0,0.0,0.0,0.0,0.0,0.0,0.0,0.0,0.0,0.0,,,,,J.Price,3.0,,,,-24
ARI,SEA,2,SEA,ARI,ARI,24.0,2.0,pass,0.0,0,0,0,,,,,-0.585989855113439,0.0,0.0,0.0,0.0,0.0,0.0,1.0,0.0,0.0,0.0,0.0,0.0,0.0,0.0,0.0,D.Lock,,J.Price,,,,,,,-24
ARI,SEA,2,SEA,ARI,ARI,24.0,3.0,pass,9.0,0,0,0,,,,,1.5124325864017,1.0,0.0,0.0,0.0,0.0,0.0,1.0,0.0,0.0,0.0,0.0,0.0,0.0,0.0,1.0,D.Lock,9.0,J.Smith-Njigba,9.0,,,,,,-24
ARI,SEA,2,SEA,ARI,ARI,15.0,1.0,no_play,,0,0,0,,,,,0.0024729533470235,,,,,,,,,,,,,,,,,,,,,,,,,-24
ARI,SEA,2,SEA,ARI,ARI,15.0,1.0,pass,2.0,0,0,0,,,,,-0.404104145476595,0.0,0.0,0.0,0.0,0.0,0.0,1.0,0.0,0.0,0.0,0.0,0.0,0.0,0.0,1.0,D.Lock,2.0,G.Holani,2.0,,,,,,-24
ARI,SEA,2,SEA,ARI,ARI,13.0,2.0,pass,-10.0,0,0,0,,,,,-1.63183920487063,0.0,0.0,0.0,0.0,0.0,0.0,1.0,0.0,0.0,0.0,0.0,0.0,0.0,0.0,1.0,D.Lock,-10.0,E.Saubert,-10.0,,,,,,-24
ARI,SEA,2,SEA,ARI,ARI,23.0,3.0,pass,8.0,0,0,0,,,,,-0.322265188609287,0.0,0.0,0.0,0.0,0.0,0.0,1.0,0.0,0.0,0.0,0.0,0.0,0.0,0.0,1.0,D.Lock,8.0,R.Shaheed,8.0,,,,,,-24
ARI,SEA,2,SEA,ARI,ARI,15.0,4.0,field_goal,0.0,0,0,0,made,,,,0.254828510623462,0.0,0.0,0.0,0.0,0.0,0.0,0.0,0.0,0.0,0.0,0.0,0.0,0.0,0.0,0.0,,,,,,,,,,-24
ARI,SEA,2,ARI,SEA,SEA,35.0,,kickoff,0.0,0,0,0,,,,,0.103707596193999,0.0,0.0,0.0,0.0,0.0,0.0,0.0,0.0,0.0,0.0,0.0,0.0,0.0,1.0,0.0,,,,,,,,,,-24
ARI,SEA,2,ARI,SEA,ARI,73.0,1.0,run,3.0,0,0,0,,,,,-0.289986668620259,0.0,0.0,0.0,0.0,0.0,1.0,0.0,0.0,0.0,0.0,0.0,0.0,0.0,0.0,0.0,,,,,J.Love,3.0,,,,-24
ARI,SEA,2,ARI,SEA,ARI,70.0,2.0,pass,0.0,0,0,0,,,,,-0.780879105441272,0.0,0.0,0.0,0.0,0.0,0.0,1.0,0.0,0.0,0.0,0.0,0.0,0.0,0.0,1.0,J.Brissett,0.0,J.Love,0.0,,,,,,-24
ARI,SEA,2,ARI,SEA,ARI,70.0,3.0,pass,8.0,0,0,0,,,,,1.71996756829321,1.0,0.0,0.0,0.0,0.0,0.0,1.0,0.0,0.0,0.0,0.0,0.0,0.0,0.0,1.0,J.Brissett,8.0,T.McBride,8.0,,,,,,-24
ARI,SEA,2,ARI,SEA,ARI,62.0,1.0,run,1.0,0,0,0,,,,,-0.473001834237948,0.0,0.0,0.0,0.0,0.0,1.0,0.0,0.0,0.0,0.0,0.0,0.0,0.0,0.0,0.0,,,,,T.Allgeier,1.0,,,,-24
ARI,SEA,2,ARI,SEA,ARI,61.0,2.0,pass,4.0,0,0,0,,,,,-0.353316988795996,0.0,0.0,0.0,0.0,0.0,0.0,1.0,0.0,0.0,0.0,0.0,0.0,0.0,0.0,1.0,J.Brissett,4.0,T.Allgeier,4.0,,,,,,-24
ARI,SEA,2,ARI,SEA,ARI,57.0,3.0,pass,0.0,0,0,0,,,,,-1.67329241265543,0.0,0.0,0.0,0.0,0.0,0.0,1.0,0.0,0.0,0.0,0.0,0.0,0.0,0.0,0.0,J.Brissett,,Mi.Wilson,,,,,,,-24
ARI,SEA,2,ARI,SEA,ARI,57.0,4.0,punt,0.0,0,0,0,,,,,-0.418639507610351,0.0,0.0,0.0,0.0,0.0,0.0,0.0,0.0,0.0,0.0,0.0,0.0,0.0,0.0,0.0,,,,,,,,,,-24
ARI,SEA,2,SEA,ARI,SEA,80.0,1.0,run,4.0,0,0,0,,,,,-0.207187560852617,0.0,0.0,0.0,0.0,0.0,1.0,0.0,0.0,0.0,0.0,0.0,0.0,0.0,0.0,0.0,,,,,J.Price,4.0,,,,-24
ARI,SEA,2,SEA,ARI,SEA,76.0,2.0,pass,8.0,0,0,0,,,,,1.09203299926594,0.0,0.0,0.0,0.0,0.0,0.0,1.0,0.0,0.0,0.0,0.0,0.0,0.0,0.0,1.0,D.Lock,8.0,J.Price,8.0,,,,,,-24
ARI,SEA,2,SEA,ARI,SEA,68.0,1.0,run,3.0,0,0,0,,,,,-0.43182789394632,0.0,0.0,0.0,0.0,0.0,1.0,0.0,0.0,0.0,0.0,0.0,0.0,0.0,0.0,0.0,,,,,E.Wilson,3.0,,,,-24
ARI,SEA,2,SEA,ARI,SEA,65.0,2.0,pass,15.0,0,0,0,,,,,1.55602310737595,0.0,0.0,0.0,0.0,0.0,0.0,1.0,0.0,0.0,0.0,0.0,0.0,0.0,0.0,1.0,D.Lock,15.0,J.Smith-Njigba,15.0,,,,,,-24
ARI,SEA,2,SEA,ARI,50,50.0,1.0,run,8.0,0,0,0,,,,,0.476423718617298,0.0,0.0,0.0,0.0,0.0,1.0,0.0,0.0,0.0,0.0,0.0,0.0,0.0,0.0,0.0,,,,,E.Wilson,8.0,,,,-24
ARI,SEA,2,SEA,ARI,,,,,,0,0,0,,,,,0.0,,,,,,,,,,,,,,,,,,,,,,,,,-24
ARI,SEA,2,SEA,ARI,ARI,42.0,2.0,run,5.0,0,0,0,,,,,0.3883508752333,0.0,0.0,0.0,0.0,0.0,1.0,0.0,0.0,0.0,0.0,0.0,0.0,0.0,0.0,0.0,,,,,E.Wilson,5.0,,,,-24
ARI,SEA,2,SEA,ARI,ARI,37.0,1.0,run,5.0,0,0,0,,,,,0.165335080120713,0.0,0.0,0.0,0.0,0.0,1.0,0.0,0.0,0.0,0.0,0.0,0.0,0.0,0.0,0.0,,,,,E.Wilson,5.0,,,,-24
ARI,SEA,2,SEA,ARI,ARI,32.0,2.0,no_play,0.0,0,0,0,,,,,1.24562534096185,0.0,0.0,0.0,1.0,0.0,0.0,0.0,0.0,0.0,0.0,0.0,0.0,0.0,0.0,0.0,,,,,,,,ARI,16.0,-24
ARI,SEA,2,SEA,ARI,ARI,16.0,1.0,pass,0.0,0,0,0,,,,,-0.474854191590566,0.0,0.0,0.0,0.0,0.0,0.0,1.0,0.0,0.0,0.0,0.0,0.0,0.0,0.0,0.0,D.Lock,,E.Wilson,,,,,,,-24
ARI,SEA,2,SEA,ARI,ARI,16.0,2.0,run,4.0,0,0,0,,,,,-0.402099287020974,0.0,0.0,0.0,0.0,0.0,1.0,0.0,0.0,0.0,0.0,0.0,0.0,0.0,0.0,0.0,,,,,R.Shaheed,4.0,,,,-24
ARI,SEA,2,SEA,ARI,ARI,12.0,3.0,pass,12.0,0,0,0,,,,SEA,2.95203493844019,1.0,0.0,0.0,0.0,0.0,0.0,1.0,0.0,1.0,1.0,0.0,0.0,0.0,0.0,1.0,D.Lock,12.0,J.Smith-Njigba,12.0,,,,,,-24
ARI,SEA,2,SEA,ARI,ARI,15.0,,extra_point,0.0,0,0,0,,good,,,0.0685713509799278,0.0,0.0,0.0,0.0,0.0,0.0,0.0,0.0,0.0,0.0,0.0,1.0,0.0,0.0,0.0,,,,,,,,,,-24
ARI,SEA,2,ARI,SEA,SEA,35.0,,kickoff,0.0,0,0,0,,,,,0.481550656491891,0.0,0.0,0.0,0.0,0.0,0.0,0.0,0.0,0.0,0.0,0.0,0.0,0.0,1.0,0.0,,,,,,,,,,-24
ARI,SEA,2,ARI,SEA,ARI,65.0,1.0,pass,8.0,0,0,0,,,,,0.652500788681209,0.0,0.0,0.0,0.0,0.0,0.0,1.0,0.0,0.0,0.0,0.0,0.0,0.0,0.0,1.0,J.Brissett,8.0,K.Bourne,8.0,,,,,,-24
ARI,SEA,2,ARI,SEA,ARI,57.0,2.0,pass,0.0,0,0,0,,,,,-0.771230736048892,0.0,0.0,0.0,0.0,0.0,0.0,1.0,0.0,0.0,0.0,0.0,0.0,0.0,0.0,0.0,J.Brissett,,Mi.Wilson,,,,,,,-24
ARI,SEA,2,ARI,SEA,ARI,57.0,3.0,pass,-7.0,0,0,0,,,,,-2.5489709097892,0.0,0.0,0.0,0.0,0.0,0.0,1.0,1.0,0.0,0.0,0.0,0.0,0.0,0.0,0.0,J.Brissett,,,,,,,,,-24
ARI,SEA,2,ARI,SEA,ARI,64.0,4.0,punt,0.0,0,0,0,,,,,-0.688480186741799,0.0,0.0,0.0,0.0,0.0,0.0,0.0,0.0,0.0,0.0,0.0,0.0,0.0,0.0,0.0,,,,,,,,,,-24
ARI,SEA,2,SEA,ARI,SEA,70.0,1.0,run,18.0,0,0,0,,,,,1.16655999282375,0.0,0.0,0.0,0.0,0.0,1.0,0.0,0.0,0.0,0.0,0.0,0.0,0.0,0.0,0.0,,,,,E.Wilson,18.0,,,,-24
ARI,SEA,2,SEA,ARI,SEA,52.0,1.0,run,3.0,0,0,0,,,,,-0.305430785985664,0.0,0.0,0.0,0.0,0.0,1.0,0.0,0.0,0.0,0.0,0.0,0.0,0.0,0.0,0.0,,,,,E.Wilson,3.0,,,,-24
ARI,SEA,2,SEA,ARI,ARI,49.0,2.0,run,5.0,0,0,0,,,,,0.117638903902844,0.0,0.0,0.0,0.0,0.0,1.0,0.0,0.0,0.0,0.0,0.0,0.0,0.0,0.0,0.0,,,,,G.Holani,5.0,,,,-24
ARI,SEA,2,SEA,ARI,ARI,44.0,3.0,pass,4.0,0,0,0,,,,,0.940809632767923,1.0,0.0,0.0,0.0,0.0,0.0,1.0,0.0,0.0,0.0,0.0,0.0,0.0,0.0,1.0,D.Lock,4.0,J.Smith-Njigba,4.0,,,,,,-24
ARI,SEA,2,SEA,ARI,ARI,40.0,1.0,run,0.0,0,0,0,,,,,-0.422122201533057,0.0,0.0,0.0,0.0,0.0,1.0,0.0,0.0,0.0,0.0,0.0,0.0,0.0,0.0,0.0,,,,,E.Wilson,0.0,,,,-24
ARI,SEA,2,SEA,ARI,ARI,40.0,2.0,no_play,,0,0,0,,,,,0.0160673568025231,,,,,,,,,,,,,,,,,,,,,,,,,-24
ARI,SEA,2,SEA,ARI,ARI,40.0,2.0,run,2.0,0,0,0,,,,,-0.723084110766649,0.0,0.0,0.0,0.0,0.0,1.0,0.0,0.0,0.0,0.0,0.0,0.0,0.0,0.0,0.0,,,,,E.Wilson,2.0,,,,-24
ARI,SEA,2,SEA,ARI,ARI,38.0,3.0,run,9.0,0,0,0,,,,,1.88788698374992,1.0,0.0,0.0,0.0,0.0,1.0,0.0,0.0,0.0,0.0,0.0,0.0,0.0,0.0,0.0,,,,,E.Wilson,9.0,,,,-24
ARI,SEA,2,SEA,ARI,ARI,29.0,1.0,run,7.0,0,0,0,,,,,0.405225847673137,0.0,0.0,0.0,0.0,0.0,1.0,0.0,0.0,0.0,0.0,0.0,0.0,0.0,0.0,0.0,,,,,E.Wilson,7.0,,,,-24
ARI,SEA,2,SEA,ARI,ARI,22.0,2.0,run,7.0,0,0,0,,,,,0.392124809906818,0.0,0.0,0.0,0.0,0.0,1.0,0.0,0.0,0.0,0.0,0.0,0.0,0.0,0.0,0.0,,,,,E.Wilson,7.0,,,,-24
ARI,SEA,2,,,,,,no_play,0.0,0,0,0,,,,,0.0,0.0,0.0,0.0,0.0,0.0,0.0,0.0,0.0,0.0,0.0,0.0,0.0,0.0,0.0,0.0,,,,,,,,,,-24
ARI,SEA,2,SEA,ARI,ARI,15.0,1.0,run,1.0,0,0,0,,,,,-0.501846795028541,0.0,0.0,0.0,0.0,0.0,1.0,0.0,0.0,0.0,0.0,0.0,0.0,0.0,0.0,0.0,,,,,E.Wilson,1.0,,,,-24
ARI,SEA,2,SEA,ARI,ARI,14.0,2.0,run,1.0,0,0,0,,,,,-0.709329778328538,0.0,0.0,0.0,0.0,0.0,1.0,0.0,0.0,0.0,0.0,0.0,0.0,0.0,0.0,0.0,,,,,E.Wilson,1.0,,,,-24
ARI,SEA,2,SEA,ARI,ARI,13.0,3.0,run,6.0,0,0,0,,,,,2.38460002964712,0.0,0.0,0.0,1.0,0.0,1.0,0.0,0.0,0.0,0.0,0.0,0.0,0.0,0.0,0.0,,,,,G.Holani,6.0,,ARI,4.0,-24
ARI,SEA,2,SEA,ARI,ARI,3.0,1.0,run,2.0,0,0,0,,,,,0.0686667716072407,0.0,0.0,0.0,0.0,0.0,1.0,0.0,0.0,0.0,0.0,0.0,0.0,0.0,0.0,0.0,,,,,G.Holani,2.0,,,,-24
ARI,SEA,2,SEA,ARI,ARI,1.0,2.0,run,0.0,0,0,0,,,,,-0.396259214205202,0.0,0.0,0.0,0.0,0.0,1.0,0.0,0.0,0.0,0.0,0.0,0.0,0.0,0.0,0.0,,,,,G.Holani,0.0,,,,-24
ARI,SEA,2,SEA,ARI,ARI,1.0,3.0,run,0.0,0,0,0,,,,,-1.2219343718607,0.0,0.0,0.0,0.0,0.0,1.0,0.0,0.0,0.0,0.0,0.0,0.0,0.0,0.0,0.0,,,,,E.Wilson,0.0,,,,-24
ARI,SEA,2,,,,,,no_play,0.0,0,0,0,,,,,0.0,0.0,0.0,0.0,0.0,0.0,0.0,0.0,0.0,0.0,0.0,0.0,0.0,0.0,0.0,0.0,,,,,,,,,,-24
ARI,SEA,2,SEA,ARI,ARI,1.0,4.0,run,1.0,0,0,0,,,,SEA,2.46090677328175,0.0,1.0,0.0,0.0,0.0,1.0,0.0,0.0,1.0,0.0,1.0,0.0,0.0,0.0,0.0,,,,,A.Barner,1.0,,,,-24
ARI,SEA,2,SEA,ARI,ARI,15.0,,extra_point,0.0,0,0,0,,good,,,0.0685713509799278,0.0,0.0,0.0,0.0,0.0,0.0,0.0,0.0,0.0,0.0,0.0,1.0,0.0,0.0,0.0,,,,,,,,,,-24
ARI,SEA,2,ARI,SEA,SEA,35.0,,kickoff,0.0,0,0,0,,,,,0.237728740554303,0.0,0.0,0.0,0.0,0.0,0.0,0.0,0.0,0.0,0.0,0.0,0.0,0.0,1.0,0.0,,,,,,,,,,-24
ARI,SEA,2,ARI,SEA,ARI,65.0,1.0,run,18.0,0,0,0,,,,,0.674992196611129,0.0,0.0,0.0,0.0,0.0,1.0,0.0,0.0,0.0,0.0,0.0,0.0,0.0,0.0,0.0,,,,,Z.Knight,18.0,,,,-24
ARI,SEA,2,ARI,SEA,SEA,47.0,1.0,run,6.0,0,0,0,,,,,-1.80070321809035,0.0,0.0,0.0,0.0,0.0,1.0,0.0,0.0,0.0,0.0,0.0,0.0,0.0,0.0,0.0,,,,,Z.Knight,6.0,,,,-24
ARI,SEA,2,ARI,SEA,,,,,,0,0,0,,,,,,,,,,,,,,,,,,,,,,,,,,,,,,-24
DAL,WAS,2,,,,,,,,0,0,0,,,,,0.0,,,,,,,,,,,,,,,,,,,,,,,,,17
DAL,WAS,2,DAL,WAS,WAS,35.0,,kickoff,0.0,0,0,0,,,,,0.537459294311702,0.0,0.0,0.0,0.0,0.0,0.0,0.0,0.0,0.0,0.0,0.0,0.0,0.0,1.0,0.0,,,,,,,,,,17
DAL,WAS,2,DAL,WAS,DAL,66.0,1.0,pass,8.0,0,0,0,,,,,0.558376804692671,0.0,0.0,0.0,0.0,0.0,0.0,1.0,0.0,0.0,0.0,0.0,0.0,0.0,0.0,1.0,D.Prescott,8.0,J.Williams,8.0,,,,,,17
DAL,WAS,2,DAL,WAS,DAL,58.0,2.0,run,0.0,0,0,0,,,,,-0.782268602168188,0.0,0.0,0.0,0.0,0.0,1.0,0.0,0.0,0.0,0.0,0.0,0.0,0.0,0.0,0.0,,,,,J.Williams,0.0,,,,17
DAL,WAS,2,DAL,WAS,DAL,58.0,3.0,pass,4.0,0,0,0,,,,,1.05895629897714,1.0,0.0,0.0,0.0,0.0,0.0,1.0,0.0,0.0,0.0,0.0,0.0,0.0,0.0,1.0,D.Prescott,4.0,G.Pickens,4.0,,,,,,17
DAL,WAS,2,DAL,WAS,DAL,54.0,1.0,pass,0.0,0,0,0,,,,,-0.528364889323711,0.0,0.0,0.0,0.0,0.0,0.0,1.0,0.0,0.0,0.0,0.0,0.0,0.0,0.0,0.0,D.Prescott,,G.Pickens,,,,,,,17
DAL,WAS,2,DAL,WAS,DAL,54.0,2.0,pass,15.0,0,0,0,,,,,1.32327719498426,0.0,0.0,0.0,0.0,0.0,0.0,1.0,0.0,0.0,0.0,0.0,0.0,0.0,0.0,1.0,D.Prescott,15.0,C.Lamb,15.0,,,,,,17
DAL,WAS,2,DAL,WAS,WAS,39.0,1.0,pass,23.0,0,0,0,,,,,1.47379621741129,0.0,0.0,0.0,0.0,0.0,0.0,1.0,0.0,0.0,0.0,0.0,0.0,0.0,0.0,1.0,D.Prescott,23.0,C.Lamb,23.0,,,,,,17
DAL,WAS,2,DAL,WAS,WAS,16.0,1.0,run,2.0,0,0,0,,,,,-0.340168983617332,0.0,0.0,0.0,0.0,0.0,1.0,0.0,0.0,0.0,0.0,0.0,0.0,0.0,0.0,0.0,,,,,J.Williams,2.0,,,,17
DAL,WAS,2,DAL,WAS,WAS,14.0,2.0,run,11.0,0,0,1,,,,,1.42008332756814,0.0,0.0,0.0,0.0,0.0,1.0,0.0,0.0,0.0,0.0,0.0,0.0,0.0,0.0,0.0,,,,,D.Prescott,11.0,,,,17
DAL,WAS,2,DAL,WAS,WAS,3.0,1.0,run,0.0,0,0,0,,,,,-0.388840279076248,0.0,0.0,0.0,0.0,0.0,1.0,0.0,0.0,0.0,0.0,0.0,0.0,0.0,0.0,0.0,,,,,J.Williams,0.0,,,,17
DAL,WAS,2,DAL,WAS,WAS,3.0,2.0,pass,3.0,0,0,0,,,,DAL,1.07470007555094,0.0,0.0,0.0,0.0,0.0,0.0,1.0,0.0,1.0,1.0,0.0,0.0,0.0,0.0,1.0,D.Prescott,3.0,C.Lamb,3.0,,,,,,17
DAL,WAS,2,DAL,WAS,WAS,15.0,,extra_point,0.0,0,0,0,,good,,,0.0685713509799278,0.0,0.0,0.0,0.0,0.0,0.0,0.0,0.0,0.0,0.0,0.0,1.0,0.0,0.0,0.0,,,,,,,,,,17
DAL,WAS,2,WAS,DAL,DAL,35.0,,kickoff,0.0,0,0,0,,,,,-0.476859366986901,0.0,0.0,0.0,0.0,0.0,0.0,0.0,0.0,0.0,0.0,0.0,0.0,0.0,1.0,0.0,,,,,,,,,,17
DAL,WAS,2,WAS,DAL,WAS,81.0,1.0,pass,6.0,0,0,0,,,,,0.327493563294411,0.0,0.0,0.0,0.0,0.0,0.0,1.0,0.0,0.0,0.0,0.0,0.0,0.0,0.0,1.0,J.Daniels,6.0,B.Sinnott,6.0,,,,,,17
DAL,WAS,2,WAS,DAL,WAS,75.0,2.0,run,-1.0,0,0,0,,,,,-1.23501405492425,0.0,0.0,0.0,0.0,0.0,1.0,0.0,0.0,0.0,0.0,0.0,0.0,0.0,0.0,0.0,,,,,J.Croskey-Merritt,-1.0,,,,17
DAL,WAS,2,WAS,DAL,WAS,76.0,3.0,pass,2.0,0,0,0,,,,,-1.1247179354541,0.0,0.0,0.0,0.0,0.0,0.0,1.0,0.0,0.0,0.0,0.0,0.0,0.0,0.0,1.0,J.Daniels,2.0,R.White,2.0,,,,,,17
DAL,WAS,2,WAS,DAL,WAS,74.0,4.0,punt,0.0,0,0,0,,,,,-0.769513978855684,0.0,0.0,0.0,0.0,0.0,0.0,0.0,0.0,0.0,0.0,0.0,0.0,0.0,0.0,0.0,,,,,,,,,,17
DAL,WAS,2,DAL,WAS,DAL,64.0,1.0,pass,38.0,0,0,0,,,,,2.40163886896335,0.0,0.0,0.0,0.0,0.0,0.0,1.0,0.0,0.0,0.0,0.0,0.0,0.0,0.0,1.0,D.Prescott,38.0,C.Lamb,38.0,,,,,,17
DAL,WAS,2,DAL,WAS,WAS,26.0,1.0,run,5.0,0,0,0,,,,,0.0496303961845115,0.0,0.0,0.0,0.0,0.0,1.0,0.0,0.0,0.0,0.0,0.0,0.0,0.0,0.0,0.0,,,,,J.Williams,5.0,,,,17
DAL,WAS,2,DAL,WAS,WAS,21.0,2.0,pass,0.0,0,0,0,,,,,-0.636318411095999,0.0,0.0,0.0,0.0,0.0,0.0,1.0,0.0,0.0,0.0,0.0,0.0,0.0,0.0,0.0,D.Prescott,,R.Flournoy,,,,,,,17
DAL,WAS,2,DAL,WAS,WAS,21.0,3.0,pass,10.0,0,0,0,,,,,1.31138385576196,1.0,0.0,0.0,0.0,0.0,0.0,1.0,0.0,0.0,0.0,0.0,0.0,0.0,0.0,1.0,D.Prescott,10.0,C.Lamb,10.0,,,,,,17
DAL,WAS,2,DAL,WAS,WAS,11.0,1.0,run,0.0,0,0,0,,,,,-0.469882390927523,0.0,0.0,0.0,0.0,0.0,1.0,0.0,0.0,0.0,0.0,0.0,0.0,0.0,0.0,0.0,,,,,J.Williams,0.0,,,,17
DAL,WAS,2,DAL,WAS,WAS,11.0,2.0,pass,0.0,0,0,0,,,,,-0.785294304136187,0.0,0.0,0.0,0.0,0.0,0.0,1.0,0.0,0.0,0.0,0.0,0.0,0.0,0.0,0.0,D.Prescott,,J.Williams,,,,,,,17
DAL,WAS,2,DAL,WAS,WAS,11.0,3.0,no_play,0.0,0,0,0,,,,,0.454753104771953,0.0,0.0,0.0,1.0,0.0,0.0,0.0,0.0,0.0,0.0,0.0,0.0,0.0,0.0,0.0,,,,,,,,WAS,5.0,17
DAL,WAS,2,,,,,,no_play,0.0,0,0,0,,,,,0.0,0.0,0.0,0.0,0.0,0.0,0.0,0.0,0.0,0.0,0.0,0.0,0.0,0.0,0.0,0.0,,,,,,,,,,17
DAL,WAS,2,DAL,WAS,WAS,6.0,3.0,pass,0.0,0,0,0,,,,,-1.66641553908355,0.0,0.0,0.0,0.0,0.0,0.0,1.0,0.0,0.0,0.0,0.0,0.0,0.0,0.0,1.0,D.Prescott,0.0,G.Pickens,0.0,,,,,,17
DAL,WAS,2,DAL,WAS,WAS,6.0,4.0,field_goal,0.0,0,0,0,made,,,,0.0775960770342601,0.0,0.0,0.0,0.0,0.0,0.0,0.0,0.0,0.0,0.0,0.0,0.0,0.0,0.0,0.0,,,,,,,,,,17
DAL,WAS,2,WAS,DAL,DAL,35.0,,kickoff,0.0,0,0,0,,,,,-0.498860497493297,0.0,0.0,0.0,0.0,0.0,0.0,0.0,0.0,0.0,0.0,0.0,0.0,0.0,1.0,0.0,,,,,,,,,,17
DAL,WAS,2,WAS,DAL,WAS,82.0,1.0,pass,5.0,0,0,0,,,,,-0.028810620540753,0.0,0.0,0.0,0.0,0.0,0.0,1.0,0.0,0.0,0.0,0.0,0.0,0.0,0.0,1.0,J.Daniels,5.0,J.Croskey-Merritt,5.0,,,,,,17
DAL,WAS,2,WAS,DAL,WAS,77.0,2.0,run,7.0,0,0,1,,,,,0.817850719438866,0.0,0.0,0.0,0.0,0.0,1.0,0.0,0.0,0.0,0.0,0.0,0.0,0.0,0.0,0.0,,,,,J.Daniels,7.0,,,,17
DAL,WAS,2,WAS,DAL,WAS,70.0,1.0,run,0.0,0,0,0,,,,,-0.523762544151396,0.0,0.0,0.0,0.0,0.0,1.0,0.0,0.0,0.0,0.0,0.0,0.0,0.0,0.0,0.0,,,,,J.Croskey-Merritt,0.0,,,,17
DAL,WAS,2,WAS,DAL,WAS,70.0,2.0,no_play,0.0,0,0,0,,,,,-1.06453298521228,0.0,0.0,0.0,1.0,0.0,0.0,0.0,0.0,0.0,0.0,0.0,0.0,0.0,0.0,0.0,,,,,,,,WAS,9.0,17
DAL,WAS,2,WAS,DAL,WAS,79.0,2.0,pass,1.0,0,0,0,,,,,-0.776118980254978,0.0,0.0,0.0,0.0,0.0,0.0,1.0,0.0,0.0,0.0,0.0,0.0,0.0,0.0,1.0,J.Daniels,1.0,D.Brown,1.0,,,,,,17
DAL,WAS,2,WAS,DAL,WAS,78.0,3.0,pass,24.0,0,0,0,,,,,3.49928884510882,1.0,0.0,0.0,0.0,0.0,0.0,1.0,0.0,0.0,0.0,0.0,0.0,0.0,0.0,1.0,J.Daniels,24.0,T.McLaurin,24.0,,,,,,17
DAL,WAS,2,WAS,DAL,WAS,54.0,1.0,pass,14.0,0,0,0,,,,,0.835508469026536,0.0,0.0,0.0,0.0,0.0,0.0,1.0,0.0,0.0,0.0,0.0,0.0,0.0,0.0,1.0,J.Daniels,14.0,C.Yankoff,14.0,,,,,,17
DAL,WAS,2,WAS,DAL,DAL,40.0,1.0,run,2.0,0,0,0,,,,,-0.522376813925803,0.0,0.0,0.0,0.0,0.0,1.0,0.0,0.0,0.0,0.0,0.0,0.0,0.0,0.0,0.0,,,,,J.Croskey-Merritt,2.0,,,,17
DAL,WAS,2,WAS,DAL,DAL,38.0,2.0,run,6.0,0,0,0,,,,,0.711846580146812,0.0,0.0,0.0,0.0,0.0,1.0,0.0,0.0,0.0,0.0,0.0,0.0,0.0,0.0,0.0,,,,,J.Croskey-Merritt,6.0,,,,17
DAL,WAS,2,,,,,,no_play,0.0,0,0,0,,,,,0.0,0.0,0.0,0.0,0.0,0.0,0.0,0.0,0.0,0.0,0.0,0.0,0.0,0.0,0.0,0.0,,,,,,,,,,17
DAL,WAS,2,WAS,DAL,DAL,32.0,3.0,run,18.0,0,0,1,,,,,1.66155104723293,1.0,0.0,0.0,0.0,0.0,1.0,0.0,0.0,0.0,0.0,0.0,0.0,0.0,0.0,0.0,,,,,J.Daniels,18.0,,,,17
DAL,WAS,2,WAS,DAL,,,,,,0,0,0,,,,,0.0,,,,,,,,,,,,,,,,,,,,,,,,,17
DAL,WAS,2,WAS,DAL,DAL,14.0,1.0,run,5.0,0,0,0,,,,,-0.0329841161728837,0.0,0.0,0.0,0.0,0.0,1.0,0.0,0.0,0.0,0.0,0.0,0.0,0.0,0.0,0.0,,,,,J.Croskey-Merritt,5.0,,,,17
DAL,WAS,2,WAS,DAL,DAL,9.0,2.0,run,0.0,0,0,0,,,,,-2.17400149075547,0.0,0.0,0.0,0.0,0.0,1.0,0.0,0.0,0.0,0.0,0.0,0.0,0.0,0.0,0.0,,,,,J.Daniels,0.0,J.Daniels,,,17
DAL,WAS,2,WAS,DAL,DAL,22.0,3.0,pass,13.0,0,0,0,,,,,-0.16864219753119,0.0,0.0,0.0,0.0,0.0,0.0,1.0,0.0,0.0,0.0,0.0,0.0,0.0,0.0,1.0,J.Daniels,13.0,R.White,13.0,,,,,,17
DAL,WAS,2,WAS,DAL,DAL,9.0,4.0,field_goal,0.0,0,0,0,made,,,,0.124968355666388,0.0,0.0,0.0,0.0,0.0,0.0,0.0,0.0,0.0,0.0,0.0,0.0,0.0,0.0,0.0,,,,,,,,,,17
DAL,WAS,2,DAL,WAS,WAS,35.0,,kickoff,0.0,0,0,0,,,,,0.501630608225241,0.0,0.0,0.0,0.0,0.0,0.0,0.0,0.0,0.0,0.0,0.0,0.0,0.0,1.0,0.0,,,,,,,,,,17
DAL,WAS,2,DAL,WAS,DAL,65.0,1.0,pass,12.0,0,0,0,,,,,0.759432724444196,0.0,0.0,0.0,0.0,0.0,0.0,1.0,0.0,0.0,0.0,0.0,0.0,0.0,0.0,1.0,D.Prescott,12.0,G.Pickens,12.0,,,,,,17
DAL,WAS,2,DAL,WAS,DAL,53.0,1.0,pass,6.0,0,0,0,,,,,0.150390461902134,0.0,0.0,0.0,0.0,0.0,0.0,1.0,0.0,0.0,0.0,0.0,0.0,0.0,0.0,1.0,D.Prescott,6.0,R.Flournoy,6.0,,,,,,17
DAL,WAS,2,DAL,WAS,WAS,47.0,2.0,pass,10.0,0,0,0,,,,,0.778934681438841,0.0,0.0,0.0,0.0,0.0,0.0,1.0,0.0,0.0,0.0,0.0,0.0,0.0,0.0,1.0,D.Prescott,10.0,R.Flournoy,10.0,,,,,,17
DAL,WAS,2,DAL,WAS,WAS,37.0,1.0,pass,2.0,0,0,0,,,,,-0.426393179572187,0.0,0.0,0.0,0.0,0.0,0.0,1.0,0.0,0.0,0.0,0.0,0.0,0.0,0.0,1.0,D.Prescott,2.0,R.Flournoy,2.0,,,,,,17
DAL,WAS,2,DAL,WAS,WAS,35.0,2.0,run,7.0,0,0,0,,,,,0.600268848065753,0.0,0.0,0.0,0.0,0.0,1.0,0.0,0.0,0.0,0.0,0.0,0.0,0.0,0.0,0.0,,,,,E.Demercado,7.0,,,,17
DAL,WAS,2,DAL,WAS,WAS,28.0,3.0,pass,9.0,0,0,0,,,,,1.31530744524207,1.0,0.0,0.0,1.0,0.0,0.0,1.0,0.0,0.0,0.0,0.0,0.0,0.0,0.0,1.0,D.Prescott,9.0,G.Pickens,9.0,,,,WAS,9.0,17
DAL,WAS,2,DAL,WAS,WAS,10.0,1.0,pass,10.0,0,0,0,,,,DAL,1.87420381809352,0.0,0.0,0.0,0.0,0.0,0.0,1.0,0.0,1.0,1.0,0.0,0.0,0.0,0.0,1.0,D.Prescott,10.0,J.Ferguson,10.0,,,,,,17
DAL,WAS,2,DAL,WAS,WAS,15.0,,extra_point,0.0,0,0,0,,good,,,0.0685713509799278,0.0,0.0,0.0,0.0,0.0,0.0,0.0,0.0,0.0,0.0,0.0,1.0,0.0,0.0,0.0,,,,,,,,,,17
DAL,WAS,2,WAS,DAL,DAL,35.0,,kickoff,0.0,0,0,0,,,,,0.388882978120819,0.0,0.0,0.0,0.0,0.0,0.0,0.0,0.0,0.0,0.0,0.0,0.0,0.0,1.0,0.0,,,,,,,,,,17
DAL,WAS,2,WAS,DAL,WAS,66.0,1.0,run,4.0,0,0,0,,,,,-0.111042393604293,0.0,0.0,0.0,0.0,0.0,1.0,0.0,0.0,0.0,0.0,0.0,0.0,0.0,0.0,0.0,,,,,J.Croskey-Merritt,4.0,,,,17
DAL,WAS,2,WAS,DAL,WAS,62.0,2.0,run,20.0,0,0,1,,,,,1.5788369642105,0.0,0.0,0.0,0.0,0.0,1.0,0.0,0.0,0.0,0.0,0.0,0.0,0.0,0.0,0.0,,,,,J.Daniels,20.0,,,,17
DAL,WAS,2,WAS,DAL,DAL,42.0,1.0,run,8.0,0,0,0,,,,,0.455555498134345,0.0,0.0,0.0,0.0,0.0,1.0,0.0,0.0,0.0,0.0,0.0,0.0,0.0,0.0,0.0,,,,,R.White,8.0,,,,17
DAL,WAS,2,WAS,DAL,DAL,34.0,2.0,pass,0.0,0,0,0,,,,,-0.610934787895531,0.0,0.0,0.0,0.0,0.0,0.0,1.0,0.0,0.0,0.0,0.0,0.0,0.0,0.0,0.0,J.Daniels,,T.McLaurin,,,,,,,17
DAL,WAS,2,WAS,DAL,DAL,34.0,3.0,run,7.0,0,0,0,,,,,1.07627173198853,1.0,0.0,0.0,0.0,0.0,1.0,0.0,0.0,0.0,0.0,0.0,0.0,0.0,0.0,0.0,,,,,R.White,7.0,,,,17
DAL,WAS,2,WAS,DAL,DAL,27.0,1.0,run,14.0,0,0,0,,,,,1.42109015508322,0.0,0.0,0.0,1.0,0.0,1.0,0.0,0.0,0.0,0.0,0.0,0.0,0.0,0.0,0.0,,,,,R.White,14.0,,DAL,7.0,17
DAL,WAS,2,WAS,DAL,DAL,6.0,1.0,run,2.0,0,0,0,,,,,-0.151466315204743,0.0,0.0,0.0,0.0,0.0,1.0,0.0,0.0,0.0,0.0,0.0,0.0,0.0,0.0,0.0,,,,,R.White,2.0,,,,17
DAL,WAS,2,WAS,DAL,DAL,4.0,2.0,pass,4.0,0,0,0,,,,WAS,1.48081639618613,0.0,0.0,0.0,0.0,0.0,0.0,1.0,0.0,1.0,1.0,0.0,0.0,0.0,0.0,1.0,J.Daniels,4.0,S.Diggs,4.0,,,,,,17
DAL,WAS,2,WAS,DAL,DAL,15.0,,extra_point,0.0,0,0,0,,good,,,0.0685713509799278,0.0,0.0,0.0,0.0,0.0,0.0,0.0,0.0,0.0,0.0,0.0,1.0,0.0,0.0,0.0,,,,,,,,,,17
DAL,WAS,2,DAL,WAS,WAS,35.0,,kickoff,0.0,0,0,0,,,,,0.593314780620858,0.0,0.0,0.0,0.0,0.0,0.0,0.0,0.0,0.0,0.0,0.0,0.0,0.0,1.0,0.0,,,,,,,,,,17
DAL,WAS,2,DAL,WAS,DAL,65.0,1.0,pass,-9.0,0,0,0,,,,,-1.56817466719076,0.0,0.0,0.0,0.0,0.0,0.0,1.0,1.0,0.0,0.0,0.0,0.0,0.0,0.0,0.0,D.Prescott,,,,,,,,,17
DAL,WAS,2,DAL,WAS,DAL,74.0,2.0,pass,5.0,0,0,0,,,,,-0.331021955469623,0.0,0.0,0.0,0.0,0.0,0.0,1.0,0.0,0.0,0.0,0.0,0.0,0.0,0.0,1.0,D.Prescott,5.0,C.Lamb,5.0,,,,,,17
DAL,WAS,2,DAL,WAS,DAL,69.0,3.0,pass,0.0,0,0,0,,,,,-0.899786460213363,0.0,0.0,0.0,0.0,0.0,0.0,1.0,0.0,0.0,0.0,0.0,0.0,0.0,0.0,0.0,D.Prescott,,G.Pickens,,,,,,,17
DAL,WAS,2,DAL,WAS,DAL,69.0,4.0,punt,0.0,0,0,0,,,,,-0.695138603681698,0.0,0.0,0.0,0.0,0.0,0.0,0.0,0.0,0.0,0.0,0.0,0.0,0.0,0.0,0.0,,,,,,,,,,17
DAL,WAS,2,WAS,DAL,WAS,65.0,1.0,pass,9.0,0,0,0,,,,,0.771042365464382,0.0,0.0,0.0,0.0,0.0,0.0,1.0,0.0,0.0,0.0,0.0,0.0,0.0,0.0,1.0,J.Daniels,9.0,R.White,9.0,,,,,,17
DAL,WAS,2,WAS,DAL,WAS,56.0,2.0,pass,0.0,0,0,0,,,,,-0.646116067306139,0.0,0.0,0.0,0.0,0.0,0.0,1.0,0.0,0.0,0.0,0.0,0.0,0.0,0.0,0.0,J.Daniels,,T.Burks,,,,,,,17
DAL,WAS,2,WAS,DAL,WAS,56.0,3.0,run,4.0,0,0,0,,,,,0.438263466930948,1.0,0.0,0.0,0.0,0.0,1.0,0.0,0.0,0.0,0.0,0.0,0.0,0.0,0.0,0.0,,,,,R.White,4.0,,,,17
DAL,WAS,2,WAS,DAL,WAS,52.0,1.0,run,1.0,0,0,0,,,,,-0.671166760032065,0.0,0.0,0.0,0.0,0.0,1.0,0.0,0.0,0.0,0.0,0.0,0.0,0.0,0.0,0.0,,,,,J.Croskey-Merritt,1.0,,,,17
DAL,WAS,2,WAS,DAL,WAS,51.0,2.0,run,9.0,0,0,1,,,,,1.05266962596215,0.0,0.0,0.0,0.0,0.0,1.0,0.0,0.0,0.0,0.0,0.0,0.0,0.0,0.0,0.0,,,,,J.Daniels,9.0,,,,17
DAL,WAS,2,WAS,DAL,DAL,42.0,1.0,pass,0.0,0,0,0,,,,,-0.315292361541651,0.0,0.0,0.0,0.0,0.0,0.0,1.0,0.0,0.0,0.0,0.0,0.0,0.0,0.0,0.0,J.Daniels,,T.McLaurin,,,,,,,17
DAL,WAS,2,WAS,DAL,DAL,42.0,2.0,run,4.0,0,0,0,,,,,-0.112033120240085,0.0,0.0,0.0,0.0,0.0,1.0,0.0,0.0,0.0,0.0,0.0,0.0,0.0,0.0,0.0,,,,,J.Croskey-Merritt,4.0,,,,17
DAL,WAS,2,WAS,DAL,DAL,38.0,3.0,pass,10.0,0,0,0,,,,,1.30823592317756,1.0,0.0,0.0,0.0,0.0,0.0,1.0,0.0,0.0,0.0,0.0,0.0,0.0,0.0,1.0,J.Daniels,10.0,S.Diggs,10.0,,,,,,17
DAL,WAS,2,WAS,DAL,DAL,28.0,1.0,run,14.0,0,0,1,,,,,1.02159360557562,0.0,0.0,0.0,0.0,0.0,1.0,0.0,0.0,0.0,0.0,0.0,0.0,0.0,0.0,0.0,,,,,J.Daniels,14.0,,,,17
DAL,WAS,2,,,,,,no_play,0.0,0,0,0,,,,,0.0,0.0,0.0,0.0,0.0,0.0,0.0,0.0,0.0,0.0,0.0,0.0,0.0,0.0,0.0,0.0,,,,,,,,,,17
DAL,WAS,2,WAS,DAL,DAL,14.0,1.0,run,1.0,0,0,1,,,,,-0.584930165787228,0.0,0.0,0.0,0.0,0.0,1.0,0.0,0.0,0.0,0.0,0.0,0.0,0.0,0.0,0.0,,,,,J.Daniels,1.0,,,,17
DAL,WAS,2,,,,,,no_play,0.0,0,0,0,,,,,0.0,0.0,0.0,0.0,0.0,0.0,0.0,0.0,0.0,0.0,0.0,0.0,0.0,0.0,0.0,0.0,,,,,,,,,,17
DAL,WAS,2,WAS,DAL,DAL,13.0,2.0,pass,8.0,0,0,0,,,,,0.581364693207433,0.0,0.0,0.0,0.0,0.0,0.0,1.0,0.0,0.0,0.0,0.0,0.0,0.0,0.0,1.0,J.Daniels,8.0,S.Diggs,8.0,,,,,,17
DAL,WAS,2,WAS,DAL,DAL,5.0,3.0,run,4.0,0,0,0,,,,,0.405032957933145,1.0,0.0,0.0,0.0,0.0,1.0,0.0,0.0,0.0,0.0,0.0,0.0,0.0,0.0,0.0,,,,,R.White,4.0,,,,17
DAL,WAS,2,,,,,,no_play,0.0,0,0,0,,,,,0.0,0.0,0.0,0.0,0.0,0.0,0.0,0.0,0.0,0.0,0.0,0.0,0.0,0.0,0.0,0.0,,,,,,,,,,17
DAL,WAS,2,,,,,,no_play,0.0,0,0,0,,,,,0.0,0.0,0.0,0.0,0.0,0.0,0.0,0.0,0.0,0.0,0.0,0.0,0.0,0.0,0.0,0.0,,,,,,,,,,17
DAL,WAS,2,WAS,DAL,DAL,1.0,1.0,pass,0.0,0,0,0,,,,,-0.374390404904261,0.0,0.0,0.0,0.0,0.0,0.0,1.0,0.0,0.0,0.0,0.0,0.0,0.0,0.0,0.0,J.Daniels,,T.McLaurin,,,,,,,17
DAL,WAS,2,,,,,,no_play,0.0,0,0,0,,,,,0.0,0.0,0.0,0.0,0.0,0.0,0.0,0.0,0.0,0.0,0.0,0.0,0.0,0.0,0.0,0.0,,,,,,,,,,17
DAL,WAS,2,WAS,DAL,DAL,1.0,2.0,pass,0.0,0,0,0,,,,,-0.884981575014535,0.0,0.0,0.0,0.0,0.0,0.0,1.0,0.0,0.0,0.0,0.0,0.0,0.0,0.0,0.0,J.Daniels,,D.Brown,,,,,,,17
DAL,WAS,2,WAS,DAL,DAL,1.0,3.0,pass,0.0,0,0,0,,,,,-3.69438152085058,0.0,0.0,0.0,0.0,0.0,0.0,1.0,0.0,0.0,0.0,0.0,0.0,0.0,0.0,0.0,J.Daniels,,,,,,,,,17
DAL,WAS,2,,,,,,,,0,0,0,,,,,,,,,,,,,,,,,,,,,,,,,,,,,,17
DAL,WAS,2,WAS,DAL,DAL,35.0,,kickoff,0.0,0,0,0,,,,,0.779295391403139,0.0,0.0,0.0,1.0,0.0,0.0,0.0,0.0,0.0,0.0,0.0,0.0,0.0,1.0,0.0,,,,,,,,DAL,0.0,17
DAL,WAS,2,WAS,DAL,WAS,60.0,1.0,run,4.0,0,0,0,,,,,0.0751798481214792,0.0,0.0,0.0,0.0,0.0,1.0,0.0,0.0,0.0,0.0,0.0,0.0,0.0,0.0,0.0,,,,,J.Croskey-Merritt,4.0,,,,17
DAL,WAS,2,WAS,DAL,WAS,56.0,2.0,pass,26.0,0,0,0,,,,,2.2520334700821,0.0,0.0,0.0,0.0,0.0,0.0,1.0,0.0,0.0,0.0,0.0,0.0,0.0,0.0,1.0,M.Mariota,26.0,T.McLaurin,26.0,,,,,,17
DAL,WAS,2,WAS,DAL,DAL,30.0,1.0,run,1.0,0,0,0,,,,,-0.523088355665095,0.0,0.0,0.0,0.0,0.0,1.0,0.0,0.0,0.0,0.0,0.0,0.0,0.0,0.0,0.0,,,,,J.Croskey-Merritt,1.0,,,,17
DAL,WAS,2,WAS,DAL,DAL,29.0,2.0,pass,0.0,0,0,0,,,,,-0.625290891155601,0.0,0.0,0.0,0.0,0.0,0.0,1.0,0.0,0.0,0.0,0.0,0.0,0.0,0.0,0.0,M.Mariota,,D.Brown,,,,,,,17
DAL,WAS,2,WAS,DAL,DAL,29.0,3.0,pass,0.0,0,0,0,,,,,-0.907678326732653,0.0,0.0,0.0,0.0,0.0,0.0,1.0,0.0,0.0,0.0,0.0,0.0,0.0,0.0,0.0,M.Mariota,,S.Diggs,,,,,,,17
DAL,WAS,2,WAS,DAL,DAL,29.0,4.0,field_goal,0.0,0,0,0,made,,,,1.01886111279129,0.0,0.0,0.0,0.0,0.0,0.0,0.0,0.0,0.0,0.0,0.0,0.0,0.0,0.0,0.0,,,,,,,,,,17
DAL,WAS,2,DAL,WAS,WAS,35.0,,kickoff,0.0,0,0,0,,,,,0.765294852200896,0.0,0.0,0.0,0.0,0.0,0.0,0.0,0.0,0.0,0.0,0.0,0.0,0.0,1.0,0.0,,,,,,,,,,17
DAL,WAS,2,DAL,WAS,DAL,64.0,1.0,run,-1.0,0,0,0,,,,,-1.16146912798285,0.0,0.0,0.0,0.0,0.0,1.0,0.0,0.0,0.0,0.0,0.0,0.0,0.0,0.0,0.0,,,,,J.Williams,-1.0,,,,17
DAL,WAS,2,DAL,WAS,DAL,65.0,2.0,pass,3.0,0,0,0,,,,,-0.382151199039072,0.0,0.0,0.0,0.0,0.0,0.0,1.0,0.0,0.0,0.0,0.0,0.0,0.0,0.0,1.0,D.Prescott,3.0,G.Pickens,3.0,,,,,,17
DAL,WAS,2,DAL,WAS,DAL,62.0,3.0,pass,14.0,0,0,0,,,,,2.09994290955365,1.0,0.0,0.0,0.0,0.0,0.0,1.0,0.0,0.0,0.0,0.0,0.0,0.0,0.0,1.0,D.Prescott,14.0,J.Ferguson,14.0,,,,,,17
DAL,WAS,2,DAL,WAS,WAS,48.0,1.0,run,7.0,0,0,0,,,,,0.32322167372331,0.0,0.0,0.0,0.0,0.0,1.0,0.0,0.0,0.0,0.0,0.0,0.0,0.0,0.0,0.0,,,,,J.Williams,7.0,,,,17
DAL,WAS,2,DAL,WAS,WAS,41.0,2.0,pass,12.0,0,0,0,,,,,0.825018520234153,0.0,0.0,0.0,0.0,0.0,0.0,1.0,0.0,0.0,0.0,0.0,0.0,0.0,0.0,1.0,D.Prescott,12.0,G.Pickens,12.0,,,,,,17
DAL,WAS,2,DAL,WAS,WAS,29.0,1.0,pass,6.0,0,0,0,,,,,0.316780103137717,0.0,0.0,0.0,0.0,0.0,0.0,1.0,0.0,0.0,0.0,0.0,0.0,0.0,0.0,1.0,D.Prescott,6.0,J.Williams,6.0,,,,,,17
DAL,WAS,2,DAL,WAS,WAS,23.0,2.0,run,1.0,0,0,0,,,,,-0.512538636568934,0.0,0.0,0.0,0.0,0.0,1.0,0.0,0.0,0.0,0.0,0.0,0.0,0.0,0.0,0.0,,,,,E.Demercado,1.0,,,,17
DAL,WAS,2,DAL,WAS,WAS,22.0,3.0,pass,-4.0,0,0,0,,,,,-2.0891278502934,0.0,0.0,0.0,0.0,0.0,0.0,1.0,1.0,0.0,0.0,0.0,0.0,0.0,0.0,0.0,D.Prescott,,,,,,,,,17
DAL,WAS,2,DAL,WAS,WAS,26.0,4.0,field_goal,0.0,0,0,0,made,,,,0.953578600234572,0.0,0.0,0.0,0.0,0.0,0.0,0.0,0.0,0.0,0.0,0.0,0.0,0.0,0.0,0.0,,,,,,,,,,17
DAL,WAS,2,WAS,DAL,DAL,35.0,,kickoff,0.0,0,0,0,,,,,-0.181773118209094,0.0,0.0,0.0,0.0,0.0,0.0,0.0,0.0,0.0,0.0,0.0,0.0,0.0,1.0,0.0,,,,,,,,,,17
DAL,WAS,2,WAS,DAL,WAS,76.0,1.0,pass,-6.0,0,0,0,,,,,-5.88204267993569,0.0,0.0,0.0,0.0,1.0,0.0,1.0,0.0,0.0,0.0,0.0,0.0,0.0,0.0,1.0,M.Mariota,-6.0,D.Brown,-6.0,,,D.Brown,,,17
DAL,WAS,2,DAL,WAS,WAS,13.0,1.0,run,1.0,0,0,0,,,,,-0.480386554030702,0.0,0.0,0.0,0.0,0.0,1.0,0.0,0.0,0.0,0.0,0.0,0.0,0.0,0.0,0.0,,,,,K.Turpin,1.0,,,,17
DAL,WAS,2,DAL,WAS,WAS,12.0,2.0,pass,12.0,0,0,0,,,,DAL,2.18269709055312,0.0,0.0,0.0,0.0,0.0,0.0,1.0,0.0,1.0,1.0,0.0,0.0,0.0,0.0,1.0,D.Prescott,12.0,J.Ferguson,12.0,,,,,,17
DAL,WAS,2,DAL,WAS,WAS,15.0,,extra_point,0.0,0,0,0,,good,,,0.0685713509799278,0.0,0.0,0.0,0.0,0.0,0.0,0.0,0.0,0.0,0.0,0.0,1.0,0.0,0.0,0.0,,,,,,,,,,17
DAL,WAS,2,WAS,DAL,DAL,35.0,,kickoff,0.0,0,0,0,,,,,0.509968627011403,0.0,0.0,0.0,0.0,0.0,0.0,0.0,0.0,0.0,0.0,0.0,0.0,0.0,1.0,0.0,,,,,,,,,,17
DAL,WAS,2,WAS,DAL,WAS,65.0,1.0,pass,0.0,0,0,0,,,,,-0.565568441525102,0.0,0.0,0.0,0.0,0.0,0.0,1.0,0.0,0.0,0.0,0.0,0.0,0.0,0.0,0.0,M.Mariota,,T.McLaurin,,,,,,,17
DAL,WAS,2,WAS,DAL,WAS,65.0,2.0,no_play,0.0,0,0,0,,,,,0.912318845745176,0.0,0.0,0.0,1.0,0.0,0.0,0.0,0.0,0.0,0.0,0.0,0.0,0.0,0.0,0.0,,,,,,,,DAL,5.0,17
DAL,WAS,2,WAS,DAL,WAS,60.0,1.0,run,9.0,0,0,0,,,,,0.931076091481373,0.0,0.0,0.0,0.0,0.0,1.0,0.0,0.0,0.0,0.0,0.0,0.0,0.0,0.0,0.0,,,,,J.Croskey-Merritt,9.0,,,,17
DAL,WAS,2,WAS,DAL,WAS,51.0,2.0,run,3.0,0,0,1,,,,,-0.0667867003940046,0.0,0.0,0.0,0.0,0.0,1.0,0.0,0.0,0.0,0.0,0.0,0.0,0.0,0.0,0.0,,,,,M.Mariota,3.0,,,,17
DAL,WAS,2,WAS,DAL,DAL,48.0,1.0,run,8.0,0,0,0,,,,,0.626639641704969,0.0,0.0,0.0,0.0,0.0,1.0,0.0,0.0,0.0,0.0,0.0,0.0,0.0,0.0,0.0,,,,,J.Croskey-Merritt,8.0,,,,17
DAL,WAS,2,WAS,DAL,DAL,40.0,2.0,no_play,0.0,0,0,0,,,,,-0.819945681490935,0.0,0.0,0.0,1.0,0.0,0.0,0.0,0.0,0.0,0.0,0.0,0.0,0.0,0.0,0.0,,,,,,,,WAS,5.0,17
DAL,WAS,2,WAS,DAL,DAL,45.0,2.0,pass,18.0,0,0,0,,,,,1.8596619439777,0.0,0.0,0.0,0.0,0.0,0.0,1.0,0.0,0.0,0.0,0.0,0.0,0.0,0.0,1.0,M.Mariota,18.0,D.Brown,18.0,,,,,,17
DAL,WAS,2,WAS,DAL,DAL,27.0,1.0,run,4.0,0,0,0,,,,,-0.07887532946188,0.0,0.0,0.0,0.0,0.0,1.0,0.0,0.0,0.0,0.0,0.0,0.0,0.0,0.0,0.0,,,,,R.White,4.0,,,,17
DAL,WAS,2,WAS,DAL,DAL,23.0,2.0,pass,0.0,0,0,0,,,,,-0.581719929818064,0.0,0.0,0.0,0.0,0.0,0.0,1.0,0.0,0.0,0.0,0.0,0.0,0.0,0.0,0.0,A.Williams,,T.McLaurin,,,,,,,17
DAL,WAS,2,WAS,DAL,DAL,23.0,3.0,no_play,0.0,0,0,1,,,,,-1.42983558948617,0.0,0.0,0.0,1.0,0.0,0.0,0.0,0.0,0.0,0.0,0.0,0.0,0.0,0.0,0.0,,,,,,,,WAS,10.0,17
DAL,WAS,2,WAS,DAL,DAL,33.0,3.0,pass,0.0,0,0,0,,,,,-0.464697045225403,0.0,0.0,0.0,0.0,0.0,0.0,1.0,0.0,0.0,0.0,0.0,0.0,0.0,0.0,1.0,D.Brown,0.0,R.White,0.0,,,,,,17
DAL,WAS,2,WAS,DAL,DAL,33.0,4.0,field_goal,0.0,0,0,0,missed,,,,-4.14733075145843,0.0,0.0,0.0,0.0,0.0,0.0,0.0,0.0,0.0,0.0,0.0,0.0,0.0,0.0,0.0,,,,,,,,,,17
DAL,WAS,2,DAL,WAS,DAL,59.0,1.0,run,6.0,0,0,1,,,,,0.290564249968156,0.0,0.0,0.0,0.0,0.0,1.0,0.0,0.0,0.0,0.0,0.0,0.0,0.0,0.0,0.0,,,,,D.Prescott,6.0,,,,17
DAL,WAS,2,DAL,WAS,DAL,53.0,2.0,run,0.0,0,0,0,,,,,-0.914384981384501,0.0,0.0,0.0,0.0,0.0,1.0,0.0,0.0,0.0,0.0,0.0,0.0,0.0,0.0,0.0,,,,,E.Demercado,0.0,,,,17
DAL,WAS,2,DAL,WAS,DAL,53.0,3.0,pass,5.0,0,0,0,,,,,1.13590388954617,1.0,0.0,0.0,0.0,0.0,0.0,1.0,0.0,0.0,0.0,0.0,0.0,0.0,0.0,1.0,D.Prescott,5.0,R.Flournoy,5.0,,,,,,17
DAL,WAS,2,DAL,WAS,,,,,,0,0,0,,,,,0.0,,,,,,,,,,,,,,,,,,,,,,,,,17
DAL,WAS,2,DAL,WAS,WAS,48.0,1.0,pass,6.0,0,0,0,,,,,0.153309682500549,0.0,0.0,0.0,0.0,0.0,0.0,1.0,0.0,0.0,0.0,0.0,0.0,0.0,0.0,1.0,D.Prescott,6.0,J.Williams,6.0,,,,,,17
DAL,WAS,2,DAL,WAS,WAS,42.0,2.0,pass,0.0,0,0,0,,,,,-0.807367928209715,0.0,0.0,0.0,0.0,0.0,0.0,1.0,0.0,0.0,0.0,0.0,0.0,0.0,0.0,1.0,D.Prescott,0.0,R.Flournoy,0.0,,,,,,17
DAL,WAS,2,DAL,WAS,WAS,42.0,3.0,pass,0.0,0,0,0,,,,,-2.14061282622317,0.0,0.0,0.0,0.0,0.0,0.0,1.0,0.0,0.0,0.0,0.0,0.0,0.0,0.0,0.0,D.Prescott,,C.Lamb,,,,,,,17
DAL,WAS,2,DAL,WAS,WAS,42.0,4.0,field_goal,0.0,0,0,0,made,,,,2.73956643371532,0.0,0.0,0.0,0.0,0.0,0.0,0.0,0.0,0.0,0.0,0.0,0.0,0.0,0.0,0.0,,,,,,,,,,17
DAL,WAS,2,WAS,DAL,DAL,35.0,,kickoff,0.0,0,0,0,,,,,0.0815356462262571,0.0,0.0,0.0,0.0,0.0,0.0,0.0,0.0,0.0,0.0,0.0,0.0,0.0,1.0,0.0,,,,,,,,,,17
DAL,WAS,2,WAS,DAL,WAS,73.0,1.0,pass,0.0,0,0,0,,,,,-0.575792226940393,0.0,0.0,0.0,0.0,0.0,0.0,1.0,0.0,0.0,0.0,0.0,0.0,0.0,0.0,0.0,M.Mariota,,T.McLaurin,,,,,,,17
DAL,WAS,2,WAS,DAL,WAS,73.0,2.0,pass,9.0,0,0,0,,,,,0.78123455052264,0.0,0.0,0.0,0.0,0.0,0.0,1.0,0.0,0.0,0.0,0.0,0.0,0.0,0.0,1.0,M.Mariota,9.0,A.Williams,9.0,,,,,,17
DAL,WAS,2,WAS,DAL,WAS,64.0,3.0,pass,5.0,0,0,0,,,,,0.643505107378587,1.0,0.0,0.0,0.0,0.0,0.0,1.0,0.0,0.0,0.0,0.0,0.0,0.0,0.0,1.0,M.Mariota,5.0,S.Diggs,5.0,,,,,,17
DAL,WAS,2,WAS,DAL,WAS,59.0,1.0,pass,10.0,0,0,0,,,,,0.714846069342457,0.0,0.0,0.0,0.0,0.0,0.0,1.0,0.0,0.0,0.0,0.0,0.0,0.0,0.0,1.0,M.Mariota,10.0,A.Williams,10.0,,,,,,17
DAL,WAS,2,WAS,DAL,DAL,49.0,1.0,pass,6.0,0,0,0,,,,,0.144670100300573,0.0,0.0,0.0,0.0,0.0,0.0,1.0,0.0,0.0,0.0,0.0,0.0,0.0,0.0,1.0,M.Mariota,6.0,R.White,6.0,,,,,,17
DAL,WAS,2,WAS,DAL,DAL,43.0,2.0,pass,0.0,0,0,0,,,,,-0.832300045294687,0.0,0.0,0.0,0.0,0.0,0.0,1.0,0.0,0.0,0.0,0.0,0.0,0.0,0.0,0.0,M.Mariota,,T.McLaurin,,,,,,,17
DAL,WAS,2,WAS,DAL,DAL,43.0,3.0,pass,10.0,0,0,0,,,,,1.7688840177143,1.0,0.0,0.0,0.0,0.0,0.0,1.0,0.0,0.0,0.0,0.0,0.0,0.0,0.0,1.0,M.Mariota,10.0,R.White,10.0,,,,,,17
DAL,WAS,2,WAS,DAL,DAL,33.0,1.0,pass,5.0,0,0,0,,,,,0.165682694350835,0.0,0.0,0.0,0.0,0.0,0.0,1.0,0.0,0.0,0.0,0.0,0.0,0.0,0.0,1.0,M.Mariota,5.0,A.Williams,5.0,,,,,,17
DAL,WAS,2,WAS,DAL,DAL,28.0,2.0,pass,8.0,0,0,0,,,,,0.687255540338811,0.0,0.0,0.0,0.0,0.0,0.0,1.0,0.0,0.0,0.0,0.0,0.0,0.0,0.0,1.0,M.Mariota,8.0,D.Brown,8.0,,,,,,17
DAL,WAS,2,WAS,DAL,DAL,20.0,1.0,pass,20.0,0,0,0,,,,WAS,2.45012960210443,0.0,0.0,0.0,0.0,0.0,0.0,1.0,0.0,1.0,1.0,0.0,0.0,0.0,0.0,1.0,M.Mariota,20.0,S.Diggs,20.0,,,,,,17
DAL,WAS,2,WAS,DAL,DAL,15.0,,extra_point,0.0,0,0,0,,good,,,0.0685713509799278,0.0,0.0,0.0,0.0,0.0,0.0,0.0,0.0,0.0,0.0,0.0,1.0,0.0,0.0,0.0,,,,,,,,,,17
DAL,WAS,2,DAL,WAS,WAS,35.0,,kickoff,0.0,0,0,0,,,,,-0.566360106226057,0.0,0.0,0.0,1.0,0.0,0.0,0.0,0.0,0.0,0.0,0.0,0.0,0.0,1.0,0.0,,,,,,,,DAL,10.0,17
DAL,WAS,2,DAL,WAS,DAL,83.0,1.0,pass,7.0,0,0,0,,,,,0.315832737833262,0.0,0.0,0.0,0.0,0.0,0.0,1.0,0.0,0.0,0.0,0.0,0.0,0.0,0.0,1.0,D.Prescott,7.0,J.Ferguson,7.0,,,,,,17
DAL,WAS,2,DAL,WAS,DAL,76.0,2.0,run,2.0,0,0,0,,,,,0.0519503825344145,0.0,0.0,0.0,0.0,0.0,1.0,0.0,0.0,0.0,0.0,0.0,0.0,0.0,0.0,0.0,,,,,J.Williams,2.0,,,,17
DAL,WAS,2,DAL,WAS,DAL,74.0,3.0,run,3.0,0,0,0,,,,,0.357701344881207,1.0,0.0,0.0,0.0,0.0,1.0,0.0,0.0,0.0,0.0,0.0,0.0,0.0,0.0,0.0,,,,,D.Prescott,3.0,,,,17
DAL,WAS,2,DAL,WAS,DAL,71.0,1.0,run,2.0,0,0,0,,,,,-0.999832798261195,0.0,0.0,0.0,1.0,0.0,1.0,0.0,0.0,0.0,0.0,0.0,0.0,0.0,0.0,0.0,,,,,J.Williams,2.0,,DAL,10.0,17
DAL,WAS,2,DAL,WAS,DAL,79.0,1.0,run,6.0,0,0,1,,,,,-0.176740124821663,0.0,0.0,0.0,0.0,0.0,1.0,0.0,0.0,0.0,0.0,0.0,0.0,0.0,0.0,0.0,,,,,D.Prescott,6.0,,,,17
DAL,WAS,2,DAL,WAS,DAL,73.0,2.0,pass,35.0,0,0,0,,,,,3.09323428268544,0.0,0.0,0.0,0.0,0.0,0.0,1.0,0.0,0.0,0.0,0.0,0.0,0.0,0.0,1.0,D.Prescott,35.0,C.Lamb,35.0,,,,,,17
DAL,WAS,2,,,,,,no_play,0.0,0,0,0,,,,,0.0,0.0,0.0,0.0,0.0,0.0,0.0,0.0,0.0,0.0,0.0,0.0,0.0,0.0,0.0,0.0,,,,,,,,,,17
DAL,WAS,2,DAL,WAS,WAS,38.0,1.0,run,9.0,0,0,0,,,,,0.66932914982317,0.0,0.0,0.0,0.0,0.0,1.0,0.0,0.0,0.0,0.0,0.0,0.0,0.0,0.0,0.0,,,,,J.Williams,9.0,,,,17
DAL,WAS,2,DAL,WAS,WAS,29.0,2.0,run,0.0,0,0,0,,,,,-0.551229683565907,0.0,0.0,0.0,0.0,0.0,1.0,0.0,0.0,0.0,0.0,0.0,0.0,0.0,0.0,0.0,,,,,J.Williams,0.0,,,,17
DAL,WAS,2,DAL,WAS,WAS,29.0,3.0,run,1.0,0,0,0,,,,,0.293010244495235,1.0,0.0,0.0,0.0,0.0,1.0,0.0,0.0,0.0,0.0,0.0,0.0,0.0,0.0,0.0,,,,,H.Luepke,1.0,,,,17
DAL,WAS,2,DAL,WAS,WAS,28.0,1.0,run,4.0,0,0,0,,,,,-0.142978387710173,0.0,0.0,0.0,0.0,0.0,1.0,0.0,0.0,0.0,0.0,0.0,0.0,0.0,0.0,0.0,,,,,J.Williams,4.0,,,,17
DAL,WAS,2,DAL,WAS,WAS,24.0,2.0,pass,24.0,0,0,0,,,,DAL,3.16193753096741,0.0,0.0,0.0,0.0,0.0,0.0,1.0,0.0,1.0,1.0,0.0,0.0,0.0,0.0,1.0,D.Prescott,24.0,C.Lamb,24.0,,,,,,17
DAL,WAS,2,DAL,WAS,WAS,15.0,,extra_point,0.0,0,0,0,,good,,,0.0685713509799278,0.0,0.0,0.0,0.0,0.0,0.0,0.0,0.0,0.0,0.0,0.0,1.0,0.0,0.0,0.0,,,,,,,,,,17
DAL,WAS,2,WAS,DAL,DAL,35.0,,kickoff,0.0,0,0,0,,,,,1.02257881860714,0.0,0.0,0.0,0.0,0.0,0.0,0.0,0.0,0.0,0.0,0.0,0.0,0.0,1.0,0.0,,,,,,,J.Lane,,,17
DAL,WAS,2,WAS,DAL,WAS,57.0,1.0,run,7.0,0,0,0,,,,,0.42176420672331,0.0,0.0,0.0,0.0,0.0,1.0,0.0,0.0,0.0,0.0,0.0,0.0,0.0,0.0,0.0,,,,,K.Allen,7.0,,,,17
DAL,WAS,2,WAS,DAL,50,50.0,2.0,run,9.0,0,0,0,,,,,0.570867754227947,0.0,0.0,0.0,0.0,0.0,1.0,0.0,0.0,0.0,0.0,0.0,0.0,0.0,0.0,0.0,,,,,K.Allen,9.0,,,,17
DAL,WAS,2,WAS,DAL,DAL,41.0,1.0,run,1.0,0,0,0,,,,,-0.513341833429877,0.0,0.0,0.0,0.0,0.0,1.0,0.0,0.0,0.0,0.0,0.0,0.0,0.0,0.0,0.0,,,,,K.Allen,1.0,,,,17
DAL,WAS,2,WAS,DAL,DAL,40.0,2.0,run,4.0,0,0,0,,,,,0.0109266788349487,0.0,0.0,0.0,0.0,0.0,1.0,0.0,0.0,0.0,0.0,0.0,0.0,0.0,0.0,0.0,,,,,K.Allen,4.0,,,,17
DAL,WAS,2,WAS,DAL,DAL,36.0,3.0,run,3.0,0,0,0,,,,,-2.58222934993682,0.0,0.0,0.0,0.0,0.0,1.0,0.0,0.0,0.0,0.0,0.0,0.0,0.0,0.0,0.0,,,,,K.Allen,3.0,,,,17
DAL,WAS,2,WAS,DAL,,,,,,0,0,0,,,,,,,,,,,,,,,,,,,,,,,,,,,,,,17
GB,ATL,3,,,,,,,,0,0,0,,,,,0.0,,,,,,,,,,,,,,,,,,,,,,,,,-21
GB,ATL,3,ATL,GB,GB,35.0,,kickoff,0.0,0,0,0,,,,,0.310390852857381,0.0,0.0,0.0,0.0,0.0,0.0,0.0,0.0,0.0,0.0,0.0,0.0,0.0,1.0,0.0,,,,,,,,,,-21
GB,ATL,3,ATL,GB,ATL,70.0,1.0,run,4.0,0,0,0,,,,,-0.0673292521387339,0.0,0.0,0.0,0.0,0.0,1.0,0.0,0.0,0.0,0.0,0.0,0.0,0.0,0.0,0.0,,,,,Bi.Robinson,4.0,,,,-21
GB,ATL,3,ATL,GB,ATL,66.0,2.0,pass,17.0,0,0,0,,,,,1.55775554478169,0.0,0.0,0.0,0.0,0.0,0.0,1.0,0.0,0.0,0.0,0.0,0.0,0.0,0.0,1.0,M.Penix,17.0,Bi.Robinson,17.0,,,,,,-21
GB,ATL,3,ATL,GB,GB,49.0,1.0,pass,0.0,0,0,0,,,,,-0.500361785292625,0.0,0.0,0.0,0.0,0.0,0.0,1.0,0.0,0.0,0.0,0.0,0.0,0.0,0.0,0.0,M.Penix,,J.Dotson,,,,,,,-21
GB,ATL,3,ATL,GB,GB,49.0,2.0,pass,0.0,0,0,0,,,,,-4.88895760755986,0.0,0.0,1.0,0.0,0.0,0.0,1.0,0.0,0.0,0.0,0.0,0.0,0.0,0.0,0.0,M.Penix,,J.Dotson,,,,,,,-21
GB,ATL,3,GB,ATL,GB,55.0,1.0,pass,6.0,0,0,0,,,,,0.179752577329054,0.0,0.0,0.0,0.0,0.0,0.0,1.0,0.0,0.0,0.0,0.0,0.0,0.0,0.0,1.0,J.Love,6.0,T.Kraft,6.0,,,,,,-21
GB,ATL,3,GB,ATL,ATL,49.0,2.0,pass,0.0,0,0,0,,,,,-0.850858265766874,0.0,0.0,0.0,0.0,0.0,0.0,1.0,0.0,0.0,0.0,0.0,0.0,0.0,0.0,0.0,J.Love,,M.Lloyd,,,,,,,-21
GB,ATL,3,GB,ATL,ATL,49.0,3.0,pass,0.0,0,0,0,,,,,-1.68644016026519,0.0,0.0,0.0,0.0,0.0,0.0,1.0,0.0,0.0,0.0,0.0,0.0,0.0,0.0,0.0,J.Love,,C.Watson,,,,,,,-21
GB,ATL,3,GB,ATL,ATL,49.0,4.0,no_play,0.0,0,0,0,,,,,-0.568737318040803,0.0,0.0,0.0,1.0,0.0,0.0,0.0,0.0,0.0,0.0,0.0,0.0,0.0,0.0,0.0,,,,,,,,GB,5.0,-21
GB,ATL,3,GB,ATL,GB,54.0,4.0,punt,0.0,0,0,0,,,,,-0.176892342045903,0.0,0.0,0.0,0.0,0.0,0.0,0.0,0.0,0.0,0.0,0.0,0.0,0.0,0.0,0.0,,,,,,,,,,-21
GB,ATL,3,ATL,GB,ATL,83.0,1.0,run,7.0,0,0,0,,,,,0.2648343173787,0.0,0.0,0.0,0.0,0.0,1.0,0.0,0.0,0.0,0.0,0.0,0.0,0.0,0.0,0.0,,,,,Bi.Robinson,7.0,,,,-21
GB,ATL,3,ATL,GB,ATL,76.0,2.0,run,3.0,0,0,0,,,,,0.418618730735034,0.0,0.0,0.0,0.0,0.0,1.0,0.0,0.0,0.0,0.0,0.0,0.0,0.0,0.0,0.0,,,,,Bi.Robinson,3.0,,,,-21
GB,ATL,3,ATL,GB,ATL,73.0,1.0,pass,0.0,0,0,0,,,,,-0.575079199392349,0.0,0.0,0.0,0.0,0.0,0.0,1.0,0.0,0.0,0.0,0.0,0.0,0.0,0.0,0.0,M.Penix,,K.Pitts,,,,,,,-21
GB,ATL,3,ATL,GB,ATL,73.0,2.0,run,-1.0,0,0,0,,,,,-1.06644620746374,0.0,0.0,0.0,0.0,0.0,1.0,0.0,0.0,0.0,0.0,0.0,0.0,0.0,0.0,0.0,,,,,Bi.Robinson,-1.0,,,,-21
GB,ATL,3,ATL,GB,ATL,74.0,3.0,pass,0.0,0,0,0,,,,,-1.13693885970861,0.0,0.0,0.0,0.0,0.0,0.0,1.0,0.0,0.0,0.0,0.0,0.0,0.0,0.0,0.0,M.Penix,,Z.Branch,,,,,,,-21
GB,ATL,3,ATL,GB,ATL,74.0,4.0,punt,0.0,0,0,0,,,,,1.30412456858903,0.0,0.0,0.0,0.0,0.0,0.0,0.0,0.0,0.0,0.0,0.0,0.0,0.0,0.0,0.0,,,,,,,,,,-21
GB,ATL,3,GB,ATL,GB,87.0,1.0,run,-1.0,0,0,0,,,,,-0.913682384416461,0.0,0.0,0.0,0.0,0.0,1.0,0.0,0.0,0.0,0.0,0.0,0.0,0.0,0.0,0.0,,,,,K.Johnson,-1.0,,,,-21
GB,ATL,3,GB,ATL,GB,88.0,2.0,pass,0.0,0,0,0,,,,,-0.777092868462205,0.0,0.0,0.0,0.0,0.0,0.0,1.0,0.0,0.0,0.0,0.0,0.0,0.0,0.0,0.0,J.Love,,M.Golden,,,,,,,-21
GB,ATL,3,GB,ATL,GB,88.0,3.0,pass,45.0,0,0,0,,,,,4.50479470891878,1.0,0.0,0.0,0.0,0.0,0.0,1.0,0.0,0.0,0.0,0.0,0.0,0.0,0.0,1.0,J.Love,45.0,M.Golden,45.0,,,,,,-21
GB,ATL,3,GB,ATL,ATL,43.0,1.0,no_play,0.0,0,0,0,,,,,-0.671977711841464,0.0,0.0,0.0,1.0,0.0,0.0,0.0,0.0,0.0,0.0,0.0,0.0,0.0,0.0,0.0,,,,,,,,GB,10.0,-21
GB,ATL,3,GB,ATL,GB,53.0,1.0,pass,10.0,0,0,0,,,,,1.69583581376355,0.0,0.0,0.0,1.0,0.0,0.0,1.0,0.0,0.0,0.0,0.0,0.0,0.0,0.0,1.0,J.Love,10.0,M.Lloyd,10.0,,,,ATL,15.0,-21
GB,ATL,3,GB,ATL,ATL,28.0,1.0,run,6.0,0,0,0,,,,,0.227225252136122,0.0,0.0,0.0,0.0,0.0,1.0,0.0,0.0,0.0,0.0,0.0,0.0,0.0,0.0,0.0,,,,,M.Lloyd,6.0,,,,-21
GB,ATL,3,,,,,,no_play,0.0,0,0,0,,,,,0.0,0.0,0.0,0.0,0.0,0.0,0.0,0.0,0.0,0.0,0.0,0.0,0.0,0.0,0.0,0.0,,,,,,,,,,-21
GB,ATL,3,GB,ATL,ATL,22.0,2.0,pass,8.0,0,0,0,,,,,0.5715378531022,0.0,0.0,0.0,0.0,0.0,0.0,1.0,0.0,0.0,0.0,0.0,0.0,0.0,0.0,1.0,J.Love,8.0,T.Kraft,8.0,,,,,,-21
GB,ATL,3,GB,ATL,ATL,14.0,1.0,pass,9.0,0,0,0,,,,,0.775713970535435,0.0,0.0,0.0,0.0,0.0,0.0,1.0,0.0,0.0,0.0,0.0,0.0,0.0,0.0,1.0,J.Love,9.0,S.Moore,9.0,,,,,,-21
GB,ATL,3,GB,ATL,ATL,5.0,2.0,run,1.0,0,0,0,,,,,0.126065841759555,0.0,0.0,0.0,0.0,0.0,1.0,0.0,0.0,0.0,0.0,0.0,0.0,0.0,0.0,0.0,,,,,M.Lloyd,1.0,,,,-21
GB,ATL,3,GB,ATL,ATL,4.0,1.0,pass,4.0,0,0,0,,,,GB,0.955588502867613,0.0,0.0,0.0,0.0,0.0,0.0,1.0,0.0,1.0,1.0,0.0,0.0,0.0,0.0,1.0,J.Love,4.0,C.Watson,4.0,,,,,,-21
GB,ATL,3,GB,ATL,ATL,15.0,,extra_point,0.0,0,0,0,,good,,,0.0675730031076331,0.0,0.0,0.0,0.0,0.0,0.0,0.0,0.0,0.0,0.0,0.0,1.0,0.0,0.0,0.0,,,,,,,,,,-21
GB,ATL,3,ATL,GB,GB,35.0,,kickoff,0.0,0,0,0,,,,,-0.733822299167514,0.0,0.0,0.0,1.0,0.0,0.0,0.0,0.0,0.0,0.0,0.0,0.0,0.0,1.0,0.0,,,,,,,,ATL,10.0,-21
GB,ATL,3,ATL,GB,ATL,85.0,1.0,pass,5.0,0,0,0,,,,,0.0506308621261269,0.0,0.0,0.0,0.0,0.0,0.0,1.0,0.0,0.0,0.0,0.0,0.0,0.0,0.0,1.0,M.Penix,5.0,K.Pitts,5.0,,,,,,-21
GB,ATL,3,ATL,GB,ATL,80.0,2.0,run,6.0,0,0,0,,,,,0.705379101913422,0.0,0.0,0.0,0.0,0.0,1.0,0.0,0.0,0.0,0.0,0.0,0.0,0.0,0.0,0.0,,,,,Br.Robinson,6.0,,,,-21
GB,ATL,3,ATL,GB,ATL,74.0,1.0,run,9.0,0,0,0,,,,,0.766638238215819,0.0,0.0,0.0,0.0,0.0,1.0,0.0,0.0,0.0,0.0,0.0,0.0,0.0,0.0,0.0,,,,,Br.Robinson,9.0,,,,-21
GB,ATL,3,ATL,GB,ATL,65.0,2.0,pass,0.0,0,0,0,,,,,-2.37686949060299,0.0,0.0,0.0,1.0,0.0,0.0,1.0,0.0,0.0,0.0,0.0,0.0,0.0,0.0,0.0,M.Penix,,,,,,,ATL,10.0,-21
GB,ATL,3,ATL,GB,ATL,75.0,3.0,no_play,0.0,0,0,0,,,,,2.52276170137338,0.0,0.0,0.0,1.0,0.0,0.0,0.0,0.0,0.0,0.0,0.0,0.0,0.0,0.0,0.0,,,,,,,,GB,15.0,-21
GB,ATL,3,ATL,GB,ATL,60.0,1.0,run,55.0,0,0,0,,,,,3.66826358489925,0.0,0.0,0.0,0.0,0.0,1.0,0.0,0.0,0.0,0.0,0.0,0.0,0.0,0.0,0.0,,,,,Bi.Robinson,55.0,,,,-21
GB,ATL,3,ATL,GB,GB,5.0,1.0,run,2.0,0,0,0,,,,,-0.0823581360164098,0.0,0.0,0.0,0.0,0.0,1.0,0.0,0.0,0.0,0.0,0.0,0.0,0.0,0.0,0.0,,,,,Bi.Robinson,2.0,,,,-21
GB,ATL,3,ATL,GB,GB,3.0,2.0,run,3.0,0,0,0,,,,ATL,1.2499754606979,0.0,0.0,0.0,0.0,0.0,1.0,0.0,0.0,1.0,0.0,1.0,0.0,0.0,0.0,0.0,,,,,Bi.Robinson,3.0,,,,-21
GB,ATL,3,ATL,GB,GB,15.0,,extra_point,0.0,0,0,0,,good,,,0.0675730031076331,0.0,0.0,0.0,0.0,0.0,0.0,0.0,0.0,0.0,0.0,0.0,1.0,0.0,0.0,0.0,,,,,,,,,,-21
GB,ATL,3,GB,ATL,ATL,35.0,,kickoff,0.0,0,0,0,,,,,0.357512705028057,0.0,0.0,0.0,0.0,0.0,0.0,0.0,0.0,0.0,0.0,0.0,0.0,0.0,1.0,0.0,,,,,,,,,,-21
GB,ATL,3,GB,ATL,GB,69.0,1.0,pass,-3.0,0,0,0,,,,,-1.17225237051025,0.0,0.0,0.0,0.0,0.0,0.0,1.0,0.0,0.0,0.0,0.0,0.0,0.0,0.0,1.0,J.Love,-3.0,M.Lloyd,-3.0,,,,,,-21
GB,ATL,3,GB,ATL,GB,72.0,2.0,pass,0.0,0,0,0,,,,,-0.867772878147662,0.0,0.0,0.0,0.0,0.0,0.0,1.0,0.0,0.0,0.0,0.0,0.0,0.0,0.0,0.0,J.Love,,M.Golden,,,,,,,-21
GB,ATL,3,GB,ATL,GB,72.0,3.0,pass,9.0,0,0,0,,,,,-0.0474806164857,0.0,0.0,0.0,0.0,0.0,0.0,1.0,0.0,0.0,0.0,0.0,0.0,0.0,0.0,1.0,J.Love,9.0,T.Kraft,9.0,,,,,,-21
GB,ATL,3,GB,ATL,,,,,,0,0,0,,,,,0.0,,,,,,,,,,,,,,,,,,,,,,,,,-21
GB,ATL,3,GB,ATL,GB,63.0,4.0,punt,0.0,0,0,0,,,,,0.0803831503726542,0.0,0.0,0.0,0.0,0.0,0.0,0.0,0.0,0.0,0.0,0.0,0.0,0.0,0.0,0.0,,,,,,,,,,-21
GB,ATL,3,ATL,GB,ATL,83.0,1.0,pass,7.0,0,0,0,,,,,0.278598878998309,0.0,0.0,0.0,0.0,0.0,0.0,1.0,0.0,0.0,0.0,0.0,0.0,0.0,0.0,1.0,M.Penix,7.0,Z.Branch,7.0,,,,,,-21
GB,ATL,3,ATL,GB,ATL,76.0,2.0,run,4.0,0,0,0,,,,,0.417465657228604,0.0,0.0,0.0,0.0,0.0,1.0,0.0,0.0,0.0,0.0,0.0,0.0,0.0,0.0,0.0,,,,,Bi.Robinson,4.0,,,,-21
GB,ATL,3,ATL,GB,ATL,72.0,1.0,pass,11.0,0,0,0,,,,,0.749535239767283,0.0,0.0,0.0,0.0,0.0,0.0,1.0,0.0,0.0,0.0,0.0,0.0,0.0,0.0,1.0,M.Penix,11.0,J.Dotson,11.0,,,,,,-21
GB,ATL,3,ATL,GB,ATL,61.0,1.0,run,16.0,0,0,0,,,,,0.9996743502561,0.0,0.0,0.0,0.0,0.0,1.0,0.0,0.0,0.0,0.0,0.0,0.0,0.0,0.0,0.0,,,,,Br.Robinson,16.0,,,,-21
GB,ATL,3,ATL,GB,GB,45.0,1.0,pass,0.0,0,0,0,,,,,-0.47081360546872,0.0,0.0,0.0,0.0,0.0,0.0,1.0,0.0,0.0,0.0,0.0,0.0,0.0,0.0,0.0,M.Penix,,D.London,,,,,,,-21
GB,ATL,3,ATL,GB,GB,45.0,2.0,run,0.0,0,0,0,,,,,-0.808570432942361,0.0,0.0,0.0,0.0,0.0,1.0,0.0,0.0,0.0,0.0,0.0,0.0,0.0,0.0,0.0,,,,,Bi.Robinson,0.0,,,,-21
GB,ATL,3,ATL,GB,GB,45.0,3.0,pass,4.0,0,0,0,,,,,-1.42583732795902,0.0,0.0,0.0,0.0,0.0,0.0,1.0,0.0,0.0,0.0,0.0,0.0,0.0,0.0,1.0,M.Penix,4.0,D.London,4.0,,,,,,-21
GB,ATL,3,ATL,GB,GB,41.0,4.0,punt,0.0,0,0,0,,,,,-0.338569577317685,0.0,0.0,0.0,0.0,0.0,0.0,0.0,0.0,0.0,0.0,0.0,0.0,0.0,0.0,0.0,,,,,,,,,,-21
GB,ATL,3,GB,ATL,GB,89.0,1.0,run,1.0,0,0,0,,,,,-0.426703037694097,0.0,0.0,0.0,0.0,0.0,1.0,0.0,0.0,0.0,0.0,0.0,0.0,0.0,0.0,0.0,,,,,K.Johnson,1.0,,,,-21
GB,ATL,3,GB,ATL,GB,88.0,2.0,pass,0.0,0,0,0,,,,,-0.69578486122191,0.0,0.0,0.0,0.0,0.0,0.0,1.0,0.0,0.0,0.0,0.0,0.0,0.0,0.0,0.0,J.Love,,T.Kraft,,,,,,,-21
GB,ATL,3,GB,ATL,GB,88.0,3.0,pass,0.0,0,0,0,,,,,-1.02127191377804,0.0,0.0,0.0,0.0,0.0,0.0,1.0,0.0,0.0,0.0,0.0,0.0,0.0,0.0,0.0,J.Love,,S.Moore,,,,,,,-21
GB,ATL,3,GB,ATL,GB,88.0,4.0,punt,0.0,0,0,0,,,,,0.299305069260299,0.0,0.0,0.0,0.0,0.0,0.0,0.0,0.0,0.0,0.0,0.0,0.0,0.0,0.0,0.0,,,,,,,,,,-21
GB,ATL,3,ATL,GB,ATL,64.0,1.0,pass,7.0,0,0,0,,,,,0.451231488026679,0.0,0.0,0.0,0.0,0.0,0.0,1.0,0.0,0.0,0.0,0.0,0.0,0.0,0.0,1.0,M.Penix,7.0,D.London,7.0,,,,,,-21
GB,ATL,3,ATL,GB,ATL,57.0,2.0,run,8.0,0,0,0,,,,,0.445913589093834,0.0,0.0,0.0,0.0,0.0,1.0,0.0,0.0,0.0,0.0,0.0,0.0,0.0,0.0,0.0,,,,,Bi.Robinson,8.0,,,,-21
GB,ATL,3,ATL,GB,GB,49.0,1.0,pass,5.0,0,0,0,,,,,0.130023382836953,0.0,0.0,0.0,0.0,0.0,0.0,1.0,0.0,0.0,0.0,0.0,0.0,0.0,0.0,1.0,M.Penix,5.0,O.Zaccheaus,5.0,,,,,,-21
GB,ATL,3,ATL,GB,GB,44.0,2.0,run,10.0,0,0,0,,,,,0.757628724677488,0.0,0.0,0.0,0.0,0.0,1.0,0.0,0.0,0.0,0.0,0.0,0.0,0.0,0.0,0.0,,,,,Bi.Robinson,10.0,,,,-21
GB,ATL,3,ATL,GB,GB,34.0,1.0,run,-3.0,0,0,0,,,,,-0.942962588276714,0.0,0.0,0.0,0.0,0.0,1.0,0.0,0.0,0.0,0.0,0.0,0.0,0.0,0.0,0.0,,,,,Br.Robinson,-3.0,,,,-21
GB,ATL,3,ATL,GB,GB,37.0,2.0,pass,7.0,0,0,0,,,,,0.335310037364252,0.0,0.0,0.0,0.0,0.0,0.0,1.0,0.0,0.0,0.0,0.0,0.0,0.0,0.0,1.0,M.Penix,7.0,D.London,7.0,,,,,,-21
GB,ATL,3,ATL,GB,GB,30.0,3.0,pass,4.0,0,0,0,,,,,-0.992977799597098,0.0,0.0,0.0,0.0,0.0,0.0,1.0,0.0,0.0,0.0,0.0,0.0,0.0,0.0,1.0,M.Penix,4.0,O.Zaccheaus,4.0,,,,,,-21
GB,ATL,3,ATL,GB,GB,26.0,4.0,field_goal,0.0,0,0,0,made,,,,0.992144734697318,0.0,0.0,0.0,0.0,0.0,0.0,0.0,0.0,0.0,0.0,0.0,0.0,0.0,0.0,0.0,,,,,,,,,,-21
GB,ATL,3,GB,ATL,ATL,35.0,,kickoff,0.0,0,0,0,,,,,0.524754245067015,0.0,0.0,0.0,0.0,0.0,0.0,0.0,0.0,0.0,0.0,0.0,0.0,0.0,1.0,0.0,,,,,,,,,,-21
GB,ATL,3,GB,ATL,GB,67.0,1.0,no_play,0.0,0,0,0,,,,,2.27696285891579,0.0,0.0,0.0,1.0,0.0,0.0,0.0,0.0,0.0,0.0,0.0,0.0,0.0,0.0,0.0,,,,,,,,ATL,34.0,-21
GB,ATL,3,GB,ATL,ATL,33.0,1.0,run,5.0,0,0,0,,,,,0.0778097395086661,0.0,0.0,0.0,0.0,0.0,1.0,0.0,0.0,0.0,0.0,0.0,0.0,0.0,0.0,0.0,,,,,K.Johnson,5.0,,,,-21
GB,ATL,3,GB,ATL,ATL,28.0,2.0,pass,0.0,0,0,0,,,,,-0.559687106462661,0.0,0.0,0.0,0.0,0.0,0.0,1.0,0.0,0.0,0.0,0.0,0.0,0.0,0.0,0.0,J.Love,,C.Watson,,,,,,,-21
GB,ATL,3,GB,ATL,ATL,28.0,3.0,pass,0.0,0,0,0,,,,,-1.05902689085654,0.0,0.0,0.0,0.0,0.0,0.0,1.0,0.0,0.0,0.0,0.0,0.0,0.0,0.0,0.0,J.Love,,M.Golden,,,,,,,-21
GB,ATL,3,GB,ATL,ATL,28.0,4.0,field_goal,0.0,0,0,0,blocked,,,,-3.47296165725836,0.0,0.0,0.0,0.0,0.0,0.0,0.0,0.0,0.0,0.0,0.0,0.0,0.0,0.0,0.0,,,,,,,,,,-21
GB,ATL,3,ATL,GB,ATL,63.0,1.0,pass,20.0,0,0,0,,,,,1.18708288023481,0.0,0.0,0.0,0.0,0.0,0.0,1.0,0.0,0.0,0.0,0.0,0.0,0.0,0.0,1.0,M.Penix,20.0,D.London,20.0,,,,,,-21
GB,ATL,3,ATL,GB,GB,43.0,1.0,run,3.0,0,0,0,,,,,-0.280213308229577,0.0,0.0,0.0,0.0,0.0,1.0,0.0,0.0,0.0,0.0,0.0,0.0,0.0,0.0,0.0,,,,,Bi.Robinson,3.0,,,,-21
GB,ATL,3,ATL,GB,GB,40.0,2.0,pass,6.0,0,0,0,,,,,0.587668324238621,0.0,0.0,0.0,0.0,0.0,0.0,1.0,0.0,0.0,0.0,0.0,0.0,0.0,0.0,1.0,M.Penix,6.0,A.Hooper,6.0,,,,,,-21
GB,ATL,3,ATL,GB,GB,34.0,3.0,pass,16.0,0,0,0,,,,,1.44699192483677,1.0,0.0,0.0,0.0,0.0,0.0,1.0,0.0,0.0,0.0,0.0,0.0,0.0,0.0,1.0,M.Penix,16.0,D.London,16.0,,,,,,-21
GB,ATL,3,ATL,GB,GB,18.0,1.0,run,10.0,0,0,0,,,,,0.358311616291758,0.0,0.0,0.0,0.0,0.0,1.0,0.0,0.0,0.0,0.0,0.0,0.0,0.0,0.0,0.0,,,,,Bi.Robinson,10.0,,,,-21
GB,ATL,3,,,,,,no_play,0.0,0,0,0,,,,,0.0,0.0,0.0,0.0,0.0,0.0,0.0,0.0,0.0,0.0,0.0,0.0,0.0,0.0,0.0,0.0,,,,,,,,,,-21
GB,ATL,3,ATL,GB,GB,8.0,1.0,run,6.0,0,0,0,,,,,0.61867231776705,0.0,0.0,0.0,0.0,0.0,1.0,0.0,0.0,0.0,0.0,0.0,0.0,0.0,0.0,0.0,,,,,Bi.Robinson,6.0,,,,-21
GB,ATL,3,ATL,GB,GB,2.0,2.0,run,-3.0,0,0,0,,,,,-2.08252152212663,0.0,0.0,0.0,0.0,0.0,1.0,0.0,0.0,0.0,0.0,0.0,0.0,0.0,0.0,0.0,,,,,Bi.Robinson,-3.0,,,,-21
GB,ATL,3,,,,,,no_play,0.0,0,0,0,,,,,0.0,0.0,0.0,0.0,0.0,0.0,0.0,0.0,0.0,0.0,0.0,0.0,0.0,0.0,0.0,0.0,,,,,,,,,,-21
GB,ATL,3,ATL,GB,GB,5.0,3.0,pass,5.0,0,0,0,,,,ATL,3.59662479383405,1.0,0.0,0.0,0.0,0.0,0.0,1.0,0.0,1.0,1.0,0.0,0.0,0.0,0.0,1.0,M.Penix,5.0,A.Hooper,5.0,,,,,,-21
GB,ATL,3,ATL,GB,GB,15.0,,extra_point,0.0,0,0,0,,good,,,0.0675730031076331,0.0,0.0,0.0,0.0,0.0,0.0,0.0,0.0,0.0,0.0,0.0,1.0,0.0,0.0,0.0,,,,,,,,,,-21
GB,ATL,3,GB,ATL,ATL,35.0,,kickoff,0.0,0,0,0,,,,,0.037367676384747,0.0,0.0,0.0,0.0,0.0,0.0,0.0,0.0,0.0,0.0,0.0,0.0,0.0,1.0,0.0,,,,,,,,,,-21
GB,ATL,3,GB,ATL,GB,67.0,1.0,pass,0.0,0,0,0,,,,,-0.155450072197709,0.0,0.0,0.0,0.0,0.0,0.0,1.0,0.0,0.0,0.0,0.0,0.0,0.0,0.0,0.0,J.Love,,M.Golden,,,,,,,-21
GB,ATL,3,GB,ATL,GB,67.0,2.0,pass,8.0,0,0,0,,,,,0.249300135939848,0.0,0.0,0.0,0.0,0.0,0.0,1.0,0.0,0.0,0.0,0.0,0.0,0.0,0.0,1.0,J.Love,8.0,M.Golden,8.0,,,,,,-21
GB,ATL,3,GB,ATL,GB,59.0,3.0,pass,0.0,0,0,0,,,,,-0.481930721958634,0.0,0.0,0.0,0.0,0.0,0.0,1.0,0.0,0.0,0.0,0.0,0.0,0.0,0.0,0.0,J.Love,,T.Kraft,,,,,,,-21
GB,ATL,3,GB,ATL,GB,59.0,4.0,punt,0.0,0,0,0,,,,,-0.137629582895897,0.0,0.0,0.0,0.0,0.0,0.0,0.0,0.0,0.0,0.0,0.0,0.0,0.0,0.0,0.0,,,,,,,,,,-21
GB,ATL,3,ATL,GB,ATL,89.0,1.0,pass,0.0,0,0,0,,,,,0.0114504463272169,0.0,0.0,0.0,0.0,0.0,0.0,1.0,0.0,0.0,0.0,0.0,0.0,0.0,0.0,0.0,M.Penix,,,,,,,,,-21
GB,ATL,3,ATL,GB,ATL,89.0,2.0,run,0.0,0,0,0,,,,,-0.0033056543325074,0.0,0.0,0.0,0.0,0.0,1.0,0.0,0.0,0.0,0.0,0.0,0.0,0.0,0.0,0.0,,,,,Br.Robinson,0.0,,,,-21
GB,ATL,3,,,,,,,,0,0,0,,,,,,,,,,,,,,,,,,,,,,,,,,,,,,-21
GB,ATL,3,GB,ATL,ATL,35.0,,kickoff,0.0,0,0,0,,,,,0.323936734581366,0.0,0.0,0.0,0.0,0.0,0.0,0.0,0.0,0.0,0.0,0.0,0.0,0.0,1.0,0.0,,,,,,,,,,-21
GB,ATL,3,GB,ATL,GB,70.0,1.0,run,1.0,0,0,0,,,,,-0.493914841441438,0.0,0.0,0.0,0.0,0.0,1.0,0.0,0.0,0.0,0.0,0.0,0.0,0.0,0.0,0.0,,,,,K.Johnson,1.0,,,,-21
GB,ATL,3,GB,ATL,GB,69.0,2.0,pass,7.0,0,0,0,,,,,0.347545519471169,0.0,0.0,0.0,0.0,0.0,0.0,1.0,0.0,0.0,0.0,0.0,0.0,0.0,0.0,1.0,J.Love,7.0,J.Smith,7.0,,,,,,-21
GB,ATL,3,GB,ATL,GB,62.0,3.0,pass,12.0,0,0,0,,,,,1.47079335455783,1.0,0.0,0.0,0.0,0.0,0.0,1.0,0.0,0.0,0.0,0.0,0.0,0.0,0.0,1.0,J.Love,12.0,M.Golden,12.0,,,,,,-21
GB,ATL,3,GB,ATL,50,50.0,1.0,pass,22.0,0,0,0,,,,,1.29992663802113,0.0,0.0,0.0,0.0,0.0,0.0,1.0,0.0,0.0,0.0,0.0,0.0,0.0,0.0,1.0,J.Love,22.0,C.Watson,22.0,,,,,,-21
GB,ATL,3,GB,ATL,ATL,28.0,1.0,pass,0.0,0,0,0,,,,,-0.43038190365769,0.0,0.0,0.0,0.0,0.0,0.0,1.0,0.0,0.0,0.0,0.0,0.0,0.0,0.0,0.0,J.Love,,S.Moore,,,,,,,-21
GB,ATL,3,GB,ATL,ATL,28.0,2.0,pass,12.0,0,0,0,,,,,1.12790537963156,0.0,0.0,0.0,0.0,0.0,0.0,1.0,0.0,0.0,0.0,0.0,0.0,0.0,0.0,1.0,J.Love,12.0,S.Moore,12.0,,,,,,-21
GB,ATL,3,GB,ATL,ATL,16.0,1.0,run,2.0,0,0,0,,,,,-0.349332067591604,0.0,0.0,0.0,0.0,0.0,1.0,0.0,0.0,0.0,0.0,0.0,0.0,0.0,0.0,0.0,,,,,M.Lloyd,2.0,,,,-21
GB,ATL,3,GB,ATL,ATL,14.0,2.0,run,2.0,0,0,0,,,,,-0.606692133413162,0.0,0.0,0.0,0.0,0.0,1.0,0.0,0.0,0.0,0.0,0.0,0.0,0.0,0.0,0.0,,,,,M.Lloyd,2.0,,,,-21
GB,ATL,3,GB,ATL,ATL,12.0,3.0,pass,5.0,0,0,0,,,,,-0.0945058421930298,0.0,0.0,0.0,0.0,0.0,0.0,1.0,0.0,0.0,0.0,0.0,0.0,0.0,0.0,1.0,J.Love,5.0,C.Watson,5.0,,,,,,-21
GB,ATL,3,GB,ATL,ATL,7.0,4.0,pass,0.0,0,0,0,,,,,-3.65002066991292,0.0,0.0,0.0,0.0,0.0,0.0,1.0,0.0,0.0,0.0,0.0,0.0,0.0,0.0,0.0,J.Love,,C.Watson,,,,,,,-21
GB,ATL,3,ATL,GB,ATL,92.0,1.0,run,6.0,0,0,0,,,,,0.295864972285926,0.0,0.0,0.0,0.0,0.0,1.0,0.0,0.0,0.0,0.0,0.0,0.0,0.0,0.0,0.0,,,,,Bi.Robinson,6.0,,,,-21
GB,ATL,3,ATL,GB,ATL,86.0,2.0,run,31.0,0,0,0,,,,,2.28426835802384,0.0,0.0,0.0,0.0,0.0,1.0,0.0,0.0,0.0,0.0,0.0,0.0,0.0,0.0,0.0,,,,,Bi.Robinson,31.0,,,,-21
GB,ATL,3,ATL,GB,ATL,55.0,1.0,no_play,0.0,0,0,0,,,,,0.397946320474148,0.0,0.0,0.0,1.0,0.0,0.0,0.0,0.0,0.0,0.0,0.0,0.0,0.0,0.0,0.0,,,,,,,,GB,5.0,-21
GB,ATL,3,ATL,GB,50,50.0,1.0,run,8.0,0,0,0,,,,,0.484561841934919,0.0,0.0,0.0,0.0,0.0,1.0,0.0,0.0,0.0,0.0,0.0,0.0,0.0,0.0,0.0,,,,,Br.Robinson,8.0,,,,-21
GB,ATL,3,ATL,GB,GB,42.0,2.0,run,7.0,0,0,0,,,,,0.488961991854012,0.0,0.0,0.0,0.0,0.0,1.0,0.0,0.0,0.0,0.0,0.0,0.0,0.0,0.0,0.0,,,,,Br.Robinson,7.0,,,,-21
GB,ATL,3,ATL,GB,GB,35.0,1.0,run,1.0,0,0,0,,,,,-0.562183574074879,0.0,0.0,0.0,0.0,0.0,1.0,0.0,0.0,0.0,0.0,0.0,0.0,0.0,0.0,0.0,,,,,Bi.Robinson,1.0,,,,-21
GB,ATL,3,ATL,GB,GB,34.0,2.0,pass,2.0,0,0,0,,,,,-0.289231684757397,0.0,0.0,0.0,0.0,0.0,0.0,1.0,0.0,0.0,0.0,0.0,0.0,0.0,0.0,1.0,M.Penix,2.0,Bi.Robinson,2.0,,,,,,-21
GB,ATL,3,ATL,GB,GB,32.0,3.0,pass,16.0,0,0,0,,,,,2.09621381550096,1.0,0.0,0.0,0.0,0.0,0.0,1.0,0.0,0.0,0.0,0.0,0.0,0.0,0.0,1.0,M.Penix,16.0,D.London,16.0,,,,,,-21
GB,ATL,3,ATL,GB,GB,16.0,1.0,run,6.0,0,0,0,,,,,0.176117017166689,0.0,0.0,0.0,0.0,0.0,1.0,0.0,0.0,0.0,0.0,0.0,0.0,0.0,0.0,0.0,,,,,Bi.Robinson,6.0,,,,-21
GB,ATL,3,ATL,GB,GB,10.0,2.0,run,3.0,0,0,0,,,,,0.0509468248346821,0.0,0.0,0.0,0.0,0.0,1.0,0.0,0.0,0.0,0.0,0.0,0.0,0.0,0.0,0.0,,,,,Bi.Robinson,3.0,,,,-21
GB,ATL,3,ATL,GB,GB,7.0,3.0,run,7.0,0,0,0,,,,ATL,1.99589205265511,1.0,0.0,0.0,0.0,0.0,1.0,0.0,0.0,1.0,0.0,1.0,0.0,0.0,0.0,0.0,,,,,Br.Robinson,7.0,,,,-21
GB,ATL,3,ATL,GB,GB,15.0,,extra_point,0.0,0,0,0,,good,,,0.0675730031076331,0.0,0.0,0.0,0.0,0.0,0.0,0.0,0.0,0.0,0.0,0.0,1.0,0.0,0.0,0.0,,,,,,,,,,-21
GB,ATL,3,GB,ATL,ATL,35.0,,kickoff,0.0,0,0,0,,,,,0.322293672943488,0.0,0.0,0.0,0.0,0.0,0.0,0.0,0.0,0.0,0.0,0.0,0.0,0.0,1.0,0.0,,,,,,,,,,-21
GB,ATL,3,GB,ATL,GB,71.0,1.0,pass,0.0,0,0,0,,,,,-0.531577015295625,0.0,0.0,0.0,0.0,0.0,0.0,1.0,0.0,0.0,0.0,0.0,0.0,0.0,0.0,0.0,J.Love,,K.Johnson,,,,,,,-21
GB,ATL,3,GB,ATL,GB,71.0,2.0,run,0.0,0,0,0,,,,,-0.352745797485113,0.0,0.0,0.0,0.0,0.0,1.0,0.0,0.0,0.0,0.0,0.0,0.0,0.0,0.0,0.0,,,,,J.Love,0.0,J.Love,,,-21
GB,ATL,3,GB,ATL,GB,66.0,3.0,pass,9.0,0,0,0,,,,,1.74213501135819,1.0,0.0,0.0,0.0,0.0,0.0,1.0,0.0,0.0,0.0,0.0,0.0,0.0,0.0,1.0,J.Love,9.0,J.Sturdivant,9.0,,,,,,-21
GB,ATL,3,GB,ATL,GB,57.0,1.0,pass,10.0,0,0,0,,,,,0.557787314523011,0.0,0.0,0.0,0.0,0.0,0.0,1.0,0.0,0.0,0.0,0.0,0.0,0.0,0.0,1.0,J.Love,10.0,K.Johnson,10.0,,,,,,-21
GB,ATL,3,GB,ATL,ATL,47.0,1.0,pass,0.0,0,0,0,,,,,-0.49250722466968,0.0,0.0,0.0,0.0,0.0,0.0,1.0,0.0,0.0,0.0,0.0,0.0,0.0,0.0,0.0,J.Love,,K.Johnson,,,,,,,-21
GB,ATL,3,GB,ATL,ATL,47.0,2.0,pass,-1.0,0,0,0,,,,,-1.3978788589593,0.0,0.0,0.0,0.0,0.0,0.0,1.0,1.0,0.0,0.0,0.0,0.0,0.0,0.0,0.0,J.Love,,,,,,,,,-21
GB,ATL,3,GB,ATL,ATL,48.0,3.0,pass,0.0,0,0,0,,,,,-1.37092204601504,0.0,0.0,0.0,0.0,0.0,0.0,1.0,0.0,0.0,0.0,0.0,0.0,0.0,0.0,0.0,J.Love,,M.Golden,,,,,,,-21
GB,ATL,3,GB,ATL,ATL,48.0,4.0,no_play,0.0,0,0,0,,,,,-0.232931163161993,0.0,0.0,0.0,1.0,0.0,0.0,0.0,0.0,0.0,0.0,0.0,0.0,0.0,0.0,0.0,,,,,,,,GB,5.0,-21
GB,ATL,3,GB,ATL,GB,53.0,4.0,punt,0.0,0,0,0,,,,,0.603847211226821,0.0,0.0,0.0,0.0,0.0,0.0,0.0,0.0,0.0,0.0,0.0,0.0,0.0,0.0,0.0,,,,,,,,,,-21
GB,ATL,3,ATL,GB,ATL,92.0,1.0,no_play,0.0,0,0,0,,,,,-0.743057104991749,0.0,0.0,0.0,1.0,0.0,0.0,0.0,0.0,0.0,0.0,0.0,0.0,0.0,0.0,0.0,,,,,,,,ATL,4.0,-21
GB,ATL,3,ATL,GB,ATL,96.0,1.0,run,9.0,0,0,0,,,,,0.697595510398969,0.0,0.0,0.0,0.0,0.0,1.0,0.0,0.0,0.0,0.0,0.0,0.0,0.0,0.0,0.0,,,,,Bi.Robinson,9.0,,,,-21
GB,ATL,3,ATL,GB,,,,,,0,0,0,,,,,0.0,,,,,,,,,,,,,,,,,,,,,,,,,-21
GB,ATL,3,ATL,GB,ATL,87.0,2.0,run,3.0,0,0,0,,,,,-0.145048639271408,0.0,0.0,0.0,0.0,0.0,1.0,0.0,0.0,0.0,0.0,0.0,0.0,0.0,0.0,0.0,,,,,Bi.Robinson,3.0,,,,-21
GB,ATL,3,ATL,GB,ATL,84.0,3.0,pass,68.0,0,0,0,,,,,5.16295452788472,1.0,0.0,0.0,0.0,0.0,0.0,1.0,0.0,0.0,0.0,0.0,0.0,0.0,0.0,1.0,M.Penix,68.0,D.London,68.0,,,,,,-21
GB,ATL,3,ATL,GB,GB,16.0,1.0,run,-1.0,0,0,0,,,,,-0.77681910211686,0.0,0.0,0.0,0.0,0.0,1.0,0.0,0.0,0.0,0.0,0.0,0.0,0.0,0.0,0.0,,,,,Bi.Robinson,-1.0,,,,-21
GB,ATL,3,ATL,GB,GB,17.0,2.0,no_play,0.0,0,0,0,,,,,-0.877034118166193,0.0,0.0,0.0,1.0,0.0,0.0,0.0,0.0,0.0,0.0,0.0,0.0,0.0,0.0,0.0,,,,,,,,ATL,10.0,-21
GB,ATL,3,ATL,GB,GB,27.0,2.0,run,-2.0,0,0,0,,,,,-0.696556680719368,0.0,0.0,0.0,0.0,0.0,1.0,0.0,0.0,0.0,0.0,0.0,0.0,0.0,0.0,0.0,,,,,Br.Robinson,-2.0,,,,-21
GB,ATL,3,ATL,GB,GB,29.0,3.0,pass,16.0,0,0,0,,,,,0.40938833453806,0.0,0.0,0.0,0.0,0.0,0.0,1.0,0.0,0.0,0.0,0.0,0.0,0.0,0.0,1.0,M.Penix,16.0,D.London,16.0,,,,,,-21
GB,ATL,3,ATL,GB,GB,13.0,4.0,field_goal,0.0,0,0,0,made,,,,0.190758753753063,0.0,0.0,0.0,0.0,0.0,0.0,0.0,0.0,0.0,0.0,0.0,0.0,0.0,0.0,0.0,,,,,,,,,,-21
GB,ATL,3,GB,ATL,ATL,35.0,,kickoff,0.0,0,0,0,,,,,-0.258514376822859,0.0,0.0,0.0,0.0,0.0,0.0,0.0,0.0,0.0,0.0,0.0,0.0,0.0,1.0,0.0,,,,,,,,,,-21
GB,ATL,3,GB,ATL,GB,76.0,1.0,pass,0.0,0,0,0,,,,,-0.553522117435932,0.0,0.0,0.0,0.0,0.0,0.0,1.0,0.0,0.0,0.0,0.0,0.0,0.0,0.0,0.0,J.Love,,T.Kraft,,,,,,,-21
GB,ATL,3,GB,ATL,GB,76.0,2.0,pass,0.0,0,0,0,,,,,-0.736377574503422,0.0,0.0,0.0,0.0,0.0,0.0,1.0,0.0,0.0,0.0,0.0,0.0,0.0,0.0,0.0,J.Love,,T.Kraft,,,,,,,-21
GB,ATL,3,GB,ATL,GB,76.0,3.0,pass,34.0,0,0,0,,,,,3.40438488847576,1.0,0.0,0.0,0.0,0.0,0.0,1.0,0.0,0.0,0.0,0.0,0.0,0.0,0.0,1.0,J.Love,34.0,C.Watson,34.0,,,,,,-21
GB,ATL,3,GB,ATL,ATL,42.0,1.0,pass,0.0,0,0,0,,,,,-0.50091625819914,0.0,0.0,0.0,0.0,0.0,0.0,1.0,0.0,0.0,0.0,0.0,0.0,0.0,0.0,0.0,J.Love,,M.Golden,,,,,,,-21
GB,ATL,3,GB,ATL,ATL,42.0,2.0,pass,0.0,0,0,0,,,,,-0.826108221430332,0.0,0.0,0.0,0.0,0.0,0.0,1.0,0.0,0.0,0.0,0.0,0.0,0.0,0.0,0.0,J.Love,,S.Moore,,,,,,,-21
GB,ATL,3,GB,ATL,ATL,42.0,3.0,pass,3.0,0,0,0,,,,,-1.41642419877462,0.0,0.0,0.0,0.0,0.0,0.0,1.0,0.0,0.0,0.0,0.0,0.0,0.0,0.0,1.0,J.Love,3.0,J.Sturdivant,3.0,,,,,,-21
GB,ATL,3,GB,ATL,ATL,39.0,4.0,pass,10.0,0,0,0,,,,,3.5934671361465,0.0,1.0,0.0,0.0,0.0,0.0,1.0,0.0,0.0,0.0,0.0,0.0,0.0,0.0,1.0,J.Love,10.0,S.Moore,10.0,,,,,,-21
GB,ATL,3,GB,ATL,ATL,29.0,1.0,pass,11.0,0,0,0,,,,,0.750884646375198,0.0,0.0,0.0,0.0,0.0,0.0,1.0,0.0,0.0,0.0,0.0,0.0,0.0,0.0,1.0,J.Love,11.0,C.Watson,11.0,,,,,,-21
GB,ATL,3,GB,ATL,ATL,18.0,1.0,pass,3.0,0,0,0,,,,,-0.227735589374788,0.0,0.0,0.0,0.0,0.0,0.0,1.0,0.0,0.0,0.0,0.0,0.0,0.0,0.0,1.0,J.Love,3.0,T.Kraft,3.0,,,,,,-21
GB,ATL,3,GB,ATL,ATL,15.0,2.0,pass,15.0,0,0,0,,,,GB,2.49878989887657,0.0,0.0,0.0,0.0,0.0,0.0,1.0,0.0,1.0,1.0,0.0,0.0,0.0,0.0,1.0,J.Love,15.0,M.Golden,15.0,,,,,,-21
GB,ATL,3,GB,ATL,ATL,15.0,,extra_point,0.0,0,0,0,,good,,,0.0675730031076331,0.0,0.0,0.0,0.0,0.0,0.0,0.0,0.0,0.0,0.0,0.0,1.0,0.0,0.0,0.0,,,,,,,,,,-21
GB,ATL,3,ATL,GB,GB,35.0,,kickoff,0.0,0,0,0,,,,,0.433323320932686,0.0,0.0,0.0,0.0,0.0,0.0,0.0,0.0,0.0,0.0,0.0,0.0,0.0,1.0,0.0,,,,,,,,,,-21
GB,ATL,3,ATL,GB,ATL,67.0,1.0,run,5.0,0,0,0,,,,,0.178276892518625,0.0,0.0,0.0,0.0,0.0,1.0,0.0,0.0,0.0,0.0,0.0,0.0,0.0,0.0,0.0,,,,,Bi.Robinson,5.0,,,,-21
GB,ATL,3,ATL,GB,ATL,62.0,2.0,run,3.0,0,0,0,,,,,-0.236126287141815,0.0,0.0,0.0,0.0,0.0,1.0,0.0,0.0,0.0,0.0,0.0,0.0,0.0,0.0,0.0,,,,,Bi.Robinson,3.0,,,,-21
GB,ATL,3,ATL,GB,ATL,59.0,3.0,run,4.0,0,0,0,,,,,0.788438622839749,1.0,0.0,0.0,0.0,0.0,1.0,0.0,0.0,0.0,0.0,0.0,0.0,0.0,0.0,0.0,,,,,Bi.Robinson,4.0,,,,-21
GB,ATL,3,ATL,GB,ATL,55.0,1.0,run,2.0,0,0,0,,,,,-0.44956837198697,0.0,0.0,0.0,0.0,0.0,1.0,0.0,0.0,0.0,0.0,0.0,0.0,0.0,0.0,0.0,,,,,Br.Robinson,2.0,,,,-21
GB,ATL,3,ATL,GB,ATL,53.0,2.0,pass,40.0,0,0,0,,,,,3.0636819000938,0.0,0.0,0.0,0.0,0.0,0.0,1.0,0.0,0.0,0.0,0.0,0.0,0.0,0.0,1.0,M.Penix,40.0,D.London,40.0,,,,,,-21
GB,ATL,3,ATL,GB,GB,13.0,1.0,run,9.0,0,0,0,,,,,0.940039487584727,0.0,0.0,0.0,0.0,0.0,1.0,0.0,0.0,0.0,0.0,0.0,0.0,0.0,0.0,0.0,,,,,Bi.Robinson,9.0,,,,-21
GB,ATL,3,ATL,GB,GB,4.0,2.0,run,2.0,0,0,0,,,,,0.399338331248146,0.0,0.0,0.0,0.0,0.0,1.0,0.0,0.0,0.0,0.0,0.0,0.0,0.0,0.0,0.0,,,,,Bi.Robinson,2.0,,,,-21
GB,ATL,3,,,,,,no_play,0.0,0,0,0,,,,,0.0,0.0,0.0,0.0,0.0,0.0,0.0,0.0,0.0,0.0,0.0,0.0,0.0,0.0,0.0,0.0,,,,,,,,,,-21
GB,ATL,3,ATL,GB,GB,2.0,1.0,run,2.0,0,0,0,,,,ATL,0.79801359117846,0.0,0.0,0.0,0.0,0.0,1.0,0.0,0.0,1.0,0.0,1.0,0.0,0.0,0.0,0.0,,,,,Bi.Robinson,2.0,,,,-21
GB,ATL,3,ATL,GB,GB,2.0,,pass,2.0,0,0,0,,,success,,1.053,0.0,0.0,0.0,0.0,0.0,0.0,1.0,0.0,0.0,0.0,0.0,0.0,1.0,0.0,0.0,M.Penix,,C.Blair,,,,,,,-21
GB,ATL,3,GB,ATL,ATL,35.0,,kickoff,0.0,0,0,0,,,,,0.530172175611369,0.0,0.0,0.0,0.0,0.0,0.0,0.0,0.0,0.0,0.0,0.0,0.0,0.0,1.0,0.0,,,,,,,,,,-21
GB,ATL,3,GB,ATL,GB,68.0,1.0,pass,9.0,0,0,0,,,,,0.420112840598449,0.0,0.0,0.0,0.0,0.0,0.0,1.0,0.0,0.0,0.0,0.0,0.0,0.0,0.0,1.0,J.Love,9.0,J.Smith,9.0,,,,,,-21
GB,ATL,3,GB,ATL,GB,59.0,2.0,no_play,0.0,0,0,0,,,,,-0.650868384516798,0.0,0.0,0.0,1.0,0.0,0.0,0.0,0.0,0.0,0.0,0.0,0.0,0.0,0.0,0.0,,,,,,,,GB,5.0,-21
GB,ATL,3,GB,ATL,GB,64.0,2.0,pass,5.0,0,0,0,,,,,0.354979244526476,0.0,0.0,0.0,0.0,0.0,0.0,1.0,0.0,0.0,0.0,0.0,0.0,0.0,0.0,1.0,J.Love,5.0,C.Watson,5.0,,,,,,-21
GB,ATL,3,GB,ATL,GB,59.0,3.0,pass,15.0,0,0,0,,,,,1.19951177499024,1.0,0.0,0.0,0.0,0.0,0.0,1.0,0.0,0.0,0.0,0.0,0.0,0.0,0.0,1.0,J.Love,15.0,C.Watson,15.0,,,,,,-21
GB,ATL,3,GB,ATL,ATL,44.0,1.0,pass,0.0,0,0,0,,,,,-0.426035683776718,0.0,0.0,0.0,0.0,0.0,0.0,1.0,0.0,0.0,0.0,0.0,0.0,0.0,0.0,0.0,J.Love,,,,,,,,,-21
GB,ATL,3,GB,ATL,ATL,44.0,2.0,pass,4.0,0,0,0,,,,,-0.119538394443225,0.0,0.0,0.0,0.0,0.0,0.0,1.0,0.0,0.0,0.0,0.0,0.0,0.0,0.0,1.0,J.Love,4.0,C.Brooks,4.0,,,,,,-21
GB,ATL,3,GB,ATL,ATL,40.0,3.0,pass,0.0,0,0,0,,,,,-1.48236828140216,0.0,0.0,0.0,0.0,0.0,0.0,1.0,0.0,0.0,0.0,0.0,0.0,0.0,0.0,0.0,J.Love,,M.Golden,,,,,,,-21
GB,ATL,3,GB,ATL,ATL,40.0,4.0,pass,10.0,0,0,0,,,,,2.86391596548492,0.0,1.0,0.0,0.0,0.0,0.0,1.0,0.0,0.0,0.0,0.0,0.0,0.0,0.0,1.0,J.Love,10.0,J.Sturdivant,10.0,,,,,,-21
GB,ATL,3,GB,ATL,ATL,30.0,1.0,pass,0.0,0,0,0,,,,,-0.313529803301208,0.0,0.0,0.0,0.0,0.0,0.0,1.0,0.0,0.0,0.0,0.0,0.0,0.0,0.0,0.0,J.Love,,B.Melton,,,,,,,-21
GB,ATL,3,GB,ATL,ATL,30.0,2.0,pass,0.0,0,0,0,,,,,-0.382889988948591,0.0,0.0,0.0,0.0,0.0,0.0,1.0,0.0,0.0,0.0,0.0,0.0,0.0,0.0,0.0,J.Love,,,,,,,,,-21
GB,ATL,3,GB,ATL,ATL,30.0,3.0,pass,20.0,0,0,0,,,,,2.10564284987049,1.0,0.0,0.0,0.0,0.0,0.0,1.0,0.0,0.0,0.0,0.0,0.0,0.0,0.0,1.0,J.Love,20.0,M.Golden,20.0,,,,,,-21
GB,ATL,3,GB,ATL,ATL,10.0,1.0,pass,0.0,0,0,0,,,,,-0.43055102287326,0.0,0.0,0.0,0.0,0.0,0.0,1.0,0.0,0.0,0.0,0.0,0.0,0.0,0.0,0.0,J.Love,,S.Moore,,,,,,,-21
GB,ATL,3,GB,ATL,ATL,10.0,2.0,pass,0.0,0,0,0,,,,,-4.34025809541345,0.0,0.0,1.0,0.0,0.0,0.0,1.0,0.0,0.0,0.0,0.0,0.0,0.0,0.0,0.0,J.Love,,J.Smith,,,,,,,-21
GB,ATL,3,ATL,GB,ATL,80.0,1.0,qb_kneel,-1.0,1,0,0,,,,,0.0,0.0,0.0,0.0,0.0,0.0,1.0,0.0,0.0,0.0,0.0,0.0,0.0,0.0,0.0,0.0,,,,,M.Penix,-1.0,,,,-21
GB,ATL,3,ATL,GB,ATL,81.0,2.0,qb_kneel,-1.0,1,0,0,,,,,0.0,0.0,0.0,0.0,0.0,0.0,1.0,0.0,0.0,0.0,0.0,0.0,0.0,0.0,0.0,0.0,,,,,M.Penix,-1.0,,,,-21
GB,ATL,3,ATL,GB,,,,,,0,0,0,,,,,,,,,,,,,,,,,,,,,,,,,,,,,,-21
