first_name,last_name,team,position
Thomas,Morstead,SF,P
Johnny,Hekker,MIN,P
Jerick,McKinnon,KC,RB
Jalen,Reeves-Maybin,CHI,LB
Logan,Cooke,JAX,P
Tommy,Townsend,TEN,P
Braden,Mann,PHI,P
Devin,Singletary,NYG,RB
Sean,Clifford,CIN,QB
Dyami,Brown,WSH,WR
Ja'Marr,Chase,CIN,WR
Kenny,Gainwell,TB,RB
Drake,London,ATL,WR
Dontayvion,Wicks,PHI,WR
Mike,White,NYJ,QB
AJ,McCarron,CIN,QB
Malik,Willis,MIA,QB
Jacoby,Brissett,ARI,QB
C.J.,Beathard,JAX,QB
Cooper,Rush,ATL,QB
Logan,Woodside,TEN,QB
Mason,Rudolph,PIT,QB
Carson,Wentz,MIN,QB
Jake,Browning,CIN,QB
Dak,Prescott,DAL,QB
Kirk,Cousins,LV,QB
Brock,Purdy,SF,QB
Tua,Tagovailoa,ATL,QB
Derek,Carr,LV,QB
Nick,Mullens,JAX,QB
Daniel,Jones,IND,QB
Jared,Goff,DET,QB
Lamar,Jackson,BAL,QB
Patrick,Mahomes,KC,QB
Joe,Burrow,CIN,QB
Derrick,Henry,BAL,RB
Jakobi,Meyers,JAX,WR
Josh,Allen,BUF,QB
Russell,Wilson,NYG,QB
Tyson,Bagent,CHI,QB
Kyler,Murray,MIN,QB
Trevor,Lawrence,JAX,QB
Jalen,Hurts,PHI,QB
Marcus,Mariota,WSH,QB
Justin,Herbert,LAC,QB
Jimmy,Garoppolo,LAR,QB
Jaren,Hall,MIN,QB
Mac,Jones,SF,QB
Ryan,Tannehill,TEN,QB
Geno,Smith,NYJ,QB
Tyrod,Taylor,GB,QB
Baker,Mayfield,TB,QB
Jordan,Love,GB,QB
Desmond,Ridder,GB,QB
Case,Keenum,CHI,QB
Tommy,DeVito,NE,QB
C.J.,Stroud,HOU,QB
Easton,Stick,TB,QB
Sam,Howell,DAL,QB
Drew,Lock,SEA,QB
Joshua,Dobbs,DET,QB
Mitchell,Trubisky,TEN,QB
Matthew,Stafford,LAR,QB
Tim,Boyle,NYG,QB
Gardner,Minshew II,ARI,QB
Aidan,O'Connell,LV,QB
Kenny,Pickett,CAR,QB
Deshaun,Watson,CLE,QB
Justin,Fields,KC,QB
Sam,Darnold,SEA,QB
Jarrett,Stidham,DEN,QB
Joe,Flacco,CIN,QB
Zach,Wilson,NO,QB
Bailey,Zappe,NYJ,QB
Bryce,Young,CAR,QB
Anthony,Richardson Sr.,IND,QB
Andy,Dalton,PHI,QB
Will,Levis,NYJ,QB
Clayton,Tune,GB,QB
Tyler,Huntley,BAL,QB
Trevor,Siemian,ATL,QB
Brian,Hoyer,NE,QB
Taysom,Hill,NO,QB
Taylor,Heinicke,WSH,QB
Dorian,Thompson-Robinson,CLE,QB
Jameis,Winston,NYG,QB
Blaine,Gabbert,SF,QB
Keenan,Allen,IND,WR
Jeff,Driskel,HOU,QB
Christian,Kirk,SF,WR
PJ,Walker,CLE,QB
Brett,Rypien,IND,QB
Davis,Mills,HOU,QB
Aaron,Rodgers,PIT,QB
DeAndre,Hopkins,BAL,WR
Nathan,Peterman,BUF,QB
Tyler,Boyd,TEN,WR
Tanner,Hudson,CIN,TE
Jonnu,Smith,GB,TE
Chris,Godwin Jr.,TB,WR
Parris,Campbell,DAL,WR
Deebo,Samuel Sr.,SF,WR
Kyle,Trask,CAR,QB
Cedrick,Wilson Jr.,DET,WR
Josh,Jacobs,GB,RB
Cam,Akers,SEA,RB
Malik,Cunningham,DET,WR
Kadarius,Toney,CLE,WR
DeeJay,Dallas,MIN,RB
Connor,Heyward,LV,FB
Justin,Jefferson,MIN,WR
Tank,Dell,HOU,WR
Amon-Ra,St. Brown,DET,WR
De'Von,Achane,MIA,RB
Garrett,Wilson,NYJ,WR
Christian,McCaffrey,SF,RB
Kyren,Williams,LAR,RB
James,Cook III,BUF,RB
D'Andre,Swift,CHI,RB
James,Conner,ARI,RB
Najee,Harris,NYG,RB
Joe,Mixon,CIN,RB
David,Montgomery,HOU,RB
Raheem,Mostert,LV,RB
Travis,Etienne Jr.,NO,RB
Tony,Pollard,TEN,RB
Breece,Hall,NYJ,RB
Rachaad,White,WSH,RB
Bijan,Robinson,ATL,RB
Saquon,Barkley,PHI,RB
Jahmyr,Gibbs,DET,RB
Isiah,Pacheco,DET,RB
Kenneth,Walker III,KC,RB
Chuba,Hubbard,CAR,RB
Jerome,Ford,MIN,RB
Gus,Edwards,LAC,RB
Zack,Moss,CIN,RB
Jaylen,Warren,PIT,RB
Javonte,Williams,DAL,RB
Jonathan,Taylor,IND,RB
Brian,Robinson Jr.,ATL,RB
Alexander,Mattison,MIA,RB
Alvin,Kamara,NO,RB
Tyler,Allgeier,ARI,RB
Aaron,Jones Sr.,MIN,RB
Ezekiel,Elliott,DAL,RB
Austin,Ekeler,WSH,RB
Rhamondre,Stevenson,NE,RB
AJ,Dillon,CAR,RB
Khalil,Herbert,ATL,RB
Zach,Charbonnet,SEA,RB
Ty,Chandler,NO,RB
Tyjae,Spears,TEN,RB
Zamir,White,NO,RB
Miles,Sanders,DAL,RB
D'Onta,Foreman,CAR,RB
Dameon,Pierce,PHI,RB
Kareem,Hunt,KC,RB
Jaleel,McLaughlin,CLE,RB
Joshua,Kelley,LAC,RB
Keaton,Mitchell,LAC,RB
Justice,Hill,BAL,RB
Rico,Dowdle,PIT,RB
Roschon,Johnson,CHI,RB
Royce,Freeman,LAR,RB
Jamaal,Williams,NO,RB
Pierre,Strong Jr.,GB,RB
Emari,Demercado,DAL,RB
Elijah,Mitchell,PHI,RB
Antonio,Gibson,NE,RB
Chris,Rodriguez Jr.,JAX,RB
Samaje,Perine,CIN,RB
Clyde,Edwards-Helaire,KC,RB
Dalvin,Cook,DAL,RB
Jordan,Mason,MIN,RB
Jeff,Wilson Jr.,MIA,RB
Michael,Carter,TEN,RB
Cordarrelle,Patterson,PIT,RB
Chase,Brown,CIN,RB
Craig,Reynolds,WSH,RB
Rondale,Moore,MIN,WR
Chase,Edmonds,WSH,RB
Nick,Chubb,HOU,RB
Trey,Sermon,ATL,RB
Kendre,Miller,NO,RB
Matt,Breida,NYG,RB
Patrick,Taylor Jr.,SF,RB
Ty,Johnson,BUF,RB
Tank,Bigsby,PHI,RB
Ronnie,Rivers,LAR,RB
Darrynton,Evans,CHI,RB
Jayden,Reed,GB,WR
CeeDee,Lamb,DAL,WR
Darrell,Henderson Jr.,LAR,RB
KaVontae,Turpin,DAL,WR
D'Ernest,Johnson,NE,RB
Chris,Brooks,GB,RB
Derius,Davis,LAC,WR
Isaiah,Spiller,LAC,RB
Tony,Jones Jr.,ARI,RB
Damien,Harris,BUF,RB
Ameer,Abdullah,JAX,RB
Puka,Nacua,LAR,WR
Tyler,Goodson,DAL,RB
Wan'Dale,Robinson,TEN,WR
Boston,Scott,PHI,RB
Emanuel,Wilson,SEA,RB
Melvin,Gordon III,BAL,RB
La'Mical,Perine,NYJ,RB
Tre,Tucker,LV,WR
Kalif,Raymond,CHI,WR
Ihmir,Smith-Marsette,CAR,WR
Keaontay,Ingram,ARI,RB
Israel,Abanikanda,DAL,RB
Trayveon,Williams,LAC,RB
Xavier,Gipson,PHI,WR
Kevin,Harris,NE,RB
Salvon,Ahmed,CHI,RB
Calvin,Austin III,NYG,WR
Deven,Thompkins,LV,WR
Zay,Flowers,BAL,WR
Laviska,Shenault Jr.,SEA,WR
Velus,Jones Jr.,SEA,WR
Tyquan,Thornton,KC,WR
Xavier,Hutchinson,HOU,WR
Eric,Gray,CLE,RB
Raheem,Blackshear,DET,RB
Damien,Williams,KC,RB
Ke'Shawn,Vaughn,TB,RB
DeMario,Douglas,NE,WR
Tyler,Scott,LAR,WR
Leonard,Fournette,TB,RB
Deuce,Vaughn,HOU,RB
Chris,Moore,BAL,WR
Curtis,Samuel,BUF,WR
Rashid,Shaheed,SEA,WR
Brandin,Cooks,SF,WR
Dare,Ogunbowale,LV,RB
Marquise,Goodwin,CLE,WR
Rashaad,Penny,SEA,RB
Lynn,Bowden Jr.,NO,WR
Brandon,Bolden,LV,RB
Tutu,Atwell,LAR,WR
Ray-Ray,McCloud III,NYG,WR
Marvin,Mims Jr.,DEN,WR
Jameson,Williams,DET,WR
Khari,Blasingame,TEN,FB
Derrick,Gore,WSH,RB
Demarcus,Robinson,SF,WR
Mike,Boone,CAR,RB
Calvin,Ridley,TEN,WR
Hollywood,Brown,PHI,WR
Skyy,Moore,GB,WR
Sean,Tucker,TB,RB
J.K.,Dobbins,DEN,RB
Erik,Ezukanma,PHI,WR
Trey,Palmer,NO,WR
DJ,Moore,BUF,WR
Bo,Melton,GB,WR
Tyrion,Davis-Price,SF,RB
Gary,Brightwell,CIN,RB
Hunter,Luepke,DAL,FB
Zach,Evans,LAR,RB
DeAndre,Carter,CLE,WR
Rashod,Bateman,BAL,WR
George,Pickens,DAL,WR
Treylon,Burks,WSH,WR
Brandon,Powell,MIN,WR
Jalen,Reagor,MIA,WR
Deon,Jackson,IND,RB
Tyreek,Hill,MIA,WR
Devin,Duvernay,ARI,WR
Isaiah,McKenzie,IND,WR
Kene,Nwangwu,NYJ,RB
Charlie,Jones,NYG,WR
Bam,Knight,ARI,RB
Adam,Prentice,DEN,FB
Chris,Evans,CIN,RB
Jaylen,Waddle,DEN,WR
Braxton,Berrios,NYG,WR
Jonathan,Ward,BAL,RB
Christian,Watson,GB,WR
Keisean,Nixon,GB,CB
Elijah,Moore,PHI,WR
Gerald,Everett,LAC,TE
Jake,Funk,IND,RB
Blake,Gillikin,ARI,P
Khalil,Shakir,BUF,WR
Michael,Burton,CLE,FB
Ty,Montgomery II,NE,WR
Ben,Skowronek,PIT,WR
Quentin,Johnston,LAC,WR
Harrison,Bryant,SEA,TE
Cedric,Tillman,NO,WR
Robert,Woods,HOU,WR
C.J.,Ham,MIN,FB
Nico,Collins,HOU,WR
Kyle,Juszczyk,SF,FB
Adam,Thielen,MIN,WR
Sterling,Shepard,NYJ,WR
Joshua,Palmer,BUF,WR
Elijah,Dotson,LAC,RB
Chig,Okonkwo,WSH,TE
Stefon,Diggs,WSH,WR
Devine,Ozigbo,DEN,RB
Greg,Dortch,BUF,WR
Darnell,Mooney,NYG,WR
Dee,Eskridge,MIA,WR
Kendrick,Bourne,ARI,WR
Nick,Bawden,HOU,RB
Van,Jefferson,WSH,WR
Sam,LaPorta,DET,TE
John,Metchie III,CAR,WR
Mike,Williams,LAC,WR
Andrew,Beck,NYJ,FB
Ashtyn,Davis,SF,S
Mecole,Hardman Jr.,BUF,WR
Jake,Bobo,SEA,WR
Logan,Thomas,WSH,TE
George,Kittle,SF,TE
Ezekiel,Turner,ARI,LB
Amani,Hooker,TEN,S
Kylen,Granson,TEN,TE
James,Robinson,GB,RB
Cole,Kmet,CHI,TE
Jordan,Addison,MIN,WR
Dallas,Goedert,PHI,TE
Steven,Sims,ARI,WR
Noah,Gray,KC,TE
Jashaun,Corbin,DAL,RB
Evan,Hull,ARI,RB
Tress,Way,WSH,P
Kenyan,Drake,BAL,RB
KhaDarel,Hodge,SF,WR
Jason,Cabinda,DET,FB
Mark,Andrews,BAL,TE
Tyler,Conklin,DET,TE
Alec,Ingold,LAC,FB
Nick,Niemann,GB,LB
Peyton,Hendershot,KC,TE
Deonte,Harty,BAL,WR
Rakim,Jarrett,TB,WR
Ty,Zentner,LAR,P
Noah,Brown,LV,WR
Teddy,Bridgewater,TB,QB
Jonathan,Williams,WSH,RB
Trent,Taylor,SF,WR
Jamal,Agnew,ATL,WR
Gabe,Davis,BUF,WR
Matt,Barkley,JAX,QB
Cooper,Kupp,SEA,WR
Rashee,Rice,KC,WR
Kyle,Pitts Sr.,ATL,TE
Ryan,Stonehouse,TEN,P
Kyle,Allen,BUF,QB
Cameron,Johnston,PIT,P
A.J.,Brown,NE,WR
Brandon,Aiyuk,SF,WR
Mike,Evans,SF,WR
Amari,Cooper,BUF,WR
Michael,Pittman Jr.,PIT,WR
Davante,Adams,LAR,WR
Chris,Olave,NO,WR
DK,Metcalf,PIT,WR
DeVonta,Smith,PHI,WR
Terry,McLaurin,WSH,WR
Travis,Kelce,KC,TE
Evan,Engram,DEN,TE
T.J.,Hockenson,MIN,TE
Tyler,Lockett,LV,WR
David,Njoku,LAC,TE
Trey,McBride,ARI,TE
Courtland,Sutton,DEN,WR
Josh,Downs,IND,WR
Darius,Slayton,IND,WR
Jake,Ferguson,DAL,TE
Jerry,Jeudy,CLE,WR
Diontae,Johnson,PIT,WR
Romeo,Doubs,NE,WR
Dalton,Kincaid,BUF,TE
Tee,Higgins,CIN,WR
Dalton,Schultz,HOU,TE
Jaxon,Smith-Njigba,SEA,WR
Josh,Reynolds,NYJ,WR
Odell,Beckham Jr.,NYG,WR
Michael,Wilson,ARI,WR
Darren,Waller,CAR,TE
K.J.,Osborn,TEN,WR
DJ,Chark,LAC,WR
Jahan,Dotson,ATL,WR
Alec,Pierce,IND,WR
Tyler,Higbee,LAR,TE
Justin,Watson,HOU,WR
Cade,Otton,TB,TE
Michael,Thomas,NO,WR
Hunter,Henry,NE,TE
Michael,Gallup,DAL,WR
Jonathan,Mingo,DAL,WR
Noah,Fant,NO,TE
Isaiah,Likely,NYG,TE
DeVante,Parker,NE,WR
Nelson,Agholor,BAL,WR
Jalin,Hyatt,NYG,WR
Nick,Westbrook-Ikhine,IND,WR
Juwan,Johnson,NO,TE
Durham,Smythe,BAL,TE
Tucker,Kraft,GB,TE
Luke,Musgrave,GB,TE
Zay,Jones,HOU,WR
Trenton,Irwin,SF,WR
Marquez,Valdes-Scantling,LAC,WR
Allen,Lazard,NYJ,WR
Pat,Freiermuth,PIT,TE
Michael,Mayer,LV,TE
Donald,Parham Jr.,LAC,TE
Brandon,Johnson,PIT,WR
Jalen,Tolbert,MIA,WR
Jauan,Jennings,MIN,WR
JuJu,Smith-Schuster,NYG,WR
Hunter,Renfrow,CAR,WR
Daniel,Bellinger,TEN,TE
Mack,Hollins,NE,WR
Colby,Parkinson,LAR,TE
A.T.,Perry,PIT,WR
Mike,Gesicki,CIN,TE
Austin,Hooper,ATL,TE
Alex,Erickson,WSH,WR
Isaiah,Hodgins,PIT,WR
Brevin,Jordan,HOU,TE
Josh,Oliver,MIN,TE
Pharaoh,Brown,IND,TE
Will,Mallory,IND,TE
Adam,Trautman,DEN,TE
Tommy,Tremble,CAR,TE
Foster,Moreau,HOU,TE
Zach,Ertz,PHI,TE
Dawson,Knox,BUF,TE
Hayden,Hurst,LAC,TE
Kyle,Philips,TEN,WR
Johnny,Mundt,PHI,TE
Will,Dissly,LAC,TE
David,Bell,CLE,WR
Olamide,Zaccheaus,ATL,WR
Drew,Sample,CIN,TE
Elijah,Higgins,ARI,TE
Lil'Jordan,Humphrey,DEN,WR
Mo,Alie-Cox,IND,TE
Scotty,Miller,CHI,WR
Byron,Pringle,WSH,WR
Jamison,Crowder,WSH,WR
Luke,Farrell,SF,TE
Stone,Smartt,NO,TE
Donovan,Peoples-Jones,DET,WR
John,Bates,WSH,TE
Jeremy,Ruckert,NYJ,TE
Drew,Ogletree,IND,TE
Quez,Watkins,PHI,WR
Terrace,Marshall Jr.,MIA,WR
Jordan,Akins,JAX,TE
Parker,Washington,JAX,WR
Robbie,Chosen,WSH,WR
Stephen,Sullivan,CAR,TE
Malik,Heath,GB,WR
River,Cracraft,WSH,WR
Cole,Turner,MIA,TE
Andrei,Iosivas,CIN,WR
Irv,Smith Jr.,CIN,TE
Richie,James,KC,WR
Robert,Tonyan,PIT,TE
MyCole,Pruitt,TEN,TE
Lucas,Krull,DEN,TE
Davis,Allen,LAR,TE
Geoff,Swaim,CLE,TE
David,Moore,CAR,WR
Josh,Whyle,GB,TE
Brock,Wright,DET,TE
Jalen,Guyton,LAC,WR
Charlie,Kolar,LAC,TE
Trent,Sherfield,BUF,WR
Tim,Jones,JAX,WR
Brycen,Hopkins,LAR,TE
Samori,Toure,PHI,WR
Chase,Claypool,PIT,WR
Julio,Jones,PHI,WR
Chris,Conley,SF,WR
Ronnie,Bell,LV,WR
Josiah,Deguara,PHI,TE
Luke,Schoonmaker,DAL,TE
Jalen,Brooks,ARI,WR
Equanimeous,St. Brown,CHI,WR
Darnell,Washington,PIT,TE
C.J.,Uzomah,NYJ,TE
Payne,Durham,TB,TE
Mitchell,Wilcox,CIN,TE
Ian,Thomas,LV,TE
D.J.,Montgomery,IND,WR
Jason,Brownlee,KC,WR
Justyn,Ross,KC,WR
Patrick,Ricard,NYG,FB
Julian,Hill,NE,TE
Mike,Strachan,WSH,WR
Britain,Covey,PHI,WR
Jimmy,Graham,CHI,TE
Randall,Cobb,NYJ,WR
Grant,Calcaterra,PHI,TE
Jack,Stoll,SF,TE
Elijah,Cooks,CAR,WR
Keith,Kirkwood,BAL,WR
Lawrence,Cager,WSH,TE
Marvin,Jones Jr.,JAX,WR
Brenton,Strange,JAX,TE
Keith,Smith,ATL,FB
Keelan,Doss,LAC,WR
Teagan,Quitoriano,ARI,TE
Charlie,Woerner,ATL,TE
Khalil,Dorsey,DET,CB
Marcedes,Lewis,GB,TE
Austin,Trammell,JAX,WR
Jalen,Nailor,LV,WR
Kenny,Yeboah,ARI,TE
James,Mitchell,DAL,TE
Blake,Bell,KC,TE
Quintin,Morris,JAX,TE
Greg,Dulcich,MIA,TE
Nick,Muse,ATL,TE
Nate,Adkins,DEN,TE
Trevon,Wesco,TEN,TE
Ben,Sims,MIA,TE
Zach,Pascal,ARI,WR
Kayshon,Boutte,HOU,WR
Brandin,Echols,PIT,CB
Miles,Boykin,PIT,WR
Chris,Manhertz,NYG,TE
Laquon,Treadwell,IND,WR
Willie,Snead IV,LV,WR
Alex,Armah,WSH,RB
Malik,Taylor,GB,WR
Eric,Saubert,SEA,TE
Jakob,Johnson,HOU,FB
Ross,Dwelley,CAR,TE
John,FitzPatrick,GB,TE
Collin,Johnson,CHI,WR
Tylan,Wallace,CLE,WR
Anthony,McFarland Jr.,PIT,RB
Cody,Thompson,TB,WR
Trishton,Jackson,MIN,WR
Tucker,Fisk,LAC,TE
Simi,Fehoko,ARI,WR
Tyler,Johnson,NYJ,WR
Kevin,Rader,TEN,TE
Mason,Kinsey,TEN,WR
Malcolm,Rodriguez,DET,LB
Cole,Fotheringham,LV,TE
Greg,Van Roten,NE,G
Dan,Skipper,DET,OT
Jesper,Horsted,LV,TE
Nick,Vannett,BAL,TE
Reggie,Gilliam,NE,FB
Cole,Strange,LAC,G
Colton,Dowell,PIT,WR
Giovanni,Ricci,DET,TE
Ko,Kieft,TB,TE
Jeffery,Simmons,TEN,DT
Kwamie,Lassiter II,CIN,WR
Antoine,Green,DET,WR
Damiere,Byrd,ATL,WR
Phillip,Dorsett II,LV,WR
Donovan,Smith,KC,OT
Juwann,Winfree,HOU,WR
James,Proche II,TEN,WR
JaMycal,Hasty,NE,RB
Irv,Charles,SEA,WR
Albert,Okwuegbunam Jr.,LV,TE
Sean,McKeon,IND,TE
Travis,Homer,PIT,RB
Ben,Bredeson,TB,G
Amari,Rodgers,HOU,WR
Jordan,Mims,PHI,RB
Rodney,Williams,PIT,TE
Shedrick,Jackson,BAL,WR
Gunner,Olszewski,NYG,WR
Robert,Hainsey,JAX,C
David,Wells,TB,TE
T.J.,Watt,PIT,LB
Trey,Hendrickson,BAL,LB
Josh,Hines-Allen,JAX,DE
Khalil,Mack,LAC,LB
Danielle,Hunter,HOU,DE
Maxx,Crosby,LV,DE
Myles,Garrett,LAR,DE
Micah,Parsons,GB,DE
Nnamdi,Madubuike,BAL,DT
Montez,Sweat,CHI,DE
Jonathan,Greenard,PHI,LB
Denico,Autry,HOU,DE
Aidan,Hutchinson,DET,DE
Kayvon,Thibodeaux,NYG,LB
Haason,Reddick,TB,LB
Bradley,Chubb,BUF,LB
Leonard,Floyd,ATL,DE
Chris,Jones,KC,DT
Harold,Landry III,NE,LB
Nick,Bosa,SF,DE
George,Karlaftis,KC,DE
Zach,Sieler,MIA,DT
Bryce,Huff,SF,DE
Travon,Walker,JAX,DE
Jadeveon,Clowney,HOU,DE
Samson,Ebukam,ATL,DE
Ed,Oliver,BUF,DT
Kyle,Van Noy,MIN,LB
Christian,Wilkins,LV,DT
Rashan,Gary,DAL,LB
Boye,Mafe,CIN,DE
Kobie,Turner,LAR,DE
Carl,Granderson,NO,DE
Jonathon,Cooper,DEN,LB
Kwity,Paye,LV,DE
Christian,Barmore,NE,DT
Aaron,Donald,LAR,DT
Preston,Smith,WSH,LB
DeForest,Buckner,IND,DT
Brian,Burns,NYG,LB
DJ,Wonnum,DET,LB
Malcolm,Koonce,LV,DE
Dayo,Odeyingbo,CHI,DE
Nik,Bonitto,DEN,LB
Byron,Young,LAR,LB
Kenny,Clark,DAL,DT
Dorance,Armstrong,WSH,DE
Chase,Young,NO,DE
Jermaine,Johnson II,TEN,DE
Yaya,Diaby,TB,LB
Javon,Hargrave,GB,DT
Jarran,Reed,SEA,DT
Charles,Omenihu,WSH,DE
Alex,Highsmith,PIT,LB
Will,Anderson Jr.,HOU,DE
Calais,Campbell,BAL,DE
Demario,Davis,NYJ,LB
Bud,Dupree,LAC,LB
Joey,Bosa,BUF,DE
Josh,Sweat,ARI,LB
Mike,Danna,BUF,DE
AJ,Epenesa,PHI,DE
Jaelan,Phillips,CAR,LB
Terrel,Bernard,BUF,LB
Quinton,Jefferson,NYJ,DT
Sheldon,Rankins,HOU,DT
Sam,Hubbard,CIN,DE
Andrew,Van Ginkel,MIN,LB
Arden,Key,IND,DE
Michael,Hoecht,BUF,DE
Antoine,Winfield Jr.,TB,S
Arnold,Ebiketie,PHI,LB
Dennis,Gardeck,JAX,LB
Jalen,Carter,PHI,DT
Leonard,Williams,SEA,DT
Za'Darius,Smith,ATL,DE
Jonathan,Allen,CIN,DT
Morgan,Fox,BUF,DE
Frankie,Luvu,WSH,LB
Vita,Vea,TB,DT
Darrell,Taylor,NE,DE
Quinnen,Williams,DAL,DT
Devonte,Wyatt,GB,DT
Fletcher,Cox,PHI,DT
Arik,Armstead,JAX,DT
Adam,Butler,LV,DT
Emmanuel,Ogbah,KC,DE
Maliek,Collins,CLE,DT
Jihad,Ward,MIN,LB
Solomon,Thomas,TEN,DT
Zach,Allen,DEN,DE
Casey,Toohill,BUF,DE
Joe,Tryon-Shoyinka,PHI,LB
Odafe,Oweh,WSH,LB
Alim,McNeill,DET,DT
Greg,Rousseau,BUF,LB
Alex,Wright,CLE,DE
Lavonte,David,TB,LB
Shaquil,Barrett,TB,LB
Deatrich,Wise Jr.,WSH,DE
Ogbo,Okoronkwo,SF,LB
Ja'Whaun,Bentley,NE,LB
Justin,Jones,ARI,DT
B.J.,Hill,CIN,DT
Drue,Tranquill,KC,LB
Dre'Mont,Jones,NE,DE
Dexter,Lawrence II,CIN,DT
Jordyn,Brooks,MIA,LB
Baron,Browning,ARI,LB
Yetur,Gross-Matos,SF,DE
Ernest,Jones IV,SEA,LB
Bryan,Bresee,NO,DT
Tuli,Tuipulotu,LAC,LB
Sam,Williams,CLE,LB
DeMarcus,Lawrence,SEA,LB
Markus,Golden,ARI,LB
Dante,Fowler Jr.,SEA,LB
Tyquan,Lewis,IND,DE
Yannick,Ngakoue,BAL,DE
Kaden,Elliss,NO,LB
Daron,Payne,WSH,DT
Matthew,Judon,BUF,DE
David,Onyemata,NYJ,DT
Victor,Dimukeje,SF,DE
Karl,Brooks,GB,DT
Calijah,Kancey,TB,DT
BJ,Ojulari,JAX,LB
Lukas,Van Ness,GB,DE
Bobby,Wagner,WSH,LB
Eric,Kendricks,SF,LB
Roy,Robertson-Harris,NYG,DT
Tanoh,Kpassagnon,TEN,DE
Randy,Gregory,SF,LB
DeMarcus,Walker,WSH,DE
John,Franklin-Myers,TEN,DE
Robert,Spillane,NE,LB
Clelin,Ferrell,MIA,DE
Mack,Wilson Sr.,ARI,LB
Patrick,Queen,PIT,LB
Zaven,Collins,ARI,LB
Jeremiah,Owusu-Koramoah,CLE,LB
Javon,Kinlaw,WSH,DT
Dante,Stills,ARI,DT
Tyree,Wilson,NO,DE
Brandon,Graham,PHI,DE
Jerry,Hughes,HOU,DE
Harrison,Smith,MIN,S
Johnathan,Hankins,SEA,DT
Brent,Urban,BAL,DE
Dalvin,Tomlinson,LAC,DT
Josey,Jewell,CAR,LB
Alex,Anzalone,TB,LB
Sebastian,Joseph-Day,PIT,DT
Larry,Ogunjobi,BUF,DT
Harrison,Phillips,NYJ,DT
Lorenzo,Carter,ATL,LB
Anthony,Nelson,TB,LB
P.J.,Locke,DAL,S
Justin,Reid,NO,S
Osa,Odighizuwa,SF,DT
Richie,Grant,NE,S
Josh,Uche,MIA,LB
Nathan,Shepherd,NO,DT
Nicholas,Morrow,PHI,LB
Ifeatu,Melifonwu,TB,S
Jamin,Davis,PIT,LB
Kenneth,Murray Jr.,HOU,LB
Will,McDonald IV,NYJ,DE
Trent,McDuffie,LAR,CB
Zach,Harrison,ATL,DE
Leo,Chenal,WSH,LB
Myles,Murphy,CIN,DE
Nick,Herbig,PIT,LB
Drake,Jackson,ATL,DE
Devon,Witherspoon,SEA,CB
Kyle,Hamilton,BAL,S
DaQuan,Jones,NE,DT
Jordan,Phillips,BUF,DT
Elandon,Roberts,PIT,LB
Foyesade,Oluokun,JAX,LB
Derek,Barnett,CLE,DE
Bobby,Okereke,CAR,LB
T.J.,Edwards,CHI,LB
Kevin,Strong,ARI,DE
Terrell,Edmunds,LV,S
Fred,Warner,SF,LB
Tyrel,Dodson,CAR,LB
Devin,White,DET,LB
Leki,Fotu,NYG,DT
Jordan,Elliott,TEN,DT
Joshua,Metellus,MIN,S
Azeez,Ojulari,LV,LB
Quay,Walker,LV,LB
Jordan,Davis,PHI,DT
Gervon,Dexter Sr.,ATL,DT
Ivan,Pace Jr.,MIN,LB
Cameron,Jordan,NO,DE
Cameron,Heyward,PIT,DT
Alex,Singleton,DEN,LB
Mario,Edwards Jr.,HOU,DT
David,Mayo,WSH,LB
Jonathan,Bullard,DAL,DT
Romeo,Okwara,DET,DE
Mike,Hilton,IND,CB
Quincy,Williams,CLE,LB
Taven,Bryan,BAL,DT
Germaine,Pratt,IND,LB
Uchenna,Nwosu,SEA,LB
Marcus,Davenport,CHI,DE
Jacob,Martin,TEN,DE
Sione,Takitaki,HOU,LB
Derwin,James Jr.,LAC,S
Khalil,Davis,HOU,DT
Blake,Cashman,MIN,LB
Jerry,Tillery,IND,DT
D.J.,Jones,DEN,DT
Rasheem,Green,HOU,DE
Broderick,Washington Jr.,BAL,DT
Arthur,Maulet,DET,CB
Zack,Baun,PHI,LB
Azeez,Al-Shaair,HOU,LB
Jonah,Williams,NO,DE
Derrick,Brown,CAR,DT
Kyzir,White,SF,LB
Julian,Okwara,CLE,DE
Tershawn,Wharton,CAR,DT
Jason,Pinnock,NYG,S
K'Lavon,Chaisson,WSH,LB
Nate,Landman,LAR,LB
Marlon,Tuipulotu,ATL,DT
Desjuan,Johnson,LAR,DE
Tre'von,Moehrig,CAR,S
Kingsley,Enagbare,NYJ,LB
Roger,McCreary,DET,CB
John,Cominsky,ATL,DE
Jordan,Battle,CIN,S
Christian,Harris,ATL,LB
Ja'Quan,McMillian,DEN,CB
Jack,Campbell,DET,LB
Jaylen,Watson,LAR,CB
Melvin,Ingram,KC,LB
Shelby,Harris,NYG,DT
Grady,Jarrett,CHI,DE
Jayron,Kearse,DAL,S
Maurice,Hurst II,WSH,DT
Charles,Harris,DET,DE
Bilal,Nichols,ARI,DT
Zaire,Franklin,GB,LB
Jonathan,Ledbetter,ARI,DE
Roquan,Smith,BAL,LB
Jerome,Baker,CLE,LB
Dre,Greenlaw,SF,LB
Anfernee,Jennings,NO,LB
Kevin,Givens,SF,DT
Chauncey,Golston,NYG,DE
Kenny,Moore II,PHI,CB
Grant,Delpit,CLE,S
Cameron,Sample,ATL,DE
Malik,Herring,MIA,DE
KJ,Henry,SF,DE
Travis,Jones,BAL,DT
Kyle,Dugger,CIN,S
Dax,Hill,CIN,CB
Adetomiwa,Adebawore,IND,DT
Linval,Joseph,DAL,DT
Al,Woods,NYJ,DT
Bruce,Irvin,SEA,LB
Tashaun,Gipson Sr.,SF,S
Duron,Harmon,CLE,S
John,Jenkins,BAL,DT
Jordan,Poyer,BUF,S
Kerry,Hyder Jr.,SF,DE
Nick,Williams,LAC,DT
Jordan,Hicks,MIN,LB
Dean,Marlowe,ATL,S
DeShawn,Williams,CAR,DT
Justin,Simmons,ATL,S
Rayshawn,Jenkins,PIT,S
Adam,Gotsis,TB,DT
Michael,Pierce,BAL,DT
Kwon,Alexander,NYJ,LB
Deion,Jones,SF,LB
DJ,Reader,NYG,DT
Shaq,Lawson,BUF,DE
Carlos,Watkins,TEN,DE
Jaleel,Johnson,TEN,DT
Marcus,Maye,LAC,S
Desmond,King II,HOU,CB
Dawuane,Smoot,JAX,DE
Tracy,Walker III,DET,S
Myles,Jack,PIT,LB
Kamu,Grugier-Hill,MIN,LB
Oren,Burks,CIN,LB
Shaquille,Leonard,IND,LB
E.J.,Speed,HOU,LB
Marquis,Haynes Sr.,CAR,LB
Jabrill,Peppers,PIT,S
Kentavius,Street,CHI,DT
Taron,Johnson,LV,CB
Jalyn,Holmes,TEN,DE
Justin,Hollins,LAC,DE
Derrick,Nnadi,IND,DT
Greg,Stroman Jr.,NYG,CB
Jahlani,Tavai,JAX,LB
Poona,Ford,LAR,DT
Da'Shawn,Hand,ATL,DT
Greg,Gaines,BUF,DT
Mike,Edwards,KC,S
James,Smith-Williams,ATL,DE
Ronnie,Harrison Jr.,MIA,LB
Neville,Gallimore,CHI,DT
David,Long Jr.,TEN,LB
Trevis,Gipson,CAR,LB
Logan,Wilson,CIN,LB
Tim,Settle,WSH,DT
Rasul,Douglas,WSH,CB
Cam,Gill,CAR,LB
Ben,Stille,DET,DT
Benito,Jones,LV,DT
Isaiah,Simmons,CAR,S
Marlon,Davidson,NYG,DT
Janarius,Robinson,KC,DE
Patrick,Jones II,CAR,LB
Elijah,Riley,NYJ,S
Divine,Deablo,ATL,LB
Troy,Dye,LAC,LB
Myles,Bryant,CLE,CB
Levi,Onwuzurike,DET,DE
Myles,Adams,DET,DE
Elijah,Garcia,DAL,DE
Raekwon,Davis,IND,DT
Jalen,Thompson,DAL,S
Jeremy,Chinn,LV,S
Khaleke,Hudson,CLE,LB
Eric,Johnson II,GB,DT
Amik,Robertson,WSH,CB
Nate,Hobbs,SF,CB
C.J.,Henderson,ATL,CB
Tre,Brown,NYJ,CB
Isaiah,Buggs,PIT,DT
Kam,Curl,LAR,S
J.J.,Russell,TB,LB
Keion,White,SF,DE
Kalia,Davis,CLE,DT
Mark,Robinson,NYJ,LB
Jack,Gibbens,ARI,LB
Benjamin,St-Juste,GB,CB
Robert,Beal Jr.,MIA,DE
Isaiah,Pola-Mao,LV,S
Willie,Gay Jr.,MIA,LB
Josh,Paschal,DET,DE
Derrick,Barnes,DET,LB
Ta'Quon,Graham,PHI,DE
Kader,Kohou,KC,CB
Jonathan,Owens,IND,S
Quan,Martin,WSH,S
Jordan,Howden,NO,S
Kyler,Gordon,CHI,CB
Joseph,Ossai,NYJ,DE
Ar'Darius,Washington,NYG,S
Alontae,Taylor,TEN,CB
Micah,McFadden,NYG,LB
Jack,Sanborn,CHI,LB
Markees,Watts,TB,LB
Teair,Tart,LAC,DT
Jonathan,Harris,MIN,DE
Nolan,Smith Jr.,PHI,LB
Mazi,Smith,MIA,DT
DeMarvin,Leal,PIT,DE
David,Ojabo,MIA,LB
Dane,Belton,NYJ,S
Keeanu,Benton,PIT,DT
Isaiah,McGuire,CLE,DE
Kelee,Ringo,PHI,CB
Antonio,Johnson,JAX,S
Trenton,Simpson,BAL,LB
Zach,VanValkenburg,LAR,LB
Cameron,Mitchell,IND,CB
Jaquan,Brisker,PIT,S
DJ,Turner II,CIN,CB
Isaiah,Land,DAL,LB
Christian,Gonzalez,NE,CB
Tavius,Robinson,BAL,LB
Brian,Branch,DET,S
Justin,Houston,BAL,LB
Justin,Bethel,NE,CB
C.J.,Mosley,NYJ,LB
Rakeem,Nunez-Roches,TB,DT
Denzel,Perryman,LAC,LB
Eli,Apple,SF,CB
Duke,Riley,MIA,LB
Abdullah,Anderson,WSH,DT
Josh,Woods,ATL,LB
Armon,Watts,NYG,DT
Shy,Tuttle,WSH,DT
Jordan,Whitehead,TB,S
Cam,Bynum,IND,S
Taylor,Rapp,DEN,S
Grover,Stewart,IND,DT
Milton,Williams,NE,DT
Isaiah,McDuffie,GB,LB
Micheal,Clemons,IND,DE
Xavier,McKinney,GB,S
Pete,Werner,NO,LB
DJ,Davidson,WSH,DT
Dominique,Robinson,HOU,DE
Troy,Andersen,ATL,LB
Kurt,Hinish,HOU,DT
Logan,Hall,HOU,DE
Greg,Newsome II,NYG,CB
Andre,Cisco,NYJ,S
Bobby,Brown III,CAR,DT
Zacch,Pickens,ATL,DT
Nakobe,Dean,LV,LB
Isaiah,Foskey,CIN,DE
Colby,Wooden,NO,DT
Felix,Anudike-Uzomah,KC,DE
Duane,Brown,SEA,OT
Matthew,Slater,NE,WR
JJ,Jansen,CAR,LS
Tyson,Alualu,PIT,DT
Trent,Williams,SF,OT
Kareem,Jackson,DEN,S
Jason,Pierre-Paul,TB,LB
Jon,Weeks,SF,LS
Morgan,Cox,TEN,LS
Von,Miller,DAL,LB
Patrick,Peterson,MIN,CB
Lawrence,Guy,NE,DT
Nick,Bellore,WSH,LB
Jake,McQuaide,LAR,LS
Kevin,Zeitler,TEN,G
Stephon,Gilmore,MIN,CB
Bryan,Anger,DAL,P
Josh,Norman,SF,CB
Josh,Harris,LAC,LS
Rodney,McLeod Jr.,CLE,S
Charley,Hughlett,PHI,LS
Andrew,DePaola,MIN,LS
Justin,Pugh,NYG,G
Tyrann,Mathieu,KC,S
Logan,Ryan,SF,S
Darius,Slay,BUF,CB
David,Quessenberry,LAR,OT
Micah,Hyde,BUF,S
Dustin,Hopkins,CLE,PK
William,Gholston,TB,DE
Cody,Davis,NE,S
Brandon,McManus,GB,PK
Mike,Purcell,DEN,DT
James,Winchester,KC,LS
Anthony,Barr,DAL,LB
Jimmie,Ward,HOU,S
Bradley,Roby,PHI,CB
Joel,Bitonio,CLE,G
James,Hurst,NO,OT
Tyler,Larsen,WSH,C
Cornelius,Lucas,CLE,OT
Mike,Pennel,KC,DT
Casey,Kreiter,ARI,LS
Tyler,Ott,WSH,LS
Matt,Feiler,TB,G
C.J.,Goodwin,DAL,CB
Adrian,Phillips,NE,S
Carl,Davis Jr.,WSH,DT
Laken,Tomlinson,GB,G
Jon,Feliciano,SF,G
Mitch,Morse,JAX,C
Troy,Hill,CAR,CB
Rick,Lovato,PHI,LS
DeAndre,Houston-Carson,HOU,S
Luke,Rhodes,IND,LS
James,Bradberry IV,PHI,CB
Kevin,Byard,NE,S
Angelo,Blackson,ARI,DE
Miles,Killebrew,TB,S
Bobby,McCain,WSH,S
Zach,Wood,NO,LS
Joe,Cardona,LAR,LS
Eric,Rowe,PIT,S
Frank,Clark,SEA,LB
Lucas,Patrick,WSH,G
Stephen,Anderson,ARI,TE
Jake,Brendel,SF,C
Connor,McGovern,NYJ,C
Quandre,Diggs,TEN,S
Riley,Dixon,TB,P
Sam,Eguavoen,NYJ,LB
T.Y.,McGill,SF,DT
Joe,Thuney,CHI,G
Marcus,Peters,BAL,CB
Ryan,Kelly,IND,C
David,Andrews,NE,C
Matthias,Farley,LV,S
Wes,Schweitzer,NYJ,G
Adrian,Amos,HOU,S
George,Fant,WSH,OT
Ronald,Darby,BAL,CB
Deon,Bush,KC,S
Justin,Hardee Sr.,NYJ,CB
Eric,Murray,JAX,S
Jonathan,Jones,PHI,CB
D.J.,Humphries,WSH,OT
Ka'imi,Fairbairn,HOU,PK
Fabian,Moreau,WSH,CB
Kevon,Seymour,WSH,CB
Hassan,Ridgeway,HOU,DT
Nick,Vigil,DAL,LB
Joe,Jones,TEN,LB
Dean,Lowry,PIT,DT
Damontae,Kazee,DAL,S
Sheldon,Day,WSH,DT
Michael,Dunn,CLE,G
Tyler,Matakevich,BUF,LB
Jalen,Mills,DET,S
Reid,Ferguson,BUF,LS
Chris,Wormley,IND,DT
Blake,Martinez,GB,LB
Cory,Littleton,HOU,LB
Shaq,Thompson,BUF,LB
Christian,Kuntz,PIT,LS
Xavien,Howard,IND,CB
Austin,Johnson,BUF,DT
Josh,Tupou,NYG,DT
Pat,O'Connor,DET,DE
Thomas,Hennessy,NYJ,LS
Dylan,Cole,TEN,LB
Dwayne,Washington,NO,RB
Eli,Ankou,BUF,DT
Nick,Thurman,CAR,DT
De'Vondre,Campbell,SF,LB
Xavier,Woods,CHI,S
Parry,Nickerson,PHI,CB
Tanzel,Smart,NYJ,DT
Daryl,Worley,BAL,S
Tre'Davious,White,BUF,CB
Cameron,Sutton,DET,CB
Kendal,Vickers,LV,DT
Folorunso,Fatukasi,LV,DT
Jourdan,Lewis,JAX,CB
Godwin,Igwebuike,SEA,RB
Tyler,Lancaster,GB,DT
Anthony,Walker Jr.,MIA,LB
Steven,Nelson,HOU,CB
Jalen,Ramsey,PIT,CB
Brandon,Facyson,IND,CB
Kendall,Fuller,MIA,CB
Wyatt,Teller,HOU,G
Matt,Milano,BUF,LB
John,Johnson III,LAR,S
Tre,Flowers,CIN,CB
Calvin,Munson,MIA,LB
Dee,Delaney,TB,CB
George,Odum,HOU,S
Mike,Ford Jr.,ATL,CB
Bruce,Hector,NYJ,DT
Deadrin,Senat,ATL,DT
Vonn,Bell,CIN,S
Zach,Cunningham,DET,LB
Andrew,Billings,ARI,DT
Montravius,Adams,PIT,DT
Rudy,Ford,GB,S
Daniel,Carlson,NO,PK
Carl,Lawson,BAL,DE
Artie,Burns,PIT,CB
Daniel,Ekuale,PIT,DT
Chidobe,Awuzie,BAL,CB
Darrell,Daniels,DET,TE
Coleman,Shelton,LAR,C
Trent,Sieg,DAL,LS
Mike,McGlinchey,DEN,OT
Isaac,Rochell,LV,DE
Jaylon,Smith,NYG,LB
Michael,Davis,NO,CB
Dallin,Leavitt,GB,S
Shaquill,Griffin,SEA,CB
Eddie,Jackson,BAL,S
A'Shawn,Robinson,TB,DT
Keanu,Neal,TB,S
Antonio,Hamilton Sr.,WSH,CB
Eric,Wilson,MIN,LB
Siran,Neal,SF,S
Neville,Hewitt,NYG,LB
Chris,Board,NYG,LB
Zach,Triner,NYG,LS
Tony,Brown II,IND,CB
Jamal,Adams,MIN,LB
Davon,Godchaux,NO,DT
Will,Clapp,NO,C
J.T.,Gray,PHI,S
Elgton,Jenkins,CLE,C
Mason,Cole,PIT,C
Chase,Winovich,MIA,DE
Craig,James,NYJ,CB
Luke,Gifford,SF,LB
Troy,Reeder,NYJ,LB
Nick,Scott,CAR,S
Curtis,Bolton III,LV,LB
Orlando,Brown Jr.,CIN,OT
Ty,Summers,CHI,LB
L.J.,Collier,ARI,DE
M.J.,Stewart,HOU,S
Cole,Holcomb,PIT,LB
Adoree',Jackson,PHI,CB
Ryan,Neal,TB,S
Malik,Hooker,DAL,S
Marshon,Lattimore,WSH,CB
Khalen,Saunders,TEN,DT
J.C.,Jackson,LAC,CB
Donovan,Wilson,DAL,S
Tre,Herndon,JAX,S
Ahkello,Witherspoon,WSH,CB
Isaac,Yiadom,WSH,CB
Marcus,Williams,LAC,S
Oshane,Ximines,NYG,LB
Trent,Scott,WSH,OT
Avonte,Maddox,DET,CB
Joey,Slye,TEN,PK
Malik,Reed,PIT,LB
Jason,Sanders,NYJ,PK
Nik,Needham,NYJ,CB
Chandon,Sullivan,MIN,CB
Dalton,Risner,CIN,G
Jeremy,Reaves,WSH,S
Andre,Chachere,ARI,S
Jalen,Davis,CIN,CB
Matthew,Adams,NYG,LB
Rashaan,Evans,ATL,LB
Marlon,Humphrey,BAL,CB
Budda,Baker,ARI,S
Sidney,Jones IV,SEA,CB
Kaleb,McGary,ATL,OT
Jeremy,McNichols,WSH,RB
Chris,Lammons,IND,CB
DeMarquis,Gates,CHI,LB
Quenton,Nelson,IND,G
Tytus,Howard,CLE,OT
Tae,Davis,NYG,LB
Levi,Wallace,PIT,CB
Kyle,Peko,DET,DT
Matt,Dickerson,JAX,DE
Tremon,Smith,HOU,CB
Leighton,Vander Esch,DAL,LB
Sean,Chandler,CAR,S
Michael,Dogbe,ARI,DE
Mitchell,Fraboni,DEN,LS
Marcus,Epps,PHI,S
D.J.,Reed,DET,CB
D'Angelo,Ross,CLE,CB
Ben,Niemann,ARI,LB
Danny,Johnson,WSH,CB
Parker,Hesse,ATL,TE
Chris,Lindstrom,ATL,G
Albert,Huggins,NO,DT
Austin,Bryant,SF,DE
Tanner,Muse,SEA,LB
Johnathan,Abram,SEA,S
Efe,Obada,WSH,DE
Malik,Jefferson,LAC,LB
Donte,Jackson,LAC,CB
Jaylinn,Hawkins,BAL,S
Yosh,Nijman,CAR,OT
Jamel,Dean,PIT,CB
Kyle,Phillips,NYJ,DE
Benning,Potoa'e,WSH,DT
Ugo,Amadi,NYG,S
Jeremiah,Ledbetter,JAX,DT
Blake,Lynch,MIN,LB
James,Daniels,CHI,G
Jaire,Alexander,PHI,CB
Dane,Jackson,JAX,CB
Andre,Smith,BUF,LB
Mike,Hughes,ATL,CB
Justin,Evans,TB,S
Christian,Rozeboom,TB,LB
Rock,Ya-Sin,DET,CB
Marquise,Copeland,LAR,DT
Will,Harris,WSH,S
Micah,Abernathy,ATL,S
Darnell,Savage,PIT,S
Isaiah,Oliver,TEN,S
DaVon,Hamilton,JAX,DT
Liam,McCullough,ATL,LS
Denzel,Ward,CLE,CB
Terence,Steele,DAL,OT
Joe,Gaziano,JAX,DE
Duke,Shelley,MIN,CB
Jack,Fox,DET,P
Geron,Christian,JAX,OT
Cam,Lewis,CHI,CB
Ka'dar,Hollman,HOU,CB
T.J.,Smith,CAR,DT
Carlton,Davis III,NE,CB
Roderic,Teamer,LV,S
Akeem,Davis-Gaither,IND,LB
Tae,Hayes,MIA,CB
Tyler,Bass,BUF,PK
Erik,McCoy,NO,C
Mike,Jackson,CAR,CB
Juan,Thornhill,JAX,S
Markus,Bailey,CIN,LB
Andrew,Wingard,ARI,S
Jessie,Bates III,ATL,S
Justin,Strnad,DEN,LB
Matt,Peart,DEN,OT
Lester,Cotton,MIA,G
Minkah,Fitzpatrick,NYJ,S
Kendall,Sheffield,MIA,CB
Jacob,Bobenmoyer,LV,LS
Cody,Barton,TEN,LB
Ross,Matiscik,JAX,LS
Dan,Chisena,CAR,WR
Kris,Boyd,MIN,CB
DeShon,Elliott,PIT,S
Jon,Runyan,NYG,G
Tremaine,Edmunds,NYG,LB
Demetrius,Flannigan-Fowles,BUF,LB
Andre,James,TEN,C
Zayne,Anderson,MIA,S
Sean,Murphy-Bunting,TB,CB
Elijah,Campbell,NYG,S
Greg,Joseph,MIN,KR
Bobby,Price,WSH,CB
Robert,Rochell,CAR,CB
Connor,McGovern,BUF,C
Jake,Hansen,HOU,LB
Sam,Kamara,CLE,DT
Tucker,Addington,MIA,LS
Carter,Coughlin,NYG,LB
Dicaprio,Bootle,CAR,CB
JoJo,Domann,TEN,LB
C.J.,Gardner-Johnson,BUF,S
Jeremiah,Moon,CAR,LB
Luke,Fortner,CAR,C
Christian,Holmes,CLE,CB
Joejuan,Williams,MIN,CB
Grayland,Arnold,HOU,S
Kristian,Fulton,KC,CB
K'Von,Wallace,BAL,CB
Tremayne,Anchrum,LAR,G
John,Simpson,BAL,G
Daniel,Thomas,CLE,S
McTelvin,Agim,IND,DT
De'Jon,Harris,WSH,LB
Landon,Dickerson,PHI,G
Julian,Blackmon,NO,S
Terrell,Burgess,TEN,S
Jack,Jones,SF,CB
Tyler,Biadasz,LAC,C
Isaiahh,Loudermilk,NYJ,DT
Krys,Barnes,CLE,LB
Brandon,Stephens,NYJ,CB
Cameron,Goode,MIA,LB
Jordan,Kunaszyk,CLE,LB
Damar,Hamlin,BUF,S
Rashad,Weaver,TEN,LB
Kristian,Welch,GB,LB
Nick,McCloud,CHI,CB
DJ,Turner,LV,WR
Devin,Bush,CHI,LB
Shemar,Jean-Charles,SEA,CB
Joe,Bachie,DET,LB
Ty,Shelby,LAC,LB
Kindle,Vildor,NE,CB
Darrell,Baker Jr.,MIA,CB
Trenton,Thompson,PIT,S
Tayler,Hawkins,SF,S
Luke,Masterson,LV,LB
Essang,Bassey,DEN,CB
Boogie,Basham,WSH,LB
Charvarius,Ward,IND,CB
Shaq,Quarterman,JAX,LB
Tomon,Fox,LAR,LB
Chazz,Surratt,SEA,LB
Bryce,Hall,HOU,CB
Ben,Powers,DEN,G
Amen,Ogbongbemiga,DET,LB
Devin,Harper,CIN,LB
A.J.,Green III,MIA,CB
Innis,Gaines,GB,S
Ross,Blacklock,ATL,DT
Keir,Thomas II,LAR,LB
Byron,Murphy Jr.,MIN,CB
Khalid,Kareem,SF,DE
Brandon,Jones,DEN,S
Malcolm,Roach,DEN,DT
Alohi,Gilman,KC,S
Jack,Heflin,NYJ,DT
L'Jarius,Sneed,KC,CB
Aaron,Brewer,MIA,C
Jordan,Fuller,ATL,S
Malik,Harrison,NYG,LB
Eric,Banks,ARI,DE
Roy,Lopez,ARI,DT
Jabril,Cox,MIN,LB
Dillon,Radunz,NO,G
Cordell,Volson,GB,G
Shyheim,Carter,TEN,S
Trevon,Diggs,SEA,CB
Sam,Franklin Jr.,BUF,S
Curtis,Robinson,DAL,LB
Cam,Brown,NYG,LB
Timmy,Horne,TEN,DT
David,Long Jr.,NO,CB
AJ,Parker,DET,CB
Julian,Love,SEA,S
Liam,Eichenberg,MIA,OT
Naquan,Jones,SF,DT
Jaylon,Jones,TEN,CB
Chase,Lucas,TB,CB
Brenden,Schooler,NE,S
Ezra,Cleveland,JAX,G
Tyler,Hall,CLE,CB
Caleb,Johnson,HOU,LB
Sam,Roberts,NYG,DT
Darrick,Forrest,SF,S
Coby,Bryant,CHI,S
Darious,Williams,LAR,CB
Hunter,Long,ARI,TE
A.J.,Terrell Jr.,ATL,CB
Baylon,Spector,JAX,LB
Cory,Durden,NE,DT
Russ,Yeast,CIN,S
Larrell,Murchison,LAR,DE
Trenton,Gill,TB,P
Grant,Stuard,LAR,LB
Payton,Turner,DET,DE
Kingsley,Jonathan,NYJ,DE
Ja'Sir,Taylor,CIN,CB
Zach,Bako-Bewele,GB,OT
Michael,Carter II,PHI,CB
Josh,Blackwell,CHI,CB
Chris,Rumph II,NO,DE
Tariq,Carpenter,GB,S
Del'Shawn,Phillips,LAC,LB
Tony,Adams,TEN,S
Bryce,Baringer,NE,P
Vederian,Lowe,SF,OT
Geno,Stone,BUF,S
Tristan,Wirfs,TB,OT
Marco,Wilson,MIA,CB
Malik,Davis,DAL,RB
James,Houston,DAL,LB
T.J.,Slaton Jr.,CIN,DT
Zachary,Carter,ARI,DT
DJ,Johnson,WSH,DE
Jordon,Riley,GB,DT
Monty,Rice,LAR,LB
Damarri,Mathis,CLE,CB
Cal,Adomitis,NO,LS
Carter,Warren,MIA,OT
Lonnie,Johnson Jr.,MIA,S
Joey,Blount,ARI,S
Buddy,Johnson,CHI,LB
D'Marco,Jackson,CHI,LB
Jalen,Pitre,HOU,S
Jake,Hummel,HOU,LB
Creed,Humphrey,KC,C
Phidarian,Mathis,BUF,DT
LaBryan,Ray,CAR,DE
Jedrick,Wills Jr.,BUF,OT
Daiyan,Henley,LAC,LB
Nephi,Sewell,CHI,LB
Marcus,Jones,NE,CB
Garret,Wallow,SF,LB
Derrek,Pitts,TB,CB
Markquese,Bell,DAL,S
Josiah,Scott,PHI,CB
Jeff,Okudah,MIN,CB
Shaun,Wade,PHI,CB
Thayer,Munford Jr.,NE,OT
Montaric,Brown,JAX,CB
Ed,Ingram,HOU,G
Neil,Farrell,KC,DT
Rashawn,Slater,LAC,OT
Earnest,Brown IV,TEN,DE
Matt,Henningsen,DEN,DE
Elijah,Hicks,CHI,S
Theo,Jackson,MIN,S
Matthew,Butler,MIA,DT
Trey,Smith,KC,G
Deommodore,Lenoir,SF,CB
Austin,Faoliu,SEA,DT
Chandler,Wooten,CAR,LB
Noah,Igbinoghene,CLE,CB
Anders,Carlson,NYJ,PK
K.J.,Britt,NE,LB
Paulson,Adebo,NYG,CB
Drew,Dalman,CHI,C
Darnay,Holmes,ATL,CB
Mykal,Walker,NYJ,LB
Brady,Russell,SEA,FB
Jaylon,Johnson,CHI,CB
Devin,Lloyd,CAR,LB
Alex,Cook,LAR,S
Elijah,Molden,LAC,CB
DeAngelo,Malone,ATL,LB
Alex,Ward,LV,LS
Patrick,Johnson,LV,DE
Reed,Blankenship,HOU,S
Mike,Brown,NE,S
Akayleb,Evans,CAR,CB
Sidy,Sow,HOU,G
Riq,Woolen,PHI,CB
Christian,Elliss,NE,LB
Tony,Fields II,CHI,LB
Travis,Bell,CLE,DT
Benton,Whitley,NE,LB
Bryan,Cook,CIN,S
Ty,Okada,SEA,S
John,Ridgeway III,NO,DT
Rodney,Thomas II,SEA,S
Josh,Hayes,TB,CB
Marte,Mapu,NE,LB
DaRon,Bland,DAL,CB
Matt,Gay,LV,PK
Quentin,Lake,LAR,S
Andre,Jones Jr.,MIA,LB
Mike,Greene,TB,DE
Jack,Cochrane,KC,LB
Zyon,McCollum,TB,CB
Tristin,McCollum,LV,S
Matthew,Jackson,TEN,CB
Khyiris,Tonga,KC,DT
Tycen,Anderson,DEN,S
James,Hudson III,TEN,OT
Brad,Robbins,BUF,P
Ambry,Thomas,PHI,CB
Raheem,Layne,NYG,S
Jon,Rhattigan,CHI,LB
James,Pierre,MIN,CB
Olakunle,Fatukasi,LAR,LB
Tre,Avery,CLE,CB
Jalen,Harris,WSH,DE
Ameer,Speed,DAL,CB
Eric,Stokes,LV,CB
Tariq,Castro-Fields,PHI,CB
Chris,Stoll,SEA,LS
Jay,Tufele,DET,DT
Brandon,Pili,SEA,DT
Quinton,Bohanna,JAX,DT
Phil,Hoskins,ARI,DT
Jordan,Stout,NYG,P
Segun,Olubi,LV,LB
Samuel,Womack III,NYJ,CB
Jordan,Mailata,PHI,OT
Tavierre,Thomas,MIN,S
Myjai,Sanders,ARI,LB
Amari,Burney,JAX,LB
Brian,Asamoah II,MIN,LB
Ronnie,Perkins,DEN,LB
Delarrin,Turner-Yell,DEN,S
Brayden,Willis,SF,TE
Derion,Kendrick,DAL,CB
Mario,Goodrich III,TEN,CB
Kerby,Joseph,DET,S
Sydney,Brown,ATL,S
JuJu,Brents,MIA,CB
Kaevon,Merriweather,JAX,S
Trevor,Denbow,IND,S
Charlie,Thomas III,CLE,LB
Juanyeh,Thomas,IND,S
Mekhi,Blackmon,CLE,CB
Ethan,Bonner,MIA,CB
Nick,Hampton,CAR,LB
Yasir,Abdullah,ATL,LB
Talanoa,Hufanga,DEN,S
Kana'i,Mauga,PIT,LB
Terell,Smith,WSH,CB
Benny,Sapp III,GB,S
Cam,Jurgens,PHI,C
Cam,Taylor-Britt,IND,CB
Eku,Leota,ARI,LB
Jamien,Sherwood,NYJ,LB
Tyreke,Smith,KC,DE
NaJee,Thompson,MIN,CB
Jesse,Luketa,NE,LB
PJ,Mustipher,ARI,DT
Rasheed,Walker,CAR,OT
Cameron,Thomas,ATL,DE
Chad,Muma,NE,LB
Anthony,Johnson Jr.,CHI,S
Divaad,Wilson,NYG,CB
Cade,Mays,DET,C
Tanner,McCalister,KC,S
Jarrick,Bernard-Converse,NYG,CB
Jason,Taylor II,DET,S
Tyler,Lacy,DET,DT
Chamarri,Conner,KC,S
Christian,Darrisaw,MIN,OT
Cameron,Dicker,LAC,PK
D'Shawn,Jamison,ARI,CB
Moro,Ojomo,PHI,DT
Keondre,Coburn,TEN,DT
Ochaun,Mathis,NYJ,LB
Nesta Jade,Silvera,LV,DT
DJ,Ivey,CIN,CB
Kelvin,Joseph,DAL,CB
Damone,Clark,DET,LB
Nick,Bolton,KC,LB
Jaycee,Horn,CAR,CB
Israel,Mukuamu,PIT,S
Darius,Rush,PIT,CB
Cameron,Young,SEA,DT
JT,Woods,NYG,S
Asante,Samuel Jr.,PIT,CB
Percy,Butler,WSH,S
Eric,Garror,TEN,CB
Starling,Thomas V,ARI,CB
Patrick,O'Connell,SEA,LB
Brodric,Martin-Rhodes,ARI,DT
Otito,Ogbonnia,DAL,DT
Julius,Chestnut,TEN,RB
Quindell,Johnson,WSH,S
Jaylin,Williams,MIN,CB
Cam,Jones,KC,LB
Pat,Surtain II,DEN,CB
Jalyn,Armour-Davis,TEN,CB
Josh,Jobe,SEA,CB
Chance,Campbell,PHI,LB
Ben,VanSumeren,KC,FB
Vincent,Gray,CLE,CB
Cameron,McGrone,LV,LB
Christian,Izien,DET,S
Jerry,Jacobs,DET,CB
Scott,Matlock,LAC,FB
Jevon,Holland,NYG,S
Kahlef,Hailassie,GB,DB
Dylan,Horton,HOU,DE
LaCale,London,ATL,DE
Jake,Camarda,TB,P
Tyson,Campbell,CLE,CB
Otis,Reese IV,BUF,LB
Chris,Smith II,NYJ,S
Channing,Tindall,ATL,LB
Christian,Benford,BUF,CB
Luke,Goedeke,TB,OT
Riley,Moss,DEN,CB
Joshua,Pryor,WSH,DT
Cobie,Durant,DAL,CB
Andrew,Farmer II,SF,DE
Gregory,Junior,JAX,CB
Dareke,Young,LV,WR
Dee,Alford,BUF,CB
Trey,Pipkins III,LAC,OT
Corey,Ballentine,JAX,CB
Anthony,Pittman,DET,LB
Andrew,Booth,MIN,CB
Henry,To'oTo'o,HOU,LB
Tyrique,Stevenson Sr.,CHI,CB
Nick,Cross,WSH,S
Derek,Stingley Jr.,HOU,CB
Siaki,Ika,CLE,DT
Joey,Porter Jr.,PIT,CB
Lewis,Cine,MIN,S
Christopher,Hinton,LAC,DT
Alex,Austin,MIA,CB
Kei'Trel,Clark,ARI,CB
Ikem,Ekwonu,CAR,OT
AJ,Finley,SEA,S
Sauce,Gardner,IND,CB
Tre,Tomlinson,SF,CB
Nic,Jones,NYG,CB
Kyu Blu,Kelly,LV,CB
Deonte,Banks,NYG,CB
Drake,Thomas,SEA,LB
Dee,Winters,DAL,LB
Broderick,Jones,DAL,OT
Eli,Ricks,PHI,CB
Jaquelin,Roy,NE,DT
Clark,Phillips III,CHI,CB
SirVocea,Dennis,TB,LB
Martin,Emerson Jr.,NO,CB
Cor'Dale,Flott,TEN,CB
Emmanuel,Forbes Jr.,LAR,CB
Jammie,Robinson,ATL,S
Luke,Wypler,CLE,C
Noah,Sewell,CHI,LB
Carrington,Valentine,GB,CB
DeMarcco,Hellams,ATL,S
Byron,Young,PHI,DT
Owen,Pappoe,TEN,LB
Derick,Hall,SEA,LB
Kaiir,Elam,LAC,CB
Mohamoud,Diabate,TEN,LB
Gervarrius,Owens,CHI,S
Jay,Ward,MIN,S
TK,McLendon Jr.,TEN,DE
Amare,Barno,CAR,LB
Garrett,Williams,ARI,CB
Matthew,Bergeron,ATL,G
Dorian,Williams,BUF,LB
Tyler,Smith,DAL,G
Ronnie,Hickman,CLE,S
Jerrick,Reed II,ARI,S
Jalen,Graham,SF,LB
Nahshon,Wright,NYJ,CB
Cam,Smith,MIA,CB
Mike,Morris,SEA,DE
Brandon,Smith,PHI,LB
Andre,Carter II,LAC,LB
Quinn,Meinerz,DEN,G
D'Anthony,Bell,SEA,S
Ben,Bartch,DET,G
Jaylon,Jones,IND,CB
Drew,Sanders,DEN,LB
Darrell,Luter Jr.,LV,CB
Perrion,Winfrey,DAL,DT
Tre,Hawkins III,MIN,CB
Jakorian,Bennett,PHI,CB
Tyrus,Wheat,DAL,LB
Deane,Leonard,LAC,CB
BJ,Thompson,KC,DE
Anton,Harrison,JAX,OT
Ji'Ayir,Brown,SF,S
Thomas,Incoom,CAR,LB
Christian,Matthew,ARI,CB
Caleb,Murphy,LAC,LB
Dallis,Flowers,CHI,CB
Joshua,Williams,TEN,CB
Jeremiah,Pharms Jr.,NE,DT
Anthony,Kendall,BUF,CB
Trevor,Nowaske,DET,LB
Nick,Folk,ATL,PK
Mason,Crosby,GB,PK
Matt,Prater,BUF,PK
Graham,Gano,NYG,PK
Greg,Zuerlein,NYJ,PK
Randy,Bullock,TEN,PK
Brett,Maher,LAR,PK
Chris,Boswell,PIT,PK
Cairo,Santos,CHI,PK
Jason,Myers,SEA,PK
Wil,Lutz,DEN,PK
Younghoe,Koo,NYG,PK
Jake,Elliott,PHI,PK
Harrison,Butker,KC,PK
Michael,Badgley,BUF,PK
Chase,McLaughlin,TB,PK
Austin,Seibert,WSH,PK
Matt,Ammendola,HOU,PK
Jamie,Gillan,NYG,P
Brandon,Aubrey,DAL,PK
Eddy,Pineiro,SF,PK
Riley,Patterson,MIA,PK
Lucas,Havrisik,GB,PK
Blake,Grupe,NYJ,PK
Evan,McPherson,CIN,PK
Chad,Ryland,ARI,PK
Jake,Moody,WSH,PK
Corey,Levin,ATL,G
Bradley,Pinion,MIA,P
Matthew,Wright,HOU,PK
Rigoberto,Sanchez,IND,P
Jake,Bailey,ATL,P
Mitch,Wishnowsky,NE,P
Corey,Bojorquez,CLE,P
Montrell,Washington,HOU,WR
Tyler,Linderbaum,LV,C
Ryan,Wright,NO,P
Ethan,Evans,LAR,P
Sam,Martin,CAR,P
Brad,Wing,NYG,P
Matt,Haack,ARI,P
JK,Scott,LAC,P
AJ,Cole,LV,P
Michael,Dickson,SEA,P
Nolan,Cooney,ARI,P
Pressley,Harvin III,PIT,P
Daniel,Whelan,GB,P
Arryn,Siposs,PHI,P
Lou,Hedley,NO,P
Devon,Allen,PHI,WR
Andre,Baccellia,ARI,WR
Andy,Isabella,BUF,WR
Michael,Bandy,DEN,WR
Mohamed,Ibrahim,DET,RB
Jaelon,Darden,SEA,WR
Kearis,Jackson,TEN,WR
Tevaughn,Campbell,LAC,CB
Damarion,Williams,TB,CB
A.J.,Klein,BUF,LB
Cole,Christiansen,KC,LB
Cody,Mauch,TB,G
Mekhi,Garner,PHI,CB
Anthony,Firkser,DET,TE
Rodney,Peete,CAR,QB
Emmitt,Smith,ARI,RB
Jerome,Bettis,PIT,RB
Richie,Anderson,DAL,FB
Adam,Vinatieri,IND,PK
Ahman,Green,GB,RB
Peerless,Price,DAL,WR
Marty,Booker,ATL,WR
Drew,Bennett,TEN,WR
Antwaan,Randle El,PIT,WR
Tony,Fisher,GB,RB
Mike,McMahon,PHI,QB
Craig,Nall,GB,QB
Brian,Griese,TB,QB
Daunte,Culpepper,MIN,QB
Kelly,Holcomb,MIN,QB
Peyton,Manning,DEN,QB
Chris,Mohr,ATL,P
Shane,Matthews,BUF,QB
Ben,Roethlisberger,PIT,QB
Trent,Green,MIA,QB
Marc,Bulger,LAR,QB
Drew,Brees,NO,QB
Chad,Pennington,NYJ,QB
Brett,Favre,MIN,QB
Donovan,McNabb,MIN,QB
Brad,Johnson,MIN,QB
Kurt,Warner,ARI,QB
Philip,Rivers,IND,QB
Patrick,Ramsey,WSH,QB
David,Carr,HOU,QB
Billy,Volek,LAC,QB
Tim,Rattay,ARI,QB
Carson,Palmer,ARI,QB
Tom,Brady,TB,QB
Byron,Leftwich,PIT,QB
Quincy,Carter,NYJ,QB
Rich,Gannon,LV,QB
Vinny,Testaverde,NYJ,QB
Steve,McNair,TEN,QB
J.P.,Losman,MIA,QB
Matt,Hasselbeck,IND,QB
Jon,Kitna,DAL,QB
Jim,Sorgi,IND,QB
Jake,Delhomme,CAR,QB
Jake,Plummer,DEN,QB
Chris,Simms,TB,QB
Jeff,Garcia,TB,QB
Chad,Hutchinson,CHI,QB
Josh,McCown,NYJ,QB
Aaron,Brooks,NO,QB
Drew,Bledsoe,DAL,QB
Chris,Chandler,CHI,QB
Mike,Vick,PIT,QB
Kerry,Collins,TEN,QB
Joey,Harrington,DET,QB
Shaun,King,ARI,QB
Rex,Grossman,WSH,QB
Kyle,Boller,BAL,QB
Drew,Henson,DET,QB
Brooks,Bollinger,MIN,QB
Ken,Dorsey,SF,QB
A.J.,Feeley,PHI,QB
Jamie,Martin,LAR,QB
Jay,Fiedler,NYJ,QB
David,Garrard,JAX,QB
Doug,Flutie,NE,QB
Jonathan,Quinn,CHI,QB
Tommy,Maddox,PIT,QB
Craig,Hentrich,TEN,P
Tony,Banks,HOU,QB
Randy,Moss,SF,WR
Doug,Johnson,TEN,QB
LaDainian,Tomlinson,NYJ,RB
Clinton,Portis,WSH,RB
Mark,Brunell,WSH,QB
Luke,McCown,NO,QB
Jeff,Blake,ARI,QB
Eli,Manning,NYG,QB
Doug,Pederson,GB,QB
Matt,Schaub,HOU,QB
Craig,Krenzel,CHI,QB
Koy,Detmer,PHI,QB
John,Navarre,ARI,QB
Trent,Dilfer,SF,QB
Sage,Rosenfels,NYG,QB
Rohan,Davey,NE,QB
Cody,Pickett,SF,QB
Brian,Moorman,BUF,P
Todd,Collins,CHI,QB
Jeff,Feagles,NYG,P
Ricky,Proehl,CAR,WR
Keenan,McCardell,LAC,WR
Mike,Bartrum,PHI,TE
Gus,Frerotte,MIN,QB
Isaac,Bruce,SF,WR
Jeff,Wilkins,LAR,PK
Keyshawn,Johnson,CAR,WR
Terry,Glenn,DAL,WR
Jeff,Saturday,IND,C
Sammy,Morris,NE,RB
Paul,Edinger,CHI,PK
Rod,Gardner,WSH,WR
LaMont,Jordan,DEN,RB
Steve,Smith Sr.,BAL,WR
Jabar,Gaffney,WSH,WR
Brian,Westbrook,SF,RB
Ronald,Curry,LV,WR
Frisman,Jackson,CLE,WR
Randy,Hymes,BAL,WR
LaBrandon,Toefield,JAX,RB
Mike,Scifres,LAC,P
Brian,St. Pierre,CAR,QB
Mat,McBriar,LAC,P
Larry,Fitzgerald,ARI,WR
Roy,Williams,CHI,WR
Mewelde,Moore,IND,RB
Adimchinobe,Echemandu,HOU,RB
Patrick,Crayton,LAC,WR
Brad,Maynard,CLE,P
Ryan,Longwell,MIN,PK
David,Akers,DET,PK
Anthony,Wright,BAL,QB
Thomas,Jones,KC,RB
Cedrick,Wilson,PIT,WR
Jon,Ryan,SEA,P
Tony,Romo,DAL,QB
Charlie,Frye,CLE,QB
Matt,Cassel,DAL,QB
Damon,Huard,KC,QB
Jay,Cutler,CHI,QB
Quinn,Gray,KC,QB
Charlie,Batch,PIT,QB
Chris,Weinke,SF,QB
Seneca,Wallace,CLE,QB
Alex,Smith,KC,QB
Tarvaris,Jackson,SEA,QB
Matt,Leinart,LV,QB
Derek,Anderson,ARI,QB
Cleo,Lemon,MIA,QB
Brett,Basanez,CAR,QB
Bruce,Gradkowski,TB,QB
Andrew,Walter,LV,QB
Jason,Campbell,LV,QB
Vince,Young,TEN,QB
Marques,Tuiasosopo,LV,QB
Brodie,Croyle,KC,QB
Joe,Horn,NO,WR
Deion,Branch,NE,WR
Larry,Johnson,WSH,RB
Arnaz,Battle,SF,WR
Kellen,Winslow,TB,TE
Lee,Evans,BUF,WR
Ronnie,Brown,LAC,RB
Mark,Clayton,BAL,WR
Joshua,Cribbs,NYJ,WR
Ben,Graham,DET,P
Carlyle,Holiday,GB,WR
Reggie,Bush,BUF,RB
Joseph,Addai,IND,RB
Kellen,Clemens,NYJ,QB
Jerious,Norwood,ATL,RB
Michael,Robinson,SEA,FB
Wali,Lundy,HOU,RB
Hank,Baskett,MIN,WR
B.J.,Sander,GB,P
Roscoe,Parrish,TB,WR
Matt,Jones,JAX,WR
Ryan,Fitzpatrick,MIA,QB
Todd,Bouman,JAX,QB
Matt,Mauck,TEN,QB
Kyle,Orton,KC,QB
Kliff,Kingsbury,NYJ,QB
Dan,Orlovsky,DET,QB
Bradlee,Van Pelt,DEN,QB
Chris,Gardocki,PIT,P
Rod,Smith,DEN,WR
Tiki,Barber,NYG,RB
Hunter,Smith,WSH,P
DeShaun,Foster,CAR,RB
Anquan,Boldin,DET,WR
Domanick,Williams,HOU,RB
Adam,Jones,CIN,CB
Marion,Barber,CHI,RB
Samkon,Gado,LAR,RB
Curtis,Martin,NYJ,RB
Shaun,Alexander,SEA,RB
Corey,Dillon,NE,RB
Edgerrin,James,ARI,RB
Rudi,Johnson,CIN,RB
Reuben,Droughns,NYG,RB
Fred,Taylor,JAX,RB
Kevin,Jones,CHI,RB
Willis,McGahee,DEN,RB
Warrick,Dunn,TB,RB
Deuce,McAllister,NO,RB
Chris,Brown,TEN,RB
Jamal,Lewis,CLE,RB
Michael,Pittman,TB,RB
Priest,Holmes,KC,RB
Duce,Staley,PIT,RB
Kevan,Barlow,SF,RB
Nick,Goings,CAR,RB
Julius,Jones,SEA,RB
Marshall,Faulk,LAR,RB
Lee,Suggs,CLE,RB
Chester,Taylor,ARI,RB
Steven,Jackson,NE,RB
William,Green,CLE,RB
Onterrio,Smith,MIN,RB
Derrick,Blaylock,NYJ,RB
Antowain,Smith,TEN,RB
T.J.,Duckett,SEA,RB
Eddie,George,TEN,RB
Amos,Zereoue,PIT,RB
Dorsey,Levens,PHI,RB
Anthony,Thomas,DAL,RB
Tatum,Bell,DET,RB
Jesse,Chatman,MIA,RB
Travis,Minor,MIA,RB
Ladell,Betts,WSH,RB
Maurice,Hicks,SF,RB
Najeh,Davenport,PIT,RB
Tyrone,Wheatley,LV,RB
Travis,Henry,DEN,RB
Quentin,Griffin,DEN,RB
Jonathan,Wells,HOU,RB
Troy,Hambrick,ARI,RB
Michael,Bennett,LAC,RB
Verron,Haynes,PIT,FB
Shawn,Bryson,DET,RB
Kevin,Faulk,NE,RB
Dominic,Rhodes,IND,RB
Brad,Hoover,CAR,FB
Aaron,Stecker,ATL,RB
Zack,Crockett,LV,RB
Mike,Alstott,TB,FB
Willie,Parker,PIT,RB
Ron,Dayne,HOU,RB
Artose,Pinner,MIN,RB
Shaud,Williams,BUF,RB
Greg,Jones,HOU,RB
Moe,Williams,MIN,RB
Kenny,Watson,CIN,RB
Patrick,Pass,NE,FB
Leonard,Henry,MIA,RB
Mack,Strong,SEA,FB
ReShard,Lee,LV,RB
Maurice,Morris,DET,RB
Justin,Fargas,LV,RB
Obafemi,Ayanbadejo,ARI,RB
J.R.,Redmond,NE,RB
Charlie,Garner,LV,RB
Michael,Turner,ATL,RB
Terry,Jackson,SF,RB
Stephen,Davis,LAR,RB
Reno,Mahe,PHI,RB
Mike,Cloud,NE,RB
Josh,Scobey,SEA,RB
Jamel,White,CLE,RB
Garrison,Hearst,SF,RB
James,Jackson,CLE,RB
Chris,Chambers,KC,WR
Bobby,Wade,KC,WR
Larry,Croom,ARI,RB
Joe,Burns,BUF,RB
Earnest,Graham,TB,RB
Jamal,Robertson,SF,RB
Chris,Fuamatu-Ma'afala,PIT,RB
Lamar,Gordon,PHI,RB
Arlen,Harris,LAR,RB
Robert,Holcombe,TEN,FB
Tony,Richardson,NYJ,FB
Dante,Hall,KC,WR
Fred,McAfee,NO,RB
Tim,Dwight,LAC,WR
Eric,McCoo,PHI,RB
Lorenzo,Neal,BAL,FB
Eric,Parker,LAC,WR
Brock,Forsey,MIA,RB
Joey,Harris,CAR,RB
T.J.,Houshmandzadeh,LV,WR
Cedric,Cobbs,DEN,RB
Nate,Burleson,DET,WR
Musa,Smith,BAL,RB
Tony,Hollings,HOU,RB
Reche,Caldwell,LAC,WR
Johnnie,Morton,KC,WR
Walter,Williams,GB,RB
Thomas,Tapeh,PHI,RB
Troy,Fleming,TEN,RB
Chad,Johnson,CIN,WR
Justin,Griffith,LV,FB
Donte',Stallworth,WSH,WR
Alan,Ricard,BAL,RB
Antonio,Chatman,CIN,WR
Ike,Hilliard,TB,WR
Dexter,Coakley,LAR,LB
Darius,Watts,DEN,WR
Cecil,Sapp,DEN,FB
Michael,Clayton,TB,WR
Jerald,Sowell,NYJ,FB
Bernard,Berrian,MIN,WR
Andrew,Pinnock,LAC,RB
Ian,Smart,TB,RB
Hines,Ward,PIT,WR
Nicolas,Luchey,GB,RB
Kevin,Curtis,PHI,WR
Quincy,Morgan,DEN,WR
Tim,Carter,LAR,WR
B.J.,Askew,TB,FB
Heath,Evans,NE,FB
Joey,Galloway,WSH,WR
Eric,Moulds,TEN,WR
Dennis,Northcutt,CLE,WR
Adrian,Peterson,CHI,RB
James,Mungro,IND,RB
B.J.,Sams,BAL,RB
Stanley,Pritchett,CHI,RB
Rob,Konrad,MIA,FB
Dan,Kreider,PIT,FB
Santana,Moss,WSH,WR
Ki-Jana,Carter,NO,RB
Brandon,Bennett,CAR,RB
Greg,Lewis,MIN,WR
Muhsin,Muhammad,CAR,WR
Eddie,Kennison,KC,WR
Fred,Beasley,SF,RB
Cliff,Russell,DEN,WR
Kerry,Carter,SEA,RB
Peter,Warrick,SEA,WR
Dez,White,ATL,WR
Rabih,Abdullah,CHI,RB
Randal,Williams,DAL,TE
George,Layne,ATL,RB
Andre,Johnson,IND,WR
Chris,Horn,KC,WR
Dedric,Ward,NE,WR
Jonathan,Smith,BUF,WR
Kyle,Larson,CIN,P
David,Terrell,CHI,WR
Darian,Barnes,NO,RB
Jason,Wright,ARI,RB
Terrelle,Smith,ARI,FB
Eddie,Drummond,KC,WR
Vick,King,MIA,RB
Bethel,Johnson,NE,WR
Cory,Schlesinger,DET,RB
Jim,Finn,NYG,FB
Doug,Gabriel,LV,WR
Mike,Karney,NO,FB
Karl,Williams,ARI,WR
Joey,Goodspeed,LAR,RB
Tony,Gonzalez,ATL,TE
David,Patten,WSH,WR
Chad,Stanley,HOU,P
Ashley,Lelie,ATL,WR
Jeremi,Johnson,CIN,FB
Chris,Hetherington,SF,FB
Donald,Driver,GB,WR
Rod,Smart,CAR,RB
Kelly,Campbell,MIN,WR
Brian,Russell,JAX,S
Matt,Turk,HOU,P
Koren,Robinson,GB,WR
Reggie,Swinton,DET,WR
Troy,Edwards,DET,WR
Damien,Anderson,ARI,RB
Dante,Brown,PIT,RB
Michael,Jenkins,MIN,WR
Jason,Simmons,HOU,DB
Bobby,Shaw,BUF,WR
Omar,Easy,KC,RB
Jarrod,Baxter,ARI,RB
Jason,McKie,CHI,FB
Derrick,Frost,GB,P
Chris,Perry,CIN,RB
Larry,Izzo,NYJ,LB
Az-Zahir,Hakim,DET,WR
Allen,Rossum,SF,CB
Kevin,Johnson,BAL,WR
Moran,Norris,SF,RB
Jasen,Isom,SF,RB
Rock,Cartwright,LV,RB
Shaun,McDonald,DET,WR
Steve,Cheek,KC,P
Kordell,Stewart,BAL,QB
Josh,Reed,BUF,WR
Kelley,Washington,BAL,WR
Terrance,Copper,KC,WR
Cameron,Cleeland,LAR,TE
J.T.,O'Sullivan,SF,QB
Derrick,Mason,BAL,WR
Laveranues,Coles,CIN,WR
Andre,Davis,HOU,WR
Jerry,Porter,JAX,WR
Reggie,Wayne,IND,WR
Willie,Ponder,LAR,WR
Terrell,Owens,BUF,WR
Justin,McCareins,TEN,WR
Bryant,Johnson,DET,WR
Taylor,Jacobs,DEN,WR
Jabari,Greer,NO,CB
Nick,Harris,DET,P
Jamaar,Taylor,NYG,WR
Deion,Sanders,BAL,CB
Javon,Walker,LV,WR
Torry,Holt,JAX,WR
Darrell,Jackson,SF,WR
Jimmy,Smith,JAX,WR
Marvin,Harrison,IND,WR
Brandon,Stokley,DEN,WR
Jason,Witten,DAL,TE
Antonio,Gates,LAC,TE
David,Givens,NE,WR
Eric,Johnson,SF,TE
Antonio,Bryant,TB,WR
Randy,McMichael,LAC,TE
Alge,Crumpler,NE,TE
Keary,Colbert,KC,WR
Amani,Toomer,NYG,WR
Jermaine,Wiggins,MIN,TE
Plaxico,Burress,NYG,WR
Todd,Pinkston,PHI,WR
Jeremy,Shockey,NO,TE
Marcus,Robinson,MIN,WR
Jerome,Pathon,NO,WR
Jeb,Putzier,HOU,TE
Brandon,Lloyd,NE,WR
Bobby,Engram,SEA,WR
Jerry,Rice,LV,WR
Freddie,Jones,ARI,TE
Dallas,Clark,BAL,TE
Travis,Taylor,MIN,WR
Derick,Armstrong,HOU,WR
Curtis,Conway,SF,WR
Corey,Bradford,HOU,WR
Wayne,Chrebet,NYJ,WR
Stephen,Alexander,DEN,TE
Freddie,Mitchell,PHI,WR
L.J.,Smith,PHI,TE
Robert,Ferguson,MIN,WR
Daniel,Graham,DEN,TE
Eddie,Williams,NO,TE
Bubba,Franks,GB,TE
Derrius,Thompson,MIA,WR
Jerramy,Stevens,TB,TE
Ken,Dilger,TB,TE
Joe,Jurevicius,CLE,WR
Ben,Troupe,TEN,TE
Kris,Mangum,CAR,TE
Chris,Cooley,WSH,TE
Doug,Jolley,LV,TE
Marcus,Pollard,DET,TE
Kassim,Osgood,DET,WR
Todd,Heap,ARI,TE
Clarence,Moore,BAL,WR
Steve,Heiden,CLE,TE
Desmond,Clark,CHI,TE
Eddie,Berlin,TEN,WR
Ernest,Wilford,JAX,TE
Reggie,Williams,JAX,WR
Chad,Lewis,PHI,TE
Tai,Streets,SF,WR
Brian,Finneran,ATL,WR
Aaron,Shea,CLE,TE
Itula,Mili,SEA,TE
William,Henderson,GB,FB
Alvis,Whitted,LV,WR
Daniel,Wilcox,BAL,TE
Charles,Lee,ARI,WR
Bryan,Gilmore,SF,WR
James,Thrash,WSH,WR
Mark,Campbell,BUF,TE
Matt,Schobel,PHI,TE
Tim,Brown,LV,WR
Dwayne,Carswell,DEN,OG
Christian,Fauria,WSH,TE
Erron,Kinney,TEN,TE
Troy,Brown,NE,WR
Dane,Looker,LAR,WR
Chris,Baker,NYJ,TE
Billy,Miller,NO,TE
Courtney,Anderson,LV,TE
Brandon,Manumaleuna,LAR,TE
Jonathan,Carter,NYJ,WR
Rashaun,Woods,SF,WR
Todd,Yoder,JAX,TE
Bill,Schroeder,DET,WR
Justin,Gage,TEN,WR
David,Tyree,NYG,WR
Terry,Jones,SF,TE
Sam,Aiken,NE,WR
Lee,Mays,PIT,WR
Samie,Parker,KC,WR
Teyo,Johnson,LV,TE
Shad,Meier,TEN,TE
Michael L.,Lewis,SF,WR
Kyle,Johnson,DEN,RB
Mike,Seidman,CAR,TE
Jason,Dunn,KC,TE
Jerheme,Urban,ARI,WR
Aaron,Walker,LAR,TE
Daimon,Shelton,CHI,FB
Ryan,Hannam,SEA,TE
Donald,Lee,GB,TE
Kyle,Brady,JAX,TE
Casey,Fitzsimmons,DET,TE
Ernie,Conwell,NO,TE
Anthony,Becht,KC,TE
Will,Heller,DET,TE
Tim,Euhus,ARI,TE
Darnell,Dinkins,CLE,TE
Jed,Weaver,SF,TE
Jerame,Tuman,PIT,TE
David,Martin,MIA,TE
Brian,Jones,JAX,TE
Reggie,Kelly,CIN,TE
Justin,Peelle,ATL,TE
Jay,Riemersma,BUF,TE
Cortez,Hankton,JAX,WR
Ryan,Krause,GB,TE
John,Stone,LV,WR
Sean,Berton,NYG,TE
Josh,Parry,PHI,FB
Dustin,Lyman,CHI,TE
Nate,Jackson,DEN,WR
Darnerien,McCants,PHI,WR
Robert,Royal,CLE,TE
Nate,Poole,ARI,WR
George,Wrighster,JAX,TE
Richard,Owens,MIN,TE
David,Kircus,DEN,WR
Kevin,Walter,HOU,WR
Ryan,Neufeld,BUF,FB
Jerricho,Cotchery,CAR,WR
Bryan,Johnson,WSH,FB
Walter,Rasby,NO,TE
Mark,Bruener,HOU,TE
Triandos,Luke,DEN,WR
Eric,Edwards,ARI,TE
Scott,Vines,DET,WR
Andre,King,CLE,WR
Malcom,Floyd,LAC,WR
Rickey,Dudley,TB,TE
Tony,Stewart,LV,TE
Jameel,Cook,TB,FB
Ben,Steele,GB,TE
Marc,Edwards,CHI,FB
Jason,McAddley,SF,WR
Stephen,Trejo,DET,RB
Jon,Ritchie,PHI,FB
Marcellus,Rivers,HOU,TE
Patrick,Hape,DEN,TE
Dwayne,Blakley,ATL,TE
Michael,Gaines,CLE,TE
Ben,Hartsock,TEN,TE
Brian,Kozlowski,WSH,TE
Karl,Hankton,CAR,WR
Visanthe,Shiancoe,MIN,TE
Rod,Trafford,BUF,TE
Jimmy,Kleinsasser,MIN,TE
Kevin,Thomas,BUF,CB
Billy,McMullen,SEA,WR
Fred,McCrary,ATL,RB
Talman,Gardner,NO,WR
Johnnie,Morant,LV,WR
Lorenzo,Diamond,ARI,TE
Dan,Klecko,PHI,FB
Dave,Moore,BUF,TE
Matt,Cushing,PIT,TE
Dan,Campbell,DAL,TE
Ben,Watson,NO,TE
Jamar,Martin,MIA,RB
Nate,Lawrie,CIN,TE
Mike,Sellers,WSH,FB
Tyrone,Calico,TEN,WR
Greg,Comella,TEN,RB
Brad,Pyatt,IND,WR
Andrae,Thurman,GB,WR
Champ,Bailey,DEN,CB
John,Gilmore,TB,TE
Steve,Bush,ARI,RB
Alex,Bannister,SEA,WR
Larry,Ned,MIN,RB
Chad,Mustard,DEN,TE
Kevin,Ware,SF,TE
Sean,Morey,ARI,WR
David,Allen,LAR,RB
Ronald,Bellamy,MIA,WR
Mike,Furrey,CLE,WR
Billy,Baber,KC,TE
Aaron,Moorehead,IND,WR
Troy,Walters,DET,WR
Reggie,Newhouse,ARI,WR
Devard,Darling,KC,WR
Jermaine,Lewis,JAX,WR
Lamont,Hall,NO,TE
Cosey,Coleman,CLE,OG
Lousaka,Polite,MIA,FB
Doug,Easlick,MIA,RB
Mike,Vrabel,KC,LB
Keenan,Howry,MIN,WR
Jeff,Robinson,DAL,LS
Keith,Heinrich,CLE,TE
Jay,Feely,ARI,PK
Dwight,Freeney,ATL,DE
Bertrand,Berry,ARI,DE
Kabeer,Gbaja-Biamila,GB,DE
Patrick,Kerney,SEA,DE
Simeon,Rice,DEN,DE
Rod,Coleman,ATL,DT
James,Hall,LAR,DE
Kevin,Williams,NO,DT
Lance,Johnstone,MIN,DE
Shaun,Ellis,NYJ,DE
Darren,Howard,PHI,DE
Julius,Peppers,GB,DE
Reggie,Hayward,JAX,DE
Charles,Grant,NO,DE
Terrell,Suggs,ARI,DE
Robert,Mathis,IND,LB
Steve,Foley,LAC,LB
Willie,McGinest,CLE,LB
Jason,Taylor,MIA,LB
John,Abraham,ARI,LB
Greg,Ellis,DAL,DE
Jared,Allen,CAR,DE
Chike,Okeafor,ARI,LB
Bryce,Fisher,SEA,DE
Greg,Spires,TB,DE
Ebenezer,Ekuban,DEN,DE
Aaron,Smith,PIT,DE
Adalius,Thomas,NE,LB
Justin,Smith,SF,DE
Aaron,Schobel,BUF,LB
Jevon,Kearse,TEN,DE
Will,Smith,NO,DE
La'Roi,Glover,DAL,DT
Kenard,Lang,DEN,DE
Leonard,Little,LAR,DE
Joey,Porter,ARI,LB
David,Bowens,CLE,LB
Osi,Umenyiora,ATL,DE
Duane,Clemons,CIN,DE
Antonio,Cochran,SEA,DE
Raheem,Brock,SEA,DE
Kevin,Carter,TB,DE
Brady,Smith,ATL,DE
Shawn,Springs,NE,CB
John,Engelberger,DEN,DE
Cornelius,Griffin,WSH,DT
Clark,Haggans,ARI,LB
Alex,Brown,NO,DE
Dewayne,White,DET,DE
Sam,Rayburn,PHI,DT
Kailee,Wong,HOU,LB
Greg,Favors,JAX,LB
Marques,Douglas,NYJ,DT
Corey,Simon,PHI,DT
Brian,Urlacher,CHI,LB
John,Henderson,JAX,DT
Jeff,Zgonina,HOU,DT
Sam,Adams,DEN,DT
Eric,Hicks,NYJ,DE
Mike,Peterson,ATL,LB
Montae,Reagor,IND,DE
Rosevelt,Colvin,CHI,LB
Keith,Bulluck,TEN,LB
Fred,Robbins,LAR,DT
Richard,Seymour,LV,DT
Damione,Lewis,HOU,DT
Adewale,Ogunleye,CHI,DE
Rien,Long,TEN,DT
Kenechi,Udeze,MIN,DE
Karlos,Dansby,ARI,LB
Chidi,Ahanotu,SF,DE
John,Browning,KC,DE
Eric,Ogbogu,DAL,LB
Marcus,Washington,WSH,LB
Darwin,Walker,CAR,DT
Marcus,Stroud,BUF,DT
Jamie,Winborn,DEN,LB
Kalimba,Edwards,LV,DE
Scott,Fujita,CLE,LB
Aaron,Kampman,GB,DE
Calvin,Pace,NYJ,LB
Chris,Kelsay,BUF,DE
Cullen,Jenkins,WSH,DL
Randy,Starks,CLE,DL
Michael,Strahan,NYG,DE
Tyoka,Jackson,LAR,DE
Mark,Fields,CAR,LB
Kevin,Hardy,CIN,LB
Lawyer,Milloy,ATL,S
Deshea,Townsend,PIT,CB
Jamal,Williams,LAC,DT
Lional,Dalton,HOU,DT
Gerard,Warren,NE,DT
Shaun,Rogers,NO,DT
Ron,Edwards,CAR,DT
Anthony,Weaver,HOU,DT
Jarvis,Green,NE,DE
Jason,Babin,NYJ,LB
Shaun,Phillips,DEN,LB
Tommy,Kelly,LV,DE
Brentson,Buckner,CAR,DT
Tedy,Bruschi,NE,LB
Jason,Ferguson,DAL,DT
Shelton,Quarles,TB,LB
Grant,Wistrom,SEA,DE
Ron,Warner,WSH,DE
London,Fletcher,WSH,LB
Mike,Rucker,CAR,DE
Keith,Newman,MIN,LB
Mark,Roman,SF,S
Rocky,Bernard,NYG,DT
Dario,Romero,MIA,DT
Ty,Warren,NE,DT
James,Davis,DET,LB
Tommie,Harris,LAC,DT
Travis,LaBoy,LAC,LB
Darnell,Dockett,ARI,DT
Robert,Geathers,CIN,DE
Bobby,McCray,NO,DE
Ted,Washington,CLE,DT
Jason,Gildon,JAX,LB
Rodney,Harrison,NE,S
Bryant,Young,SF,DT
Derrick,Brooks,TB,LB
Hugh,Douglas,PHI,DE
Ellis,Johnson,ATL,DE
Travis,Hall,SF,DT
Brian,Dawkins,DEN,S
Marcellus,Wiley,LAC,DE
Renaldo,Wynn,NYG,DE
James,Farrior,PIT,LB
Ronde,Barber,TB,FS
Takeo,Spikes,LAC,LB
Anthony,McFarland,TB,DT
John,Thornton,CIN,DT
Jared,DeVries,DET,DE
Rob,Morris,IND,LB
Alvin,McKinley,DEN,DT
Tony,Dixon,DAL,DB
Sheldon,Brown,CLE,CB
Anton,Palepoi,SEA,DE
Ryan,Denney,BUF,DE
Will,Witherspoon,TEN,LB
Larry,Foote,PIT,LB
Dewayne,Robertson,NYJ,DT
Nick,Barnett,BUF,LB
Cory,Redding,IND,DE
Chris,Clemons,JAX,DE
Dunta,Robinson,KC,CB
Reggie,Torbor,BUF,LB
Gibril,Wilson,MIA,S
Marco,Coleman,DEN,DE
Warren,Sapp,LV,DT
Pat,Williams,MIN,DT
Charles,Woodson,LV,S
Keith,Brooking,DEN,LB
Kenny,Mixon,MIN,DE
Al,Wilson,DEN,LB
Gary,Stills,BAL,LB
Eric,Barton,CLE,LB
Julian,Peterson,DET,LB
Brian,Young,NO,DT
Alfonso,Boone,KC,DE
Derrick,Burgess,NE,DE
Monty,Beisel,ARI,LB
Mario,Fatafehi,DEN,DT
Demetric,Evans,SF,DT
Carlos,Hall,TEN,DE
Will,Demps,HOU,DB
R-Kal,Truluck,ARI,LB
Tyler,Brayton,CAR,DE
Chaun,Thompson,HOU,LB
Bryan,Scott,BUF,LB
Hunter,Hillenmeyer,CHI,LB
Demorrio,Williams,LAC,LB
John,Lynch,DEN,DB
Brent,Alexander,NYG,FS
Jay,Williams,MIA,DE
Luther,Elliss,DET,DT
Randall,Godfrey,LAC,LB
Zach,Thomas,DAL,LB
Jamie,Sharper,SEA,LB
Mike,Minter,CAR,FS
Ed,Jasper,ATL,DT
Carl,Powell,CIN,DE
Seth,Payne,HOU,DT
Joe,Salave'a,WSH,DT
Tony,Bryant,NO,DE
Cletidus,Hunt,GB,DT
Peppi,Zellner,ARI,DE
Brad,Scioli,IND,DT
Kenoy,Kennedy,DET,SS
Robaire,Smith,CLE,DE
Matt,Bowen,WSH,DB
Danny,Clark,NYG,LB
Andre,Carter,NE,DE
Dan,Morgan,CAR,LB
Adam,Archuleta,CHI,DB
Ryan,Pickett,HOU,DT
Tommy,Polley,BAL,LB
Gary,Baxter,BAL,DB
DeLawrence,Grant,LV,LB
Marcus,Bell,DET,DT
James,Reed,KC,DT
Lance,Legree,NYJ,DT
Ryan,Sims,TB,DT
Ed,Reed,HOU,S
Ben,Leber,MIN,LB
Akin,Ayodele,BUF,LB
Nick,Greisen,BAL,LB
Chad,Williams,SF,DB
Michael,Haynes,CHI,DE
Jerome,McDougle,PHI,DE
William,Joseph,NYG,DT
Ken,Hamlin,BAL,S
Antwan,Peek,CLE,LB
Chris,Crocker,CIN,DB
Terrence,McGee,BUF,CB
Ian,Scott,CHI,DT
Kindal,Moorehead,ATL,DE
Rashad,Moore,SEA,DT
Dwaine,Carpenter,LAR,DB
Jonathan,Vilma,NO,LB
D.J.,Williams,DEN,LB
Vince,Wilfork,NE,DT
Ahmad,Carroll,NYJ,CB
Daryl,Smith,TB,LB
Madieu,Williams,WSH,FS
Antwan,Odom,CIN,DE
Courtney,Watson,NO,LB
Landon,Johnson,DET,LB
Alex,Lewis,DET,LB
Erik,Coleman,DET,SS
Derrick,Pope,MIA,LB
Roman,Phifer,NE,LB
Dan,Wilkinson,DET,DT
Derek,Smith,SF,LB
Jerry,Azumah,CHI,CB
Kelly,Gregg,KC,DT
Tyrone,Rogers,CLE,LB
Chris,Hovan,TB,DT
William,Bartee,KC,DB
Mark,Simoneau,PHI,LB
Michael,Green,SEA,S
Lemar,Marshall,WSH,LB
Matt,Stewart,CLE,LS
Bryan,Thomas,NYJ,LB
DeQuincy,Scott,LAC,DT
Pisa,Tinoisamoa,LAR,LB
Tully,Banta-Cain,NE,LB
Ricardo,Colclough,PIT,CB
Kelvin,Pritchett,DET,DT
Junior,Seau,MIA,LB
Troy,Vincent,PHI,DB
Willie,Williams,PIT,CB
Chad,Brown,PIT,LB
Raylee,Johnson,LAC,DE
Kimo,von Oelhoffen,PIT,DT
Bracy,Walker,DET,SS
Robert,Griffith,CLE,FS
Ted,Johnson,NE,LB
Keith,Washington,NYG,DE
Norman,Hand,NYG,DT
Jason,Fisk,LAR,DT
Tyrone,Williams,GB,DB
Aaron,Beasley,ATL,CB
Ray,Lewis,BAL,LB
Jerome,Woods,KC,FS
Phillip,Daniels,WSH,DE
Donnie,Edwards,KC,LB
Orpheus,Roye,CLE,DE
Carlos,Emmons,NYG,LB
Bobby,Hamilton,NE,DE
Brandon,Mitchell,SEA,DE
James,Darling,ARI,LB
Travis,Kirschke,PIT,DE
Grady,Jackson,ATL,DT
Al,Wallace,CAR,DE
Duane,Starks,ARI,DB
Brian,Simmons,CIN,LB
Patrick,Surtain,KC,DB
Michael,Myers,DEN,DT
Shawn,Barber,PHI,LB
Lance,Schulters,MIA,DB
Ike,Reese,ATL,LB
Nate,Wayne,DET,LB
Jeremiah,Trotter,PHI,LB
Jeff,Posey,BUF,LB
Chris,Claiborne,DET,LB
Antuan,Edwards,ATL,DB
Russell,Davis,SEA,DT
Dat,Nguyen,DAL,LB
Kenny,Wright,WSH,DB
Adrian,Dingle,LAC,DE
Lionel,Barnes,JAX,DE
Jermaine,Haley,WSH,DT
Brandon,Noble,DAL,DT
LaVar,Arrington,NYG,LB
Deltha,O'Neal,NE,CB
Erik,Flowers,LAR,DE
Raynoch,Thompson,ARI,LB
Deon,Grant,NYG,S
Jeff,Ulbrich,SF,LB
Nate,Webster,DEN,LB
Na'il,Diggs,LAC,LB
Isaiah,Kacyvenski,LAR,LB
Cedric,Woodard,SEA,DE
DaShon,Polk,HOU,LB
Kevin,Lewis,NYG,LB
Will,Allen,MIA,DB
Willie,Middlebrooks,DEN,DB
Kris,Jenkins,NYJ,DT
Adrian,Wilson,ARI,DB
Orlando,Huff,SEA,LB
Jarrod,Cooper,LV,DB
Patrick,Chukwurah,DEN,LB
Chris,Cooper,ARI,DT
Otis,Leverette,SF,DE
Jimmy,Williams,SEA,CB
Renaldo,Hill,DEN,S
Ross,Kolodziej,MIN,DT
Lynn,Scott,DAL,DB
Antonio,Pierce,NYG,LB
Chris,Hoke,PIT,NT
Albert,Haynesworth,WSH,DT
Lito,Sheppard,LV,CB
Tank,Williams,MIN,S
Coy,Wire,ATL,LB
Kenyon,Coleman,DAL,DE
Jermaine,Phillips,TB,S
Monsanto,Pope,DEN,DT
Pete,Hunter,SEA,DB
Kelly,Herndon,SEA,DB
Donnie,Spragan,MIA,LB
Grant,Irons,BUF,LB
Brandon,Moore,SF,DE
Deke,Cooper,SF,DB
Quentin,Harris,DEN,DB
James,Harrison,PIT,LB
Marcus,Trufant,SEA,CB
Troy,Polamalu,PIT,SS
Nnamdi,Asomugha,PHI,CB
E.J.,Henderson,MIN,LB
Kawika,Mitchell,NYG,LB
Mike,Doss,IND,DB
Terrence,Kiel,LAC,SS
Jamaal,Green,PHI,DE
James,Lee,GB,DT
Langston,Moore,DET,DT
Elton,Patterson,JAX,DE
Kenderick,Allen,NYG,DT
Akbar,Gbaja-Biamila,LAC,DE
Joselio,Hanson,LV,CB
Israel,Idonije,CHI,DE
Tracy,White,NE,LB
Cameron,Worrell,MIA,S
Tony,Brown,TEN,DT
Sean,Taylor,WSH,FS
Marcus,Tubbs,SEA,DT
Igor,Olshansky,DAL,DT
Junior,Siavii,DAL,DT
Teddy,Lehman,DET,LB
Michael,Boulware,SEA,S
Anthony,Hargrove,NO,DE
Will,Poole,MIA,DB
Niko,Koutouvides,TB,LB
Corey,Williams,DET,DT
Dexter,Wynn,HOU,CB
Nate,Jones,MIA,CB
Colby,Bockwoldt,TEN,LB
Josh,Thomas,IND,DE
Damane,Duckett,SF,OT
Omari,Jordan,CAR,DT
Spencer,Johnson,BUF,DT
Junior,Glymph,DAL,LB
Jim,Maxwell,CIN,LB
Jon,Bradley,DET,FB
Gary,Walker,HOU,DE
Steve,Martin,MIN,DT
Jeff,Gooch,DET,LB
Tony,Parrish,SF,SS
Scott,McGarrahan,TEN,DB
Derrick,Ransom,KC,DT
Chuck,Wiley,MIN,DE
Hannibal,Navies,SF,LB
Warrick,Holdman,WSH,LB
Clint,Kriewaldt,PIT,LB
Ian,Gold,DEN,LB
David,Macklin,ARI,DB
Leonardo,Carson,LAC,DT
Dhani,Jones,CIN,LB
Rob,Meier,JAX,DT
Nate,Clements,SF,SS
Tim,Johnson,LV,LB
Andra,Davis,BUF,LB
Johnathan,Sullivan,NO,DT
Lance,Briggs,CHI,LB
Jimmy,Wilkerson,NO,DE
Davern,Williams,NYG,DT
Jacques,Cesaire,LAC,DE
DeAngelo,Hall,WSH,S
Tank,Johnson,DAL,DT
Dontarrious,Thomas,MIN,LB
Morten,Andersen,ATL,PK
Tom,Tupa,TB,P
Steve,Christie,LAC,PK
Bryan,Barker,LAR,P
Aeneas,Williams,LAR,FS
Jerry,Fontenot,NO,C
Keith,Traylor,MIA,DT
Jason,Hanson,DET,PK
Ashley,Ambrose,NO,CB
Terrell,Buckley,NYJ,DB
Kendall,Gammon,KC,C
Ray,Brown,WSH,OT
Matt,Willig,CAR,OT
Derrick,Deese,TB,OT
John,Parrella,LV,DT
Ray,Buchanan,ATL,FS
Brad,Hopkins,TEN,OT
Brock,Marion,DET,FS
Robbie,Tobeck,SEA,C
Jason,Mathews,TEN,OT
Tim,Bowens,MIA,DT
Aaron,Glenn,DAL,CB
Keith,Burns,DEN,LB
Tom,Nalen,DEN,C
Rich,Braham,CIN,C
Mitch,Berger,PIT,P
Dewayne,Washington,JAX,DB
Todd,Steussie,CAR,OG
David,Dixon,MIN,OG
David,Binn,LAC,LS
Jay,Bellamy,NO,DB
Andy,McCollum,DET,C
Bobby,Taylor,SEA,CB
Tyrone,Poole,NE,CB
Todd,Sauerbrun,DEN,P
Terrance,Shaw,MIN,DB
Ty,Law,NYJ,CB
Kwamie,Lassiter,LAR,DB
Chad,Eaton,SEA,DT
Darius,Holland,DEN,DT
Corey,Fuller,BAL,CB
Cory,Raymer,WSH,C
Scott,Gragg,NYJ,OT
Ethan,Albright,WSH,LS
Jerry,Wilson,LAC,FS
Jason,Kyle,NO,LS
Josh,Evans,NYJ,DT
Walt,Harris,SF,CB
Willie,Anderson,BAL,OT
Juran,Bolden,TB,CB
Paul,Grasmanis,PHI,DT
Chris,Villarrial,BUF,OG
Je'Rod,Cherry,NE,DB
Tory,James,CIN,DB
Reggie,Tongue,NYJ,DB
Pete,Kendall,WSH,OG
Fred,Thomas,NO,CB
Mike,Flanagan,GB,C
Donnie,Abraham,NYJ,CB
Marcus,Coleman,HOU,DB
Earl,Holmes,DET,LB
Fred,Miller,CHI,OT
Roman,Oben,LAC,OT
Jon,Runyan,PHI,OT
Ronald,McKinnon,ARI,LB
Ethan,Brooks,BAL,OG
Brock,Gutierrez,SF,OG
Hollis,Thomas,NO,DT
Corey,Sears,HOU,DE
Harold,Morrow,MIN,FB
Marco,Rivera,GB,OG
Rob,Davis,GB,C
Casey,Wiegmann,KC,C
Don,Davis,NE,LB
Ryan,Kuehl,NYG,C
Olindo,Mare,SEA,PK
Kim,Herring,CIN,DB
Trevor,Pryce,NYJ,DE
Darren,Sharper,NO,S
Mike,Logan,PIT,DB
Tarik,Glenn,IND,OT
Sam,Madison,NYG,DB
Chris,Naeole,JAX,OG
Chad,Scott,PIT,CB
Dexter,McCleon,HOU,DB
Orlando,Pace,LAR,OT
Denard,Walker,DEN,CB
Derrick,Rodgers,NO,LB
Adam,Treu,LV,C
Alshermond,Singleton,DAL,LB
Omar,Stoutmire,WSH,DB
Cornell,Brown,BAL,LB
Brad,Badger,LV,OG
Robert,Tate,ARI,DB
Tony,Williams,CIN,DT
Bryan,Robinson,ARI,DT
Sammy,Knight,NYG,DB
Toby,Gowin,NYJ,P
Kevin,Mathis,ATL,DB
Monty,Montgomery,NO,DB
Ed,Perry,MIA,TE
John,Hall,WSH,PK
Artie,Ulmer,ATL,LB
Terry,Cousin,JAX,DB
Phil,Dawson,ARI,PK
Anthony,Simmons,SEA,LB
Vonnie,Holliday,ARI,DE
Tebucky,Jones,NO,S
Shaun,Williams,CAR,SS
Donovin,Darius,JAX,S
R.W.,McQuarters,NYG,CB
Corey,Chavous,LAR,S
Anthony,Clement,NYJ,OT
Flozell,Adams,PIT,OT
Sam,Cowart,NYJ,LB
Artrell,Hawkins,CAR,FS
Brian,Kelly,TB,CB
Todd,Weiner,ATL,OT
Eric,Brown,HOU,SS
Steve,McKinney,HOU,C
Lorenzo,Bromell,MIN,DE
Brandon,Whiting,PHI,DE
Oliver,Ross,PIT,OG
Benji,Olson,TEN,OG
John,Wade,TB,C
Travian,Smith,LV,LB
Chris,Draft,BUF,LB
Izell,Reese,BUF,FS
Patrick,Mannelly,CHI,C
David,Terrell,LV,CB
Ephraim,Salaam,DEN,OT
Trey,Teague,BUF,C
Chris,Liwienski,MIA,OT
Eric,Warfield,KC,DB
Olin,Kreutz,CHI,C
Mike,Goff,LAC,OG
Jamie,Duncan,LAR,LB
Mike,Wahle,SEA,OG
Wade,Richey,BAL,PK
Mike,Vanderjagt,IND,PK
Earl,Little,CLE,DB
Larry,Chester,MIA,DT
Al,Harris,LAR,CB
Jason,Whittle,NYG,OG
Jim,Nelson,IND,LB
Chris,McAlister,NO,DB
John,Tait,CHI,OT
Matt,Stinchcomb,TB,OG
Luke,Petitgout,NYG,OT
Antoine,Winfield,MIN,CB
Fernando,Bryant,DET,CB
Barry,Gardner,NYJ,LB
Dre',Bly,DEN,CB
Larry,Smith,GB,DT
Daylon,McCutcheon,CLE,DB
Doug,Brzezinski,CAR,OG
Cory,Hall,ATL,FS
Rich,Coady,LAR,DB
Grey,Ruegamer,NYG,OG
Mike,McKenzie,NO,CB
John,Welbourn,KC,OT
Pierson,Prioleau,NO,S
Dexter,Jackson,CIN,DB
Wali,Rainer,DET,LB
Josh,Bidwell,WSH,P
Jay,Foreman,HOU,LB
Jason,Craft,NO,CB
James,Dearth,NYJ,LS
Kris,Brown,HOU,PK
Todd,McClure,ATL,C
Barry,Sims,LV,OT
Willie,Whitehead,NO,DE
Orlando,Ruff,NO,LB
Jamar,Nesbit,NO,C
Chris,Hanson,NE,P
Tod,McBride,ATL,DB
Mike,Schneck,ATL,C
Paul,Spicer,JAX,DE
Fakhir,Brown,LAR,CB
Justin,Lucas,ARI,DB
Cory,Withrow,LAC,C
Anthony,Mitchell,CIN,DB
Jose,Cortez,DAL,PK
Corey,Ivy,BAL,CB
Courtney,Brown,DEN,DE
Chris,Samuels,WSH,OT
Sebastian,Janikowski,SEA,PK
Stockar,McDougle,DET,OT
Ahmed,Plummer,SF,CB
Marvel,Smith,PIT,OT
Mike,Brown,KC,S
Rogers,Beckett,CIN,SS
Jason,Webster,NE,CB
Barrett,Green,DET,LB
Travares,Tillman,MIA,SS
Brad,Meester,JAX,C
Bobbie,Williams,CIN,OG
Kendrick,Clancy,NO,DT
Damion,McIntosh,KC,OT
Greg,Wesley,KC,DB
T.J.,Slaughter,BAL,LB
John,St. Clair,CLE,OT
Lewis,Sanders,HOU,CB
David,Barrett,NYJ,DB
Brandon,Short,NYG,LB
Junior,Ioane,HOU,DE
Tyrone,Carter,PIT,S
Josh,Williams,IND,DE
Tutan,Reyes,JAX,OG
Ralph,Brown,ARI,CB
Todd,Franz,GB,DB
Arturo,Freeman,MIA,DB
Kiwaukee,Thomas,JAX,DB
Pat,Dennis,WSH,DB
Neil,Rackers,HOU,PK
Mario,Edwards,DAL,CB
Jeno,James,CAR,OG
Michael,Hawthorne,GB,FS
Brad,St. Louis,CIN,TE
Mark,Tauscher,GB,OT
Kevin,Houser,NO,LS
Brian,Jennings,SF,C
Fred,Jones,KC,LB
Kenyatta,Wright,NYJ,LB
Derek,Rackley,ATL,C
Shaun,O'Hara,NYG,C
Lonie,Paxton,DEN,C
Jimmy,Wyrick,DET,DB
Justin,Snow,IND,C
Brian,Waters,KC,OG
Deveron,Harper,NO,CB
Reggie,Howard,CAR,DB
Ainsley,Battles,PIT,DB
Eric,Johnson,LV,LB
Hank,Fraley,PHI,C
Earthwind,Moreland,NE,DB
J.P.,Darche,SEA,C
Matt,Chatham,NYJ,LB
Mike,Leach,ARI,LS
Ronnie,Heard,ATL,DB
Tommy,Hendricks,JAX,LB
Rian,Lindell,TB,PK
Chris,Bober,KC,OG
Nick,Ferguson,HOU,S
Todd,McMillon,CHI,DB
Steve,Gleason,NO,DB
Kenyatta,Walker,TB,OT
Steve,Hutchinson,MIN,OG
Jeff,Backus,DET,OT
Casey,Hampton,PIT,DT
Jamar,Fletcher,CIN,CB
Kyle,Vanden Bosch,DET,DE
Idrees,Bashir,DET,DB
Kendrell,Bell,KC,LB
Ken,Lucas,CAR,CB
Maurice,Williams,JAX,OT
Fred,Smoot,WSH,CB
Dominic,Raiola,DET,C
Michael,Stone,ARI,DB
Quinton,Caver,KC,LB
Andre,Dyson,NYJ,CB
Sedrick,Hodge,NO,LB
Bhawoh,Jue,LAC,DB
Torrance,Marshall,GB,LB
Eric,Westmoreland,CLE,LB
Eric,Downing,KC,DT
William,James,JAX,CB
Kareem,McKenzie,NYG,OT
Brian,Allen,CAR,LB
Dwight,Smith,MIN,DB
Brock,Williams,LV,DB
Morlon,Greenwood,HOU,LB
Cory,Bird,IND,SS
Casey,Rabach,WSH,C
Willie,Blade,DAL,DT
Jonas,Jennings,SF,OT
Anthony,Henry,DAL,CB
Roberto,Garza,CHI,C
Karon,Riley,ATL,DE
Carlos,Polk,LAC,LB
Ben,Hamilton,DEN,OG
John,Howell,SEA,DB
Ryan,Diem,IND,OG
Edgerton,Hartwell,ATL,LB
Floyd,Womack,SEA,OG
Zeke,Moreno,LAC,LB
Jerametrius,Butler,LAR,DB
Raymond,Walls,BAL,DB
Raymond,Perryman,JAX,DB
Michael,Jameson,CLE,CB
Daleroy,Stewart,SF,DT
Jason,Glenn,MIN,LB
Dee,Brown,KC,RB
Roger,Knight,NO,LB
Ellis,Wyms,SEA,DT
Mario,Monds,MIA,DT
Kevin,Kasper,ARI,WR
Joe,Maese,BAL,C
Shaunard,Harts,KC,DB
Tupe,Peko,IND,OG
Ronald,Flemons,MIA,DE
Keith,Adams,PHI,LB
Marlon,McCree,LAC,S
Terdell,Sands,NE,DT
William,Hampton,CAR,DB
Jason,Bell,NYG,DB
Juqua,Parker,CLE,DE
Chartric,Darby,SEA,DT
Jerry,DeLoach,HOU,DT
Ifeanyi,Ohalete,ARI,SS
Ross,Tucker,BUF,OT
Jason,Baker,CAR,P
LeVar,Woods,TEN,LB
Damian,Gregory,TB,DT
Nick,Harper,TEN,CB
Justin,Kurpeikis,NE,LB
Chidi,Iwuoma,PIT,DB
Lawrence,Tynes,NYG,PK
Samari,Rolle,BAL,CB
Damion,Cook,DET,OG
Donte',Curry,CAR,LB
Dyshod,Carter,ARI,DB
Kevin,Kaesviharn,CIN,S
DeVone,Claybrooks,DAL,DT
Nick,Sorensen,CLE,S
Shayne,Graham,NO,PK
Micah,Ross,CAR,WR
Stephen,Neal,NE,OG
Nathan,Hodel,ARI,C
Jimmy,Farris,WSH,WR
Quentin,Jammer,DEN,CB
Roy,Williams,DAL,S
Levi,Jones,WSH,OT
Wendell,Bryant,ARI,DT
Phillip,Buchanon,WSH,CB
Napoleon,Harris,KC,LB
Mike,Rumph,WSH,DB
Marc,Colombo,DAL,OT
Raonall,Smith,LAR,LB
Lamont,Thompson,TEN,DB
Larry,Tripplett,IND,DT
Chester,Pitts,HOU,OT
Langston,Walker,BUF,OT
Jon,McGraw,KC,S
Michael,Lewis,LAR,S
Travis,Fisher,DET,CB
Andre',Goodman,DEN,CB
Saleem,Rasheed,SF,LB
Willie,Offord,MIN,DB
Joseph,Jefferson,IND,CB
Derek,Ross,DAL,DB
Rocky,Calmus,TEN,LB
Rashad,Bauman,CIN,DB
James,Allen,NO,LB
Kris,Richard,SEA,DB
Seth,McKinney,CLE,C
Marques,Anderson,GB,DB
Terrence,Metcalf,CHI,OG
Chris,Hope,TEN,DB
Dante,Wesley,CHI,CB
Kevin,Bentley,HOU,LB
Brian,Williams,JAX,CB
David,Thornton,TEN,LB
Ben,Taylor,CLE,LB
Tony,Beckham,TEN,DB
Terreal,Bierria,SEA,SS
Alan,Harper,NYJ,DT
Sam,Brandon,DEN,DB
Rocky,Boiman,KC,LB
John,Owens,DET,TE
Justin,Bannan,DEN,DT
Bobby,Gray,CHI,SS
Kevin,McCadam,ATL,DB
Mel,Mitchell,NO,DB
Andre,Lott,WSH,DB
Demarcus,Faggins,HOU,CB
Chris,Cash,DET,DB
Josh,Shaw,DEN,DT
Darrell,Hill,TEN,WR
Daryl,Jones,NYG,WR
Marquand,Manuel,SEA,S
Chris,Young,DEN,DB
Brett,Keisel,PIT,DE
Chris,Massey,CHI,LS
Kevin,Shaffer,ATL,OT
Quincy,Monk,HOU,LB
Justin,Hartwig,PIT,C
Kyle,Kosier,DAL,OG
Wesly,Mallard,TB,LB
Howard,Green,SEA,NT
Nick,Rogers,MIN,LB
Clinton,Hart,LAC,S
Paris,Lenon,ARI,LB
Marcus,Wilkins,CIN,LB
Billy,Cundiff,BAL,PK
Ma'ake,Kemoeatu,BAL,DT
Bart,Scott,NYJ,LB
Jack,Brewer,PHI,DB
Greg,Jerman,MIA,OT
Antwan,Lake,ATL,DT
Vernon,Fox,WSH,S
Lenny,Walls,KC,CB
Kemp,Rasmussen,CAR,DE
James,Atkins,SF,DT
Ryan,Clark,WSH,FS
James,Whitley,GB,CB
Troy,Evans,NO,LB
Jimmy,McClain,JAX,LB
Justin,Ena,PHI,LB
Ryan,Nece,TB,LB
Corey,Smith,DET,DE
Matt,Bryant,ATL,PK
Dirk,Johnson,ARI,P
Khary,Campbell,WSH,LB
Steve,Edwards,CHI,OT
Keith,Davis,DAL,S
Jody,Littleton,CLE,C
Reggie,Myles,CIN,CB
Brad,Kassell,NYJ,LB
Jeff,Reed,PIT,PK
Tony,Newson,LAR,LB
Trev,Faulk,LAR,LB
Charlie,Adams,DEN,WR
Keyon,Nash,LV,DB
Terence,Newman,MIN,CB
Jimmy,Kennedy,MIN,DT
George,Foster,DET,OT
Jeff,Faine,CIN,C
Kwame,Harris,SF,OT
Andre,Woolfolk,TEN,DB
Sammy,Davis,LAC,DB
Eric,Steinbach,CLE,OG
Charles,Tillman,CAR,CB
Eugene,Wilson,HOU,S
Rashean,Mathis,DET,CB
Drayton,Florence,DET,DB
Eddie,Moore,MIA,LB
Terry,Pierce,DEN,LB
Victor,Hobson,NYJ,LB
Anthony,Adams,CHI,DT
Alonzo,Jackson,NYG,DE
Gerald,Hayes,ARI,LB
Seth,Wand,HOU,OT
Kenny,Peterson,DEN,DE
Ricky,Manning,CHI,CB
Sam,Williams,LV,LB
Andrew,Williams,SF,DE
Donald,Strickland,SF,CB
Julian,Battle,KC,DB
Angelo,Crowell,BUF,LB
Todd,Johnson,CHI,S
Montrae,Holland,DEN,OG
Bradie,James,HOU,LB
DeJuan,Groce,LAR,DB
Jarret,Johnson,LAC,LB
Matt,Wilhelm,LAC,LB
Nick,Eason,ARI,DE
Colin,Branch,CAR,DB
Asante,Samuel,ATL,CB
Rod,Babers,DET,DB
Ike,Taylor,PIT,CB
Shurron,Pierson,CHI,DE
Ovie,Mughelli,ATL,FB
Solomon,Bates,SEA,LB
Terrence,Holt,ARI,S
Derek,Pagel,NYJ,DB
Ryan,Pontbriand,CLE,LS
Aubrayo,Franklin,LAC,DT
Michael,Lehan,MIA,CB
Donnie,Nickey,TEN,S
Melvin,Williams,SF,DE
David,Diehl,NYG,OG
Keyon,Whiteside,IND,LB
Dan,Koppen,DEN,C
Kevin,Garrett,LAR,DB
Brandon,Green,LAR,DE
Corey,Jenkins,CHI,LB
Gerome,Sapp,BAL,DB
Hanik,Milligan,LAC,DB
Michael,Nattiel,MIN,LB
Joe,Odom,CHI,LB
Cato,June,TB,LB
Waine,Bacon,IND,DB
Torrie,Cox,TB,CB
Frank,Walker,DAL,CB
Tony,Gilbert,ATL,LB
Yeremiah,Bell,ARI,SS
Curry,Burns,WSH,DB
Josh,Brown,NYG,PK
Mario,Haggan,LAR,LB
Ethan,Kelley,CLE,DT
Siddeeq,Shabazz,LV,DB
Scott,Shanle,NO,LB
Willie,Pile,DAL,DB
Steve,Josue,GB,LB
Brendon,Ayanbadejo,BAL,LB
Leigh,Bodden,NE,CB
Gary,Brackett,IND,LB
Mark,Brown,NYJ,LB
Sherrod,Coates,CLE,LB
Colin,Cole,CAR,DT
Stephen,Cooper,LAC,LB
Jon,Dorenbos,PHI,LS
Aaron,Elling,MIN,PK
Alonzo,Ephraim,PHI,C
Anthony,Floyd,IND,DB
Adam,Goldberg,LAR,OT
Louis,Green,DEN,LB
Roderick,Hood,ARI,CB
Ade,Jimoh,WSH,DB
Rushen,Jones,MIN,DB
Jordan,Kramer,TEN,LB
Shawn,Mayer,NE,DB
Quintin,Mikell,LAR,SS
Brandon,Moore,NYJ,OG
Rhett,Nelson,MIN,DB
Keith,O'Neil,DAL,LB
Cleveland,Pinkney,DET,DT
Terrell,Roberts,CIN,CB
Blaine,Saipaia,DET,OG
Jason,Short,PHI,LB
Josh,Stamer,BUF,LB
Russell,Stuvaints,PIT,DB
Mason,Unck,CLE,LB
Jason,Willis,SEA,WR
Max,Yates,MIN,LB
Shantee,Orr,HOU,LB
Richard,Alston,CLE,WR
Terrance,Martin,CIN,DT
Ken,Amato,TEN,LS
Ben,Nelson,MIN,WR
Torrin,Tucker,DAL,OG
Bryan,Pittman,HOU,LS
Ray,Wells,SF,LB
Shaun,Smith,KC,DT
Vinny,Ciurciu,DET,LB
Qasim,Mitchell,CHI,OT
Terrence,Melton,NO,LB
Robert,Gallery,LV,OG
Chris,Gamble,CAR,CB
Bob,Sanders,IND,S
Justin,Smiley,MIA,OG
Keiwan,Ratliff,IND,CB
Dwan,Edwards,CAR,DT
Shawntae,Spencer,SF,CB
Kris,Wilson,KC,TE
Nate,Kaeding,LAC,PK
Nick,Hardwick,LAC,C
Stuart,Schweigert,LV,S
Gilbert,Gardner,TEN,LB
Joey,Thomas,MIA,CB
Keith,Smith,DET,CB
Derrick,Strait,NYJ,DB
Marquis,Cooper,SEA,LB
Caleb,Miller,CIN,LB
Darrion,Scott,WSH,DE
Matt,Ware,ARI,S
Rich,Gardner,TEN,DB
Keyaron,Fox,PIT,LB
Travelle,Wharton,CAR,OG
Bo,Schobel,ARI,DE
Kendyll,Pope,IND,LB
Nathan,Vasher,DET,DB
Will,Allen,PIT,S
Leon,Joe,CHI,LB
Dexter,Reid,IND,DB
Matthias,Askew,CIN,DT
Anthony,Maddox,HOU,DT
Glenn,Earl,HOU,S
Michael,Waddell,TEN,DB
Jason,David,NO,CB
Richard,Seigler,PIT,LB
J.R.,Reed,PHI,S
Brandon,Chillar,GB,LB
Dave,Ball,TEN,DE
Josh,Scobee,PIT,PK
Jacob,Bell,LAR,OG
Rodney,Leisle,NO,DT
Jake,Scott,PHI,OG
Chad,Lavalais,ATL,DT
Sean,Ryan,KC,TE
Jeff,Shoate,DEN,DB
Roderick,Green,SF,LB
Rod,Davis,MIN,LB
Jason,Shivers,CHI,DB
Tony,Bua,MIA,DB
Amon,Gordon,KC,DE
Rob,Reynolds,TEN,LB
Von,Hutchins,IND,CB
Cody,Spencer,NYJ,LB
Etric,Pruitt,SEA,DB
Andy,Lee,ARI,P
Craig,Terrill,SEA,DT
Keith,Lewis,SF,S
Charlie,Anderson,MIA,LB
Shane,Olivea,LAC,OT
Darrell,McClover,CHI,LB
Alfonso,Marshall,CHI,CB
Jeff,Dugan,MIN,TE
Jacques,Reeves,HOU,CB
Donnie,Jones,PHI,P
Casey,Cramer,TEN,FB
Jared,Clauss,TEN,DT
Christian,Morton,CAR,CB
Trevor,Johnson,NYJ,DE
Derrick,Ward,HOU,RB
Rashad,Washington,NYJ,DB
Mike,Labinjo,IND,LB
Billy,Strother,WSH,LB
Justin,Sandy,TEN,DB
Jason,Horton,GB,DB
Quintin,Williams,MIA,DB
Eddie,Jackson,CAR,DB
Jordan,Babineaux,TEN,SS
Roc,Alexander,DEN,DB
Rashad,Baker,LV,S
Dwight,Anderson,LAR,DB
Randall,Gay,NO,CB
Garnell,Wilds,CAR,DB
Mike,Adams,HOU,S
Rayshun,Reed,SF,DB
Benny,Sapp,MIA,CB
P.J.,Fleck,SF,WR
Wes,Welker,LAR,WR
Jordan,Carstens,CAR,DT
Jason,Peters,CHI,OT
Ryan,Boschetti,WSH,DT
Josh,Savage,NO,DE
Cullen,Loeffler,MIN,LS
Alain,Kashama,SEA,DE
Ryan,Fowler,TEN,LB
Brian,Howard,LAR,DT
Curtis,Deloatch,NYG,DB
Jerrell,Pippens,CHI,DB
Eric,Alexander,NE,LB
Kalen,Thornton,DAL,LB
Larry,Stevens,CIN,LB
Rich,Scanlon,KC,LB
Jeremy,Cain,JAX,C
Kendrick,Starling,HOU,WR
Adrian,Mayes,ARI,DB
Marcus,Reese,CHI,LB
Roderick,Bryant,NYJ,CB
Vonta,Leach,BAL,FB
Robb,Butler,LAC,DB
Scott,Connot,KC,DB
Brandon,Barnes,WSH,LB
Lance,Frazier,DAL,DB
Khaleed,Vaughn,ATL,DE
Oliver,Celestin,ARI,S
Don,Muhlbach,DET,LS
Curtis,Randall,SEA,LB
Drew,Wahlroos,LAR,LB
Renauld,Williams,SF,LB
Bill,Gramatica,ARI,PK
Matt,Stover,BAL,PK
John,Kasay,NO,PK
Jason,Elam,ATL,PK
Doug,Brien,NYJ,PK
Todd,Peterson,ATL,PK
John,Carney,NYG,PK
Jay,Taylor,TB,PK
Gary,Anderson,TEN,PK
Jeff,Chandler,SF,PK
Ola,Kimrin,WSH,PK
Martin,Gramatica,TB,PK
Darren,Bennett,MIN,P
Micah,Knorr,DEN,P
Dave,Zastudil,ARI,P
Sean,Landeta,PHI,P
Tom,Rouen,SEA,P
Josh,Miller,PIT,P
Ken,Walter,NE,P
Scott,Player,ARI,P
Shane,Lechler,HOU,P
Kevin,Stemke,LAR,P
Nick,Murphy,PHI,P
Todd,Washington,HOU,C
Eugene,Baker,CAR,WR
Chad,Morton,NYG,RB
Frank,Murphy,TB,WR
Matt,Lehr,NO,OG
Aveion,Cason,LAR,RB
Lamont,Brightful,BAL,CB
J.J.,Moses,HOU,WR
Antonio,Brown,WSH,WR
Sean,Locklear,NYG,OG
Carlos,Francis,LV,WR
Bruce,Thornton,SF,DB
Jim,Molinaro,WSH,OT
Mark,Jones,CAR,WR
Brett,Pierce,DAL,TE
Jamall,Broussard,CAR,WR
Jeff,Thomason,PHI,TE
Jermane,Mayberry,PHI,OG
Hank,Poteat,CLE,CB
Keydrick,Vincent,CAR,OG
Jason,Stewart,IND,DT
Carey,Davis,PIT,FB
Cadillac,Williams,LAR,RB
Mike,Anderson,BAL,RB
Ricky,Williams,MIA,RB
Frank,Gore,BUF,RB
Marcel,Shipp,ARI,RB
J.J.,Arrington,ARI,RB
Cedric,Houston,NYJ,RB
Ryan,Moats,PHI,RB
Cedric,Benson,CIN,RB
Vernand,Morency,GB,RB
Tyson,Thompson,DAL,RB
Alvin,Pearman,TEN,RB
Noah,Herron,GB,RB
Jarrett,Payton,TEN,RB
Brandon,Jacobs,SF,RB
Leonard,Weaver,SEA,FB
Bruce,Perry,PHI,RB
Ciatrick,Fason,MIN,RB
Darren,Sproles,PHI,RB
Damien,Nash,DEN,RB
Troy,Williamson,MIN,WR
Ran,Carthon,IND,RB
Paul,Smith,DEN,RB
Courtney,Roby,NO,WR
Roddy,White,ATL,WR
Derrick,Wimbush,JAX,FB
Devery,Henderson,NO,WR
Tab,Perry,CIN,WR
Reggie,Brown,PHI,WR
Justin,Green,BAL,RB
Nehemiah,Broughton,WSH,FB
Brandon,Jones,TEN,WR
Madison,Hedgecock,NYG,FB
Shaun,Hill,MIN,QB
Tim,Hasselbeck,ARI,QB
Rasheed,Marshall,SF,WR
Braylon,Edwards,SF,WR
Heath,Miller,PIT,TE
Chris,Henry,CIN,WR
D.J.,Hackett,SEA,WR
Zach,Hilton,NO,TE
Alex,Smith,CIN,TE
Mike,Williams,DET,WR
Roydell,Williams,WSH,WR
Bo,Scaife,TEN,TE
Adam,Bergen,ARI,TE
Mark,Bradley,KC,WR
Bryan,Fletcher,IND,TE
Charles,Rogers,DET,WR
LeRon,McCoy,ARI,WR
Marc,Boerigter,KC,WR
Edell,Shepherd,TB,WR
Drew,Carter,CAR,WR
Todd,Devoe,DEN,WR
David,Boston,ARI,WR
Jerome,Mathis,HOU,WR
Ben,Utecht,CIN,TE
Vincent,Jackson,TB,WR
Billy,Bajema,LAR,TE
Stephen,Spach,ARI,TE
Donovan,Morgan,HOU,WR
Joel,Dreessen,DEN,TE
J.P.,Foschi,CIN,TE
Terrence,Murphy,GB,WR
Brandon,Childress,NE,WR
Pat,Johnson,WSH,WR
Matt,Murphy,HOU,TE
Dante,Ridgeway,NYJ,WR
Wesley,Duke,DEN,TE
Roland,Williams,LV,TE
Gabe,Reid,CHI,TE
Paul,Irons,CLE,TE
Ronnie,Cruz,KC,RB
Robert,Johnson,WSH,TE
Gregg,Guenther,TEN,TE
Dominique,Thompson,LAR,WR
Richard,Angulo,JAX,TE
Glenn,Martinez,DEN,WR
Trent,Smith,SF,TE
Matt,Kranchick,NYG,TE
O.J.,Small,TEN,WR
Alex,Holmes,MIA,TE
Tom,Ashworth,NE,OT
Vince,Manuwai,JAX,OG
Michael,Roos,TEN,OT
Shawne,Merriman,LAC,DE
DeMarcus,Ware,DEN,LB
Leroy,Hill,SEA,LB
Trent,Cole,IND,LB
David,Pollack,CIN,LB
Erasmus,James,MIN,DE
Lofa,Tatupu,SEA,LB
Luis,Castillo,LAC,DE
Mike,Patterson,NYG,DT
Antonio,Smith,DEN,DE
C.J.,Mosley,DET,DT
Peter,Boulware,BAL,LB
Peter,Sirmon,TEN,LB
Chris,Canty,BAL,DL
N. D.,Kalu,HOU,DE
Derrick,Johnson,LV,LB
Brady,Poppinga,DAL,LB
Darrell,Shropshire,ATL,DT
Thomas,Davis Sr.,LAC,LB
Marcus,Spears,DAL,DE
Shaun,Cody,HOU,DT
Odell,Thurman,CIN,LB
Derrick,Gibson,LV,DB
Joe,Tafoya,ARI,DE
Boss,Bailey,DET,LB
Demetrin,Veal,DEN,DE
Tim,Anderson,ATL,DT
Travis,Johnson,HOU,DE
Brodney,Pool,NYJ,S
Stanford,Routt,KC,CB
Kevin,Burnett,MIA,LB
Matt,Roth,CLE,DE
Darrent,Williams,DEN,CB
Bryant,McFadden,PIT,CB
Oshiomogho,Atogwe,WSH,DB
Justin,Tuck,NYG,DE
Darryl,Blackstock,LV,LB
Kerry,Rhodes,ARI,FS
Chauncey,Davis,CHI,DE
Michael,Montgomery,GB,DE
Chris,Harris,JAX,DB
Derrick,Johnson,ATL,DB
Jeremiah,Ratliff,CHI,DL
Manuel,Wright,NYG,DT
Marques,Harris,LAC,LB
Andre,Frazier,PIT,LB
Chris,McKenzie,HOU,DB
Alfred,Malone,GB,DT
Jonathan,Babineaux,ATL,DT
Ben,Emanuel,SF,DB
Dale,Carter,BAL,CB
Will,Shields,KC,OG
Larry,Allen,SF,OG
Wayne,Gandy,NO,OT
Ken,Irvin,NO,DB
Adam,Timmerman,LAR,OG
Jeff,Hartings,PIT,C
Jonathan,Ogden,BAL,OT
Joe,Nedney,SF,PK
Ray,Mickens,NYJ,DB
Calvin,Branch,LV,DB
Kyle,Richardson,MIN,P
Ryan,Tucker,CLE,OG
Eric,Beverly,ATL,TE
Tra,Thomas,PHI,OT
Terry,Fair,LAR,DB
Alan,Faneca,PIT,OG
Jeremy,Newberry,LV,C
Martin,Chase,WSH,DT
Jeff,Mitchell,CAR,C
Barry,Stokes,DET,OT
Damien,Woody,NYJ,OT
L.J.,Shelton,MIA,OT
Jon,Jansen,WSH,OT
Randy,Thomas,WSH,OG
Lennie,Friedman,CLE,OG
Zach,Piller,TEN,OG
Mike,Rosenthal,MIN,OG
Joe,Zelenka,ATL,C
Keion,Carpenter,ATL,SS
Adrian,Klemm,GB,OT
Todd,Wade,WSH,OT
Leander,Jordan,LAC,OG
Frank,Chamberlin,HOU,LB
Lester,Towns,CAR,LB
Cedric,Killings,HOU,DT
Zeron,Flemister,LV,TE
Matt,Light,NE,OT
Chukky,Okobi,PIT,C
Rodney,Bailey,ARI,DE
Rick,DeMulling,DET,OT
Fred,Wakefield,ARI,OL
Bennie,Anderson,BAL,OG
Rich,Seubert,NYG,OG
LeCharles,Bentley,NO,C
Fred,Weary,HOU,OG
Melvin,Fowler,BUF,C
Ramon,Walker,HOU,DB
Omare,Lowe,ATL,DB
Eric,Heitmann,SF,C
Corey,McIntyre,BUF,FB
Kevin,Barry,GB,OT
D.D.,Lewis,SEA,LB
Kalvin,Pearson,TB,S
Artis,Hicks,WSH,OT
Milford,Brown,HOU,OG
Al,Johnson,DAL,C
Jordan,Black,JAX,OT
Sean,Mahan,PIT,OG
Tony,Pashos,LV,OT
B.J.,Tucker,SF,DB
Lauvale,Sape,BUF,DT
Blue,Adams,TB,DB
Norman,LeJeune,MIA,DB
Chris,Johnson,BAL,DB
Carl,Ford,CHI,WR
Fred,Booker,NO,DB
Nic,Clemons,DEN,DE
Anthony,Davis,TB,OT
Jamaal,Jackson,PHI,C
Jeremy,Loyd,LAR,LB
Ryan,Myers,NYJ,LB
Vernon,Carey,MIA,OG
Chris,Snee,NYG,OG
Sean,Jones,TB,DB
Marquise,Hill,NE,DE
Max,Starks,PIT,OT
Guss,Scott,NE,DB
Isaac,Sopoaga,NE,DT
Chris,Thompson,CHI,DB
Nick,Leckey,ARI,C
Kelly,Butler,DET,OT
Rex,Hadnot,LAC,OG
Greg,Brooks,CIN,DB
Sean,Tufts,CAR,LB
Ryon,Bingham,LAC,DE
Sloan,Thomas,TEN,WR
Sean,McHugh,DET,TE
Scott,Wells,GB,C
Jason,Anderson,HOU,RB
Michael,Harden,SEA,DB
Zach,Norton,BAL,DB
Todd,France,TB,PK
T.J.,Hollowell,NYJ,LB
David,Richardson,JAX,DB
Marlin,Jackson,IND,S
Antrel,Rolle,NYG,S
Carlos,Rogers,SF,CB
Jammal,Brown,WSH,OT
Alex,Barron,LAR,OT
Fabian,Washington,BAL,DB
Logan,Mankins,NE,G
Barrett,Ruud,HOU,LB
Josh,Bullocks,CHI,S
Corey,Webster,NYG,CB
Mike,Nugent,CIN,PK
Ron,Bartell,LAR,CB
Nick,Collins,GB,S
Justin,Miller,NYJ,DB
Kelvin,Hayden,CHI,DB
Matt,McCoy,TB,LB
Channing,Crowder,MIA,LB
Stanley,Wilson,DET,CB
Eric,Green,ARI,CB
Karl,Paymah,DEN,CB
Kirk,Morrison,JAX,LB
Alfred,Fincher,WSH,LB
Ellis,Hobbs,NE,CB
Scott,Starks,JAX,CB
Sione,Po'uha,NYJ,DT
Adam,Snyder,SF,OG
Domonique,Foxworth,BAL,CB
Dustin,Colquitt,KC,P
Sean,Considine,BAL,DB
Travis,Daniels,KC,DB
Dan,Buenning,TB,OG
Elton,Brown,ARI,OG
Marviel,Underwood,GB,DB
Todd,Herremans,PHI,G
James,Sanders,ARI,DB
Claude,Terrell,LAR,OG
Matt,Giordano,LV,FS
Ronald,Fields,DEN,DT
Boomer,Grigsby,KC,FB
Donte,Nicholson,TB,S
Jonathan,Welsh,IND,DE
Adam,Seward,CAR,LB
Robert,McCune,BAL,LB
Eric,King,DET,CB
Gerald,Sensabaugh,DAL,FS
Michael,Boley,CIN,LB
Rian,Wallace,PIT,LB
Mike,Hawkins,GB,CB
Lance,Mitchell,ARI,LB
Anttaj,Hawthorne,LV,DT
Nick,Speegle,CLE,LB
Anthony,Bryant,WSH,DT
Eric,Moore,NYG,DE
C.C.,Brown,DET,S
Pat,Thomas,KC,LB
Dave,Rayner,DET,PK
Johnathan,Goddard,IND,LB
Reggie,Hodges,CLE,P
Ryan,Riddle,NYJ,LB
Daven,Holly,CLE,CB
Reynaldo,Hill,TEN,CB
Hamza,Abdullah,ARI,S
Jimmy,Verdon,NO,DE
Jonathan,Fanene,CIN,DE
Mike,Smith,BAL,LB
Cornelius,Wortham,SEA,LB
Chris,Roberson,DET,CB
Will,Whitticker,GB,OG
Keyonta,Marshall,PHI,DT
Patrick,Estes,SF,OT
Antoine,Cash,TB,LB
Michael,Koenen,TB,P
Jeremy,Thornburg,GB,DB
Jim,Leonhard,BUF,DB
George,Wilson,TEN,SS
Rashied,Davis,CHI,WR
Brandon,McGowan,NE,S
Simon,Fraser,CLE,DE
Mike,Wright,NE,DE
Thomas,Johnson,ATL,DT
Derreck,Robinson,CLE,DL
Roy,Manning,GB,LB
Kris,Griffin,CLE,LB
Chris,Carr,LAC,DB
John,Denney,MIA,LS
Adrian,Awasom,MIN,DE
Chase,Blackburn,CAR,LB
James,Butler,NYG,S
D.J.,Johnson,NYJ,DB
Dovonte,Edwards,DET,DB
Laroni,Gallishaw,MIN,DB
Chris,Kluwe,MIN,P
John,Bronson,ARI,TE
Greg,Warren,PIT,LS
Lamont,Reid,ARI,DB
Matt,Katula,BAL,C
B.J.,Ward,BAL,DB
Darrell,Reid,IND,LB
Leigh,Torrence,NO,DB
Nick,Novak,LAC,PK
Remy,Hamilton,DET,PK
Aki,Jones,WSH,DE
Will,Hunter,MIN,DB
Liam,Ezekiel,BUF,LB
Curome,Cox,DEN,DB
Dimitri,Patterson,MIA,CB
John,Leake,ATL,LB
Robbie,Gould,SF,PK
Aaron,Francisco,IND,DB
Heath,Farwell,SEA,LB
Jim,Davis,JAX,DE
Isaiah,Ekejiuba,DET,LB
Dedrick,Roper,PHI,LB
Tim,Bulman,HOU,DT
Patrick,Dendy,CAR,DB
Ernest,Shazor,ARI,DB
Jerron,Wishom,GB,DB
Patrick,Body,CIN,DB
Dennis,Haley,BAL,LB
Evan,Oglesby,MIA,CB
Jermaine,Hardy,CAR,DB
J'Vonne,Parker,CLE,DT
Zac,Woodfin,BAL,LB
Terry,Butler,NYJ,RB
Matt,McChesney,NYJ,OG
Jeremy,Calahan,LAR,DT
Marcus,Randall,TEN,LB
Ahmad,Treaudo,ATL,DB
Matt,Grootegoed,DET,LB
Jerome,Carter,LAR,S
Rob,Bironas,TEN,PK
Shaun,Suisham,PIT,PK
Paul,Ernster,DEN,PK
Leo,Araguz,SEA,P
Andy,Groom,WSH,P
Ryan,Flinn,GB,P
Corey,Hulsey,LV,OG
Anthony,Herrera,MIN,OG
Rich,Alexis,JAX,RB
Antonio,Perkins,CLE,DB
Chad,Owens,JAX,WR
DeAndra,Cobb,ATL,RB
Luke,Lawton,LV,FB
Romby,Bryant,ATL,WR
Otis,Amey,SF,WR
Jamal,Jones,NO,WR
Rich,Parson,WSH,WR
Nate,Washington,TEN,WR
Kendall,Simmons,PIT,OG
Jordan,Gross,CAR,OT
Marcus,Lawrence,NYG,LB
Maurice,Jones-Drew,JAX,RB
Laurence,Maroney,NE,RB
Mike,Bell,CLE,RB
Leon,Washington,TEN,RB
DeAngelo,Williams,PIT,RB
Correll,Buckhalter,PHI,RB
LenDale,White,TEN,RB
Chris,Taylor,HOU,RB
Brad,Smith,BUF,WR
Jerome,Harrison,DET,RB
Maurice,Stovall,DET,WR
Jamaal,Branch,NO,RB
Eric,Shelton,CAR,RB
Chad,Jackson,DEN,WR
Ahmard,Hall,TEN,FB
Brian,Calhoun,DET,RB
John,Kuhn,GB,FB
Santonio,Holmes,CHI,WR
Charlie,Whitehurst,CLE,QB
Michael,Jennings,NYG,WR
Brandon,Marshall,NYJ,WR
Keylon,Kincade,DAL,RB
Kay-Jay,Harris,LAR,RB
Kelvin,Kight,NE,WR
Marquis,Weeks,SEA,RB
Reggie,McNeal,CIN,WR
Derrick,Ross,KC,RB
Vernon,Davis,WSH,TE
A.J.,Schable,ARI,DE
Jarrad,Page,NE,S
Tony,Scheffler,DET,TE
Devale,Ellis,DET,WR
Marlion,Jackson,ATL,RB
Quincy,Wilson,CIN,RB
Jared,Lorenzen,NYG,QB
Lawrence,Vickers,DAL,FB
Adam,Jennings,ATL,WR
Ingle,Martin,GB,QB
Marques,Colston,NO,WR
Greg,Jennings,MIN,WR
Demetrius,Williams,BAL,WR
Ruvell,Martin,GB,WR
Owen,Daniels,DEN,TE
Joe,Klopfenstein,BUF,TE
Derek,Hagan,NYG,WR
Leonard,Pope,KC,TE
David,Thomas,NO,TE
John,Madsen,LV,TE
Anthony,Fasano,TEN,TE
Sam,Hurd,CHI,WR
Jason,Avant,CAR,WR
Paris,Warren,TB,WR
Brandon,Miree,GB,RB
Brad,Cieslak,CLE,TE
Dominique,Byrd,LAR,TE
Taye,Biddle,CAR,WR
Martin,Nance,MIN,WR
Travis,Wilson,CLE,WR
Micheal,Spurlock,CHI,WR
Delanie,Walker,TEN,TE
David,Anderson,WSH,WR
Sinorice,Moss,NYG,WR
Jeff,Webb,KC,WR
Walter,Young,CAR,WR
Chris,Francies,GB,WR
Quinn,Sypniewski,BAL,TE
Lance,Moore,DET,WR
Oliver,Hoyte,DAL,RB
James,Hodgins,ARI,RB
James,Adkisson,LV,WR
Will,Buchanon,LV,WR
Cooper,Wallace,TEN,TE
Derrick,Lewis,HOU,WR
Glenn,Holt,CIN,WR
Kevin,Everett,BUF,TE
Jeff,King,ARI,TE
Chad,Slaughter,LV,OT
Geoff,Hangartner,BUF,OG
Devin,Hester,ATL,WR
Charlie,Johnson,MIN,OG
Darcy,Johnson,NYG,TE
Stacy,Tutt,NYJ,RB
Marcus,Vick,MIA,WR
Cory,Ross,BAL,RB
Mark,Anderson,HOU,DE
Kamerion,Wimbley,TEN,LB
Elvis,Dumervil,SF,LB
Tamba,Hali,KC,LB
Mario,Williams,MIA,DE
Josh,Mallard,DEN,DE
Mathias,Kiwanuka,NYG,DE
A.J.,Hawk,CIN,LB
DeMeco,Ryans,PHI,LB
Darryl,Tapp,DET,DE
Ray,Edwards,ATL,DE
Dawan,Landry,NYJ,SS
Jayme,Mitchell,CLE,DE
Paul,Carrington,ATL,DE
Kevin,Huntley,ATL,DE
Manny,Lawson,BUF,LB
Jason,Hatcher,WSH,DE
Domata,Peko Sr.,CIN,DT
Kenny,Pettway,GB,LB
James,Anderson,CHI,LB
Brent,Hawkins,JAX,LB
Cortland,Finnegan,LAR,CB
Bobby,Carpenter,DET,LB
Clint,Ingram,JAX,LB
Barry,Cofield,WSH,DT
Josh,Cooper,NO,DE
Haloti,Ngata,PHI,DT
Daniel,Bullocks,DET,S
Roman,Harper,CAR,S
Richard,Marshall,LAC,CB
Claude,Wroten,LAR,DT
Ko,Simpson,DET,S
Gabe,Watson,ARI,NT
Leon,Williams,CLE,LB
Victor,Adeyanju,LAR,DE
Omar,Gaither,PHI,LB
Jesse,Mahelona,TEN,DT
Keith,Ellison,BUF,LB
Drew,Coleman,NYJ,DB
Melvin,Oliver,SF,DE
Tony,McDaniel,SEA,DT
Ahmad,Brooks,GB,LB
T.J.,Jackson,KC,DT
Stephen,Bowen,NYJ,DE
Ernie,Sims,DAL,LB
Stephen,Tulloch,DET,LB
Anthony,Montgomery,WSH,DT
Montavious,Stanley,JAX,DT
Kedric,Golston,WSH,NT
Chris,Gray,SEA,OG
Zach,Wiegert,HOU,OT
Ruben,Brown,CHI,OG
Mike,Flynn,BAL,OG
Joe,Andruzzi,CLE,OG
Todd,Fordham,CAR,OT
Matt,Birk,BAL,C
Kendyl,Jacox,MIA,OG
Terrence,Wilkins,IND,WR
Cooper,Carlisle,LV,OG
Jamal,Brooks,LAR,LB
Bryant,McKinnie,MIN,OT
Jamin,Elliott,ATL,WR
Tony,Wragge,LAR,OG
Jonathan,Stinchcomb,NO,OT
Bennie,Joppru,SEA,TE
Derrick,Dockery,WSH,OG
Reggie,Wells,ARI,OT
Jeremy,Bridges,CAR,OG
Antonio,Garay,LAC,DE
Earl,Cochran,HOU,DE
Kris,Dielman,LAC,OG
Ronyell,Whitaker,MIN,DB
Jake,Grove,LV,C
Jorge,Cordova,TEN,LB
Stacy,Andrews,SEA,OT
Jeb,Terry,TB,OG
Kevin,Sampson,KC,OT
Robert,Pollard,SEA,DE
Steve,Cargile,DEN,S
Jamaine,Winborne,BAL,CB
Chris,Spencer,TEN,C
Marcus,Johnson,MIN,OT
Khalif,Barnes,LV,OT
Dan,Cody,BAL,LB
Dustin,Fox,BUF,CB
Richie,Incognito,MIA,G
Jordan,Beck,DEN,LB
Vincent,Fuller,TEN,S
David,Stewart,TEN,OT
Eric,Ghiaciuc,CIN,OL
Duke,Preston,BUF,C
Jason,Brown,BAL,C
Dylan,Gandy,DET,OG
David,McMillan,CLE,LB
Wesley,Britt,NE,OT
Tyjuan,Hagler,IND,LB
Jovan,Haye,TEN,DT
Jason,Jefferson,ATL,DT
Rod,Wilson,CHI,LB
Scott,Mruczkowski,LAC,C
L.P.,Ladouceur,DAL,LS
Shirdonya,Mitchell,MIA,DB
Erik,Pears,BUF,G
Herana-Daze,Jones,CIN,S
Atari,Bigby,LAC,SS
Therrian,Fontenot,CLE,DB
Tory,Humphrey,GB,TE
Keith,Joseph,NO,RB
Jonas,Seawright,NYG,DT
Arnold,Harrison,PIT,LB
Greg,Camarillo,MIN,WR
Diamond,Ferri,ARI,RB
Antwain,Spann,NE,CB
Tyson,Smith,NYG,LB
D'Brickashaw,Ferguson,NYJ,OT
Michael,Huff,LV,FS
Donte,Whitner,WSH,DB
Brodrick,Bunkley,NO,DT
Tye,Hill,DET,CB
Jason,Allen,HOU,DB
Antonio,Cromartie,NYJ,DB
Davin,Joseph,TB,OG
Johnathan,Joseph,TEN,CB
John,McCargo,TB,DT
Nick,Mangold,NYJ,C
Kelly,Jennings,SEA,CB
D'Qwell,Jackson,IND,LB
Rocky,McIntosh,DET,LB
Jimmy,Williams,ATL,FS
Thomas,Howard,LV,LB
Danieal,Manning,HOU,SS
Cedric,Griffin,MIN,SS
Ryan,Cook,DAL,C
Bernard,Pollard,TEN,SS
Tim,Jennings,CHI,CB
Abdul,Hodge,CIN,LB
Ashton,Youboty,JAX,CB
Jason,Spitz,GB,C
Anthony,Schlegel,CIN,LB
Jon,Alston,LV,LB
Anthony,Smith,PIT,S
Freddy,Keiaho,IND,LB
Gerris,Wilkinson,NYG,LB
Eric,Smith,NYJ,S
Calvin,Lowry,TEN,S
Will,Blackmon,WSH,S
Stephen,Gostkowski,TEN,PK
Jamar,Williams,CHI,LB
Nate,Salley,CAR,S
Kyle,Williams,BUF,DT
Rob,Ninkovich,NE,LB
Terna,Nande,TEN,LB
Pat,Watkins,DAL,S
Parys,Haralson,NO,DE
Jonathan,Scott,PIT,OT
Brandon,Johnson,PIT,LB
Greg,Blue,DET,DB
Tim,Dobbins,HOU,LB
Julian,Jenkins,TB,DE
Charlie,Peprah,DAL,SS
Tony,Moll,GB,OT
Reed,Doughty,WSH,SS
Kevin,Boothe,NYG,OG
Jonathan,Lewis,ARI,DT
Baba,Oshinowo,CLE,DL
Johnny,Jolly,GB,DE
Tyrone,Culver,MIA,DB
Marcus,Hudson,SF,S
Sam,Koch,BAL,P
LaJuan,Ramsey,LAR,DT
Le Kevin,Smith,NE,DT
Antoine,Bethea,NYG,S
Derrick,Martin,CHI,DB
Ethan,Kilmer,CIN,CB
Zach,Strief,NO,OT
Fred,Evans,MIN,DT
Ryan,LaCasse,IND,DE
Justin,Hamilton,WSH,DB
Willie,Andrews,NE,CB
Dee,Webb,JAX,CB
T.J.,Rushing,IND,CB
Charles,Bennett,TB,DE
Mark,Setterstrom,LAR,C
Quinton,Ganther,BUF,RB
Anthony,Cannon,DET,LB
Aaron,Merz,BUF,OG
Shaun,Bodiford,GB,WR
Michael,Bragg,KC,DB
John,Busing,HOU,S
Sean,Conover,TEN,DE
Torrance,Daniels,NYG,LB
John,DiGiorgio,BUF,LB
Kevin,Dockery,LAR,CB
Jamaal,Fudge,ATL,S
Charles,Gordon,MIN,CB
Jason,Hunter,DEN,DE
Brian,Iwuh,JAX,LB
Rashad,Jeanty,CIN,LB
Anthony,Madison,PIT,CB
Corey,Mays,KC,LB
Montell,Owens,JAX,RB
Khreem,Smith,MIN,DE
Jamie,Thompson,NYJ,DB
Steve,Weatherford,NYG,P
Pierre,Woods,NE,LB
Wallace,Wright,NYJ,WR
Zac,Alcorn,GB,TE
Miles,Austin,PHI,WR
Abram,Elam,KC,FS
Jereme,Perry,MIA,DB
James,Sims,NYG,RB
Joe,Sykes,WSH,DE
Steve,Gregory,NE,DB
Darrell,Hunter,ARI,DB
Lance,Laury,SEA,LB
Brandon,McKinney,BAL,DT
Ronnie,Prude,BAL,CB
Jarrett,Bush,GB,CB
Boone,Stutz,SEA,C
Brandon,Jamison,CAR,LB
Stephen,Williams,KC,DT
Ricky,Brown,LV,LB
Dion,Byrum,CAR,CB
Jovon,Johnson,PIT,DB
Ryan,Plackemeier,SEA,P
Jamaica,Rector,DAL,WR
Brandon,Williams,SF,WR
Willie,Reid,PIT,WR
Skyler,Green,NO,WR
Brian,Clark,TB,WR
Richard,Collier,JAX,OT
Cletis,Gordon,LAC,CB
DeDe,Dorsey,CIN,RB
Nick,Kaczur,NE,OT
William,Kershaw,MIA,LB
Marshawn,Lynch,LV,RB
Sidney,Rice,SEA,WR
Daniel,Sepulveda,PIT,P
Matt,Gutierrez,KC,QB
Brock,Berlin,LAR,QB
Chris,Redman,ATL,QB
Matt,Moore,MIA,QB
Trent,Edwards,BUF,QB
John,Beck,WSH,QB
JaMarcus,Russell,LV,QB
Troy,Smith,SF,QB
Brady,Quinn,KC,QB
Tyler,Thigpen,KC,QB
Kevin,Kolb,ARI,QB
Adrian,Peterson,WSH,RB
Ryan,Grant,GB,RB
Selvin,Young,DEN,RB
Kenton,Keith,IND,RB
Kolby,Smith,KC,RB
Brian,Leonard,TB,RB
Fred,Jackson,SEA,RB
Brandon,Jackson,GB,RB
Darius,Walker,HOU,RB
Pierre,Thomas,NO,RB
Andre,Hall,DEN,CB
DeShawn,Wynn,GB,RB
Ahmad,Bradshaw,IND,RB
Antonio,Pittman,LAR,RB
Lorenzo,Booker,MIN,RB
Chris,Henry,SEA,RB
Dwayne,Wright,BUF,FB
Kyle,Eckel,NO,FB
Garrett,Wolfe,CHI,RB
Clifton,Dawson,IND,RB
Calvin,Johnson,DET,WR
Patrick,Cobbs,MIA,RB
Jackie,Battle,TEN,RB
Jason,Snelling,ATL,FB
Travis,Williams,ATL,LB
Gary,Russell,LV,RB
Chris,Davis,TEN,WR
Le'Ron,McClain,LAC,FB
Tony,Hunt,PHI,RB
Naufahu,Tahi,MIN,FB
Dwayne,Jarrett,CAR,WR
Craig,Davis,LAC,WR
Kenneth,Darby,LAR,RB
Gilbert,Harris,KC,FB
Steve,Breaston,KC,WR
Reagan,Maui'a,ARI,FB
Derek,Stanley,LAR,WR
Zak,Keasey,SF,FB
Alex,Haynes,CAR,RB
Chris,Barclay,TEN,RB
Ted,Ginn Jr.,NO,WR
Johnnie Lee,Higgins,LV,WR
Aundrae,Allison,MIN,WR
Chris,Davis,NYJ,WR
Jacoby,Jones,BAL,WR
Yamon,Figurs,BAL,WR
Adam,Podlesh,CHI,P
Marques,Hagans,KC,WR
Domenik,Hixon,NYG,WR
Dwayne,Bowe,KC,WR
James,Jones,GB,WR
Anthony,Gonzalez,IND,WR
Zach,Miller,SEA,TE
Laurent,Robinson,JAX,WR
Greg,Olsen,SEA,TE
Ben,Obomanu,SEA,WR
Brent,Celek,PHI,TE
Greg,Estandia,CLE,TE
John,Broussard,JAX,WR
Daniel,Coats,CIN,TE
Kevin,Boss,LV,TE
Dante,Rosario,CHI,TE
Devin,Aromashodu,MIN,WR
Chad,Lucas,TB,WR
Ben,Patrick,ARI,TE
Craphonso,Thorpe,IND,WR
Brandon,Middleton,DET,WR
Legedu,Naanee,MIA,WR
Steve,Smith,LAR,WR
Deon,Anderson,DAL,FB
Martrez,Milner,ATL,TE
Korey,Hall,GB,RB
Troy,Bienemann,ARI,TE
Anthony,Mix,WSH,WR
Courtney,Taylor,SEA,WR
Ryne,Robinson,CAR,WR
Matt,Spaeth,PIT,TE
Michael,Matthews,NYG,TE
Garrett,Mills,MIN,TE
Derek,Schouman,BUF,TE
Chris,McFoy,LV,WR
Tony,Curtis,DAL,TE
Joe,Kowalewski,NYJ,TE
Matt,Willis,DEN,WR
Aaron,Halterman,MIA,TE
Jason,Pociask,NYJ,TE
Jason,Hill,JAX,WR
Biren,Ealy,TEN,WR
Marcus,Maxwell,CIN,WR
Isaac,Smolko,JAX,TE
Lee,Vickers,BAL,TE
Byron,Storer,TB,FB
Oren,O'Neal,LV,FB
Justin,Jenkins,BUF,WR
Ronnie,Ghent,NO,TE
Michael,Gasperson,PHI,WR
Brad,Butler,BUF,OT
Tim,Massaquoi,BUF,TE
Stylez G.,White,TB,DE
Gaines,Adams,CHI,DE
Amobi,Okoye,CHI,DT
David,Harris,NYJ,LB
Brian,Robison,MIN,DE
Patrick,Willis,SF,LB
LaMarr,Woodley,PIT,LB
Tim,Crowder,TB,DE
Chris,Wilson,WSH,LB
Jyles,Tucker,LAC,LB
Anthony,Spencer,DAL,DE
Adam,Carriker,WSH,DE
Gerald,Alexander,JAX,S
Brandon,Mebane,LAC,NT
Antwan,Barnes,LAC,LB
Clifton,Ryan,LAR,DT
Chinedum,Ndukwe,CIN,S
Rodrique,Wright,MIA,DE
LaRon,Landry,NYJ,FS
Aaron,Ross,JAX,CB
Quentin,Moses,MIA,LB
Quinn,Pitcock,IND,DT
Greg,Peterson,JAX,DE
Otis,Grigsby,MIN,DE
Chris,Gocong,CLE,LB
Jeremy,Mincey,DAL,DE
Stanley,McClover,CAR,DE
Jeff,Charleston,NO,DE
Jarvis,Moss,LV,DE
Reggie,Nelson,LV,S
Eric,Weddle,BAL,S
Justin,Durant,DAL,LB
Eric,Wright,TB,DB
Turk,McBride,DET,DE
Jay,Alford,NYG,DT
Stewart,Bradley,ARI,LB
Ray,McDonald,SF,DE
Stephen,Nicholas,ATL,LB
Jay,Richardson,LV,LB
Keyunta,Dawson,IND,DE
Ed,Johnson,CAR,DT
Edgar,Jones,KC,DE
Kevin,Mawae,NYJ,C
Walter,Jones,SEA,OT
Kyle,Turley,LAR,OT
Jason,Fabini,WSH,OT
Chris,Terry,KC,OT
Chad,Clifton,GB,OT
Mike,Gandy,CHI,OT
Brandon,Gorin,LAR,OT
Andre,Gurode,DAL,C
Mike,Pucillo,WSH,OG
Tramon,Williams,GB,CB
Mike,Barr,ARI,P
Shawn,Andrews,NYG,OG
Stephen,Peterman,DET,OG
Marcus,Thomas,DEN,DT
Ryan,Lilja,KC,C
David,Baas,SF,C
Adam,Terry,BAL,OT
Will,Svitek,TEN,OT
Chris,Myers,HOU,C
Kevin,Vickerson,DEN,DT
Harry,Williams,HOU,WR
Jon,Condo,LV,LS
Gary,Gibson,TB,DT
Santonio,Thomas,CLE,DT
Lorenzo,Alexander,BUF,LB
Antoine,Harris,ATL,S
Chad,Greenway,MIN,LB
Deuce,Lutui,TEN,OG
Daryn,Colledge,ARI,OG
Marcus,McNeill,LAC,OT
Chris,Chester,ATL,G
Jeremy,Trueblood,TB,OT
Eric,Winston,ARI,OT
Paul,McQuistan,SEA,OG
Dusty,Dvoracek,CHI,DT
David,Pittman,BAL,CB
Frostee,Rucker,LV,DT
Max,Jean-Gilles,PHI,OG
Jahri,Evans,GB,G
Rob,Sims,DET,OG
Willie,Colon,PIT,G
Quinn,Ojinnaka,ATL,OG
Chris,Kuper,DEN,OG
Jeromey,Clary,LAC,OG
Pat,McQuistan,DAL,OT
Tim,McGarigle,LAR,LB
Chase,Page,MIA,DT
David,Tollefson,NYG,DE
Colin,Allred,TEN,LB
McKinley,Boykin,NO,DT
Antwon,Burton,DEN,DT
LaMarcus,Hicks,DET,CB
Grant,Mason,PIT,DB
Ryan,Neill,LAR,LS
Donald,Penn,LV,OT
D'Anthony,Batiste,DEN,OG
Mike,Brisiel,LV,OG
John,Eubanks,WSH,DB
Hiram,Eugene,LV,S
Matt,Sinclair,WSH,LB
Remi,Ayodele,NO,DT
Kevin,Hobbs,SEA,CB
Sav,Rocca,WSH,P
Joe,Thomas,CLE,OT
Levi,Brown,ARI,OT
Darrelle,Revis,NYJ,CB
Lawrence,Timmons,PIT,LB
Justin,Harrell,GB,DE
Leon,Hall,LV,CB
Michael,Griffin,TEN,S
Brandon,Meriweather,WSH,S
Jon,Beason,NYG,LB
Joe,Staley,SF,OT
Alan,Branch,NE,DE
Paul,Posluszny,JAX,LB
Chris,Houston,DET,CB
Josh,Wilson,DET,CB
Victor,Abiamiri,PHI,DE
Ikaika,Alama-Francis,MIA,DE
Samson,Satele,LV,C
Sabby,Piscitelli,KC,S
Usama,Young,CLE,SS
Quincy,Black,TB,LB
Marcus,McCauley,MIN,CB
Tank,Tyler,KC,DT
Charles L.,Johnson,CAR,DE
Jonathan,Wade,DET,DB
Marshal,Yanda,BAL,G
Aaron,Rouse,NYG,S
Dante,Hughes,LAC,DB
Tanard,Jackson,TB,DB
Paul,Soliai,ATL,DT
John,Bowie,LV,CB
Marvin,White,CIN,S
Zak,DeOssie,NYG,LS
Baraka,Atkins,SEA,DE
Fred,Bennett,HOU,CB
Dashon,Goldson,WSH,S
Brannon,Condren,MIA,S
Clint,Session,IND,LB
Brandon,McDonald,DET,DB
David,Jones,CIN,DB
Tarell,Brown,SF,CB
Josh,Gattis,CHI,S
Johnny,Baldwin,KC,LB
Will,Herring,NO,LB
Tim,Shaw,TEN,LB
Eric,Frampton,DAL,SS
Derek,Landri,TB,DT
Kevin,Payne,CHI,S
Corey,Graham,PHI,S
Roy,Hall,IND,WR
William,Gay,PIT,CB
Michael,Coe,DAL,CB
H.B.,Blades,WSH,LB
Justin,Rogers,KC,LB
Adam,Hayward,WSH,LB
John,Wendling,DET,FS
Trey,Lewis,ATL,DT
Matt,Toeaina,CHI,DT
Desmond,Bishop,SF,LB
David,Irons,ATL,CB
Rashad,Barksdale,KC,CB
Daren,Stone,ATL,S
Prescott,Burgess,BAL,LB
Courtney,Brown,DAL,CB
Zac,Diles,TEN,LB
Kelvin,Smith,MIA,LB
Marvin,Mitchell,MIN,LB
Trumaine,McBride,NYG,CB
Michael,Johnson,NYG,CB
Brandon,Fields,MIA,P
C.J.,Wilson,CAR,DB
Alan,Ball,CHI,CB
Brandon,Siler,KC,LB
Chad,Nkang,JAX,DB
Ramzee,Robinson,CLE,CB
Chris,Reis,NO,S
Ramon,Guzman,IND,LB
Melvin,Bullitt,IND,S
Quinton,Culberson,CAR,LB
Tony,Taylor,ATL,LB
Mike,DeVito,NYJ,DL
D.J.,Ware,TB,RB
Nate,Harris,KC,LB
Craig,Dahl,NYG,S
Courtney,Bryan,MIA,S
Quinton,Teal,LAC,S
Tyron,Brackenridge,JAX,CB
Edmond,Miles,MIA,LB
Steve,Fifita,MIA,DT
Daniel,Muir,IND,DT
Michael,Adams,TB,DB
Nick,Roach,CHI,LB
C.J.,Wallace,SEA,S
Nick,Graham,IND,CB
Marcus,Paschal,PHI,CB
Akeem,Jordan,KC,LB
Willie,Gaston,BAL,CB
Bobby,Sippio,KC,WR
Brent,Grimes,TB,CB
Conrad,Bolston,GB,DT
Jason,Trusnik,MIA,LB
Steven,Harris,DEN,DT
Mark,Washington,MIA,LB
Renardo,Foster,ATL,OT
Lyle,Sendlein,ARI,C
Darius,Vinnett,LAR,DB
Vic,Worsley,IND,LB
Jamaal,Anderson,ATL,DE
Pago,Togafau,ARI,LB
David,Herron,KC,LB
Brandon,Archer,IND,LB
Blake,Costanzo,SF,LB
Justin,Medlock,CAR,PK
Rhys,Lloyd,CAR,PK
Jeremy,Kapinos,PIT,P
Sam,Paulescu,WSH,P
Gene,Mruczkowski,MIA,C
Kirk,Chambers,BUF,OT
Ray,Willis,SEA,OT
Buster,Davis,IND,LB
Isaiah,Stanback,JAX,TE
Trai,Essex,PIT,OT
Daniel,Loper,DET,OT
Ray,Ventrone,CLE,DB
Geoffrey,Pope,NYG,CB
Dennis,Dixon,PIT,QB
Kevin,O'Connell,NE,QB
Matt,Ryan,IND,QB
Jordan,Palmer,TEN,QB
Chad,Henne,JAX,QB
Drew,Stanton,DET,QB
Michael,Bush,CHI,RB
Matt,Flynn,GB,QB
Darren,McFadden,DAL,RB
Eddie,Royal,CHI,WR
DeSean,Jackson,LV,WR
Steve,Slaton,HOU,RB
Matt,Forte,NYJ,RB
Chris,Johnson,ARI,RB
Kevin,Smith,DET,RB
Jonathan,Stewart,CAR,RB
Tashard,Choice,BUF,RB
Ray,Rice,BAL,RB
Tim,Hightower,ARI,RB
Jamaal,Charles,KC,RB
Peyton,Hillis,KC,RB
BenJarvus,Green-Ellis,CIN,RB
Felix,Jones,DAL,RB
P.J.,Pope,DEN,RB
Jacob,Hester,DEN,RB
Lance,Ball,DEN,RB
Donnie,Avery,IND,WR
Harry,Douglas,TEN,WR
Ryan,Torain,WSH,RB
Rashard,Mendenhall,ARI,RB
Devin,Thomas,NYG,WR
Andre,Caldwell,DEN,WR
Dantrell,Savage,KC,RB
Chad,Simpson,WSH,RB
Clifton,Smith,TB,RB
Mike,Tolbert,BUF,FB
James,Johnson,CIN,RB
Jalen,Parmele,JAX,RB
Owen,Schmitt,LV,FB
Robert,Meachem,NO,WR
Kregg,Lumpkin,NYG,RB
Davone,Bess,MIA,WR
Mike,Hart,IND,RB
Chauncey,Washington,JAX,RB
Keenan,Burton,LAR,WR
Stevie,Johnson,SF,WR
Xavier,Omon,BUF,RB
Jerome,Felton,BUF,FB
Chansi,Stuckey,ARI,WR
Jason,Davis,CHI,FB
Chaz,Schilens,NYJ,WR
Mike,Cox,ATL,FB
Fred,Davis,WSH,TE
Mario,Manningham,SF,WR
John,Carlson,MIN,TE
Dustin,Keller,NYJ,TE
Jordy,Nelson,LV,WR
Josh,Morgan,CHI,WR
Martellus,Bennett,GB,TE
John,Standeford,DET,WR
Mike,Sims-Walker,JAX,WR
Syndric,Steptoe,CLE,WR
Gijon,Robinson,IND,TE
Dominique,Zeigler,SF,WR
Derek,Fine,BUF,TE
Early,Doucet,ARI,WR
James,Hardy,BUF,WR
Will,Franklin,KC,WR
Daniel,Fells,DEN,TE
Jermichael,Finley,GB,TE
Lavelle,Hawkins,LAC,WR
Limas,Sweed,PIT,WR
Tom,Santi,IND,TE
Brad,Cottam,KC,TE
Michael,Bumpus,SEA,WR
Logan,Payne,SEA,WR
Brandon,London,MIA,WR
Jason,Rader,ATL,TE
David,Clowney,NYJ,WR
Pierre,Garcon,SF,WR
Joey,Haynos,MIA,TE
Steve,Sanders,CLE,WR
Malcolm,Kelly,WSH,WR
Martin,Rucker,DAL,TE
Charles,Ali,CLE,FB
Jacob,Tamme,ATL,TE
Tim,Castille,KC,RB
Craig,Stevens,TEN,TE
Olaniyi,Sobomehin,NO,FB
Paul,Williams,TEN,WR
Dallas,Baker,PIT,WR
Eric,Weems,TEN,WR
Buck,Ortega,NO,TE
Jerome,Simpson,MIN,WR
Todd,Watkins,LV,WR
Eric,Bassey,LAR,S
Jordan,Kent,LAR,WR
Dominique,Rodgers-Cromartie,LV,CB
Earl,Bennett,CHI,WR
Marcus,Smith,BAL,WR
Gary,Barnidge,CLE,TE
Tyson,DeVree,NE,TE
Jacob,Ford,TEN,DE
Jason,Jones,MIA,DE
Cliff,Avril,SEA,DE
Trevor,Scott,LV,DE
Chris,Long,NE,DE
Sedrick,Ellis,NO,DT
Derrick,Harvey,JAX,DE
Alex,Hall,CLE,DE
Quentin,Groves,ARI,LB
Jameel,McClain,BAL,LB
Lawrence,Jackson,DET,DE
Kendall,Langford,IND,DE
Marcus,Harrison,CHI,DT
Kroy,Biermann,ATL,LB
Marcus,Howard,IND,DE
Copeland,Bryan,DET,DE
Glenn,Dorsey,SF,DL
Phillip,Merling,MIA,DE
Curtis,Lofton,NO,LB
Tracy,Porter,CHI,DB
Charles,Godfrey,CAR,S
Pat,Sims,CIN,DT
William,Hayes,LAR,DE
Quintin,Demps,CHI,S
Bryan,Kehl,LAR,LB
Orlando,Scandrick,KC,CB
Dominique,Barber,HOU,S
Hilee,Taylor,CAR,DE
Chris,Horton,WSH,DB
Curtis,Johnson,DAL,LB
Greyson,Gunheim,LV,DE
Antwan,Applewhite,LAC,LB
Jonathan,Goodwin,NO,C
Kyries,Hebert,CIN,S
Glenn,Pakulak,NO,P
Adrian,Jones,KC,OG
Chris,Kemoeatu,PIT,OG
Brandon,Rideau,CHI,WR
Andrew,Economos,TB,C
Cory,Procter,DAL,OG
Andrew,Whitworth,CIN,OT
Darnell,Bing,DET,LB
Orien,Harris,CIN,DT
Nick,Cole,PHI,OG
Eric,Henderson,CIN,DE
Spencer,Havner,GB,TE
Ben,Grubbs,KC,OL
Arron,Sears,TB,DT
Justin,Blalock,ATL,OG
Ryan,Harris,DEN,OT
Mario,Henderson,LV,OT
Anthony,Waters,NO,LB
Josh,Beekman,CHI,OG
Uche,Nwaneri,JAX,OG
Antonio,Johnson,TEN,DL
Mike,Richardson,IND,CB
Steve,Vallos,JAX,OT
Marcus,Hamilton,CHI,CB
Jonathan,Holland,LV,WR
Paul,Oliver,LAC,S
James,Ihedigbo,BAL,S
Tuff,Harris,TEN,S
DelJuan,Robinson,HOU,DT
Keith,Grennan,LAC,DE
Tra,Battle,DAL,S
Louis,Leonard,CAR,DT
Jon,Corto,BUF,S
Corey,Mace,BUF,DE
Jeremy,Clark,DAL,DE
Kyle,Williams,SEA,OT
Stephon,Heyer,WSH,OT
Marques,Murrell,NYJ,DE
Roderick,Rogers,DEN,S
Jared,Retkofsky,PIT,DE
Brett,Goode,GB,LS
Jake,Long,MIN,OT
Vernon,Gholston,NYJ,LB
Keith,Rivers,BUF,LB
Jerod,Mayo,NE,LB
Leodis,McKelvin,PHI,CB
Ryan,Clady,DEN,OT
Branden,Albert,KC,OT
Jeff,Otah,CAR,OT
Aqib,Talib,LAR,CB
Sam,Baker,ATL,OT
Mike,Jenkins,TB,CB
Antoine,Cason,CAR,CB
Kentwan,Balmer,SEA,DE
Kenny,Phillips,NO,S
Brandon,Flowers,LAC,CB
Tyrell,Johnson,MIN,DB
Jordon,Dizon,DET,LB
Trevor,Laws,PHI,DT
Dexter,Jackson,TB,WR
Mike,Pollak,IND,OG
Pat,Lee,LV,CB
Terrence,Wheatley,NE,DB
Terrell,Thomas,NYG,DB
Chevis,Jackson,ATL,CB
Tavares,Gooden,SF,LB
Chris,Ellis,BUF,LB
Dan,Connor,DAL,LB
Reggie,Smith,SF,DB
Antwaun,Molden,HOU,DB
DaJuan,Morgan,IND,S
Tom,Zbikowski,IND,SS
Andre,Fluellen,DET,DT
Philip,Wheeler,ATL,LB
Thomas,DeCoud,CAR,FS
Tyvon,Branch,ARI,S
Jeremy,Thompson,GB,LB
Beau,Bell,CLE,LB
Dwight,Lowery,LAC,S
Reggie,Corner,BUF,DB
Kenny,Iwebema,ARI,DE
Xavier,Adibi,HOU,LB
Jack,Williams,DEN,CB
Craig,Steltz,CHI,SS
Red,Bryant,SEA,DT
Justin,Tryon,IND,DB
Brandon,Carr,BAL,CB
Zack,Bowman,CHI,CB
Jason,Shirley,CAR,DT
Jonathan,Wilhite,DEN,DB
Stanford,Keglar,TEN,LB
Frank,Okam,TB,DT
Thomas,Williams,CAR,LB
Kellen,Davis,NYJ,TE
Carl,Nicks,NO,OG
Jonathan,Goff,NYG,LB
Erik,Walden,IND,LB
Geno,Hayes,TB,LB
Corey,Lynch,LAC,DB
Kareem,Moore,WSH,S
Nick,Hayden,DAL,DL
Spencer,Larsen,TB,FB
Chris,Harrington,JAX,DE
Ahtyba,Rubin,SEA,DT
Andy,Studebaker,KC,LB
Haruki,Nakamura,CAR,FS
Brian,Johnston,KC,DE
Larry,Grant,SF,LB
Landon,Cohen,SEA,DE
Josh,Barrett,NE,SS
Chris,Chamberlain,LAR,LB
Jamey,Richard,IND,C
Rob,Jackson,WSH,LB
Joey,LaRocque,CHI,LB
Lionel,Dotson,BUF,DT
David,Vobora,SEA,LB
Patrick,Bailey,TEN,LB
Curtis,Gatewood,KC,LB
Garrett,Hartley,NO,PK
David,Hawthorne,NO,LB
Vince,Redd,NE,LB
Jordan,Senn,IND,LB
Donovan,Woods,PIT,LB
Wesley,Woodyard,TEN,LB
Josh,Bell,GB,CB
Andrew,Crummey,CIN,OG
Eric,Foster,IND,DT
Erin,Henderson,NYJ,LB
Ali,Highsmith,ARI,LB
Jamie,Silva,IND,CB
Gerard,Lawson,PHI,CB
Titus,Brown,CLE,LB
Dan,Carpenter,BUF,PK
Jo-Lonn,Dunbar,NO,LB
Elbert,Mack,HOU,DB
Connor,Barth,CHI,PK
Simeon,Castille,CIN,CB
Gary,Guyton,NE,LB
Danny,Lansanah,TB,LB
Maurice,Leggett,KC,CB
Steve,Octavien,DAL,LB
Wallace,Gilberry,CIN,DE
Jesse,Nading,HOU,LB
Weston,Dacus,KC,LB
Brian,Witherspoon,JAX,DB
Husain,Abdullah,KC,DB
Darius,Reynaud,TEN,WR
Brandon,Harrison,HOU,DB
Taylor,Mehlhaff,NO,PK
Stephen,Hauschka,BUF,PK
Brett,Kern,PHI,P
Durant,Brooks,WSH,P
Ben,Wilkerson,ATL,C
Chris,White,HOU,C
Ike,Ndukwe,MIA,OG
Isaac,Sowells,CLE,OG
Allen,Barbre,GB,G
Herb,Taylor,KC,OG
Robert,Turner,LAR,OG
John,Greco,CLE,G
Marcus,Thomas,DET,RB
Kevin,Robinson,KC,WR
Justin,Forsett,BAL,RB
Keith,Null,LAR,QB
Brian,Brohm,BUF,QB
Josh,Freeman,TB,QB
Mark,Sanchez,NYJ,QB
Josh,Johnson,CIN,QB
Caleb,Hanie,CHI,QB
Curtis,Painter,NYG,QB
Pat,White,MIA,QB
Knowshon,Moreno,DEN,RB
Beanie,Wells,ARI,RB
LeSean,McCoy,BUF,RB
Shonn,Greene,TEN,RB
Bernard,Scott,CIN,RB
Donald,Brown,LAC,RB
Arian,Foster,HOU,RB
Glen,Coffee,SF,RB
Kahlil,Bell,CHI,RB
Chris,Jennings,CLE,RB
Rashad,Jennings,NYG,RB
Percy,Harvin,NYJ,WR
Aaron,Brown,DET,RB
Marcus,Mason,WSH,RB
Lynell,Hamilton,NO,RB
Lex,Hilliard,NYJ,FB
Mike,Thomas,DET,WR
Tyrell,Sutton,CAR,RB
Danny,Woodhead,LAC,RB
Albert,Young,MIN,RB
Chris,Ogbonnaya,CLE,RB
Mike,Goodson,LV,RB
Javon,Ringer,TEN,RB
Mike,Wallace,BAL,WR
Eldra,Buckley,DET,RB
Gartrell,Johnson,ATL,RB
Quinten,Lawrence,KC,DB
Louis,Rankin,SEA,RB
Louis,Murphy,TB,WR
Brian,Hartline,CLE,WR
Darrius,Heyward-Bey,PIT,WR
James,Davis,WSH,RB
LaRod,Stephens-Howling,ARI,RB
Brandon,Tate,BUF,WR
Hakeem,Nicks,NYG,WR
Javarris,Williams,KC,RB
Kevin,Ogletree,DET,WR
Kory,Sheets,MIA,RB
Julian,Edelman,NE,WR
Derrick,Williams,DET,WR
Zach,Miller,CHI,TE
Austin,Collie,NE,WR
Matt,Lawrence,BAL,RB
Kevin,Huber,CIN,P
Chris,Pressley,CIN,FB
Lance,Long,KC,WR
Danny,Amendola,DET,WR
Quan,Cosby,DEN,WR
Mohamed,Massaquoi,CLE,WR
Jeremy,Maclin,KC,WR
Kenny,Britt,CLE,WR
Michael,Crabtree,BAL,WR
Johnny,Knox,CHI,WR
Brandon,Gibson,LAR,WR
Brandon,Pettigrew,DET,TE
Sammie,Stroughter,TB,WR
Deon,Butler,SEA,WR
Evan,Moore,CLE,TE
Shawn,Nelson,BUF,TE
Jarett,Dillard,JAX,WR
Brian,Robiskie,ATL,WR
Jared,Cook,LAC,TE
Nate,Hughes,JAX,WR
James,Casey,HOU,TE
John,Phillips,LAC,TE
Kenny,Moore,IND,WR
Travis,Beckum,NYG,TE
Jonathan,Stupar,BUF,TE
Marko,Mitchell,WSH,WR
Kory,Sperry,LAC,TE
Jake,Nordin,DET,FB
Marcel,Reece,LV,FB
Brandon,Myers,TB,TE
Ramses,Barden,NYG,WR
Tyler,Grisham,PIT,WR
Jaymar,Johnson,MIN,WR
David,Johnson,LAC,TE
Anthony,Hill,IND,TE
Bear,Pascoe,NYG,TE
Jake,O'Connell,KC,TE
Charly,Martin,SEA,WR
Stefan,Logan,DET,WR
Quinn,Johnson,TEN,FB
Dan,Gronkowski,DEN,TE
Cameron,Morrah,SEA,TE
Zach,Potter,JAX,TE
Matthew,Mulligan,DET,TE
Colin,Cloherty,JAX,TE
Jeremy,Zuttah,BAL,G
Wayne,Hunter,NYJ,OT
Thomas,Gafford,KC,LS
Dennis,Roland,CIN,OT
Gosder,Cherilus,IND,OT
Justin,Harper,BAL,WR
Brett,Swain,SF,WR
Keith,Zinger,ATL,TE
Samuel,Giguere,IND,WR
Jake,Allen,CLE,WR
Maurice,Purify,CIN,WR
Tony,Fiammetta,CHI,FB
Richard,Quinn,DEN,TE
Brock,Bolen,JAX,RB
Michael,Oher,BAL,OT
Brian,Orakpo,TEN,LB
Clay,Matthews,GB,LB
Cameron,Wake,MIA,DE
Brian,Cushing,HOU,LB
Matt,Shaughnessy,ARI,DE
Brad,Jones,GB,LB
Connor,Barwin,PHI,LB
Marcus,Benard,ARI,LB
Michael,Johnson,CIN,DE
Victor,Butler,DAL,LB
Everette,Brown,WSH,LB
Kaluka,Maiava,CLE,LB
Larry,English,LAC,DE
Aaron,Curry,LV,LB
James,Laurinaitis,LAR,LB
Patrick,Chung,NE,S
Al,Afalava,IND,SS
Will,Davis,ARI,LB
Alex,Magee,TB,DE
Roy,Miller,JAX,DT
Brian,Schaefering,DAL,DT
Mike,Mitchell,PIT,S
Terrance,Knighton,WSH,DT
Atiyyah,Ellison,JAX,DT
Joe,Cohen,DET,DT
C.J.,Ah You,LAR,DE
Jason,Banks,ARI,DE
Ogemdi,Nwagbuo,CAR,DT
Ziggy,Hood,WSH,DT
Sen'Derrick,Marks,TEN,DL
B.J.,Raji,GB,DT
Rey,Maualuga,CIN,LB
Clint,Sintim,NYG,LB
Louis,Delmas,DET,S
Asher,Allen,MIN,CB
Kevin,Ellison,LAC,S
Nick,Reed,CHI,DE
Lawrence,Sidbury,TB,DE
Morgan,Trent,JAX,DB
Lardarius,Webb,BAL,S
Michael,Bennett,PHI,DE
Antonio,Dixon,PHI,DT
Jamaal,Westerman,BUF,LB
Bruce,Johnson,NYG,DB
Ryan,Baker,MIA,DE
Cornell,Green,LV,OT
Russ,Hochstein,DEN,C
Wade,Smith,HOU,OT
Brett,Romberg,ATL,C
Frank,Omiyale,CHI,OT
Joe,Berger,MIN,C
Harvey,Dahl,ATL,OG
Winston,Justice,IND,OT
James,Wyche,JAX,DE
Titus,Adams,NE,DT
Quincy,Butler,LAR,CB
Kenny,Smith,NO,DT
Manny,Ramirez,DEN,G
Doug,Free,DAL,OT
Jermon,Bushrod,CHI,OT
Ryan,McBean,DEN,DE
Kasey,Studdard,HOU,OG
Clark,Harris,CIN,LS
Jared,Gaither,BAL,OT
Byron,Westbrook,WSH,CB
Derrick,Roberson,TB,CB
Kyle,Cook,CIN,C
Marquice,Cole,NE,DB
Kelly,Talavou,BAL,NT
Chilo,Rachal,SF,OG
Bryan,Smith,JAX,LB
Justin,King,LAR,DB
Anthony,Collins,CIN,OT
Dre,Moore,TB,DT
DeMario,Pressley,CAR,DT
Josh,Sitton,GB,G
Letroy,Guion,GB,DT
Mike,Gibson,SEA,OT
John,Sullivan,MIN,C
Ryan,Mundy,CHI,S
Donald,Thomas,MIA,G
Joe,Mays,LAC,LB
Ervin,Baldwin,IND,DE
Nate,Garner,MIA,OG
Demetress,Bell,PHI,OT
Cary,Williams,SEA,CB
Kennard,Cox,SEA,DB
Kyle,Arrington,BAL,CB
Kyle,DeVan,PHI,C
Doug,Legursky,PIT,C
Roy,Lewis,SEA,DB
Tyler,Polumbus,WSH,OT
David,Roach,LAR,S
Eric,Bakhtiari,TEN,LB
Keilen,Dykes,ARI,DT
Marcus,Buggs,BUF,LB
Ropati,Pitoitua,TEN,DE
Eric,Brock,ATL,S
Jamar,Adams,PHI,S
Leger,Douzable,BUF,DT
Darius,Butler,IND,S
Vontae,Davis,IND,CB
Macho,Harris,WSH,CB
Malcolm,Jenkins,NO,S
Domonique,Johnson,WSH,DB
Sean,Smith,LV,CB
Alphonso,Smith,DET,DB
Robert,Ayers,TB,DE
Tyson,Jackson,ATL,DE
Paul,Kruger,CLE,DE
Ron,Brace,NE,DT
Peria,Jerry,ATL,DT
Fili,Moala,IND,DE
Vance,Walker,DEN,DE
Jasper,Brinkley,NYG,LB
Aaron,Maybin,BUF,LB
David,Buehler,DAL,PK
Cody,Glenn,IND,LB
Marcus,Mailei,NO,FB
Nic,Harris,CAR,LB
William,Moore,ATL,S
Juaquin,Iglesias,CHI,WR
Kenny,McKinley,DEN,WR
Kenny,Onatolu,MIN,LB
Will,Beatty,NYG,OT
Eben,Britton,CHI,OT
Jairus,Byrd,NO,S
Andy,Levitre,ATL,G
Alex,Mack,CLE,C
Sherrod,Martin,CHI,S
Darcel,McBath,SF,DB
Jason,Smith,NYJ,OT
Max,Unger,NO,C
Spencer,Adkins,ATL,LB
Kevin,Barnes,WSH,DB
David,Bruton Jr.,DEN,S
Joe,Burnett,PIT,CB
Chris,Clemons,ARI,S
Derek,Cox,LAC,CB
Bradley,Fletcher,LAR,CB
Moise,Fokou,TEN,LB
Zack,Follett,DET,LB
J.D.,Folsom,MIA,LB
Coye,Francies,CLE,DB
Jarron,Gilbert,NYJ,DT
Courtney,Greene,JAX,SS
Mike,Hamlin,JAX,S
Cary,Harris,BUF,S
Ra'Shon,Harris,CAR,DT
Robert,Henson,WSH,LB
Sammie,Hill,TEN,NT
Rashad,Johnson,ARI,S
T.J.,Lang,GB,G
Ellis,Lankster,NYJ,CB
DeAndre,Levy,DET,LB
Keenan,Lewis,NO,CB
Vaughn,Martin,LAC,DL
Pat,McAfee,IND,P
Brice,McCain,HOU,CB
Jason,McCourty,MIA,CB
Scott,McKillop,SF,LB
Gerald,McRath,TEN,LB
William,Middleton,JAX,DB
Kyle,Moore,BUF,DE
Ryan,Mouton,TEN,DB
Captain,Munnerlyn,MIN,CB
Slade,Norris,JAX,LB
Chris,Owens,ATL,CB
Jerraud,Powers,ARI,CB
Myron,Pryor,NE,DT
Glover,Quin,DET,S
Jamarca,Sanford,NO,S
Darell,Scott,LAR,DT
DeAngelo,Smith,DET,CB
Curtis,Taylor,SF,DB
Greg,Toler,IND,CB
Brandon,Underwood,GB,DB
Donald,Washington,KC,CB
Jason,Williams,CAR,LB
Jarius,Wynn,BUF,DE
Russell,Allen,JAX,LB
K.C.,Asiodu,NO,LB
Tony,Carter,DEN,CB
De'von,Hall,IND,S
James,Holt,LAC,LB
Jeremy,Navarre,JAX,DE
Cord,Parks,LAR,DB
Julius,Williams,JAX,DE
Brit,Miller,LAR,FB
C.J.,Spillman,DAL,DB
Reggie,Walker,LAC,LB
Diyral,Briggs,GB,LB
Rico,Murray,CIN,CB
Tom,Nelson,CIN,WR
Dan,Skuta,JAX,LB
Jahi,Word-Daniels,DET,CB
Lendy,Holmes,WSH,S
Jerome,Boyd,LV,S
Desmond,Bryant,CLE,DL
John,Gill,IND,DT
Ramon,Humber,NE,LB
Jacob,Lacey,DET,DB
Cyril,Obiozor,ARI,LB
Ashlee,Palmer,DET,LB
Tim,Jamison,HOU,DT
Jonathan,Casillas,NYG,LB
Trevor,Ford,GB,CB
Danny,Gorrer,BAL,DB
Kareem,Huggins,TB,RB
Bret,Lockett,NE,DB
Jovan,Belcher,KC,LB
Dion,Gales,KC,DT
Ricky,Price,KC,DB
Pierre,Walters,KC,LB
Jeremy,Jarmon,WSH,DT
Ryan,Succop,TB,PK
Ricky,Schmitt,SF,P
Shane,Andrus,SF,PK
Dan,Connolly,NE,OG
Geoff,Schwartz,NYG,G
Tiquan,Underwood,TB,WR
Evan,Smith,TB,C
Sebastian,Vollmer,NE,OT
Armanti,Edwards,CAR,WR
Tyler,Palko,KC,QB
Chase,Daniel,CHI,QB
Levi,Brown,BUF,QB
Joe,Webb,HOU,QB
Sam,Bradford,MIN,QB
Richard,Bartel,ARI,QB
Jimmy,Clausen,BAL,QB
Stephen,McGee,DAL,QB
Tim,Tebow,NYJ,TE
Rusty,Smith,TEN,QB
John,Skelton,ARI,QB
Brandon,LaFell,CIN,WR
Jahvid,Best,DET,RB
LeGarrette,Blount,NE,RB
Chris,Ivory,JAX,RB
Ryan,Mathews,PHI,RB
Toby,Gerhart,JAX,RB
C.J.,Spiller,NO,RB
Keiland,Williams,DET,RB
Isaac,Redman,PIT,RB
Boobie,Dixon,BUF,RB
Joe,McKnight,NYJ,RB
Deji,Karim,JAX,RB
Jacoby,Ford,LV,WR
Javarris,James,IND,RB
James,Starks,GB,RB
Dimitri,Nance,GB,RB
Dexter,McCluster,LAC,RB
Keith,Toston,JAX,RB
Aaron,Hernandez,NE,TE
John,Conner,NYJ,FB
Arrelious,Benn,TB,WR
Chad,Hall,KC,WR
Jonathan,Dwyer,PIT,RB
Darrel,Young,WSH,FB
Thomas,Clayton,CLE,RB
Chris,Gronkowski,DEN,RB
Marlon,Moore,MIA,WR
David,Reed,BAL,WR
Curtis,Brinkley,LAC,RB
Carlton,Mitchell,CLE,WR
Preston,Parker,NYG,WR
Josh,Vaughan,ATL,RB
Brandon,Banks,WSH,WR
Damian,Williams,TEN,WR
Javier,Arenas,ARI,DB
Golden,Tate,NYG,WR
Naaman,Roosevelt,BUF,WR
Jehuu,Caulcrick,BUF,FB
David,Gettis,CAR,WR
Cedric,Peerman,CIN,RB
Demaryius,Thomas,DEN,WR
Donald,Jones,BUF,WR
Britton,Colquitt,MIN,P
Dez,Bryant,BAL,WR
Matt,Dodge,NYG,P
Andre,Brown,NYG,RB
Devin,Moore,IND,RB
Antone,Smith,TB,RB
Mike,Williams,BUF,WR
Anthony,Armstrong,MIA,WR
Jordan,Shipley,JAX,WR
Tony,Moeaki,KC,TE
Jermaine,Gresham,ARI,TE
Emmanuel,Sanders,BUF,WR
Blair,White,IND,WR
David,Nelson,NYJ,WR
Andre,Roberts,LAC,WR
Danario,Alexander,LAC,WR
Andrew,Quarless,GB,TE
Antonio,Brown,PIT,WR
Ed,Dickson,SEA,TE
Michael,Hoomanawanui,NO,TE
Max,Komar,ARI,WR
Riley,Cooper,PHI,WR
Verran,Tucker,KC,WR
Eric,Decker,TEN,WR
Stephen,Williams,ARI,WR
Dezmon,Briscoe,WSH,WR
Adrian,Arrington,NO,WR
Clay,Harbor,JAX,TE
Mardy,Gilyard,PHI,WR
Roberto,Wallace,MIA,WR
Tom,Crabtree,TB,TE
Terrence,Austin,WSH,WR
Jim,Dray,CLE,TE
Mickey,Shuler,JAX,TE
Taylor,Price,JAX,WR
Nick,Miller,LV,WR
Brandon,James,IND,WR
Brody,Eldridge,IND,TE
Ryan,Purvis,TB,TE
Chase,Coffman,SEA,TE
Michael,Palmer,PIT,TE
Nate,Byham,TB,TE
Patrick,Turner,NYJ,WR
Richard,Goodman,LAC,WR
Fendi,Onobun,LAR,TE
Erik,Lorig,NO,FB
Logan,Paulsen,ATL,TE
Scott,Chandler,NE,TE
Paul,Hubbard,BUF,WR
Kyle,Williams,SF,WR
Manuel,Johnson,DAL,WR
Chris,Williams,CHI,OG
Jeff,Cumberland,NYJ,TE
Gary,Banks,LAC,WR
Mike,McGlynn,KC,G
Dennis,Pitta,BAL,TE
Jerome,Johnson,ARI,FB
John,Matthews,JAX,WR
Dorin,Dickerson,DET,TE
Marc,Mariani,CHI,WR
Jeremy,Horne,KC,WR
Jeron,Mastrud,LV,TE
Ndamukong,Suh,TB,DT
Carlos,Dunlap,KC,DE
Lamarr,Houston,CHI,LB
Koa,Misi,MIA,LB
Frank,Zombo,KC,LB
Gerald,McCoy,TB,DT
Geno,Atkins,CIN,DT
Greg,Hardy,DAL,DE
Henry,Melton,TB,DT
Arthur,Moats,PIT,DE
Eric,Berry,KC,S
Nate,Allen,PHI,S
Jason,Worilds,PIT,LB
Brandon,Deaderick,NO,DE
O'Brien,Schofield,ATL,LB
Cam,Thomas,KC,DT
Dane,Fletcher,TB,LB
Derrick,Morgan,TEN,LB
George,Selvie,DAL,DE
Dexter,Davis,SEA,DE
Marcus,Dixon,NYJ,DE
D.J.,Moore,CHI,CB
Ricky,Jean Francois,WSH,DT
Troy,Nolan,HOU,DB
Devin,McCourty,NE,S
Sean,Weatherspoon,ATL,LB
Joe,Haden,PIT,CB
Pat,Angerer,IND,LB
Alex,Carrington,BUF,DE
Jermaine,Cunningham,NE,LB
Earl,Mitchell,SF,NT
Mike,Neal,GB,LB
Corey,Peters,JAX,DT
Daniel,Te'o-Nesheim,TB,DE
Daryl,Washington,ARI,LB
Kam,Chancellor,SEA,S
Reshad,Jones,MIA,S
Eric,Norwood,CAR,DE
Darryl,Sharpton,HOU,LB
C.J.,Wilson,GB,DL
Corey,Wootton,MIN,DE
Brandon,Lang,LAC,LB
Kyle,Love,CAR,DT
Darian,Stewart,TB,S
Shawn,Crable,NE,LB
Rolando,McClain,DAL,LB
Sean,Lissemore,LAC,NT
Jermelle,Cudjo,DET,DT
Eugene,Amano,TEN,C
Ryan,Kalil,CAR,C
Leroy,Harris,TEN,C
Adam,Koets,NYG,OT
Jesse,Holley,DAL,WR
Billy,Latsko,LAC,FB
Bruce,Davis,LV,LB
Kory,Lichtensteiger,WSH,C
Alvin,Bowen,JAX,LB
Barry,Richardson,LAR,OT
Caleb,Campbell,DET,LB
Brandon,Keith,ARI,OT
King,Dunlap,LAC,OT
Mackenzy,Bernadeau,DAL,G
Kenwin,Cummings,DAL,LB
Taj,Smith,IND,WR
Anthony,Toribio,KC,DT
Darry,Beckwith,LAC,LB
Tyrone,McKenzie,MIN,LB
Phil,Loadholt,MIN,OT
Andre,Smith,CIN,OT
David,Veikune,DEN,DE
Stanley,Arnoux,NO,LB
E.J.,Biggers,PHI,DB
Don,Carey,DET,S
Brandon,Hughes,PHI,DB
Corvey,Irvin,DAL,DT
Lance,Louis,IND,G
Clinton,McDonald,ARI,DT
Nick,Schommer,TEN,S
Matt,Slauson,LAC,C
Kraig,Urbik,BUF,C
Chip,Vaughn,IND,S
Brandon,Williams,DAL,LB
Colt,Anderson,IND,S
Rob,Francois,GB,LB
Pete,Ittersagen,TEN,CB
Mitch,King,NO,DE
Reshard,Langford,KC,DB
Lee,Robinson,DEN,LB
Steve,McLendon,NYJ,DT
Nick,Sundberg,WSH,LS
Garry,Williams,CAR,OL
Edwin,Williams,CHI,OG
Emanuel,Cook,BAL,DB
Britt,Davis,DEN,WR
Matt,Kroul,NYJ,OG
Tim,Masthay,GB,P
Nate,Ness,MIA,S
David,Nixon,LAR,LB
Vince,Anderson,TB,S
Jackie,Bates,KC,CB
Chris,Bryan,TB,P
Clint,Stitser,CIN,PK
Dan,Williams,LV,DT
Kyle,Wilson,NO,CB
Patrick,Robinson,NO,CB
Russell,Okung,LAC,OT
Jared,Odrick,JAX,DL
Bryan,Bulaga,GB,OT
Maurkice,Pouncey,PIT,C
Earl,Thomas III,BAL,S
Anthony,Davis,SF,OT
NaVorro,Bowman,SF,LB
Charles,Brown,NO,OL
Morgan,Burnett,PIT,S
Terrence,Cody,BAL,DT
Chris,Cook,MIN,CB
Rennie,Curran,TEN,LB
Brandon,Ghee,TEN,CB
Sean,Lee,DAL,LB
Myron,Lewis,TB,DB
Taylor,Mays,LV,S
Jerome,Murphy,WSH,DB
Brian,Price,TB,DT
Amari,Spievey,DET,SS
Brandon,Spikes,BUF,LB
Torell,Troup,BUF,DT
Jared,Veldheer,LV,OT
J.D.,Walton,DEN,C
T.J.,Ward,DEN,S
Major,Wright,TB,S
Phillip,Adams,ATL,CB
Larry,Asante,LV,S
Cornelius,Brown,IND,DB
Stevie,Brown,LV,S
Crezdon,Butler,TB,CB
Jorrick,Calvin,PHI,CB
Nolan,Carroll II,PHI,CB
Jamar,Chaney,LV,LB
Barry,Church,JAX,S
Keenan,Clayton,LV,LB
Kurt,Coleman,NO,S
Kavell,Conner,LAC,LB
Perrish,Cox,TEN,CB
Jacob,Cutrera,TB,LB
Chris,DeGeare,MIN,OG
Phillip,Dillard,NYG,LB
Dominique,Franks,BAL,CB
Thaddeus,Gibson,SF,DE
Travis,Goethel,LV,LB
Josh,Gordy,IND,S
Garrett,Graham,HOU,TE
Everson,Griffen,MIN,DE
Cody,Grimm,TB,FS
Josh,Hull,WSH,LB
Marquis,Johnson,LAR,DB
Austen,Lane,JAX,DE
Kendrick,Lewis,TEN,S
Trevard,Lindley,PHI,DB
Ricardo,Mathews,PIT,DE
Robert,McClain,TB,CB
Anthony,McCoy,SEA,TE
Walter,McFadden,LV,DB
Sherrick,McManis,CHI,S
Zoltan,Mesko,NE,P
Joshua,Moore,CHI,DB
Aaron,Morgan,TB,LB
Roddrick,Muckelroy,CIN,LB
Jordan,Pugh,WSH,DB
Perry,Riley Jr.,LV,LB
Eugene,Sims,LAR,DE
Austin,Spitler,MIA,LB
Stevenson,Sylvester,PIT,LB
Syd'Quan,Thompson,DEN,DB
Walter,Thurmond III,PHI,DB
Nate,Triplett,IND,LB
Alterraun,Verner,TB,CB
Jamar,Wall,HOU,S
Jeremy,Ware,LV,DB
Dekoda,Watson,SF,LB
E.J.,Wilson,SEA,DE
Barry,Turner,CHI,DE
Jonathon,Amaya,MIA,DB
Joique,Bell,DET,RB
Sergio,Brown,BUF,S
Antonio,Coleman,BUF,LB
Phil,Costa,DAL,C
Junior,Galette,WSH,LB
Clint,Gresham,SEA,LS
Travis,Ivey,CLE,DT
A.J.,Jefferson,ARI,CB
Bryan,McCann,ARI,CB
Danny,McCray,CHI,S
David,Pender,IND,CB
Kion,Wilson,PIT,LB
Tramaine,Brock,ARI,CB
Keaton,Kristick,SF,LB
Chris,Maragos,PHI,S
Anderson,Russell,WSH,DB
Aaron,Berry,CLE,DB
Alex,Joseph,SF,LB
Brandon,King,IND,DB
Jeromy,Miles,BAL,S
Mike,Newton,IND,DB
Vincent,Rey,CIN,LB
Sam,Shields,LAR,CB
Mike,Windt,LAC,LS
Brian,Jackson,NYG,CB
Kyle,McCarthy,DEN,DB
Cassius,Vaughn,IND,CB
Kevin,Alexander,DEN,LB
Dominique,Curry,LAR,WR
Prince,Miller,DET,DB
Malcolm,Sheppard,TEN,DT
Cory,Greenwood,KC,LB
Micah,Johnson,MIA,LB
Randy,Phillips,DET,S
Josh,Brent,DAL,DT
Jason,Phillips,CAR,LB
Andrew,Sendejo,IND,S
Isaiah,Trufant,NYJ,DB
Aaron,Pettrey,CIN,PK
Todd,Carter,CAR,PK
Maurice,Simpkins,GB,LB
J'Marcus,Webb,LV,OT
Jeremy,Kerley,NYJ,WR
Mike,Kafka,PHI,QB
T.J.,Yates,HOU,QB
Colin,Kaepernick,SF,QB
Cam,Newton,CAR,QB
Christian,Ponder,MIN,QB
Jake,Locker,TEN,QB
Tom,Brandstater,LAR,QB
Chas,Henry,PHI,P
Ben,Tate,MIN,RB
DeMarco,Murray,TEN,RB
Roy,Helu Jr.,WSH,RB
Daniel,Thomas,MIA,RB
Mark,Ingram II,HOU,RB
Kendall,Hunter,SF,RB
Stevan,Ridley,NYJ,RB
Delone,Carter,IND,RB
Evan,Royster,WSH,RB
Montario,Hardesty,CLE,RB
Jacquizz,Rodgers,TB,RB
Alfonso,Smith,SF,RB
Dion,Lewis,TEN,RB
Jeremiah,Johnson,DEN,RB
Phillip,Tanner,DAL,RB
Taiwan,Jones,BUF,RB
Brandon,Saine,GB,RB
Denarius,Moore,LV,WR
Shane,Vereen,NYG,RB
Mossis,Madu,TB,RB
A.J.,Green,ARI,WR
Armando,Allen,CHI,RB
Jamie,Harper,TEN,RB
DuJuan,Harris,SF,RB
John,Clay,PIT,RB
Torrey,Smith,SF,WR
Johnny,White,BUF,RB
Andrew,Hawkins,CLE,WR
Bilal,Powell,NYJ,RB
Da'Rel,Scott,NYG,RB
Greg,Little,CLE,WR
Titus,Young,DET,WR
Allen,Bradford,ATL,LB
Richie,Brockel,CAR,TE
Manase,Tonga,LV,RB
Alex,Green,NYJ,RB
Bruce,Miller,SF,FB
Greg,Salas,LAR,WR
Owen,Marecic,CLE,RB
Anthony,Allen,BAL,RB
Niles,Paul,WSH,TE
Jed,Collins,NO,FB
Clyde,Gates,NYJ,WR
Victor,Cruz,NYG,WR
Anthony,Sherman,KC,FB
Eddie,Williams,SEA,RB
Armond,Smith,CAR,RB
David,Ausberry,LV,TE
Doug,Baldwin,SEA,WR
Dane,Sanzenbacher,CIN,WR
Austin,Pettis,LAR,WR
Lance,Kendricks,GB,TE
Jake,Ballard,ARI,TE
Vincent,Brown,LAC,WR
Jordan,Norwood,DEN,WR
Jonathan,Baldwin,KC,WR
Kyle,Rudolph,NYG,TE
Charles,Clay,ARI,TE
Chastin,West,JAX,WR
Leonard,Hankerson,ATL,WR
Rob,Housler,CLE,TE
Ricardo,Lockette,SEA,WR
Luke,Stocker,MIN,TE
Henry,Hynoski,NYG,FB
Tyler,Clutts,DAL,FB
LaQuan,Williams,BAL,WR
Colin,Cochart,CIN,TE
Mike,Caussin,BUF,TE
Zack,Pianalto,TB,TE
Stephen,Burton,JAX,WR
DeMarco,Sampson,ARI,WR
Jordan,Cameron,MIA,TE
Kris,Durham,DET,WR
Cecil,Shorts III,TB,WR
Weslye,Saunders,IND,TE
Kevin,Brock,CIN,TE
Bryan,Walters,JAX,WR
Ryan,Whalen,CIN,WR
Josh,Baker,NYJ,TE
Virgil,Green,LAC,TE
Guy,Whimper,PIT,OT
D.J.,Williams,JAX,TE
Lee,Smith,BUF,TE
Emmanuel,Arceneaux,MIN,WR
Shaun,Chapas,DAL,RB
Ryan,D'Imperio,MIN,LB
Julius,Thomas,DEN,TE
Ryan,Mahaffey,IND,FB
Allen,Reisner,MIN,TE
Ryan,Taylor,GB,TE
Michael,Higgins,NO,TE
Richard,Gordon,KC,TE
Steve,Maneri,KC,TE
Michael,Otto,TEN,OT
Kerry,Meier,ATL,WR
Quinn,Porter,LAR,RB
Jerrel,Jernigan,NYG,WR
Tandon,Doss,BAL,WR
Joe,Hastings,SF,WR
Jamar,Newsome,KC,WR
Collin,Franklin,TB,TE
Will,Yeatman,MIA,OT
Jeff,Maehl,PHI,WR
Aldon,Smith,SF,DE
Jabaal,Sheard,IND,DE
Adrian,Clayborn,NE,DE
Ryan,Kerrigan,PHI,DE
Karl,Klug,TEN,DE
Sam,Acho,CHI,DE
Brooks,Reed,ARI,LB
Pernell,McPhee,BAL,LB
J.J.,Watt,ARI,DE
Marcell,Dareus,JAX,DT
Robert,Quinn,PHI,DE
Phil,Taylor Sr.,CLE,DT
Thomas,Keiser,LAC,LB
Willie,Young,CHI,LB
Muhammad,Wilkerson,GB,DE
John,Chick,JAX,DE
Jurrell,Casey,TEN,DT
Phillip,Hunt,DET,DE
Donald,Butler,MIA,LB
Kellen,Heard,IND,DT
Akeem,Ayers,NYG,LB
Mason,Foster,WSH,LB
Stephen,Paea,WSH,DT
Chris,Neild,WSH,DT
K.J.,Wright,LV,LB
Da'Quan,Bowers,TB,DE
Tom,Johnson,NO,DT
Scott,Paxson,CLE,DT
Marcus,Sherels,MIN,CB
Corey,Liuget,LAC,DT
Nick,Fairley,LAR,DT
Terrell,McClain,ATL,DT
Allen,Bailey,ATL,DE
Martez,Wilson,NO,DE
Quinton,Carter,DEN,SS
David,Carter,ARI,DL
Brian,Rolle,PHI,LB
Casey,Matthews,PHI,LB
Jacquian,Williams,NYG,LB
Malcolm,Smith,CLE,LB
Vic,So'oto,LV,LB
Danny,Batten,BUF,LB
Nate,Collins,CHI,DT
Frank,Kearse,WSH,DE
Bryan,Braman,PHI,DE
Evan,Mathis,PHI,G
Brandon,Browner,NO,CB
Will,Montgomery,CHI,C
Nate,Livings,DAL,OG
Brandon,Harris,HOU,CB
Joe,Porter,LV,CB
Chad,Rinehart,BUF,OG
Carlton,Powell,ATL,DT
Chris,Clark,CAR,OT
Joe,Reitz,IND,G
Garrett,McIntyre,NYJ,LB
Tanner,Purdum,NYJ,LS
Antoine,Caldwell,HOU,C
Garrett,Reynolds,LAR,G
Louis,Vasquez,LAC,G
Kevin,Malast,TEN,LB
Ramon,Foster,PIT,G
Mortty,Ivy,PIT,LB
T.J.,Conley,NYJ,P
Ronald,Talley,ARI,DE
Julius,Pruitt,MIA,WR
Mike,Iupati,SF,G
Jon,Asamoah,ATL,G
Shawn,Lauvao,WSH,G
Rodger,Saffold,LAR,G
Kevin,Thomas,IND,DB
David,Caldwell,IND,DB
Erik,Cook,WSH,C
DaMon,Cromartie-Smith,PIT,S
A.J.,Edds,NYJ,LB
Chris,Hawkins,TEN,CB
Joe,Hawley,ATL,C
Arthur,Jones,IND,DT
Jameson,Konz,SEA,TE
Cameron,Sheffield,KC,LB
R.J.,Stanford,MIA,CB
Darrell,Stuckey,LAC,S
Justin,Cole,LAR,LB
Lemuel,Jeanpierre,SEA,C
Rafael,Bush,NO,S
Emmanuel,Stephens,CLE,DE
Ross,Ventrone,PIT,S
Derek,Hardman,TB,OG
Patrick,Trahan,CHI,LB
Terrence,Johnson,IND,DB
Auston,English,CLE,DE
Jeffrey,Linkenbach,IND,OT
George,Johnson,TB,DE
Kyle,Bosworth,JAX,LB
Albert,McClellan,BAL,LB
Mitch,Unrein,CHI,DT
Brian,Sanford,CLE,DE
Martin,Tevaseu,IND,DT
Will,Tukuafu,SEA,FB
Jimmy,Smith,BAL,CB
Nate,Solder,NYG,OT
Anthony,Castonzo,IND,OT
Derek,Sherrod,GB,OL
Mike,Pouncey,LAC,C
Prince,Amukamara,CHI,CB
Tyron,Smith,DAL,OT
James,Carpenter,ATL,G
Kelvin,Sheppard,BUF,LB
Orlando,Franklin,LAC,G
Marcus,Gilbert,PIT,OT
Sione,Fua,CAR,NT
Nate,Irving,DEN,LB
Akeem,Dent,HOU,LB
Shareece,Wright,HOU,CB
Johnny,Patrick,LAC,CB
Rodney,Hudson,KC,C
Chris,Conte,TB,S
Marcus,Gilchrist,LV,S
DeMarcus,Van Dyke,PIT,CB
Bruce,Carter,NYJ,LB
Drake,Nevis,IND,DT
Curtis,Marsh,PHI,CB
Curtis,Brown,PIT,CB
Ras-I,Dowling,NE,CB
William,Rackley,JAX,OG
Jaiquawn,Jarrett,NYJ,S
Chris,Culliver,SF,CB
Aaron,Williams,BUF,S
Rahim,Moore,DEN,S
Kenrick,Ellis,NYJ,DT
Jimmy,Wilson,MIA,S
Tommie,Campbell,TEN,CB
Jalil,Brown,KC,CB
Justin,Rogers,BUF,CB
Chris,Prosinski,CHI,S
Matt,Bosher,ATL,P
Colin,McCarthy,TEN,LB
Maurice,Hurt,WSH,OG
Richard,Sherman,TB,CB
Zach,Clayton,TEN,DT
Jonathan,Nelson,CAR,SS
Chimdi,Chekwa,MIA,CB
Cortez,Allen,PIT,CB
Chykie,Brown,BAL,CB
Colin,Jones,CAR,S
Shiloh,Keo,DEN,S
Alex,Henery,PHI,PK
Jason,Kelce,PHI,C
Christian,Ballard,MIN,DE
Tyler,Sash,NYG,DB
Brandon,Burton,BUF,DB
Byron,Maxwell,MIA,CB
Brandon,Hogan,CAR,CB
Buster,Skrine,TEN,CB
Andrew,Gachkar,DAL,LB
Da'Norris,Searcy,TEN,S
Ahmad,Black,TB,FS
Lazarius,Levingston,TB,DE
Anthony,Gaitor,TB,CB
Doug,Hogue,CAR,LB
Kealoha,Pilares,CAR,WR
Eric,Hagg,CLE,FS
Brandyn,Thompson,WSH,DB
Davon,House,GB,CB
Josh,Thomas,IND,CB
Jabara,Williams,CHI,LB
D.J.,Smith,HOU,LB
Greg,Jones,JAX,LB
Chris,Rucker,IND,CB
Chris,Carter,PIT,LB
Jermale,Hines,IND,DB
Mistral,Raymond,MIN,S
DeJon,Gomes,DET,DB
Chris,White,NE,LB
Mark,Herzlich,NYG,LB
Jeron,Johnson,WSH,S
Scott,Lutrus,IND,LB
Kevin,Rutland,JAX,DB
Winston,Venable,CHI,S
Anthony,Walters,CHI,S
Mario,Addison,HOU,DE
Dan,Bailey,MIN,PK
Bront,Bird,LAC,LB
Dom,DeCicco,CHI,LB
Devin,Holland,TB,DB
Larry,Dean,MIN,LB
Demarcus,Dobbs,SEA,DE
Chris,Harris Jr.,LAC,CB
Joe,Young,IND,SS
Willie,Smith,WSH,OT
Isa,Abdul-Quddus,MIA,S
Jeff,Tarpinian,HOU,LB
Kiante,Tripp,CLE,DE
Darrin,Walls,NYJ,CB
M.D.,Jennings,GB,FS
Brett,Hartmann,HOU,P
Mister,Alexander,HOU,LB
Danny,Aiken,NE,LS
Kamar,Aiken,PHI,WR
Chavis,Williams,BAL,LB
Jamari,Lattimore,NYJ,LB
Quinton,Spears,CLE,LB
Alex,Albright,DAL,LB
Ryan,Donahue,DET,P
Adrian,Moten,IND,LB
Spencer,Paysinger,MIA,LB
Mana,Silva,BUF,DB
Ricardo,Silva,DET,DB
Justin,Trattou,MIN,DE
Stephen,Franklin,JAX,LB
Chris,Smith,NYJ,CB
James,Dockery,CAR,CB
Byron,Bell,GB,OT
Darvin,Adams,CAR,WR
Sterling,Moore,DAL,CB
Tracy,Wilson,TEN,DB
Brandon,Coutu,BUF,PK
Richmond,McGee,CLE,P
Chris,Jones,DAL,P
Bryan,Mattison,BAL,DE
Trindon,Holliday,TB,WR
Dwayne,Harris,CHI,WR
Kyle,Adams,CHI,TE
Mohamed,Sanu,ATL,WR
Thaddeus,Lewis,BUF,QB
Robert,Griffin III,BAL,QB
Greg,McElroy,NYJ,QB
Nick,Foles,CHI,QB
Brandon,Weeden,DAL,QB
Andrew,Luck,IND,QB
Ryan,Lindley,IND,QB
Graham,Harrell,GB,QB
Brock,Osweiler,MIA,QB
Terrelle,Pryor Sr.,CLE,WR
Ryan,Mallett,BAL,QB
Alfred,Morris,DAL,RB
Doug,Martin,LV,RB
Trent,Richardson,CLE,RB
Vick,Ballard,IND,RB
Mikel,Leshoure,DET,RB
Bryce,Brown,PHI,RB
Bernard,Pierce,JAX,RB
Daryl,Richardson,LAR,RB
David,Wilson,NYG,RB
Robert,Turbin,IND,RB
Ronnie,Hillman,MIN,RB
Lamar,Miller,HOU,RB
Shaun,Draughn,SF,RB
William,Powell,ARI,RB
Ryan,Williams,ARI,RB
LaMike,James,MIA,RB
Chris,Rainey,PIT,RB
Jeremy,Stewart,DEN,RB
Richard,Murphy,JAX,RB
Lance,Dunbar,DAL,RB
Travis,Benjamin,SF,WR
Isaiah,Pead,MIA,RB
Keshawn,Martin,NE,WR
Baron,Batch,PIT,RB
Cyrus,Gray,KC,RB
Justin,Blackmon,JAX,WR
Stanley,Havili,IND,FB
Collin,Mooney,TEN,FB
Keith,Tandy,TB,S
Nate,Eachus,KC,FB
Aldrick,Robinson,SF,WR
Jorvorskie,Lane,TB,FB
Joe,Adams,CAR,WR
Chris,Givens,BAL,WR
Damaris,Johnson,HOU,WR
Jarius,Wright,MIN,WR
Matt,Asiata,MIN,RB
Marcus,Thigpen,MIA,WR
Jordan,Todman,IND,RB
David,Gilreath,PIT,WR
Will,Johnson,PIT,FB
Jonathan,Grimes,NYJ,RB
Robert,Hughes,ARI,FB
Dwayne,Allen,IND,TE
Trevor,Graham,NO,WR
Daniel,Herron,IND,RB
Travaris,Cadet,BUF,RB
Kendall,Wright,CHI,WR
Joe,Morgan,NO,WR
DeVier,Posey,HOU,WR
Josh,Gordon,SEA,WR
Rod,Streater,CLE,WR
Michael,Floyd,ARI,WR
Alshon,Jeffery,PHI,WR
Ryan,Broyles,DET,WR
Rueben,Randle,NYG,WR
Coby,Fleener,NO,TE
Armon,Binns,MIA,WR
Stephen,Hill,NYJ,WR
LaVon,Brazill,IND,WR
Brian,Quick,LAR,WR
Lestar,Jean,HOU,WR
Juron,Criner,LV,WR
Rishard,Matthews,TEN,WR
Cole,Beasley,BUF,WR
Kevin,Elliott,JAX,WR
Josh,Cooper,CLE,WR
Orson,Charles,CLE,TE
James,Hanna,DAL,TE
Konrad,Reuland,NYJ,TE
Rhett,Ellison,NYG,TE
Michael,Preston,TEN,WR
Ladarius,Green,LAC,TE
Devon,Wylie,KC,WR
David,Paulson,PIT,TE
Garrett,Celek,SF,TE
Deonte,Thompson,DAL,WR
Taylor,Thompson,TEN,TE
Toney,Clemons,JAX,WR
Drew,Davis,ATL,WR
Mike,McNeill,LAR,TE
Jermaine,Kearse,NYJ,WR
Jarrett,Boykin,GB,WR
Kris,Adams,IND,WR
Chris,Owusu,NYJ,WR
Evan,Rodriguez,BUF,TE
Cory,Harkey,LAR,TE
Hayden,Smith,NYJ,TE
Jordan,White,NYJ,WR
Andre,Holmes,LV,WR
Senio,Kelemete,HOU,G
Dedrick,Epps,NYJ,TE
Dominique,Jones,MIA,TE
LaRon,Byrd,ARI,WR
Tommy,Gallarda,ATL,TE
Will,Ta'ufo'ou,JAX,FB
Brad,Smelley,CLE,TE
Mike,Johnson,ATL,OG
Andrew,Gardner,PHI,OT
Zane,Beadles,DEN,G
Matt,Tennant,PHI,C
Patrick,DiMarco,BUF,FB
Kevin,Cone,ATL,WR
Marvin,McNutt,PHI,WR
A.J.,Jenkins,KC,WR
Mike,Brown,JAX,WR
Nathan,Palmer,IND,WR
Chandler,Jones,LV,DE
Whitney,Mercilus,HOU,LB
Derek,Wolfe,BAL,DE
Quinton,Coples,NYJ,DE
Kendall,Reyes,KC,DE
Zach,Brown,WSH,LB
Dont'a,Hightower,NE,LB
Michael,Brockers,DET,DE
Dezman,Moses,KC,LB
Olivier,Vernon,NYG,DE
John,Hughes III,CLE,DT
Mike,Martin,TEN,DT
Justin,Francis,NE,DE
Shea,McClellin,NE,LB
Jerel,Worthy,GB,DT
Frank,Alexander,CAR,DE
Jerrell,Freeman,IND,LB
Nick,Perry,GB,LB
Mike,Daniels,DET,DT
Greg,Scruggs,CHI,TE
Courtney,Upshaw,ATL,DT
Miles,Burris,LV,LB
Clifton,Geathers,WSH,DE
Adrian,Tracy,NYG,LB
Cedric,Thornton,BUF,DT
Craig,Robertson,NO,LB
Luke,Kuechly,CAR,LB
Andre,Branch,MIA,LB
Mychal,Kendricks,SEA,LB
Billy,Winn,GB,DE
Brandon,Boykin,PHI,CB
Antonio,Allen,NYJ,S
Danny,Trevathan,CHI,LB
Mike,Harris,JAX,CB
Jonte,Green,DET,CB
Vontaze,Burfict,CIN,LB
L.J.,Fort,BAL,LB
Omar,Brown,BAL,DB
Brandon,Taylor,LAC,SS
Devon,Still,CIN,DT
Stefen,Wisniewski,LV,G
Mike,Adams,PIT,OL
Justin,Hickman,IND,LB
Robert,James,ATL,LB
Breno,Giacomini,NYJ,OT
Fernando,Velasco,CAR,C
Brian,de la Puente,NO,C
Ryan,Wendell,NE,OL
Eugene,Monroe,BAL,OT
Eric,Wood,BUF,C
Tyronne,Green,LAC,G
Rich,Ohrnberger,LAC,C
Chris,Baker,TB,DT
Dallas,Reynolds,PHI,G
Mike,Rivera,NE,LB
Pannel,Egboh,TEN,DE
Jermey,Parnell,DAL,OT
Matt,Overton,DAL,LS
Marcus,Easley,BUF,WR
Vladimir,Ducasse,BAL,G
John,Jerry,MIA,G
Sergio,Kindle,BAL,LB
D'Anthony,Smith,JAX,DT
Jeff,Byers,CAR,C
Hall,Davis,CLE,DE
Kevin,Haslam,LAC,OT
Robert,Johnson,TEN,SS
Ted,Larsen,CHI,G
Marshall,Newhouse,LV,OT
Doug,Worthington,LAR,DT
Anthony,Levine Sr.,BAL,S
Carl,Ihenacho,LV,LB
Gabe,Carimi,ATL,OT
Jah,Reid,BAL,OT
Jonas,Mouton,LAC,LB
Jarvis,Jenkins,KC,DT
Marvin,Austin Jr.,DEN,NT
Jerrell,Powe,KC,NT
Roc,Carmichael,HOU,CB
Chris,Hairston,LAC,OT
Cheta,Ozougwu,CHI,DE
Clint,Boling,CIN,G
Cliff,Matthews,ATL,DL
Derek,Newton,HOU,OT
Malcolm,Williams,NE,DB
J.T.,Thomas,NYG,LB
Cameron,Bradfield,JAX,OT
Mario,Harvey,IND,FB
Ricky,Lumpkin,LV,DT
Jordan,Miller,JAX,DT
Mike,Morgan,SEA,LB
Ron,Parker,KC,S
Orie,Lemon,TB,LB
Jonathan,Freeny,NE,LB
Sealver,Siliga,TB,DT
Ian,Williams,SF,NT
Christian,Yount,CLE,LS
Jeremy,Ross,LV,WR
Josh,Bynes,BAL,LB
Bryan,Hall,BAL,DT
Josh,Victorian,PIT,DB
David,Sims,PHI,DB
Brandian,Ross,LV,S
LeQuan,Lewis,TB,DB
Michael,Wilhoite,SF,LB
Marshall,McFadden,LAR,LB
Chris,Polk,HOU,RB
Matt,Kalil,CAR,OT
Riley,Reiff,CHI,OT
Mark,Barron,PIT,LB
David,DeCastro,PIT,G
Dontari,Poe,KC,DT
Dre,Kirkpatrick,ARI,CB
Morris,Claiborne,NYJ,CB
Josh,Robinson,TB,CB
Jamell,Fleming,ARI,DB
Kelechi,Osemele,BAL,G
Vinny,Curry,PHI,DE
Brandon,Thompson,CIN,DL
Casey,Hayward,LV,CB
Janoris,Jenkins,SF,CB
Tavon,Wilson,IND,S
Bill,Bentley,DET,CB
Jayron,Hosley,NYG,CB
Akiem,Hicks,TB,DE
Tyrone,Crawford,DAL,DE
Trumaine,Johnson,NYJ,CB
Jeff,Allen,KC,G
Omar,Bolden,DEN,S
Coty,Sensabaugh,WSH,CB
Brandon,Marshall,DEN,LB
Ron,Brooks,BUF,CB
Travis,Lewis,DET,LB
Travian,Robertson,SEA,NT
Tank,Carder,CLE,LB
Trevin,Wade,NYG,CB
Keenan,Robinson,WSH,LB
Jared,Crick,DEN,DE
Markus,Kuhn,NYG,DL
Scott,Solomon,TEN,LB
James-Michael,Johnson,KC,LB
Jerron,McMillian,GB,SS
Kyle,Wilber,LV,LB
Kheeston,Randall,MIA,DT
Malik,Jackson,CLE,DT
Alfonzo,Dennard,NE,CB
Dennis,Kelly,TEN,OT
DeAngelo,Tyson,BAL,DE
Charles,Mitchell,ATL,DB
Terrence,Frederick,NO,CB
Tahir,Whitehead,LV,LB
Nigel,Bradham,PHI,LB
Robert,Blanton,MIN,S
Asa,Jackson,SF,CB
George,Iloka,CIN,S
Corey,White,BUF,CB
Jeremy,Lane,SEA,CB
Jack,Crawford,TEN,DE
Ronnell,Lewis,DET,DE
Jonathan,Massaquoi,ATL,LB
Christo,Bilukidi,BAL,DL
Terrell,Manning,GB,LB
Josh,Bush,DEN,S
Jeris,Pendleton,IND,DT
D.J.,Campbell,MIA,S
Nate,Ebner,NE,S
Richard,Crawford,WSH,CB
Quinton,Pointer,LAR,DB
Matt,Daniels,LAR,S
Duke,Ihenacho,WSH,S
Jerry,Franklin,CHI,LB
Robert,Golden,PIT,S
Delano,Howell,IND,FS
Aaron,Brewer,ARI,LS
Derrick,Shelby,MIA,DE
Kaelin,Burnett,TEN,LB
Marcus,Dowtin,NYG,LB
Valentino,Blake,PIT,DB
Beau,Brinkley,TEN,LS
Johnson,Bademosi,HOU,CB
Julian,Stanford,CAR,LB
Adrian,Hamilton,BAL,LB
Leonard,Johnson,NE,CB
Don,Barclay,GB,G
David,Snow,BUF,C
DaJohn,Harris,TEN,DT
Sean,Richardson,GB,S
Nate,Chandler,CAR,OT
Tysyn,Hartman,KC,FS
Ishmaa'ily,Kitchen,CLE,DT
Zack,Nash,ARI,LB
Neiko,Thorpe,SEA,CB
Josh,Bellamy,CHI,WR
Emil,Igwenagu,PHI,TE
Ben,Bass,DAL,DE
Eddie,Pleasant,GB,S
Will,Hill,BAL,S
Jerrell,Jackson,JAX,WR
Emmanuel,Lamur,LV,LB
Joe,Anderson,CHI,WR
Ryan,Rau,PHI,LB
Chris,Lewis-Harris,BAL,CB
Steven,Johnson,TEN,LB
Kai,Forbath,NO,PK
Blair,Walsh,MIN,PK
Brad,Nortman,JAX,P
John,Potter,WSH,PK
Drew,Butler,ARI,P
Shawn,Powell,BUF,P
D'Aundre,Reed,MIN,DE
Gino,Gradkowski,BAL,C
Michael,Smith,TB,RB
Bradley,Sowell,CHI,TE
Josh,LeRibeus,WSH,C
Winston,Guy,IND,S
Spencer,Lanning,CHI,P
Mike,James,TB,RB
Ace,Sanders,JAX,WR
Dominique,Davis,ATL,QB
Scott,Tolzien,GB,QB
Mike,Glennon,JAX,QB
EJ,Manuel,BUF,QB
Matt,McGloin,LV,QB
Matt,Simms,NYJ,QB
Jeff,Tuel,BUF,QB
Bobby,Rainey Jr.,BAL,RB
Tavon,Austin,DAL,WR
Denard,Robinson,JAX,RB
Eddie,Lacy,GB,RB
Zac,Stacy,NYJ,RB
Le'Veon,Bell,BAL,RB
Andre,Ellington,ARI,RB
Montee,Ball,DEN,RB
Benny,Cunningham,CHI,RB
Knile,Davis,KC,RB
Khiry,Robinson,NO,RB
Dennis,Johnson,HOU,RB
Edwin,Baker,NO,RB
Joseph,Randle,DAL,RB
Stepfan,Taylor,ARI,RB
Johnathan,Franklin,GB,RB
Fozzy,Whittaker,CAR,RB
Christine,Michael,SEA,RB
Tommy,Bohanon,JAX,FB
Frank,Summers,BUF,FB
Michael,Cox,NYG,RB
MarQueis,Gray,MIA,TE
C.J.,Anderson,DET,RB
Josh,Aubrey,CLE,S
Stedman,Bailey,LAR,WR
Quinton,Patton,SF,WR
Theo,Riddick,LV,RB
Michael,Hill,TB,RB
Mike,Gillislee,NO,RB
Jordan,Reed,WSH,TE
Skye,Dawson,TB,WR
Eric,Page,TB,WR
Jeff,Demps,TB,RB
James,Develin,NE,FB
Kenny,Stills,NO,WR
Spencer,Ware,KC,RB
Cierre,Wood,BUF,RB
Ray,Graham,HOU,RB
Kenjon,Barner,ATL,RB
Jamize,Olawale,LV,FB
Sheldon,Richardson,MIN,DT
Terrance,Williams,DAL,WR
Ronnie,Wingo Jr.,BUF,RB
Derrick,Coleman,SEA,FB
Tim,Wright,DET,TE
Da'Rick,Rogers,IND,WR
Marlon,Brown,BAL,WR
Saalim,Hakim,NYJ,WR
Josh,Hill,NO,TE
Aaron,Dobson,NE,WR
Kenbrell,Thompkins,NYJ,WR
Tyler,Eifert,JAX,TE
