player_name,season,week,week_fantasy_points,average_fantasy_points,predicted_deviation,predicted_fantasy_points,position
L.Jackson,2022,4,13.06,34.086666666666666,,,0
J.Allen,2022,4,23.52,29.286666666666665,,,0
M.Stafford,2022,4,6.76,12.28,,,0
B.Mayfield,2022,4,5.88,14.0,,,0
J.Brissett,2022,4,14.96,14.746666666666668,,,0
G.Smith,2022,4,31.700000000000003,14.06,,,0
R.Wilson,2022,4,27.48,12.64,,,0
K.Cousins,2022,4,12.92,15.406666666666666,,,0
A.Rodgers,2022,4,16.14,12.053333333333333,,,0
M.Ryan,2022,4,17.84,10.786666666666669,,,0
D.Mills,2022,4,13.84,10.826666666666668,,,0
T.Lawrence,2022,4,5.66,19.026666666666667,,,0
C.Wentz,2022,4,7.3,21.38,,,0
P.Mahomes,2022,4,23.36,23.093333333333334,,,0
K.Murray,2022,4,22.88,19.953333333333333,,,0
J.Herbert,2022,4,21.1,19.766666666666666,,,0
D.Carr,2022,4,11.52,17.533333333333335,,,0
D.Adams,2022,4,19.5,17.833333333333332,,,2
T.Tagovailoa,2022,4,2.4000000000000004,21.7,,,0
M.Mariota,2022,4,3.86,16.26666666666667,,,0
R.Tannehill,2022,4,14.38,12.993333333333334,,,0
D.Jones,2022,4,21.64,14.300000000000002,,,0
J.Goff,2022,4,33.22,18.473333333333333,,,0
J.Hurts,2022,4,15.96,28.44666666666667,,,0
M.Trubisky,2022,4,1.46,13.02,,,0
J.Burrow,2022,4,20.08,19.26,,,0
J.Fields,2022,4,10.16,9.126666666666669,,,0
T.Brady,2022,4,25.4,11.506666666666668,,,0
C.Rush,2022,4,17.619999999999997,9.52,,,0
M.Hollins,2022,4,6.300000000000001,14.72,,,2
T.Boyd,2022,4,7.62,13.166666666666666,,,2
B.Berrios,2022,4,5.68,3.5666666666666664,,,2
J.Jefferson,2022,4,31.0,18.2,,,2
C.Kupp,2022,4,26.200000000000003,26.666666666666668,,,2
T.Hill,2022,4,34.0,27.33333333333333,,,2
C.Kirk,2022,4,8.3,20.9,,,2
A.Cooper,2022,4,1.9,17.633333333333336,,,2
N.Harris,2022,4,7.4,13.333333333333334,,,1
C.Claypool,2022,4,0.0,8.066666666666666,,,2
R.Burkhead,2022,4,14.9,7.3,,,2
L.Fournette,2022,4,18.4,12.366666666666667,,,1
D.Henry,2022,4,23.700000000000003,14.0,,,1
C.Lamb,2022,4,21.700000000000003,14.233333333333334,,,2
G.Wilson,2022,4,6.1000000000000005,17.066666666666666,,,2
A.Brown,2022,4,14.5,18.96666666666667,,,2
J.Chase,2022,4,12.1,17.46666666666667,,,2
D.Cook,2022,4,10.6,11.666666666666666,,,1
J.Johnson,2022,4,6.300000000000001,5.133333333333334,,,2
Mi.Carter,2022,4,4.9,10.866666666666667,,,1
Br.Hall,2022,4,15.8,12.766666666666667,,,1
J.Hill,2022,4,7.7,3.5666666666666664,,,1
D.Singletary,2022,4,11.6,12.133333333333333,,,1
D.Henderson,2022,4,6.9,8.233333333333334,,,1
J.Cook,2022,4,0.0,3.8333333333333335,,,1
C.Akers,2022,4,1.3,6.1000000000000005,,,1
B.Powell,2022,4,1.1,2.333333333333333,,,-1
N.Chubb,2022,4,20.700000000000003,21.633333333333336,,,1
K.Hunt,2022,4,8.8,13.833333333333334,,,1
D.Moore,2022,4,12.1,8.066666666666668,,,2
R.Penny,2022,4,28.700000000000003,6.033333333333334,,,1
J.Williams,2022,4,8.5,12.966666666666669,,,1
M.Gordon,2022,4,-1.2,10.0,,,1
A.Jones,2022,4,14.5,16.1,,,1
A.Dillon,2022,4,9.4,11.2,,,1
A.Mattison,2022,4,8.8,6.466666666666666,,,1
R.Doubs,2022,4,13.7,11.6,,,2
J.Taylor,2022,4,3.3,15.633333333333333,,,1
D.Pierce,2022,4,25.9,10.566666666666666,,,1
N.Hines,2022,4,2.3,9.033333333333331,,,2
J.Robinson,2022,4,2.9000000000000004,18.766666666666666,,,1
C.Samuel,2022,4,7.800000000000001,18.4,,,2
A.Gibson,2022,4,9.3,14.366666666666667,,,1
J.Dotson,2022,4,13.3,12.966666666666669,,,2
J.McKissic,2022,4,8.6,10.366666666666667,,,2
T.Etienne,2022,4,3.2,9.1,,,1
J.Agnew,2022,4,21.0,1.6666666666666667,,,2
C.Edwards-Helaire,2022,4,22.4,17.7,,,1
M.Valdes-Scantling,2022,4,9.3,6.733333333333333,,,2
J.Conner,2022,4,10.7,10.766666666666666,,,1
I.Pacheco,2022,4,6.300000000000001,4.566666666666666,,,1
J.McKinnon,2022,4,1.0,6.5,,,1
E.Benjamin,2022,4,5.5,7.166666666666667,,,1
A.Ekeler,2022,4,34.9,14.3,,,2
Z.Horvath,2022,4,0.0,5.3,,,-1
J.Jacobs,2022,4,34.5,10.7,,,1
S.Michel,2022,4,5.7,2.733333333333333,,,1
J.Kelley,2022,4,1.5,3.766666666666667,,,1
J.Palmer,2022,4,3.5,10.933333333333332,,,2
D.Harris,2022,4,15.4,12.366666666666667,,,1
R.Stevenson,2022,4,12.9,10.3,,,1
C.Edmonds,2022,4,10.0,10.433333333333334,,,1
R.Mostert,2022,4,10.1,5.400000000000001,,,1
J.Waddle,2022,4,5.9,24.3,,,2
C.Patterson,2022,4,9.8,16.333333333333332,,,1
D.Williams,2022,4,1.9,5.033333333333334,,,1
M.Ingram,2022,4,7.3,5.066666666666667,,,1
A.Williams,2022,4,2.1,1.6666666666666667,,,1
S.Barkley,2022,4,18.200000000000003,22.600000000000005,,,1
R.James,2022,4,1.9,9.733333333333334,,,2
M.Breida,2022,4,1.8,0.7666666666666667,,,-1
Ja.Williams,2022,4,23.9,15.9,,,1
M.Sanders,2022,4,29.6,11.833333333333334,,,1
K.Gainwell,2022,4,8.7,4.866666666666667,,,1
J.Mixon,2022,4,17.4,13.2,,,1
J.Warren,2022,4,3.2,2.5,,,1
S.Perine,2022,4,0.0,7.6,,,1
B.Aiyuk,2022,4,7.7,10.3,,,2
D.Samuel,2022,4,23.7,13.4,,,1
K.Herbert,2022,4,11.1,15.766666666666666,,,1
E.Elliott,2022,4,10.1,8.766666666666667,,,1
T.Pollard,2022,4,1.8,11.5,,,1
J.Jeudy,2022,4,15.3,8.700000000000001,,,2
C.Sutton,2022,4,16.2,16.2,,,2
A.Dulin,2022,4,3.8,7.5,,,2
M.Hardman,2022,4,1.4,6.433333333333334,,,2
P.Ricard,2022,4,5.0,1.4666666666666668,,,-1
M.Andrews,2022,4,3.5,21.6,,,2
E.Moore,2022,4,8.5,8.433333333333334,,,2
K.Juszczyk,2022,4,5.4,3.1666666666666665,,,-1
T.McLaurin,2022,4,3.5,14.066666666666668,,,2
D.Duvernay,2022,4,9.1,12.633333333333336,,,2
I.McKenzie,2022,4,12.1,12.266666666666666,,,2
E.St. Brown,2022,4,0.0,7.333333333333333,,,2
E.Engram,2022,4,2.6,7.433333333333334,,,2
D.Carter,2022,4,3.6,9.833333333333334,,,2
T.Kelce,2022,4,24.200000000000003,18.03333333333333,,,2
T.Burks,2022,4,3.8,6.766666666666667,,,2
Z.Pascal,2022,4,0.0,3.3000000000000003,,,2
D.Njoku,2022,4,9.7,10.6,,,2
N.Gray,2022,4,6.1,2.9333333333333336,,,2
K.Osborn,2022,4,1.5,9.066666666666668,,,2
K.Bourne,2022,4,5.800000000000001,6.166666666666667,,,2
D.Johnson,2022,4,4.2,14.2,,,2
M.Brown,2022,4,20.8,18.366666666666667,,,2
B.Skowronek,2022,4,5.300000000000001,6.900000000000001,,,2
D.Peoples-Jones,2022,4,12.1,4.666666666666667,,,2
T.Conklin,2022,4,8.2,12.666666666666666,,,2
G.Pickens,2022,4,16.200000000000003,3.8333333333333335,,,2
G.Dortch,2022,4,1.6,15.266666666666666,,,2
O.Zaccheaus,2022,4,7.5,7.966666666666666,,,2
C.Moore,2022,4,0.0,6.266666666666667,,,2
P.Campbell,2022,4,8.3,3.233333333333333,,,2
K.Granson,2022,4,10.2,3.766666666666667,,,2
G.Everett,2022,4,17.1,10.666666666666666,,,2
C.Kmet,2022,4,4.6,2.0,,,2
D.Mooney,2022,4,13.4,2.2333333333333334,,,-1
B.Cooks,2022,4,18.7,9.6,,,2
R.McCloud,2022,4,1.6,2.566666666666667,,,2
S.Diggs,2022,4,10.2,28.46666666666667,,,2
A.Thielen,2022,4,15.2,11.3,,,2
R.Bateman,2022,4,4.7,13.533333333333331,,,2
C.Davis,2022,4,18.4,11.566666666666668,,,2
D.Robinson,2022,4,3.0,4.033333333333333,,,2
T.Higbee,2022,4,17.3,11.033333333333331,,,2
J.Crowder,2022,4,1.7000000000000002,3.4333333333333336,,,2
D.Knox,2022,4,7.0,5.366666666666667,,,2
Al.Robinson,2022,4,2.7,7.266666666666667,,,2
R.Anderson,2022,4,5.6,9.266666666666667,,,2
S.Smith,2022,4,0.0,2.533333333333333,,,2
I.Thomas,2022,4,1.6,4.3,,,2
D.Metcalf,2022,4,21.9,11.166666666666666,,,2
T.Lockett,2022,4,15.1,14.033333333333331,,,2
W.Dissly,2022,4,13.9,9.233333333333333,,,2
N.Fant,2022,4,7.2,4.8,,,2
E.Saubert,2022,4,3.5,3.0666666666666664,,,-1
J.Mundt,2022,4,0.0,4.6000000000000005,,,2
I.Smith,2022,4,5.300000000000001,6.6000000000000005,,,2
R.Tonyan,2022,4,10.2,6.466666666666666,,,2
R.Cobb,2022,4,7.2,5.933333333333334,,,2
O.Howard,2022,4,4.7,6.5,,,2
N.Collins,2022,4,11.2,6.833333333333333,,,2
M.Alie-Cox,2022,4,26.5,2.8000000000000003,,,2
L.Thomas,2022,4,6.9,7.566666666666667,,,2
J.Bates,2022,4,5.9,1.1666666666666667,,,-1
J.Smith-Schuster,2022,4,9.6,9.933333333333334,,,2
Z.Ertz,2022,4,16.7,12.466666666666669,,,2
Ju.Watson,2022,4,0.0,4.333333333333333,,,2
M.Williams,2022,4,19.0,12.266666666666666,,,2
D.Waller,2022,4,5.4,11.366666666666667,,,2
H.Henry,2022,4,3.3,1.9333333333333336,,,-1
D.Parker,2022,4,10.4,7.5,,,2
N.Agholor,2022,4,7.6,10.3,,,2
M.Gesicki,2022,4,4.300000000000001,5.6000000000000005,,,2
T.Sherfield,2022,4,9.5,2.066666666666667,,,-1
K.Pitts,2022,4,3.5,7.166666666666667,,,2
D.London,2022,4,3.7,17.133333333333336,,,2
J.Landry,2022,4,4.7,9.7,,,2
C.Olave,2022,4,16.7,14.6,,,2
R.Woods,2022,4,13.0,7.566666666666667,,,2
A.Hooper,2022,4,1.4,2.8000000000000003,,,2
D.Goedert,2022,4,12.2,11.266666666666666,,,2
D.Smith,2022,4,4.7,15.300000000000002,,,2
J.Reynolds,2022,4,21.1,10.733333333333334,,,2
P.Freiermuth,2022,4,15.5,10.266666666666667,,,2
H.Hurst,2022,4,11.7,6.233333333333333,,,2
T.Higgins,2022,4,25.4,12.7,,,2
J.Jennings,2022,4,4.2,4.366666666666667,,,2
N.Brown,2022,4,9.1,14.1,,,2
C.Brate,2022,4,7.2,4.6000000000000005,,,2
R.Gage,2022,4,4.4,11.933333333333332,,,2
L.Jackson,2022,5,14.760000000000002,28.83,,,0
J.Allen,2022,5,35.16,27.845,,,0
M.Stafford,2022,5,10.32,10.9,,,0
B.Mayfield,2022,5,6.6,11.97,,,0
J.Brissett,2022,5,14.400000000000002,14.8,,,0
G.Smith,2022,5,24.020000000000003,18.47,,,0
R.Wilson,2022,5,9.16,16.35,,,0
K.Cousins,2022,5,22.24,14.785,,,0
A.Rodgers,2022,5,16.880000000000003,13.075,,,0
M.Ryan,2022,5,6.140000000000001,12.55,,,0
D.Mills,2022,5,5.800000000000001,11.58,,,0
T.Lawrence,2022,5,10.34,15.685000000000002,,,0
C.Wentz,2022,5,21.86,17.86,,,0
P.Mahomes,2022,5,30.48,23.16,,,0
K.Murray,2022,5,16.2,20.685,,,0
J.Herbert,2022,5,14.420000000000002,20.1,,,0
D.Carr,2022,5,17.94,16.03,,,0
D.Adams,2022,5,27.4,18.25,,,2
M.Mariota,2022,5,17.98,13.165,,,0
R.Tannehill,2022,5,11.54,13.34,,,0
D.Jones,2022,5,12.38,16.135,,,0
J.Goff,2022,5,5.859999999999999,22.16,,,0
J.Hurts,2022,5,27.66,25.325000000000003,,,0
J.Burrow,2022,5,17.28,19.465,,,0
J.Fields,2022,5,17.02,9.385,,,0
T.Brady,2022,5,19.74,14.98,,,0
C.Rush,2022,5,3.98,11.545,,,0
J.Garoppolo,2022,5,18.020000000000003,12.986666666666666,,,0
M.Hollins,2022,5,0.0,12.615,,,2
T.Boyd,2022,5,6.2,11.78,,,2
B.Berrios,2022,5,8.4,4.095,,,2
J.Jefferson,2022,5,30.32,21.4,,,2
C.Kupp,2022,5,25.9,26.55,,,2
T.Hill,2022,5,47.08,29.0,,,2
C.Kirk,2022,5,1.5,17.75,,,2
A.Cooper,2022,5,20.6,13.7,,,2
N.Harris,2022,5,6.6,11.85,,,1
C.Claypool,2022,5,10.0,6.05,,,2
C.McCaffrey,2022,5,23.4,17.95,,,1
R.Burkhead,2022,5,4.8,9.2,,,2
L.Fournette,2022,5,35.900000000000006,13.875,,,1
D.Henry,2022,5,27.200000000000003,16.425,,,1
C.Lamb,2022,5,10.3,16.1,,,2
G.Wilson,2022,5,5.7,14.325,,,2
A.Brown,2022,5,6.2,17.85,,,2
J.Chase,2022,5,12.0,16.125,,,2
D.Cook,2022,5,26.1,11.4,,,1
J.Johnson,2022,5,3.8,5.425000000000001,,,2
Mi.Carter,2022,5,17.3,9.375,,,1
Br.Hall,2022,5,27.700000000000003,13.525,,,1
D.Singletary,2022,5,5.6000000000000005,12.0,,,1
D.Henderson,2022,5,7.0,7.9,,,1
J.Cook,2022,5,9.1,2.875,,,1
C.Akers,2022,5,3.3000000000000003,4.9,,,1
B.Powell,2022,5,0.1,2.025,,,-1
N.Chubb,2022,5,25.4,21.4,,,1
K.Hunt,2022,5,14.7,12.575,,,1
D.Foreman,2022,5,0.2,0.5333333333333333,,,-1
D.Moore,2022,5,10.7,9.075,,,2
R.Penny,2022,5,5.4,11.7,,,1
M.Gordon,2022,5,13.3,7.2,,,1
A.Jones,2022,5,10.0,15.7,,,1
A.Dillon,2022,5,3.4000000000000004,10.75,,,1
A.Mattison,2022,5,7.0,7.05,,,1
C.Watson,2022,5,0.7999999999999999,6.433333333333334,,,2
R.Doubs,2022,5,5.9,12.125,,,2
D.Pierce,2022,5,20.3,14.4,,,1
N.Hines,2022,5,1.8,7.35,,,2
J.Robinson,2022,5,5.9,14.8,,,1
C.Samuel,2022,5,12.2,15.75,,,2
A.Gibson,2022,5,6.9,13.1,,,1
J.McKissic,2022,5,8.7,9.925,,,2
T.Etienne,2022,5,14.4,7.625,,,1
J.Agnew,2022,5,0.3,6.5,,,2
C.Edwards-Helaire,2022,5,6.5,18.875,,,1
M.Valdes-Scantling,2022,5,15.0,7.375,,,2
J.Conner,2022,5,7.3,10.75,,,1
J.McKinnon,2022,5,9.2,5.125,,,1
E.Benjamin,2022,5,14.3,6.75,,,1
A.Ekeler,2022,5,35.900000000000006,19.45,,,2
Z.Horvath,2022,5,0.3,3.975,,,-1
J.Jacobs,2022,5,30.3,16.65,,,1
B.Bolden,2022,5,6.4,5.266666666666667,,,1
J.Kelley,2022,5,16.200000000000003,3.2,,,1
J.Palmer,2022,5,5.4,9.075,,,2
D.Harris,2022,5,2.2,13.125,,,1
R.Stevenson,2022,5,19.5,10.95,,,1
C.Edmonds,2022,5,0.1,10.325,,,1
R.Mostert,2022,5,19.200000000000003,6.575,,,1
J.Waddle,2022,5,5.300000000000001,19.700000000000003,,,2
D.Williams,2022,5,0.9,4.25,,,1
M.Ingram,2022,5,3.6,5.625,,,1
A.Williams,2022,5,10.1,1.775,,,1
S.Barkley,2022,5,19.6,21.5,,,1
R.James,2022,5,3.6,7.775,,,2
M.Breida,2022,5,4.7,1.025,,,1
D.Hilliard,2022,5,12.3,11.033333333333331,,,2
Ja.Williams,2022,5,5.6000000000000005,17.9,,,1
M.Sanders,2022,5,8.4,16.275,,,1
K.Gainwell,2022,5,2.0,5.825,,,1
J.Mixon,2022,5,11.8,14.25,,,1
J.Warren,2022,5,10.3,2.675,,,1
S.Perine,2022,5,9.6,5.7,,,1
D.Montgomery,2022,5,18.2,8.233333333333333,,,1
B.Aiyuk,2022,5,8.8,9.65,,,2
D.Samuel,2022,5,11.2,15.975,,,2
K.Herbert,2022,5,1.1,14.6,,,1
E.Elliott,2022,5,7.800000000000001,9.1,,,1
T.Pollard,2022,5,14.6,9.075,,,1
R.White,2022,5,7.2,6.6000000000000005,,,2
T.Allgeier,2022,5,4.5,6.133333333333333,,,1
J.Jeudy,2022,5,8.3,10.35,,,2
C.Sutton,2022,5,12.4,16.200000000000003,,,2
A.Dulin,2022,5,2.8,6.575,,,2
M.Hardman,2022,5,12.0,5.175,,,2
M.Andrews,2022,5,22.9,17.075,,,2
J.Reagor,2022,5,7.1,1.5333333333333332,,,-1
E.Moore,2022,5,2.1,8.450000000000001,,,2
K.Walker,2022,5,14.8,4.4,,,1
K.Juszczyk,2022,5,4.7,3.725,,,2
C.Reynolds,2022,5,12.2,3.966666666666667,,,1
A.St. Brown,2022,5,5.8,24.366666666666664,,,2
T.McLaurin,2022,5,12.6,11.425,,,2
D.Duvernay,2022,5,12.8,11.75,,,2
E.St. Brown,2022,5,4.4,5.5,,,2
Z.Jones,2022,5,4.2,14.1,,,2
E.Engram,2022,5,12.9,6.225,,,2
D.Carter,2022,5,2.9,8.275,,,2
T.Kelce,2022,5,33.5,19.575000000000003,,,2
D.Njoku,2022,5,14.8,10.375,,,2
M.Boone,2022,5,11.5,1.7,,,1
N.Gray,2022,5,1.7000000000000002,3.725,,,2
K.Osborn,2022,5,9.1,7.175000000000001,,,2
K.Bourne,2022,5,1.0,6.075,,,2
D.Johnson,2022,5,11.0,11.7,,,2
K.Raymond,2022,5,9.5,2.1666666666666665,,,2
D.Eskridge,2022,5,0.0,1.7333333333333334,,,-1
D.Smythe,2022,5,7.9,3.0666666666666664,,,2
D.Bellinger,2022,5,10.4,7.3,,,2
M.Brown,2022,5,21.8,18.975,,,2
B.Skowronek,2022,5,10.1,6.5,,,2
Q.Watkins,2022,5,4.9,4.966666666666667,,,2
D.Peoples-Jones,2022,5,9.0,6.525,,,2
T.Conklin,2022,5,0.0,11.55,,,2
G.Pickens,2022,5,14.3,6.925,,,2
O.Zaccheaus,2022,5,11.9,7.85,,,2
P.Campbell,2022,5,4.2,4.5,,,2
K.Granson,2022,5,2.6,5.375,,,2
G.Everett,2022,5,1.2,12.275,,,2
C.Kmet,2022,5,8.5,2.6500000000000004,,,2
D.Mooney,2022,5,7.2,5.025,,,2
B.Cooks,2022,5,6.0,11.875,,,2
H.Bryant,2022,5,0.0,5.7,,,2
M.Pittman,2022,5,10.9,16.133333333333336,,,2
S.Diggs,2022,5,24.200000000000003,23.9,,,2
A.Lazard,2022,5,13.5,13.800000000000002,,,2
A.Thielen,2022,5,6.7,12.275,,,2
C.Davis,2022,5,5.800000000000001,13.275,,,2
I.Likely,2022,5,2.7,3.366666666666667,,,2
D.Robinson,2022,5,1.8,3.775,,,2
G.Davis,2022,5,32.1,9.266666666666667,,,2
T.Higbee,2022,5,11.6,12.6,,,2
Al.Robinson,2022,5,4.2,6.125,,,2
R.Anderson,2022,5,4.2,8.350000000000001,,,2
S.Smith,2022,5,10.9,1.9,,,-1
I.Thomas,2022,5,2.8,3.625,,,2
T.Tremble,2022,5,0.0,3.0666666666666664,,,2
D.Metcalf,2022,5,17.8,13.85,,,2
T.Lockett,2022,5,27.4,14.3,,,2
W.Dissly,2022,5,4.1,10.4,,,2
N.Fant,2022,5,7.9,5.4,,,2
A.Okwuegbunam,2022,5,1.5,3.5,,,2
E.Saubert,2022,5,8.6,3.175,,,2
J.Mundt,2022,5,2.6,3.45,,,2
I.Smith,2022,5,8.2,6.275,,,2
R.Tonyan,2022,5,6.300000000000001,7.4,,,2
R.Cobb,2022,5,16.9,6.25,,,2
T.Davis,2022,5,0.7,1.9666666666666668,,,-1
A.Pierce,2022,5,16.1,7.033333333333334,,,2
O.Howard,2022,5,0.0,6.05,,,2
N.Collins,2022,5,10.5,7.925000000000001,,,2
M.Alie-Cox,2022,5,1.7000000000000002,8.725,,,2
J.Bates,2022,5,6.9,2.35,,,-1
J.Smith-Schuster,2022,5,6.300000000000001,9.85,,,2
A.Green,2022,5,5.0,3.3000000000000003,,,-1
Z.Ertz,2022,5,10.8,13.525,,,2
Ju.Watson,2022,5,2.0,3.25,,,2
M.Williams,2022,5,23.4,13.95,,,2
H.Henry,2022,5,9.4,2.2750000000000004,,,2
N.Agholor,2022,5,0.0,9.625,,,2
M.Gesicki,2022,5,4.0,5.275,,,2
T.Sherfield,2022,5,1.5,3.925,,,2
P.Hesse,2022,5,1.9,2.066666666666667,,,2
D.London,2022,5,7.5,13.775,,,2
K.Hodge,2022,5,8.3,4.833333333333333,,,2
C.Olave,2022,5,15.4,15.125,,,2
R.Woods,2022,5,7.7,8.925,,,2
N.Westbrook-Ikhine,2022,5,9.2,3.866666666666667,,,2
K.Philips,2022,5,1.7000000000000002,4.7,,,2
A.Hooper,2022,5,1.7000000000000002,2.45,,,2
D.Goedert,2022,5,17.5,11.5,,,2
D.Smith,2022,5,18.700000000000003,12.65,,,2
J.Reynolds,2022,5,15.2,13.325,,,2
P.Freiermuth,2022,5,3.2,11.575,,,2
H.Hurst,2022,5,17.3,7.6,,,2
J.Jennings,2022,5,6.5,4.325,,,2
D.Schultz,2022,5,0.0,5.0,,,2
N.Brown,2022,5,1.5,12.85,,,2
M.Evans,2022,5,12.1,19.166666666666668,,,2
R.Gage,2022,5,6.0,10.05,,,2
D.Sills,2022,5,3.2,4.066666666666666,,,2
R.Cracraft,2022,5,0.0,5.1000000000000005,,,-1
Dav.Bell,2022,5,1.6,2.9,,,2
Q.Morris,2022,5,4.9,1.9333333333333336,,,-1
L.Jackson,2022,6,16.1,26.016,,,0
J.Allen,2022,6,26.36,29.308000000000003,,,0
M.Stafford,2022,6,11.82,10.784,,,0
J.Brissett,2022,6,8.64,14.72,,,0
G.Smith,2022,6,12.68,19.58,,,0
R.Wilson,2022,6,13.82,14.912,,,0
K.Cousins,2022,6,16.5,16.276,,,0
A.Rodgers,2022,6,11.84,13.836000000000002,,,0
M.Ryan,2022,6,27.16,11.268,,,0
T.Lawrence,2022,6,24.9,14.616,,,0
C.Wentz,2022,6,4.16,18.660000000000004,,,0
P.Mahomes,2022,6,19.62,24.624,,,0
K.Murray,2022,6,14.880000000000004,19.788,,,0
J.Herbert,2022,6,8.42,18.964,,,0
M.Mariota,2022,6,24.16,14.128,,,0
D.Jones,2022,6,13.52,15.384,,,0
J.Hurts,2022,6,16.9,25.792,,,0
M.Trubisky,2022,6,10.26,10.13,,,0
J.Burrow,2022,6,32.5,19.028,,,0
J.Fields,2022,6,18.4,10.912,,,0
T.Brady,2022,6,13.72,15.932,,,0
C.Rush,2022,6,5.24,10.032,,,0
J.Garoppolo,2022,6,16.939999999999998,14.245,,,0
D.Dallas,2022,6,0.1,1.9333333333333336,,,1
T.Bridgewater,2022,6,18.16,3.606666666666667,,,0
T.Boyd,2022,6,12.6,10.664,,,2
B.Berrios,2022,6,9.6,4.956,,,2
J.Jefferson,2022,6,16.700000000000003,23.184,,,2
C.Kupp,2022,6,16.7,26.42,,,2
T.Hill,2022,6,34.239999999999995,32.616,,,2
C.Kirk,2022,6,10.8,14.5,,,2
A.Cooper,2022,6,14.4,15.080000000000002,,,2
N.Harris,2022,6,12.9,10.8,,,1
C.Claypool,2022,6,23.4,6.840000000000001,,,2
L.Fournette,2022,6,22.1,18.28,,,1
C.Lamb,2022,6,12.7,14.94,,,2
G.Wilson,2022,6,1.8,12.6,,,2
A.Brown,2022,6,17.7,15.52,,,2
J.Chase,2022,6,32.2,15.3,,,2
D.Cook,2022,6,15.3,14.34,,,1
J.Johnson,2022,6,8.100000000000001,5.1,,,2
Mi.Carter,2022,6,5.700000000000001,10.96,,,1
K.Drake,2022,6,19.700000000000003,3.3666666666666667,,,1
Br.Hall,2022,6,20.1,16.36,,,1
D.Singletary,2022,6,14.7,10.72,,,1
D.Henderson,2022,6,13.2,7.720000000000001,,,1
J.Cook,2022,6,0.8,4.12,,,1
B.Powell,2022,6,8.0,1.64,,,-1
N.Chubb,2022,6,8.0,22.2,,,1
K.Hunt,2022,6,1.2000000000000002,13.0,,,1
D.Foreman,2022,6,1.9,0.45,,,-1
D.Moore,2022,6,3.7,9.4,,,2
M.Gordon,2022,6,0.8,8.42,,,1
A.Jones,2022,6,7.4,14.56,,,1
A.Dillon,2022,6,9.2,9.28,,,1
A.Mattison,2022,6,0.3,7.040000000000001,,,1
R.Doubs,2022,6,6.1,10.88,,,2
J.Robinson,2022,6,6.5,13.02,,,1
C.Samuel,2022,6,2.6,15.04,,,2
A.Gibson,2022,6,8.3,11.86,,,1
J.McKissic,2022,6,2.0,9.68,,,2
T.Etienne,2022,6,12.6,8.98,,,1
J.Agnew,2022,6,3.4000000000000004,5.26,,,2
C.Edwards-Helaire,2022,6,3.3000000000000003,16.4,,,1
M.Valdes-Scantling,2022,6,0.0,8.9,,,2
I.Pacheco,2022,6,3.8,4.0,,,1
J.McKinnon,2022,6,6.0,5.94,,,1
E.Benjamin,2022,6,9.5,8.260000000000002,,,1
A.Ekeler,2022,6,24.3,22.74,,,1
Z.Horvath,2022,6,1.0,3.24,,,-1
S.Michel,2022,6,7.2,2.78,,,1
J.Palmer,2022,6,14.7,8.34,,,2
R.Stevenson,2022,6,25.1,12.66,,,1
C.Edmonds,2022,6,5.1000000000000005,8.28,,,1
R.Mostert,2022,6,5.800000000000001,9.1,,,1
A.Ingold,2022,6,3.2,1.866666666666667,,,-1
J.Meyers,2022,6,10.0,17.599999999999998,,,2
J.Waddle,2022,6,16.9,16.82,,,2
A.Kamara,2022,6,18.4,12.766666666666666,,,1
M.Ingram,2022,6,6.700000000000001,5.220000000000001,,,1
A.Williams,2022,6,1.8,3.4400000000000004,,,1
S.Barkley,2022,6,18.5,21.12,,,1
R.James,2022,6,3.8,6.94,,,2
M.Breida,2022,6,3.1,1.7600000000000002,,,1
M.Sanders,2022,6,14.2,14.7,,,1
K.Gainwell,2022,6,2.5,5.0600000000000005,,,1
B.Scott,2022,6,1.6,3.366666666666667,,,1
J.Mixon,2022,6,16.8,13.760000000000002,,,1
J.Warren,2022,6,0.2,4.2,,,1
S.Perine,2022,6,3.6,6.48,,,2
D.Montgomery,2022,6,9.0,10.725,,,1
B.Aiyuk,2022,6,28.3,9.48,,,2
D.Samuel,2022,6,16.0,15.02,,,2
K.Herbert,2022,6,7.4,11.900000000000002,,,1
E.Elliott,2022,6,15.6,8.84,,,1
T.Pollard,2022,6,7.2,10.18,,,1
R.White,2022,6,5.300000000000001,6.75,,,2
B.Perriman,2022,6,0.0,6.066666666666667,,,2
T.Allgeier,2022,6,5.1000000000000005,5.7250000000000005,,,1
C.Huntley,2022,6,5.9,5.1000000000000005,,,1
M.Washington,2022,6,1.0,1.4,,,1
J.Jeudy,2022,6,8.4,9.94,,,2
A.Beck,2022,6,1.7000000000000002,2.3666666666666667,,,2
C.Sutton,2022,6,3.4000000000000004,15.44,,,2
M.Hardman,2022,6,13.2,6.540000000000001,,,2
P.Ricard,2022,6,0.0,2.35,,,2
M.Andrews,2022,6,23.6,18.24,,,2
K.Walker,2022,6,19.0,7.0,,,1
K.Juszczyk,2022,6,7.300000000000001,3.92,,,2
T.McLaurin,2022,6,8.200000000000001,11.66,,,2
J.Dobbins,2022,6,1.5,10.9,,,1
D.Duvernay,2022,6,2.4000000000000004,11.96,,,2
I.McKenzie,2022,6,2.9,12.225,,,2
E.St. Brown,2022,6,0.1,5.28,,,2
Z.Jones,2022,6,10.3,11.625,,,2
E.Engram,2022,6,9.0,7.56,,,2
D.Carter,2022,6,4.7,7.2,,,2
T.Kelce,2022,6,19.200000000000003,22.360000000000003,,,2
D.Njoku,2022,6,8.8,11.26,,,2
M.Boone,2022,6,1.4,4.15,,,1
N.Gray,2022,6,4.3,3.3200000000000003,,,2
K.Osborn,2022,6,4.8,7.56,,,2
K.Bourne,2022,6,2.7,5.0600000000000005,,,2
D.Johnson,2022,6,11.5,11.56,,,2
D.Eskridge,2022,6,6.9,1.3,,,-1
C.Godwin,2022,6,15.5,10.433333333333334,,,2
J.Hasty,2022,6,11.7,1.6000000000000003,,,-1
D.Bellinger,2022,6,14.8,8.075,,,2
T.Atwell,2022,6,0.9,2.1333333333333333,,,2
M.Brown,2022,6,15.6,19.54,,,2
B.Skowronek,2022,6,16.7,7.220000000000001,,,2
Q.Watkins,2022,6,0.7,4.95,,,2
C.Ham,2022,6,0.3,1.7,,,-1
D.Peoples-Jones,2022,6,11.6,7.0200000000000005,,,2
T.Conklin,2022,6,2.7,9.24,,,2
G.Pickens,2022,6,5.800000000000001,8.4,,,2
D.Pettis,2022,6,18.4,4.033333333333334,,,2
K.Hamler,2022,6,6.4,2.833333333333333,,,2
O.Zaccheaus,2022,6,9.8,8.66,,,2
P.Campbell,2022,6,18.7,4.44,,,2
K.Granson,2022,6,7.800000000000001,4.82,,,2
G.Everett,2022,6,7.9,10.06,,,2
C.Kmet,2022,6,2.5,3.82,,,2
D.Mooney,2022,6,13.8,5.46,,,2
J.Smith,2022,6,8.100000000000001,3.5200000000000005,,,2
K.Hinton,2022,6,1.8,4.2,,,2
M.Goodwin,2022,6,4.6,3.1,,,2
H.Bryant,2022,6,4.8,4.275,,,2
S.Moore,2022,6,3.4000000000000004,4.2,,,2
R.McCloud,2022,6,0.0,2.325,,,2
M.Pittman,2022,6,26.4,14.825,,,2
S.Diggs,2022,6,30.8,23.96,,,2
A.Lazard,2022,6,17.6,13.725,,,2
A.Thielen,2022,6,15.6,11.16,,,2
G.Kittle,2022,6,16.3,6.3,,,2
C.Davis,2022,6,7.2,11.78,,,2
I.Likely,2022,6,5.0,3.2,,,2
D.Robinson,2022,6,5.7,3.38,,,-1
T.Wallace,2022,6,1.4,1.2333333333333334,,,-1
G.Davis,2022,6,16.4,14.975,,,2
T.Higbee,2022,6,1.7000000000000002,12.4,,,2
D.Knox,2022,6,12.7,5.775,,,2
Al.Robinson,2022,6,17.3,5.74,,,2
S.Smith,2022,6,0.0,3.7,,,2
I.Thomas,2022,6,4.2,3.46,,,2
D.Metcalf,2022,6,5.4,14.64,,,2
T.Lockett,2022,6,3.7,16.919999999999998,,,2
W.Dissly,2022,6,2.2,9.14,,,2
N.Fant,2022,6,10.5,5.9,,,2
C.Parkinson,2022,6,3.1,7.833333333333333,,,2
J.Mundt,2022,6,2.1,3.28,,,2
I.Smith,2022,6,10.7,6.659999999999999,,,2
R.Tonyan,2022,6,19.0,7.18,,,2
R.Cobb,2022,6,1.8,8.38,,,2
J.Deguara,2022,6,1.9,2.9,,,2
M.Strachan,2022,6,0.0,2.966666666666667,,,2
A.Pierce,2022,6,13.9,9.3,,,2
P.Brown,2022,6,4.1,4.733333333333333,,,2
C.Sims,2022,6,1.6,0.5666666666666668,,,-1
D.Milne,2022,6,1.5,1.2666666666666666,,,-1
J.Smith-Schuster,2022,6,22.3,9.14,,,2
A.Green,2022,6,2.7,3.725,,,2
Z.Ertz,2022,6,14.0,12.98,,,2
Ju.Watson,2022,6,0.0,3.0,,,2
M.Williams,2022,6,3.7,15.84,,,2
H.Henry,2022,6,16.1,3.7,,,2
D.Parker,2022,6,10.4,8.225000000000001,,,2
M.Gesicki,2022,6,24.9,5.0200000000000005,,,2
T.Sherfield,2022,6,1.6,3.4400000000000004,,,2
K.Pitts,2022,6,10.9,6.25,,,2
D.London,2022,6,7.0,12.52,,,2
D.Goedert,2022,6,4.2,12.7,,,2
D.Smith,2022,6,15.4,13.860000000000005,,,2
H.Hurst,2022,6,5.1,9.54,,,2
T.Higgins,2022,6,10.7,15.875,,,2
Z.Gentry,2022,6,1.4,5.5,,,2
R.Griffin,2022,6,0.0,1.3,,,-1
J.Jennings,2022,6,3.8,4.76,,,2
N.Brown,2022,6,2.0,10.580000000000002,,,2
M.Evans,2022,6,8.2,17.4,,,2
C.Brate,2022,6,3.4000000000000004,5.25,,,2
R.Gage,2022,6,4.0,9.24,,,2
D.Sills,2022,6,1.8,3.85,,,2
R.Cracraft,2022,6,0.0,3.825,,,-1
Dav.Bell,2022,6,2.3,2.575,,,2
C.Otton,2022,6,4.300000000000001,5.866666666666667,,,2
K.Shakir,2022,6,2.4000000000000004,6.933333333333334,,,2
J.Woods,2022,6,10.7,6.533333333333334,,,2
T.Smith,2022,6,13.3,6.433333333333334,,,2
A.Trautman,2022,6,1.8,6.6000000000000005,,,2
M.Callaway,2022,6,6.6,6.066666666666666,,,2
L.Jackson,2022,7,10.7,24.363333333333333,,,0
J.Brissett,2022,7,10.12,13.706666666666663,,,0
G.Smith,2022,7,13.1,18.43,,,0
A.Rodgers,2022,7,15.76,13.503333333333336,,,0
M.Ryan,2022,7,9.92,13.91666666666667,,,0
D.Mills,2022,7,18.08,10.424,,,0
T.Lawrence,2022,7,18.700000000000003,16.330000000000002,,,0
P.Mahomes,2022,7,26.92,23.790000000000003,,,0
K.Murray,2022,7,17.16,18.97,,,0
J.Herbert,2022,7,18.12,17.206666666666667,,,0
D.Carr,2022,7,13.54,16.412,,,0
D.Adams,2022,7,17.5,20.08,,,2
M.Jones,2022,7,10.62,16.387999999999998,,,0
T.Tagovailoa,2022,7,15.94,16.875,,,0
M.Mariota,2022,7,12.06,15.800000000000002,,,0
R.Tannehill,2022,7,3.880000000000001,12.98,,,0
D.Jones,2022,7,28.78,15.073333333333332,,,0
J.Goff,2022,7,1.5200000000000014,18.9,,,0
J.Burrow,2022,7,39.24,21.273333333333333,,,0
J.Fields,2022,7,23.36,12.160000000000002,,,0
T.Brady,2022,7,11.7,15.563333333333333,,,0
J.Garoppolo,2022,7,16.32,14.783999999999995,,,0
D.Dallas,2022,7,6.1,1.475,,,1
M.Hollins,2022,7,12.4,10.092,,,2
T.Boyd,2022,7,29.5,10.986666666666666,,,2
A.Dalton,2022,7,26.54,11.366666666666667,,,0
B.Zappe,2022,7,5.300000000000001,11.446666666666667,,,0
Z.Wilson,2022,7,7.24,12.626666666666663,,,0
B.Berrios,2022,7,7.2,5.73,,,1
K.Pickett,2022,7,10.28,10.886666666666663,,,0
T.Hill,2022,7,24.32,32.88666666666666,,,2
C.Kirk,2022,7,17.1,13.883333333333336,,,2
A.Cooper,2022,7,10.4,14.966666666666669,,,2
N.Harris,2022,7,11.0,11.15,,,1
C.Claypool,2022,7,9.1,9.6,,,2
C.McCaffrey,2022,7,8.200000000000001,19.666666666666668,,,1
R.Burkhead,2022,7,6.9,8.32,,,2
L.Fournette,2022,7,4.6,18.916666666666668,,,1
D.Henry,2022,7,16.8,18.58,,,1
C.Lamb,2022,7,10.6,14.566666666666668,,,2
G.Wilson,2022,7,6.4,10.8,,,2
J.Chase,2022,7,33.0,18.116666666666667,,,2
J.Johnson,2022,7,20.2,5.6000000000000005,,,2
P.Dorsett,2022,7,12.5,0.8333333333333334,,,-1
Mi.Carter,2022,7,9.4,10.083333333333334,,,1
K.Drake,2022,7,0.5,7.450000000000001,,,1
Br.Hall,2022,7,13.2,16.983333333333334,,,1
J.Hill,2022,7,0.6000000000000001,4.6,,,1
N.Chubb,2022,7,18.7,19.83333333333333,,,1
C.Hubbard,2022,7,15.3,1.5,,,1
K.Hunt,2022,7,7.8,11.033333333333331,,,1
D.Foreman,2022,7,16.5,0.74,,,-1
D.Moore,2022,7,19.6,8.450000000000001,,,2
M.Gordon,2022,7,7.0,7.150000000000001,,,1
A.Jones,2022,7,28.6,13.366666666666667,,,1
A.Dillon,2022,7,1.5,9.266666666666667,,,1
R.Doubs,2022,7,0.0,10.083333333333334,,,2
J.Taylor,2022,7,15.5,12.55,,,1
D.Pierce,2022,7,15.7,15.580000000000002,,,1
N.Hines,2022,7,9.3,6.24,,,2
J.Robinson,2022,7,0.0,11.933333333333332,,,1
C.Samuel,2022,7,12.9,12.966666666666669,,,2
A.Gibson,2022,7,16.7,11.266666666666666,,,1
J.McKissic,2022,7,0.4,8.4,,,2
T.Etienne,2022,7,18.9,9.583333333333334,,,1
C.Edwards-Helaire,2022,7,9.2,14.216666666666669,,,1
M.Valdes-Scantling,2022,7,14.1,7.416666666666667,,,2
I.Pacheco,2022,7,4.3,3.966666666666667,,,1
J.McKinnon,2022,7,6.800000000000001,5.95,,,1
E.Benjamin,2022,7,23.3,8.466666666666667,,,1
A.Ekeler,2022,7,36.7,23.0,,,1
J.Jacobs,2022,7,36.5,19.380000000000003,,,1
S.Michel,2022,7,2.3,3.516666666666667,,,1
D.Harris,2022,7,2.0,10.94,,,1
R.Stevenson,2022,7,23.8,14.733333333333334,,,1
C.Edmonds,2022,7,1.7000000000000002,7.75,,,1
R.Mostert,2022,7,20.9,8.55,,,1
J.Meyers,2022,7,11.4,15.7,,,2
J.Waddle,2022,7,12.8,16.833333333333332,,,2
A.Kamara,2022,7,17.5,14.175,,,1
M.Ingram,2022,7,5.2,5.466666666666666,,,1
A.Williams,2022,7,0.4,3.1666666666666665,,,1
S.Barkley,2022,7,17.5,20.683333333333334,,,1
R.James,2022,7,1.2,6.416666666666667,,,2
M.Breida,2022,7,4.300000000000001,1.9833333333333327,,,1
D.Hilliard,2022,7,0.4,11.35,,,2
C.Okonkwo,2022,7,0.0,4.833333333333333,,,2
Ja.Williams,2022,7,7.300000000000001,15.44,,,1
J.Mixon,2022,7,18.1,14.266666666666666,,,1
J.Warren,2022,7,4.4,3.5333333333333337,,,1
S.Perine,2022,7,2.8,6.0,,,2
D.Montgomery,2022,7,12.2,10.38,,,1
B.Aiyuk,2022,7,15.2,12.616666666666667,,,2
D.Samuel,2022,7,9.4,15.183333333333332,,,2
K.Herbert,2022,7,15.7,11.15,,,1
E.Elliott,2022,7,17.7,9.966666666666669,,,1
T.Pollard,2022,7,12.9,9.683333333333334,,,1
R.White,2022,7,4.2,6.459999999999999,,,2
Z.White,2022,7,0.2,0.6333333333333334,,,-1
T.Allgeier,2022,7,11.0,5.6,,,1
C.Huntley,2022,7,2.2,5.300000000000001,,,1
M.Washington,2022,7,0.2,1.3,,,-1
J.Jeudy,2022,7,16.6,9.683333333333334,,,2
A.Beck,2022,7,0.0,2.2,,,2
C.Sutton,2022,7,5.300000000000001,13.433333333333332,,,2
D.Jackson,2022,7,0.3,13.633333333333336,,,1
M.Hardman,2022,7,28.0,7.650000000000001,,,2
P.Ricard,2022,7,4.0,1.88,,,-1
M.Andrews,2022,7,0.4,19.133333333333333,,,2
K.Walker,2022,7,28.7,9.4,,,1
K.Juszczyk,2022,7,6.4,4.483333333333333,,,2
S.Miller,2022,7,2.6,5.366666666666667,,,2
C.Reynolds,2022,7,6.0,6.025,,,1
A.St. Brown,2022,7,1.4,19.725,,,2
T.McLaurin,2022,7,18.3,11.083333333333334,,,2
D.Duvernay,2022,7,6.2,10.366666666666667,,,2
E.St. Brown,2022,7,8.8,4.416666666666667,,,2
Z.Jones,2022,7,10.8,11.36,,,2
E.Engram,2022,7,10.7,7.8,,,2
D.Carter,2022,7,6.7,6.783333333333334,,,2
T.Kelce,2022,7,15.8,21.83333333333333,,,2
R.Moore,2022,7,4.1,9.233333333333334,,,2
D.Njoku,2022,7,14.1,10.85,,,2
M.Boone,2022,7,2.3000000000000003,3.6,,,1
N.Gray,2022,7,2.0,3.483333333333333,,,2
D.Johnson,2022,7,9.5,11.550000000000002,,,2
K.Raymond,2022,7,14.5,4.0,,,2
D.Eskridge,2022,7,0.4,2.42,,,2
C.Godwin,2022,7,11.5,11.7,,,2
J.Hasty,2022,7,0.6000000000000001,4.125,,,1
D.Bellinger,2022,7,2.3,9.42,,,2
D.Peoples-Jones,2022,7,11.1,7.783333333333334,,,2
T.Conklin,2022,7,6.2,8.15,,,2
G.Pickens,2022,7,18.1,7.966666666666668,,,2
D.Pettis,2022,7,4.1000000000000005,7.625,,,2
G.Dortch,2022,7,7.6,11.85,,,2
K.Hamler,2022,7,2.8000000000000003,3.725,,,2
O.Zaccheaus,2022,7,6.1,8.85,,,2
C.Moore,2022,7,10.0,4.7,,,2
P.Campbell,2022,7,23.0,6.816666666666667,,,2
K.Granson,2022,7,1.6,5.316666666666666,,,2
G.Everett,2022,7,11.3,9.7,,,2
C.Kmet,2022,7,5.2,3.6,,,2
D.Mooney,2022,7,8.3,6.8500000000000005,,,2
B.Cooks,2022,7,8.600000000000001,10.7,,,2
J.Smith,2022,7,1.4,4.283333333333334,,,2
K.Hinton,2022,7,2.4000000000000004,3.6,,,2
M.Goodwin,2022,7,22.7,3.475,,,2
H.Bryant,2022,7,3.5,4.38,,,2
S.Moore,2022,7,0.0,4.0,,,2
R.McCloud,2022,7,16.5,1.86,,,2
M.Pittman,2022,7,9.8,17.14,,,2
A.Lazard,2022,7,11.5,14.5,,,2
D.Slayton,2022,7,14.8,6.266666666666667,,,2
G.Kittle,2022,7,21.8,8.8,,,2
R.Bateman,2022,7,8.2,11.325,,,2
C.Davis,2022,7,0.0,11.016666666666666,,,2
I.Likely,2022,7,2.6,3.56,,,2
I.Thomas,2022,7,1.3,3.583333333333333,,,2
T.Tremble,2022,7,9.9,2.3,,,2
D.Metcalf,2022,7,2.2,13.1,,,2
T.Lockett,2022,7,11.5,14.716666666666669,,,2
W.Dissly,2022,7,8.5,7.983333333333333,,,2
N.Fant,2022,7,1.7000000000000002,6.666666666666667,,,2
C.Parkinson,2022,7,3.8,6.65,,,2
E.Saubert,2022,7,0.0,4.26,,,2
E.Tomlinson,2022,7,4.1,0.8666666666666667,,,-1
R.Tonyan,2022,7,6.2,9.15,,,2
A.Pierce,2022,7,6.7,10.22,,,2
N.Collins,2022,7,6.300000000000001,8.440000000000001,,,2
C.Sims,2022,7,2.2,0.825,,,-1
D.Milne,2022,7,1.4,1.3250000000000002,,,-1
J.Smith-Schuster,2022,7,25.4,11.333333333333334,,,2
Z.Ertz,2022,7,6.1,13.15,,,2
J.Fortson,2022,7,1.8,5.033333333333333,,,-1
Ju.Watson,2022,7,7.4,2.5,,,2
M.Williams,2022,7,21.6,13.816666666666668,,,2
H.Renfrow,2022,7,8.5,7.5,,,2
H.Henry,2022,7,2.2,5.766666666666667,,,2
D.Parker,2022,7,9.8,8.66,,,2
N.Agholor,2022,7,0.0,7.7,,,2
M.Gesicki,2022,7,5.7,8.333333333333334,,,2
T.Sherfield,2022,7,7.4,3.1333333333333333,,,2
K.Pitts,2022,7,3.9,7.1800000000000015,,,2
D.London,2022,7,1.9,11.6,,,2
C.Olave,2022,7,17.6,15.18,,,2
R.Woods,2022,7,5.6,8.680000000000001,,,2
G.Swaim,2022,7,0.0,5.766666666666667,,,2
N.Westbrook-Ikhine,2022,7,0.0,5.2,,,2
C.Myarick,2022,7,4.1,3.3666666666666667,,,-1
A.Hooper,2022,7,8.600000000000001,2.3,,,2
J.Reynolds,2022,7,1.8,13.7,,,2
P.Freiermuth,2022,7,15.5,9.9,,,2
H.Hurst,2022,7,10.8,8.799999999999999,,,2
T.Higgins,2022,7,14.3,14.84,,,2
Z.Gentry,2022,7,2.0,4.475,,,2
R.Griffin,2022,7,1.5,0.975,,,-1
J.Jennings,2022,7,4.4,4.6000000000000005,,,2
D.Schultz,2022,7,9.9,3.75,,,2
N.Brown,2022,7,8.0,9.15,,,2
M.Evans,2022,7,18.6,15.560000000000002,,,2
R.Gage,2022,7,7.9,8.366666666666667,,,2
D.Sills,2022,7,2.9000000000000004,3.4400000000000004,,,2
M.Wilcox,2022,7,3.4000000000000004,2.0,,,2
D.Arnold,2022,7,3.4000000000000004,2.8000000000000003,,,2
Dav.Bell,2022,7,1.7000000000000002,2.5200000000000005,,,2
C.Otton,2022,7,10.4,5.475,,,2
J.Oliver,2022,7,0.0,4.3,,,-1
C.Uzomah,2022,7,1.5,2.8000000000000003,,,2
J.Ferguson,2022,7,1.7000000000000002,6.333333333333333,,,2
J.Akins,2022,7,9.8,7.2,,,2
J.Woods,2022,7,1.4,7.575,,,2
T.Smith,2022,7,10.9,8.15,,,2
M.Callaway,2022,7,4.0,6.2,,,2
M.Gallup,2022,7,0.0,7.533333333333334,,,2
L.Jackson,2022,8,21.82,22.41142857142857,,,0
J.Allen,2022,8,17.62,28.816666666666663,,,0
M.Stafford,2022,8,17.380000000000003,10.956666666666669,,,0
J.Brissett,2022,8,20.32,13.194285714285714,,,0
G.Smith,2022,8,19.08,17.66857142857143,,,0
R.Wilson,2022,8,13.78,14.73,,,0
K.Cousins,2022,8,23.48,16.313333333333333,,,0
A.Rodgers,2022,8,15.22,13.825714285714286,,,0
D.Mills,2022,8,8.879999999999999,11.7,,,0
T.Lawrence,2022,8,6.82,16.66857142857143,,,0
K.Murray,2022,8,24.64,18.711428571428574,,,0
D.Carr,2022,8,1.94,15.933333333333335,,,0
D.Adams,2022,8,1.2,19.65,,,2
M.Jones,2022,8,11.66,15.426666666666668,,,0
T.Tagovailoa,2022,8,29.18,16.688,,,0
M.Mariota,2022,8,22.42,15.265714285714289,,,0
D.Jones,2022,8,9.04,17.03142857142857,,,0
J.Goff,2022,8,18.64,16.003333333333334,,,0
J.Hurts,2022,8,28.4,24.31,,,0
J.Burrow,2022,8,13.48,23.84,,,0
J.Fields,2022,8,26.04,13.76,,,0
T.Brady,2022,8,17.1,15.011428571428572,,,0
J.Garoppolo,2022,8,17.700000000000003,15.04,,,0
M.Hollins,2022,8,13.4,10.476666666666668,,,2
T.Boyd,2022,8,12.8,13.631428571428572,,,2
A.Dalton,2022,8,17.16,15.16,,,0
Z.Wilson,2022,8,16.4,11.28,,,0
B.Berrios,2022,8,0.0,5.94,,,1
K.Pickett,2022,8,7.34,10.735,,,0
J.Jefferson,2022,8,15.8,22.10333333333333,,,2
C.Kupp,2022,8,22.9,24.8,,,2
T.Hill,2022,8,39.78,31.662857142857145,,,2
P.Walker,2022,8,16.68,6.593333333333334,,,0
C.Kirk,2022,8,7.0,14.342857142857143,,,2
A.Cooper,2022,8,22.1,14.314285714285717,,,2
N.Harris,2022,8,11.96,11.12857142857143,,,1
C.Claypool,2022,8,12.54,9.528571428571428,,,2
C.McCaffrey,2022,8,40.26,18.02857142857143,,,1
R.Burkhead,2022,8,1.2,8.083333333333334,,,2
C.Wilson,2022,8,0.0,2.9333333333333336,,,2
L.Fournette,2022,8,14.8,16.871428571428574,,,1
D.Henry,2022,8,35.8,18.28333333333333,,,1
C.Lamb,2022,8,18.8,14.0,,,2
G.Wilson,2022,8,17.5,10.171428571428573,,,2
A.Brown,2022,8,39.6,15.883333333333336,,,2
D.Cook,2022,8,25.1,14.5,,,1
J.Johnson,2022,8,3.4000000000000004,7.685714285714285,,,2
P.Dorsett,2022,8,1.6,3.75,,,2
Mi.Carter,2022,8,10.1,9.985714285714286,,,1
K.Drake,2022,8,16.7,6.0600000000000005,,,1
M.Davis,2022,8,6.1000000000000005,0.6,,,-1
J.Hill,2022,8,2.8000000000000003,3.8,,,1
D.Singletary,2022,8,9.3,11.383333333333333,,,1
D.Henderson,2022,8,5.0,8.633333333333333,,,1
J.Cook,2022,8,8.600000000000001,3.566666666666667,,,1
N.Chubb,2022,8,25.4,19.67142857142857,,,1
K.Hunt,2022,8,11.2,10.571428571428571,,,1
D.Foreman,2022,8,31.8,3.3666666666666667,,,1
D.Moore,2022,8,27.5,10.042857142857144,,,2
M.Gordon,2022,8,14.2,7.128571428571429,,,1
T.Homer,2022,8,4.1,3.0333333333333337,,,2
A.Jones,2022,8,19.700000000000003,15.542857142857144,,,1
A.Dillon,2022,8,7.300000000000001,8.157142857142857,,,1
A.Mattison,2022,8,10.0,5.916666666666667,,,1
C.Watson,2022,8,2.2,5.025,,,2
R.Doubs,2022,8,16.2,8.642857142857142,,,2
J.Taylor,2022,8,5.6000000000000005,13.14,,,1
D.Pierce,2022,8,14.1,15.6,,,1
N.Hines,2022,8,12.9,6.75,,,2
C.Samuel,2022,8,10.9,12.957142857142856,,,2
A.Gibson,2022,8,20.700000000000003,12.042857142857144,,,1
J.McKissic,2022,8,5.0,7.257142857142857,,,2
T.Etienne,2022,8,25.200000000000003,10.914285714285716,,,1
E.Benjamin,2022,8,8.5,10.585714285714284,,,1
J.Jacobs,2022,8,7.4,22.23333333333333,,,1
D.Harris,2022,8,7.2,9.45,,,1
R.Stevenson,2022,8,21.3,16.02857142857143,,,1
C.Edmonds,2022,8,1.4,6.885714285714286,,,1
R.Mostert,2022,8,7.7,10.314285714285717,,,1
A.Ingold,2022,8,7.6,2.2,,,-1
J.Meyers,2022,8,21.0,14.84,,,2
J.Waddle,2022,8,30.6,16.25714285714286,,,2
D.Williams,2022,8,3.4000000000000004,3.5800000000000005,,,1
A.Kamara,2022,8,42.8,14.84,,,1
M.Ingram,2022,8,1.2,5.428571428571429,,,1
A.Williams,2022,8,2.7,2.771428571428572,,,1
S.Barkley,2022,8,15.2,20.22857142857143,,,1
M.Breida,2022,8,2.5,2.3142857142857145,,,1
D.Hilliard,2022,8,10.5,9.16,,,2
C.Okonkwo,2022,8,1.3,3.625,,,2
D.Swift,2022,8,14.3,16.933333333333334,,,1
Ja.Williams,2022,8,22.6,14.083333333333334,,,1
M.Sanders,2022,8,13.8,14.616666666666667,,,1
K.Gainwell,2022,8,2.1,4.633333333333334,,,1
B.Scott,2022,8,2.1,2.925,,,1
J.Mixon,2022,8,12.9,14.814285714285717,,,1
J.Warren,2022,8,10.5,3.6571428571428575,,,1
S.Perine,2022,8,4.7,5.542857142857143,,,2
D.Montgomery,2022,8,8.5,10.683333333333332,,,1
B.Aiyuk,2022,8,20.1,12.985714285714286,,,2
K.Herbert,2022,8,15.9,11.8,,,1
T.Pollard,2022,8,33.7,10.142857142857142,,,1
R.White,2022,8,7.300000000000001,6.083333333333333,,,2
B.Perriman,2022,8,2.1,4.550000000000001,,,2
T.Allgeier,2022,8,17.5,6.5,,,1
C.Huntley,2022,8,9.1,4.680000000000001,,,1
K.Turpin,2022,8,1.1,0.2,,,-1
M.Washington,2022,8,1.1,1.08,,,-1
J.Jeudy,2022,8,18.3,10.671428571428573,,,2
C.Sutton,2022,8,2.3,12.271428571428572,,,2
M.Andrews,2022,8,6.300000000000001,16.45714285714286,,,2
E.Moore,2022,8,0.0,7.1800000000000015,,,2
K.Walker,2022,8,12.2,12.616666666666667,,,1
S.Miller,2022,8,3.3,4.675000000000001,,,2
C.Reynolds,2022,8,0.7000000000000001,6.0200000000000005,,,1
A.St. Brown,2022,8,13.9,16.06,,,2
T.McLaurin,2022,8,16.6,12.114285714285714,,,2
D.Duvernay,2022,8,16.4,9.771428571428572,,,2
I.McKenzie,2022,8,8.0,10.36,,,2
E.St. Brown,2022,8,1.6,5.042857142857143,,,2
Z.Jones,2022,8,6.5,11.266666666666666,,,2
E.Engram,2022,8,15.5,8.214285714285714,,,2
Z.Pascal,2022,8,13.7,2.475,,,-1
R.Moore,2022,8,23.4,7.95,,,2
L.Shenault,2022,8,7.6,6.266666666666667,,,2
L.Murray,2022,8,12.9,10.4,,,1
K.Osborn,2022,8,8.8,7.099999999999999,,,2
K.Bourne,2022,8,0.0,4.666666666666667,,,2
D.Johnson,2022,8,10.2,11.257142857142858,,,2
K.Raymond,2022,8,10.6,6.1,,,2
D.Eskridge,2022,8,1.3,2.083333333333333,,,2
C.Godwin,2022,8,13.5,11.66,,,2
J.Hasty,2022,8,4.0,3.4200000000000004,,,1
B.Robinson,2022,8,2.0,8.266666666666667,,,1
B.Skowronek,2022,8,2.0,8.799999999999999,,,2
Q.Watkins,2022,8,0.0,4.1,,,2
D.Peoples-Jones,2022,8,12.1,8.257142857142858,,,2
T.Thornton,2022,8,2.3,8.966666666666667,,,2
T.Conklin,2022,8,25.9,7.871428571428572,,,2
G.Pickens,2022,8,0.0,9.414285714285716,,,2
D.Pettis,2022,8,5.8,6.92,,,2
G.Dortch,2022,8,3.2,11.0,,,2
K.Hamler,2022,8,8.100000000000001,3.5400000000000005,,,2
O.Zaccheaus,2022,8,1.4,8.457142857142857,,,2
P.Campbell,2022,8,9.1,9.12857142857143,,,2
K.Granson,2022,8,4.1,4.785714285714286,,,2
C.Kmet,2022,8,9.1,3.8285714285714287,,,2
D.Mooney,2022,8,12.0,7.057142857142858,,,2
W.Robinson,2022,8,3.5,8.4,,,2
B.Cooks,2022,8,11.3,10.35,,,2
J.Smith,2022,8,7.300000000000001,3.871428571428571,,,2
A.Abdullah,2022,8,6.800000000000001,2.0,,,2
M.Goodwin,2022,8,7.300000000000001,7.32,,,2
P.Hendershot,2022,8,3.5,6.666666666666667,,,2
R.McCloud,2022,8,2.1,4.3,,,2
M.Pittman,2022,8,12.3,15.916666666666666,,,2
S.Diggs,2022,8,22.8,25.100000000000005,,,2
A.Thielen,2022,8,12.7,11.9,,,2
D.Slayton,2022,8,11.6,8.4,,,2
G.Kittle,2022,8,12.9,11.4,,,2
R.Bateman,2022,8,0.0,10.7,,,2
I.Likely,2022,8,19.7,3.4,,,2
D.Robinson,2022,8,12.4,3.766666666666667,,,2
G.Davis,2022,8,5.5,15.260000000000002,,,2
T.Higbee,2022,8,3.5,10.616666666666667,,,2
D.Knox,2022,8,9.0,7.159999999999999,,,2
Al.Robinson,2022,8,10.4,7.666666666666667,,,2
S.Smith,2022,8,0.0,3.083333333333333,,,2
I.Thomas,2022,8,1.2,3.257142857142857,,,2
T.Tremble,2022,8,3.7,3.82,,,2
D.Metcalf,2022,8,17.5,11.542857142857144,,,2
T.Lockett,2022,8,15.3,14.257142857142858,,,2
W.Dissly,2022,8,3.2,8.057142857142859,,,2
N.Fant,2022,8,3.9,5.957142857142857,,,2
C.Parkinson,2022,8,1.5,6.08,,,2
J.Mundt,2022,8,7.1,3.083333333333333,,,2
I.Smith,2022,8,6.800000000000001,7.333333333333333,,,2
R.Tonyan,2022,8,8.5,8.72857142857143,,,2
S.Watkins,2022,8,1.3,7.566666666666667,,,2
J.Deguara,2022,8,1.9,2.6500000000000004,,,2
A.Pierce,2022,8,9.5,9.633333333333333,,,2
B.Jordan,2022,8,3.9,1.2666666666666666,,,-1
O.Howard,2022,8,4.4,4.84,,,2
M.Alie-Cox,2022,8,0.0,7.32,,,2
J.Bates,2022,8,1.6,3.26,,,2
C.Sims,2022,8,3.1,1.1,,,-1
D.Milne,2022,8,1.4,1.34,,,-1
A.Green,2022,8,0.0,3.5200000000000005,,,2
Z.Ertz,2022,8,13.4,12.142857142857142,,,2
H.Renfrow,2022,8,1.6,7.75,,,2
H.Henry,2022,8,3.2,5.257142857142857,,,2
D.Parker,2022,8,0.0,8.85,,,2
N.Agholor,2022,8,1.2,6.416666666666667,,,2
M.Gesicki,2022,8,12.8,7.957142857142857,,,2
T.Sherfield,2022,8,4.5,3.7428571428571433,,,2
K.Pitts,2022,8,19.0,6.633333333333333,,,2
P.Hesse,2022,8,1.9,2.0250000000000004,,,2
D.London,2022,8,7.1,10.214285714285714,,,2
C.Olave,2022,8,10.2,15.583333333333334,,,2
B.Edwards,2022,8,1.3,1.0666666666666669,,,-1
R.Woods,2022,8,4.6,8.166666666666666,,,2
C.Myarick,2022,8,2.0,3.55,,,-1
A.Hooper,2022,8,1.5,3.35,,,2
D.Goedert,2022,8,12.4,11.283333333333331,,,2
D.Smith,2022,8,7.300000000000001,14.116666666666667,,,2
J.Reynolds,2022,8,3.4000000000000004,11.716666666666669,,,2
P.Freiermuth,2022,8,9.7,10.833333333333334,,,2
H.Hurst,2022,8,8.2,9.085714285714284,,,2
T.Higgins,2022,8,13.9,14.75,,,2
Z.Gentry,2022,8,1.3,3.98,,,2
R.Dwelley,2022,8,6.6000000000000005,4.3,,,2
D.Schultz,2022,8,13.4,4.98,,,2
M.Evans,2022,8,18.3,16.066666666666666,,,2
F.Moreau,2022,8,9.1,6.400000000000001,,,2
T.Hudson,2022,8,8.8,2.333333333333333,,,2
D.Sills,2022,8,1.5,3.35,,,2
M.Wilcox,2022,8,1.3,2.35,,,2
D.Arnold,2022,8,1.8,2.95,,,2
Dav.Bell,2022,8,4.7,2.3833333333333333,,,2
C.Otton,2022,8,3.5,6.459999999999999,,,2
K.Shakir,2022,8,0.0,5.800000000000001,,,2
J.Oliver,2022,8,1.4,3.225,,,-1
C.Uzomah,2022,8,3.7,2.475,,,-1
J.Ferguson,2022,8,7.1,5.175,,,2
K.Rudolph,2022,8,0.0,1.3333333333333333,,,-1
J.Akins,2022,8,1.5,7.85,,,2
T.Smith,2022,8,0.0,8.7,,,2
M.Callaway,2022,8,2.0,5.76,,,2
D.Byrd,2022,8,15.7,4.833333333333333,,,2
M.Gallup,2022,8,8.9,5.65,,,2
M.Johnson,2022,8,1.3,3.6666666666666665,,,2
T.Marshall,2022,8,12.7,4.033333333333334,,,2
L.Jackson,2022,9,17.520000000000003,22.3375,,,0
J.Allen,2022,9,24.8,27.217142857142857,,,0
M.Stafford,2022,9,10.5,11.874285714285714,,,0
B.Mayfield,2022,9,14.2,10.896,,,0
G.Smith,2022,9,20.8,17.845,,,0
K.Cousins,2022,9,16.4,17.337142857142858,,,0
A.Rodgers,2022,9,13.64,14.0,,,0
D.Mills,2022,9,11.96,11.297142857142855,,,0
T.Lawrence,2022,9,16.700000000000003,15.4375,,,0
P.Mahomes,2022,9,34.14,24.237142857142857,,,0
K.Murray,2022,9,19.0,19.4525,,,0
J.Herbert,2022,9,12.1,17.337142857142858,,,0
D.Carr,2022,9,18.36,13.934285714285716,,,0
D.Adams,2022,9,36.6,17.014285714285712,,,2
M.Jones,2022,9,19.48,14.888571428571428,,,0
T.Tagovailoa,2022,9,24.08,18.77,,,0
M.Mariota,2022,9,7.56,16.16,,,0
J.Goff,2022,9,11.38,16.38,,,0
J.Hurts,2022,9,20.020000000000003,24.89428571428571,,,0
J.Burrow,2022,9,19.14,22.545,,,0
J.Fields,2022,9,42.72,15.295000000000002,,,0
T.Brady,2022,9,15.2,15.2725,,,0
D.Dallas,2022,9,0.4,2.4,,,1
M.Hollins,2022,9,3.7,10.894285714285711,,,2
T.Boyd,2022,9,9.4,13.5275,,,2
A.Dalton,2022,9,10.9,15.56,,,0
Z.Wilson,2022,9,10.56,12.304,,,0
B.Berrios,2022,9,1.6,5.1975,,,1
J.Jefferson,2022,9,25.5,21.202857142857145,,,2
C.Kupp,2022,9,26.8,24.52857142857143,,,2
T.Hill,2022,9,28.42,32.6775,,,2
P.Walker,2022,9,-3.04,9.115,,,0
C.Kirk,2022,9,21.6,13.425,,,2
R.Burkhead,2022,9,2.5,7.1000000000000005,,,2
C.Wilson,2022,9,4.300000000000001,2.2,,,2
L.Fournette,2022,9,11.0,16.6125,,,1
D.Henry,2022,9,23.5,20.785714285714285,,,1
G.Wilson,2022,9,17.9,11.0875,,,2
A.Brown,2022,9,15.9,19.27142857142857,,,2
D.Cook,2022,9,13.6,16.014285714285712,,,1
J.Johnson,2022,9,12.2,7.15,,,2
P.Dorsett,2022,9,9.9,3.3200000000000003,,,2
Mi.Carter,2022,9,15.6,10.0,,,1
K.Drake,2022,9,24.9,7.833333333333333,,,1
J.Hill,2022,9,2.9000000000000004,3.633333333333333,,,1
D.Singletary,2022,9,8.8,11.085714285714287,,,1
D.Henderson,2022,9,5.6000000000000005,8.114285714285716,,,1
J.Cook,2022,9,5.3,4.285714285714286,,,1
C.Akers,2022,9,0.3,4.58,,,1
B.Powell,2022,9,1.4,2.7,,,2
D.Foreman,2022,9,4.1,7.428571428571429,,,1
D.Moore,2022,9,4.4,12.225,,,2
T.Homer,2022,9,6.2,3.3000000000000003,,,2
A.Jones,2022,9,6.5,16.0625,,,1
A.Dillon,2022,9,6.4,8.05,,,1
A.Mattison,2022,9,1.1,6.5,,,1
C.Watson,2022,9,4.4,4.46,,,2
R.Doubs,2022,9,2.8,9.5875,,,2
J.Taylor,2022,9,2.7,11.883333333333336,,,1
D.Pierce,2022,9,13.9,15.385714285714286,,,1
C.Samuel,2022,9,17.1,12.7,,,2
A.Gibson,2022,9,6.7,13.125,,,1
T.Etienne,2022,9,26.6,12.7,,,1
C.Edwards-Helaire,2022,9,2.9000000000000004,13.5,,,1
M.Valdes-Scantling,2022,9,2.2,8.371428571428572,,,2
J.Conner,2022,9,11.4,10.06,,,1
I.Pacheco,2022,9,1.9,4.014285714285714,,,1
J.McKinnon,2022,9,10.4,6.071428571428571,,,1
E.Benjamin,2022,9,3.7,10.325,,,1
A.Ekeler,2022,9,24.1,24.957142857142856,,,1
J.Jacobs,2022,9,11.7,20.11428571428572,,,1
B.Bolden,2022,9,0.5,5.550000000000001,,,2
S.Michel,2022,9,1.2000000000000002,3.3428571428571425,,,1
J.Palmer,2022,9,18.6,9.4,,,2
R.Stevenson,2022,9,16.0,16.6875,,,1
R.Mostert,2022,9,8.6,9.9875,,,1
J.Meyers,2022,9,7.4,15.866666666666667,,,2
J.Waddle,2022,9,19.5,18.05,,,2
C.Patterson,2022,9,18.3,14.7,,,1
A.Kamara,2022,9,9.2,19.5,,,1
A.Williams,2022,9,1.2,2.7625,,,1
D.Hilliard,2022,9,1.8000000000000005,9.383333333333333,,,2
C.Okonkwo,2022,9,5.800000000000001,3.16,,,-1
D.Swift,2022,9,8.0,16.275,,,1
Ja.Williams,2022,9,10.1,15.3,,,1
M.Sanders,2022,9,15.3,14.5,,,1
K.Gainwell,2022,9,12.8,4.271428571428571,,,1
B.Scott,2022,9,0.5,2.76,,,1
J.Mixon,2022,9,55.1,14.575,,,1
S.Perine,2022,9,6.4,5.4375,,,2
D.Montgomery,2022,9,5.4,10.37142857142857,,,1
K.Herbert,2022,9,2.3000000000000003,12.3125,,,1
J.Wilson,2022,9,16.200000000000003,9.2375,,,1
J.Jones,2022,9,4.800000000000001,7.800000000000001,,,2
R.White,2022,9,6.4,6.257142857142857,,,2
B.Perriman,2022,9,1.1,4.0600000000000005,,,2
T.Allgeier,2022,9,13.3,8.071428571428571,,,1
C.Huntley,2022,9,3.4000000000000004,5.416666666666667,,,1
D.Jackson,2022,9,8.200000000000001,8.16,,,1
M.Burton,2022,9,1.9,0.6666666666666666,,,-1
M.Hardman,2022,9,19.9,10.55714285714286,,,2
P.Ricard,2022,9,1.6,2.2333333333333334,,,2
K.Walker,2022,9,27.9,12.55714285714286,,,1
S.Miller,2022,9,12.3,4.4,,,2
A.St. Brown,2022,9,9.5,15.7,,,2
T.McLaurin,2022,9,10.6,12.675,,,2
D.Duvernay,2022,9,1.5,10.6,,,2
I.McKenzie,2022,9,4.1,9.966666666666669,,,2
E.St. Brown,2022,9,0.0,4.6125,,,2
Z.Jones,2022,9,9.0,10.585714285714284,,,2
E.Engram,2022,9,1.8,9.125,,,2
D.Carter,2022,9,10.3,6.771428571428572,,,2
T.Kelce,2022,9,20.6,20.97142857142857,,,2
Z.Pascal,2022,9,1.8,4.720000000000001,,,2
R.Moore,2022,9,14.9,11.04,,,2
L.Shenault,2022,9,0.6000000000000001,6.6,,,2
N.Gray,2022,9,7.5,3.271428571428572,,,2
K.Osborn,2022,9,0.0,7.3428571428571425,,,2
K.Bourne,2022,9,4.2,4.0,,,2
J.Jackson,2022,9,2.7,3.4333333333333336,,,-1
K.Raymond,2022,9,4.7,6.8500000000000005,,,2
D.Eskridge,2022,9,0.0,1.9714285714285715,,,-1
C.Godwin,2022,9,10.7,11.966666666666669,,,2
J.Hasty,2022,9,2.1,3.516666666666667,,,1
D.Smythe,2022,9,0.0,4.275,,,2
B.Robinson,2022,9,5.800000000000001,6.7,,,1
B.Skowronek,2022,9,0.0,7.828571428571428,,,2
Q.Watkins,2022,9,4.5,3.4166666666666665,,,2
T.Thornton,2022,9,1.5,7.300000000000001,,,2
T.Conklin,2022,9,1.7000000000000002,10.125,,,2
D.Pettis,2022,9,2.2,6.733333333333333,,,2
G.Dortch,2022,9,1.3,9.7,,,2
T.Johnson,2022,9,3.5,1.3,,,-1
O.Zaccheaus,2022,9,3.9,7.575,,,2
C.Moore,2022,9,14.5,5.016666666666667,,,2
P.Campbell,2022,9,3.6,9.125,,,2
K.Granson,2022,9,0.0,4.7,,,2
G.Everett,2022,9,8.6,9.928571428571429,,,2
C.Kmet,2022,9,22.0,4.4875,,,2
D.Mooney,2022,9,17.5,7.675,,,2
A.Rogers,2022,9,2.4000000000000004,3.8,,,2
J.Smith,2022,9,6.7,4.300000000000001,,,2
A.Abdullah,2022,9,1.8,3.2,,,2
S.Moore,2022,9,0.0,3.2,,,2
M.Pittman,2022,9,5.2,15.400000000000002,,,2
S.Diggs,2022,9,14.3,24.77142857142857,,,2
D.Brown,2022,9,0.0,8.700000000000001,,,2
A.Lazard,2022,9,18.700000000000003,14.0,,,2
A.Thielen,2022,9,9.7,12.014285714285714,,,2
I.Likely,2022,9,9.4,5.728571428571429,,,2
D.Robinson,2022,9,2.2,5.0,,,2
G.Davis,2022,9,5.300000000000001,13.633333333333336,,,2
T.Higbee,2022,9,0.0,9.6,,,2
D.Knox,2022,9,5.5,7.466666666666666,,,2
Al.Robinson,2022,9,5.4,8.057142857142859,,,2
S.Smith,2022,9,3.0,2.642857142857143,,,2
T.Tremble,2022,9,9.1,3.8,,,2
D.Metcalf,2022,9,14.7,12.2875,,,2
T.Lockett,2022,9,17.7,14.3875,,,2
W.Dissly,2022,9,5.4,7.45,,,2
N.Fant,2022,9,14.6,5.7,,,2
C.Parkinson,2022,9,2.6,5.316666666666666,,,2
J.Mundt,2022,9,1.1,3.6571428571428575,,,2
R.Tonyan,2022,9,5.9,8.7,,,2
S.Watkins,2022,9,1.9,6.0,,,2
J.Deguara,2022,9,9.1,2.5,,,2
A.Pierce,2022,9,3.3000000000000003,9.614285714285716,,,2
B.Jordan,2022,9,1.5,1.925,,,-1
O.Howard,2022,9,2.4000000000000004,4.766666666666667,,,2
M.Alie-Cox,2022,9,3.3,6.1000000000000005,,,2
L.Thomas,2022,9,0.0,7.4,,,2
J.Bates,2022,9,1.5,2.983333333333333,,,2
C.Sims,2022,9,2.2,1.4333333333333336,,,-1
D.Milne,2022,9,7.6,1.35,,,-1
J.Smith-Schuster,2022,9,18.8,13.342857142857143,,,2
Z.Ertz,2022,9,15.0,12.3,,,2
Ju.Watson,2022,9,5.7,3.2,,,-1
H.Renfrow,2022,9,5.6,6.5200000000000005,,,2
H.Henry,2022,9,9.0,5.0,,,2
M.Gesicki,2022,9,1.3,8.5625,,,2
T.Sherfield,2022,9,5.7,3.8375,,,2
K.Pitts,2022,9,4.7,8.4,,,2
D.London,2022,9,3.3000000000000003,9.825,,,2
K.Hodge,2022,9,2.9000000000000004,5.7,,,2
C.Olave,2022,9,13.1,14.814285714285717,,,2
R.Woods,2022,9,0.0,7.6571428571428575,,,2
N.Westbrook-Ikhine,2022,9,0.0,4.16,,,2
C.Hollister,2022,9,0.0,2.8000000000000003,,,2
A.Hooper,2022,9,5.4,3.085714285714286,,,2
T.Hockenson,2022,9,16.0,12.214285714285714,,,2
D.Goedert,2022,9,24.0,11.44285714285714,,,2
D.Smith,2022,9,4.2,13.142857142857142,,,2
H.Hurst,2022,9,8.5,8.975,,,2
T.Higgins,2022,9,13.0,14.62857142857143,,,2
M.Evans,2022,9,9.0,16.385714285714286,,,2
F.Moreau,2022,9,6.2,7.075,,,2
G.Ricci,2022,9,1.8,3.6,,,2
D.Arnold,2022,9,2.9000000000000004,2.72,,,2
C.Otton,2022,9,17.8,5.966666666666666,,,2
J.Kumerow,2022,9,0.0,3.466666666666667,,,2
B.Wright,2022,9,0.0,4.933333333333334,,,2
J.Oliver,2022,9,2.9000000000000004,2.8600000000000003,,,-1
C.Uzomah,2022,9,4.6,2.72,,,2
J.Akins,2022,9,0.0,6.58,,,2
J.Woods,2022,9,1.2,6.34,,,2
T.Smith,2022,9,5.9,7.25,,,2
A.Trautman,2022,9,1.8,5.4,,,2
M.Callaway,2022,9,5.4,5.133333333333334,,,2
J.Stoll,2022,9,2.3,1.5,,,-1
D.Byrd,2022,9,0.0,7.550000000000001,,,2
C.Manhertz,2022,9,1.7000000000000002,1.8,,,-1
K.Kieft,2022,9,1.6,2.5333333333333337,,,2
M.Bandy,2022,9,7.6,2.9333333333333336,,,2
T.Marshall,2022,9,14.3,6.2,,,2
Am.Rodgers,2022,9,0.0,3.2000000000000006,,,2
J.Allen,2022,10,19.6,26.915,,,0
J.Brissett,2022,10,16.48,14.085,,,0
G.Smith,2022,10,19.2,18.17333333333333,,,0
R.Wilson,2022,10,14.24,14.594285714285714,,,0
K.Cousins,2022,10,15.48,17.22,,,0
A.Rodgers,2022,10,19.36,13.96,,,0
M.Ryan,2022,10,22.68,13.345714285714283,,,0
D.Mills,2022,10,14.76,11.38,,,0
T.Lawrence,2022,10,20.96,15.577777777777776,,,0
P.Mahomes,2022,10,31.14,25.475,,,0
J.Herbert,2022,10,12.04,16.682499999999997,,,0
D.Carr,2022,10,17.92,14.4875,,,0
D.Adams,2022,10,27.6,19.4625,,,2
T.Tagovailoa,2022,10,23.4,19.52857142857143,,,0
M.Mariota,2022,10,17.740000000000002,15.204444444444444,,,0
R.Tannehill,2022,10,19.4,11.463333333333331,,,0
D.Jones,2022,10,18.28,16.0325,,,0
J.Goff,2022,10,14.84,15.755,,,0
J.Hurts,2022,10,21.8,24.285,,,0
J.Fields,2022,10,39.38,18.342222222222222,,,0
D.Prescott,2022,10,19.2,14.046666666666669,,,0
T.Brady,2022,10,16.02,15.264444444444443,,,0
J.Garoppolo,2022,10,15.9,15.42,,,0
M.Hollins,2022,10,3.8,9.995,,,2
A.Dalton,2022,10,7.06,14.783333333333331,,,0
K.Pickett,2022,10,19.06,10.056,,,0
J.Jefferson,2022,10,35.3,21.74,,,2
C.Kupp,2022,10,2.9,24.8125,,,2
T.Hill,2022,10,15.5,32.20444444444445,,,2
P.Walker,2022,10,5.720000000000001,6.684,,,0
T.Heinicke,2022,10,5.44,16.72,,,0
C.Kirk,2022,10,31.5,14.333333333333334,,,2
A.Cooper,2022,10,6.2,15.2875,,,2
N.Harris,2022,10,9.9,11.2325,,,1
C.McCaffrey,2022,10,17.700000000000003,20.8075,,,1
R.Burkhead,2022,10,5.0,6.525,,,2
C.Wilson,2022,10,1.7000000000000002,2.62,,,2
L.Fournette,2022,10,10.8,15.988888888888887,,,1
D.Henry,2022,10,8.700000000000001,21.125,,,1
C.Lamb,2022,10,38.0,14.6,,,2
A.Brown,2022,10,1.7000000000000002,18.85,,,2
D.Cook,2022,10,23.6,15.7125,,,1
J.Johnson,2022,10,15.4,7.711111111111112,,,2
P.Dorsett,2022,10,4.2,4.416666666666667,,,2
M.Davis,2022,10,3.8,1.9200000000000004,,,1
D.Singletary,2022,10,15.7,10.8,,,1
Z.Moss,2022,10,0.4,3.3600000000000003,,,1
D.Henderson,2022,10,10.2,7.8,,,1
J.Cook,2022,10,2.2,4.4125000000000005,,,1
C.Akers,2022,10,2.2,3.866666666666666,,,1
B.Powell,2022,10,0.7000000000000001,2.5142857142857147,,,2
N.Chubb,2022,10,15.1,20.387500000000003,,,1
C.Hubbard,2022,10,1.4,4.95,,,1
K.Hunt,2022,10,2.9,10.65,,,1
A.Schwartz,2022,10,1.3,1.6333333333333335,,,1
D.Foreman,2022,10,19.0,7.0125,,,1
D.Moore,2022,10,6.9,11.355555555555556,,,2
M.Gordon,2022,10,11.0,8.0125,,,1
A.Jones,2022,10,23.6,15.0,,,1
A.Dillon,2022,10,6.5,7.866666666666668,,,1
A.Mattison,2022,10,2.9000000000000004,5.825,,,1
C.Watson,2022,10,32.7,4.45,,,2
J.Taylor,2022,10,24.3,10.571428571428571,,,1
D.Pierce,2022,10,12.2,15.2,,,1
C.Samuel,2022,10,6.0,13.18888888888889,,,2
A.Gibson,2022,10,14.8,12.411111111111111,,,1
J.Dotson,2022,10,2.4000000000000004,13.05,,,2
T.Etienne,2022,10,10.3,14.244444444444444,,,1
J.Agnew,2022,10,3.4,4.95,,,2
C.Edwards-Helaire,2022,10,0.0,12.175,,,1
M.Valdes-Scantling,2022,10,15.0,7.6,,,2
J.Conner,2022,10,23.6,10.283333333333331,,,1
I.Pacheco,2022,10,6.200000000000001,3.75,,,1
J.McKinnon,2022,10,11.8,6.612500000000001,,,2
A.Ekeler,2022,10,13.3,24.85,,,1
Z.Horvath,2022,10,1.1,2.8666666666666667,,,-1
J.Jacobs,2022,10,22.6,19.0625,,,1
S.Michel,2022,10,0.2,3.075,,,1
J.Palmer,2022,10,7.4,10.714285714285714,,,2
R.Mostert,2022,10,18.7,9.833333333333334,,,1
A.Ingold,2022,10,14.5,3.28,,,-1
J.Waddle,2022,10,10.6,18.211111111111112,,,2
C.Patterson,2022,10,3.0,15.420000000000002,,,1
A.Kamara,2022,10,7.5,18.02857142857143,,,1
A.Williams,2022,10,2.5,2.588888888888889,,,1
S.Barkley,2022,10,23.0,19.6,,,1
M.Breida,2022,10,2.0,2.3375000000000004,,,1
D.Hilliard,2022,10,1.8,8.3,,,1
K.Toney,2022,10,19.0,2.5,,,1
C.Okonkwo,2022,10,5.1000000000000005,3.6,,,2
D.Swift,2022,10,8.2,14.62,,,1
Ja.Williams,2022,10,11.9,14.65,,,1
M.Sanders,2022,10,5.4,14.6,,,1
K.Gainwell,2022,10,2.2,5.3375,,,1
B.Scott,2022,10,0.5,2.3833333333333333,,,1
J.Warren,2022,10,10.7,4.5125,,,1
D.Montgomery,2022,10,5.4,9.75,,,1
B.Aiyuk,2022,10,12.4,13.875,,,2
D.Samuel,2022,10,7.1000000000000005,14.357142857142858,,,2
K.Herbert,2022,10,5.7,11.2,,,1
J.Wilson,2022,10,22.3,10.011111111111113,,,1
T.Pollard,2022,10,21.8,13.0875,,,1
J.Jones,2022,10,14.3,7.05,,,2
R.White,2022,10,10.5,6.275,,,1
T.Allgeier,2022,10,3.3,8.725000000000001,,,1
C.Huntley,2022,10,3.2,5.128571428571429,,,1
K.Turpin,2022,10,1.9,0.425,,,-1
M.Washington,2022,10,0.0,1.0833333333333333,,,-1
J.Jeudy,2022,10,0.0,11.625,,,2
C.Sutton,2022,10,12.6,11.025,,,2
D.Watt,2022,10,0.5,3.3000000000000003,,,-1
K.Walker,2022,10,13.2,14.475,,,1
S.Miller,2022,10,4.5,5.716666666666666,,,2
A.St. Brown,2022,10,22.1,14.814285714285717,,,2
T.McLaurin,2022,10,20.8,12.444444444444445,,,2
I.McKenzie,2022,10,9.5,9.128571428571428,,,2
E.St. Brown,2022,10,0.9,4.1,,,2
Z.Jones,2022,10,14.8,10.3875,,,2
E.Engram,2022,10,4.4,8.311111111111112,,,2
D.Carter,2022,10,16.4,7.2125,,,2
T.Kelce,2022,10,20.1,20.925,,,2
T.Burks,2022,10,5.4,6.025,,,2
Z.Pascal,2022,10,2.0,4.233333333333333,,,2
R.Moore,2022,10,18.4,11.683333333333332,,,2
L.Shenault,2022,10,14.9,5.4,,,2
N.Gray,2022,10,10.0,3.8,,,2
L.Murray,2022,10,7.700000000000001,11.025,,,1
K.Osborn,2022,10,7.7,6.425,,,2
D.Johnson,2022,10,11.5,11.125,,,2
J.Jackson,2022,10,4.800000000000001,3.25,,,1
K.Raymond,2022,10,7.7,6.542857142857143,,,2
C.Godwin,2022,10,19.1,11.785714285714286,,,2
J.Hasty,2022,10,1.3,3.3142857142857145,,,1
B.Robinson,2022,10,14.6,6.5200000000000005,,,1
K.Ingram,2022,10,0.5,4.2,,,1
B.Skowronek,2022,10,3.4000000000000004,6.85,,,2
R.Shaheed,2022,10,2.2,9.833333333333334,,,2
Q.Watkins,2022,10,10.0,3.571428571428572,,,2
C.Ham,2022,10,6.3,1.35,,,-1
D.Peoples-Jones,2022,10,14.9,8.7375,,,2
G.Pickens,2022,10,14.5,8.2375,,,2
D.Pettis,2022,10,2.7,6.085714285714286,,,2
R.Blackshear,2022,10,3.2,4.966666666666667,,,2
O.Zaccheaus,2022,10,5.4,7.166666666666667,,,2
C.Moore,2022,10,10.0,6.371428571428572,,,2
P.Campbell,2022,10,20.6,8.511111111111111,,,2
K.Granson,2022,10,9.7,4.177777777777778,,,2
G.Everett,2022,10,4.300000000000001,9.7625,,,2
C.Kmet,2022,10,23.4,6.433333333333334,,,2
D.Mooney,2022,10,9.7,8.766666666666667,,,2
W.Robinson,2022,10,3.5,7.175000000000001,,,2
B.Cooks,2022,10,8.2,10.485714285714286,,,2
K.Hinton,2022,10,10.2,3.3600000000000003,,,2
A.Abdullah,2022,10,7.300000000000001,2.9200000000000004,,,2
M.Goodwin,2022,10,11.8,7.316666666666667,,,2
P.Hendershot,2022,10,0.0,5.875,,,2
H.Bryant,2022,10,10.5,4.233333333333333,,,2
S.Moore,2022,10,1.6,2.6666666666666665,,,2
R.McCloud,2022,10,4.300000000000001,3.985714285714285,,,2
M.Pittman,2022,10,12.3,14.125,,,2
S.Diggs,2022,10,24.8,23.4625,,,2
D.Brown,2022,10,2.5,6.525,,,2
Co.Heyward,2022,10,2.9,3.9,,,2
A.Lazard,2022,10,7.5,14.671428571428573,,,2
A.Thielen,2022,10,9.9,11.725,,,2
D.Slayton,2022,10,18.5,9.04,,,2
G.Kittle,2022,10,3.1,11.65,,,2
G.Davis,2022,10,21.3,12.44285714285714,,,2
T.Higbee,2022,10,15.3,8.4,,,2
D.Knox,2022,10,9.7,7.185714285714285,,,2
Al.Robinson,2022,10,8.4,7.725,,,2
S.Smith,2022,10,2.7,2.6875,,,2
T.Tremble,2022,10,0.0,4.557142857142857,,,2
D.Metcalf,2022,10,13.1,12.555555555555555,,,2
T.Lockett,2022,10,13.2,14.755555555555556,,,2
W.Dissly,2022,10,4.800000000000001,7.222222222222222,,,2
N.Fant,2022,10,6.4,6.688888888888889,,,2
C.Parkinson,2022,10,1.7000000000000002,4.928571428571429,,,2
E.Saubert,2022,10,2.2,3.5500000000000003,,,2
E.Tomlinson,2022,10,0.0,1.675,,,-1
R.Tonyan,2022,10,1.8,8.38888888888889,,,2
S.Watkins,2022,10,7.7,5.18,,,2
A.Pierce,2022,10,0.0,8.825,,,2
P.Brown,2022,10,3.3,4.575,,,2
O.Howard,2022,10,0.0,4.428571428571429,,,2
N.Collins,2022,10,15.9,8.083333333333334,,,2
L.Thomas,2022,10,3.2,5.92,,,2
C.Sims,2022,10,0.0,1.542857142857143,,,-1
J.Smith-Schuster,2022,10,5.300000000000001,14.025,,,2
A.Green,2022,10,9.0,2.9333333333333336,,,-1
Z.Ertz,2022,10,2.2,12.6,,,2
J.Fortson,2022,10,1.6,4.225,,,-1
Ju.Watson,2022,10,2.2,3.5125,,,2
T.McKitty,2022,10,5.1,2.266666666666667,,,-1
M.Gesicki,2022,10,5.1,7.7555555555555555,,,2
T.Sherfield,2022,10,16.3,4.044444444444445,,,2
K.Pitts,2022,10,4.800000000000001,7.9375,,,2
D.London,2022,10,14.8,9.1,,,2
J.Landry,2022,10,6.7,8.45,,,2
K.Hodge,2022,10,11.7,5.140000000000001,,,2
C.Olave,2022,10,7.0,14.6,,,2
R.Woods,2022,10,3.0,6.7,,,2
G.Swaim,2022,10,0.0,4.325,,,2
N.Westbrook-Ikhine,2022,10,28.9,3.466666666666667,,,2
K.Golladay,2022,10,0.0,1.4,,,-1
C.Myarick,2022,10,0.0,3.24,,,-1
A.Hooper,2022,10,9.1,3.375,,,2
T.Hockenson,2022,10,11.5,12.6875,,,2
D.Goedert,2022,10,9.3,13.0125,,,2
D.Smith,2022,10,17.3,12.025,,,2
P.Freiermuth,2022,10,7.6,10.671428571428573,,,2
Z.Gentry,2022,10,0.0,3.5333333333333337,,,2
J.Jennings,2022,10,8.0,4.571428571428571,,,2
D.Schultz,2022,10,17.4,6.383333333333333,,,2
N.Brown,2022,10,1.3,8.985714285714286,,,2
M.Evans,2022,10,10.4,15.4625,,,2
C.Brate,2022,10,1.8,4.88,,,2
F.Moreau,2022,10,13.3,6.9,,,2
T.Hudson,2022,10,5.4,3.95,,,2
G.Ricci,2022,10,1.2,3.1500000000000004,,,2
D.Arnold,2022,10,1.8,2.75,,,2
Dav.Bell,2022,10,5.4,2.7142857142857144,,,2
C.Otton,2022,10,6.5,7.6571428571428575,,,2
K.Shakir,2022,10,1.6,4.640000000000001,,,2
B.Wright,2022,10,7.2,3.7,,,2
J.Akins,2022,10,10.2,5.483333333333333,,,2
A.Trautman,2022,10,4.2,4.68,,,2
J.Stoll,2022,10,2.1,1.7000000000000002,,,-1
D.Byrd,2022,10,8.8,6.040000000000001,,,2
M.Bandy,2022,10,0.0,4.1,,,2
T.Kennedy,2022,10,5.4,4.8,,,2
M.Gallup,2022,10,7.5,6.3,,,2
T.Marshall,2022,10,5.3,7.82,,,2
K.White,2022,10,0.0,3.1333333333333333,,,2
G.Dulcich,2022,10,2.1,12.066666666666668,,,2
D.Hopkins,2022,10,19.8,22.6,,,2
L.Jackson,2022,11,15.46,21.802222222222223,,,0
J.Allen,2022,11,12.58,26.102222222222224,,,0
M.Stafford,2022,11,14.760000000000002,11.7025,,,0
B.Mayfield,2022,11,5.039999999999999,11.446666666666667,,,0
J.Brissett,2022,11,25.86,14.351111111111114,,,0
R.Wilson,2022,11,10.68,14.55,,,0
K.Cousins,2022,11,2.2,17.026666666666667,,,0
A.Rodgers,2022,11,19.08,14.5,,,0
M.Ryan,2022,11,8.62,14.5125,,,0
D.Mills,2022,11,9.76,11.755555555555556,,,0
P.Mahomes,2022,11,27.46,26.104444444444443,,,0
J.Herbert,2022,11,19.700000000000003,16.166666666666668,,,0
D.Carr,2022,11,20.28,14.868888888888888,,,0
D.Adams,2022,11,33.1,20.366666666666667,,,2
M.Jones,2022,11,10.14,14.22222222222222,,,0
M.Mariota,2022,11,17.740000000000002,15.457999999999998,,,0
R.Tannehill,2022,11,19.02,12.597142857142858,,,0
D.Jones,2022,11,24.64,16.282222222222224,,,0
J.Goff,2022,11,6.500000000000001,15.653333333333332,,,0
J.Hurts,2022,11,24.2,24.00888888888889,,,0
J.Burrow,2022,11,26.700000000000003,22.166666666666668,,,0
J.Fields,2022,11,22.62,20.446,,,0
D.Prescott,2022,11,20.64,15.335,,,0
C.Rush,2022,11,1.24,9.233333333333334,,,0
J.Garoppolo,2022,11,25.42,15.48,,,0
M.Hollins,2022,11,11.2,9.306666666666665,,,2
T.Boyd,2022,11,6.2,13.068888888888887,,,2
A.Dalton,2022,11,22.200000000000003,13.68,,,0
Z.Wilson,2022,11,5.68,12.013333333333334,,,0
B.Berrios,2022,11,0.0,4.797777777777778,,,1
K.Pickett,2022,11,16.0,11.556666666666668,,,0
J.Jefferson,2022,11,6.300000000000001,23.246666666666663,,,2
T.Heinicke,2022,11,7.840000000000001,13.9,,,0
A.Cooper,2022,11,31.3,14.27777777777778,,,2
N.Harris,2022,11,27.6,11.084444444444443,,,1
C.McCaffrey,2022,11,17.6,20.462222222222223,,,1
D.Henry,2022,11,25.36,19.744444444444447,,,1
J.Proche,2022,11,0.0,3.766666666666667,,,2
C.Lamb,2022,11,9.5,17.200000000000003,,,2
G.Wilson,2022,11,3.2,11.844444444444443,,,2
A.Brown,2022,11,9.0,16.944444444444443,,,2
D.Cook,2022,11,7.2,16.58888888888889,,,1
J.Johnson,2022,11,14.7,8.48,,,2
P.Dorsett,2022,11,0.0,4.385714285714286,,,2
L.Cager,2022,11,4.0,2.966666666666667,,,-1
Mi.Carter,2022,11,2.7,10.622222222222222,,,1
K.Drake,2022,11,7.300000000000001,10.271428571428572,,,1
M.Davis,2022,11,6.2,2.2333333333333334,,,1
J.Hill,2022,11,6.8,3.5285714285714285,,,1
D.Singletary,2022,11,17.7,11.344444444444443,,,1
Z.Moss,2022,11,0.7000000000000001,2.8666666666666667,,,1
D.Henderson,2022,11,0.9,8.066666666666666,,,1
J.Cook,2022,11,8.6,4.166666666666667,,,1
C.Akers,2022,11,6.1000000000000005,3.628571428571429,,,1
B.Powell,2022,11,3.5,2.2875,,,2
N.Chubb,2022,11,9.7,19.8,,,1
C.Hubbard,2022,11,4.5,4.24,,,1
K.Hunt,2022,11,7.4,9.788888888888888,,,1
D.Foreman,2022,11,2.4000000000000004,8.344444444444443,,,1
D.Moore,2022,11,5.4,10.91,,,2
M.Gordon,2022,11,12.0,8.344444444444445,,,1
A.Jones,2022,11,14.0,15.86,,,1
A.Dillon,2022,11,3.3,7.730000000000001,,,1
A.Mattison,2022,11,1.8,5.5,,,1
C.Watson,2022,11,21.1,8.485714285714286,,,2
J.Taylor,2022,11,16.4,12.2875,,,1
D.Pierce,2022,11,3.7,14.866666666666667,,,1
C.Samuel,2022,11,9.8,12.47,,,2
A.Gibson,2022,11,13.3,12.65,,,1
J.Dotson,2022,11,2.6,10.92,,,2
C.Edwards-Helaire,2022,11,0.9,10.822222222222225,,,1
M.Valdes-Scantling,2022,11,2.8,8.422222222222224,,,2
J.Conner,2022,11,13.4,12.185714285714289,,,1
I.Pacheco,2022,11,10.7,4.022222222222222,,,1
J.McKinnon,2022,11,1.4000000000000004,7.188888888888889,,,2
A.Ekeler,2022,11,18.0,23.566666666666663,,,1
Z.Horvath,2022,11,0.3,2.6142857142857143,,,-1
J.Jacobs,2022,11,19.0,19.45555555555556,,,1
B.Bolden,2022,11,1.4,4.540000000000001,,,2
S.Michel,2022,11,0.1,2.7555555555555555,,,1
J.Palmer,2022,11,30.6,10.3,,,2
D.Harris,2022,11,11.3,9.12857142857143,,,1
R.Stevenson,2022,11,14.2,16.61111111111111,,,1
J.Meyers,2022,11,9.2,14.657142857142857,,,2
C.Patterson,2022,11,5.9,13.35,,,1
A.Kamara,2022,11,12.9,16.712500000000002,,,1
S.Barkley,2022,11,5.5,19.97777777777777,,,1
R.James,2022,11,13.8,5.671428571428572,,,2
M.Breida,2022,11,9.9,2.3000000000000003,,,1
D.Hilliard,2022,11,8.8,7.487500000000001,,,1
K.Toney,2022,11,0.0,6.625,,,2
C.Okonkwo,2022,11,4.1,3.8142857142857145,,,2
D.Swift,2022,11,12.2,13.55,,,1
Ja.Williams,2022,11,24.4,14.344444444444449,,,1
M.Sanders,2022,11,5.8,13.577777777777778,,,1
B.Scott,2022,11,3.2,2.1142857142857143,,,1
J.Mixon,2022,11,9.2,19.077777777777776,,,1
J.Warren,2022,11,1.9,5.199999999999999,,,1
S.Perine,2022,11,30.2,5.544444444444445,,,1
D.Montgomery,2022,11,21.1,9.266666666666667,,,1
B.Aiyuk,2022,11,16.0,13.711111111111112,,,2
D.Samuel,2022,11,22.4,13.45,,,2
E.Elliott,2022,11,17.7,11.071428571428571,,,1
T.Pollard,2022,11,36.9,14.055555555555555,,,1
T.Allgeier,2022,11,7.4,8.122222222222224,,,1
C.Huntley,2022,11,1.6,4.8875,,,1
C.Sutton,2022,11,13.0,11.2,,,2
D.Jackson,2022,11,5.0,8.166666666666666,,,1
P.Ricard,2022,11,0.4,2.142857142857143,,,2
M.Andrews,2022,11,12.3,15.1875,,,2
J.Reagor,2022,11,2.4000000000000004,2.925,,,-1
G.Olszewski,2022,11,5.9,1.0666666666666669,,,-1
E.Moore,2022,11,3.7,5.983333333333334,,,2
K.Juszczyk,2022,11,0.4,4.757142857142857,,,2
A.St. Brown,2022,11,15.0,15.725,,,2
T.McLaurin,2022,11,9.6,13.28,,,2
D.Duvernay,2022,11,1.7000000000000002,9.588888888888889,,,2
I.McKenzie,2022,11,0.0,9.175,,,2
E.St. Brown,2022,11,4.4,3.78,,,2
T.Ebner,2022,11,0.8,1.85,,,1
D.Carter,2022,11,6.300000000000001,8.233333333333333,,,2
T.Kelce,2022,11,35.5,20.83333333333333,,,2
T.Burks,2022,11,18.1,5.9,,,2
Z.Pascal,2022,11,1.9,3.914285714285714,,,2
L.Shenault,2022,11,4.7,6.983333333333334,,,2
D.Njoku,2022,11,3.7,11.314285714285717,,,2
N.Gray,2022,11,3.5,4.488888888888889,,,2
L.Murray,2022,11,17.200000000000003,10.36,,,1
K.Osborn,2022,11,3.7,6.566666666666666,,,2
K.Bourne,2022,11,1.8,4.025,,,2
D.Johnson,2022,11,7.9,11.166666666666666,,,2
J.Jackson,2022,11,8.700000000000001,3.56,,,1
K.Raymond,2022,11,7.0,6.6875,,,2
B.Robinson,2022,11,5.7,7.866666666666667,,,1
K.Ingram,2022,11,1.9,3.2750000000000004,,,1
T.Atwell,2022,11,13.2,1.825,,,2
B.Skowronek,2022,11,1.4,6.466666666666667,,,2
R.Shaheed,2022,11,1.8,7.925000000000001,,,2
Q.Watkins,2022,11,11.1,4.375,,,2
D.Peoples-Jones,2022,11,17.1,9.422222222222224,,,2
T.Thornton,2022,11,1.5,6.14,,,2
T.Conklin,2022,11,3.5,9.18888888888889,,,2
G.Pickens,2022,11,18.3,8.933333333333334,,,2
S.Sims,2022,11,-0.3,2.066666666666667,,,1
D.Ogunbowale,2022,11,1.5,4.833333333333333,,,2
G.Dortch,2022,11,19.3,8.5,,,2
T.Johnson,2022,11,0.4,1.85,,,1
I.Spiller,2022,11,4.2,0.9,,,-1
R.Blackshear,2022,11,3.4000000000000004,4.525,,,1
O.Zaccheaus,2022,11,3.2,6.99,,,2
C.Moore,2022,11,7.3,6.825,,,2
P.Campbell,2022,11,11.7,9.72,,,2
K.Granson,2022,11,2.6,4.73,,,2
C.Kmet,2022,11,6.5,8.129999999999999,,,2
D.Mooney,2022,11,12.9,8.860000000000001,,,2
W.Robinson,2022,11,19.4,6.44,,,2
B.Cooks,2022,11,10.0,10.2,,,2
J.Smith,2022,11,8.5,4.566666666666666,,,2
K.Hinton,2022,11,8.7,4.5,,,2
A.Abdullah,2022,11,3.5,3.65,,,2
P.Hendershot,2022,11,0.8,4.7,,,2
H.Bryant,2022,11,8.100000000000001,5.128571428571428,,,2
S.Moore,2022,11,11.3,2.5142857142857147,,,2
R.McCloud,2022,11,0.0,4.025,,,2
M.Pittman,2022,11,13.5,13.922222222222224,,,2
S.Diggs,2022,11,14.8,23.61111111111111,,,2
A.Lazard,2022,11,10.7,13.775,,,2
A.Thielen,2022,11,4.5,11.522222222222222,,,2
D.Slayton,2022,11,13.6,10.616666666666667,,,2
G.Kittle,2022,11,24.4,10.428571428571429,,,2
I.Likely,2022,11,1.1,6.1875,,,2
D.Robinson,2022,11,21.8,4.65,,,2
G.Davis,2022,11,11.8,13.55,,,2
T.Higbee,2022,11,8.5,9.166666666666666,,,2
D.Knox,2022,11,14.0,7.5,,,2
Al.Robinson,2022,11,14.7,7.800000000000001,,,2
S.Smith,2022,11,4.6,2.688888888888889,,,2
I.Thomas,2022,11,5.4,3.0,,,2
E.Saubert,2022,11,3.6,3.357142857142857,,,2
J.Mundt,2022,11,1.8,3.3375,,,-1
R.Tonyan,2022,11,3.9,7.730000000000001,,,2
R.Cobb,2022,11,13.3,7.283333333333334,,,2
S.Watkins,2022,11,0.0,5.6000000000000005,,,2
A.Pierce,2022,11,5.800000000000001,7.844444444444444,,,2
P.Brown,2022,11,0.0,4.32,,,2
O.Howard,2022,11,1.9,3.875,,,2
N.Collins,2022,11,9.8,9.2,,,2
M.Alie-Cox,2022,11,2.4000000000000004,5.7,,,2
L.Thomas,2022,11,11.5,5.466666666666666,,,2
J.Bates,2022,11,0.0,2.771428571428572,,,2
C.Sims,2022,11,2.7,1.35,,,-1
A.Green,2022,11,10.0,3.8,,,-1
J.Fortson,2022,11,7.1000000000000005,3.7,,,-1
Ju.Watson,2022,11,9.7,3.3666666666666667,,,2
M.Williams,2022,11,4.2,14.928571428571429,,,2
H.Henry,2022,11,3.0,5.444444444444445,,,2
D.Parker,2022,11,3.9,7.585714285714286,,,2
N.Agholor,2022,11,3.8,5.671428571428572,,,2
K.Pitts,2022,11,7.3,7.588888888888889,,,2
D.London,2022,11,7.2,9.67,,,2
J.Landry,2022,11,12.3,8.1,,,2
K.Hodge,2022,11,2.3,6.233333333333334,,,2
C.Olave,2022,11,21.200000000000003,13.755555555555556,,,2
R.Woods,2022,11,12.9,6.288888888888889,,,2
G.Swaim,2022,11,1.3,3.46,,,-1
N.Westbrook-Ikhine,2022,11,4.800000000000001,7.1000000000000005,,,2
K.Golladay,2022,11,4.9,1.05,,,-1
A.Hooper,2022,11,19.6,4.011111111111111,,,2
D.Chark,2022,11,0.0,7.6,,,2
T.Hockenson,2022,11,8.4,12.555555555555555,,,2
D.Smith,2022,11,13.8,12.61111111111111,,,2
P.Freiermuth,2022,11,15.9,10.2875,,,2
H.Hurst,2022,11,4.800000000000001,8.922222222222222,,,2
T.Higgins,2022,11,23.8,14.425,,,2
Z.Gentry,2022,11,2.8,3.028571428571429,,,2
Mi.Thomas,2022,11,0.0,2.6,,,2
J.Jennings,2022,11,0.0,5.0,,,2
D.Schultz,2022,11,5.2,7.957142857142857,,,2
N.Brown,2022,11,6.2,8.025,,,2
F.Moreau,2022,11,4.300000000000001,7.966666666666666,,,2
Dav.Bell,2022,11,6.2,3.05,,,2
B.Wright,2022,11,4.0,4.4,,,2
J.Oliver,2022,11,1.2,2.8666666666666667,,,-1
J.Ferguson,2022,11,3.5,5.5600000000000005,,,2
J.Akins,2022,11,2.8,6.1571428571428575,,,2
K.Cole,2022,11,3.1,2.4,,,2
A.Trautman,2022,11,4.2,4.6000000000000005,,,2
M.Callaway,2022,11,1.6,5.171428571428572,,,2
J.Stoll,2022,11,1.7000000000000002,1.78,,,-1
D.Byrd,2022,11,4.9,6.5,,,2
M.Bandy,2022,11,0.0,3.28,,,2
T.Kennedy,2022,11,2.3,4.95,,,2
M.Gallup,2022,11,7.1000000000000005,6.5,,,2
T.Marshall,2022,11,10.6,7.400000000000001,,,2
C.Turner,2022,11,0.0,1.4333333333333336,,,-1
G.Dulcich,2022,11,7.0,9.575,,,2
M.Pruitt,2022,11,2.7,3.466666666666667,,,-1
D.Hopkins,2022,11,18.1,21.9,,,2
D.Mims,2022,11,5.5,4.4,,,2
L.Jackson,2022,12,23.06,21.168,,,0
J.Allen,2022,12,29.92,24.75,,,0
J.Brissett,2022,12,13.1,15.502,,,0
G.Smith,2022,12,19.32,18.276,,,0
R.Wilson,2022,12,8.48,14.12,,,0
K.Cousins,2022,12,21.86,15.544,,,0
A.Rodgers,2022,12,9.5,14.916363636363638,,,0
M.Ryan,2022,12,10.16,13.857777777777777,,,0
T.Lawrence,2022,12,24.94,16.116,,,0
P.Mahomes,2022,12,18.4,26.24,,,0
K.Murray,2022,12,25.24,19.40222222222222,,,0
J.Herbert,2022,12,28.76,16.52,,,0
D.Carr,2022,12,20.8,15.410000000000002,,,0
D.Adams,2022,12,14.4,21.64,,,2
M.Jones,2022,12,34.480000000000004,13.813999999999998,,,0
T.Tagovailoa,2022,12,15.96,20.012500000000003,,,0
M.Mariota,2022,12,13.86,15.665454545454544,,,0
R.Tannehill,2022,12,12.54,13.4,,,0
D.Jones,2022,12,14.52,17.118000000000002,,,0
J.Goff,2022,12,17.6,14.738,,,0
J.Hurts,2022,12,29.82,24.028,,,0
J.Burrow,2022,12,18.0,22.62,,,0
D.Prescott,2022,12,14.84,16.396,,,0
T.Brady,2022,12,18.04,15.34,,,0
J.Garoppolo,2022,12,13.28,16.584444444444443,,,0
D.Dallas,2022,12,3.5,2.066666666666667,,,1
M.Hollins,2022,12,16.3,9.496,,,2
T.Boyd,2022,12,3.6,12.382,,,2
A.Dalton,2022,12,10.26,14.745,,,0
B.Berrios,2022,12,2.3,4.318,,,1
K.Pickett,2022,12,12.16,12.191428571428572,,,0
J.Jefferson,2022,12,29.34,21.552,,,2
S.Thompson,2022,12,-1.26,2.5933333333333337,,,0
T.Hill,2022,12,18.0,28.44545454545454,,,2
T.Heinicke,2022,12,11.420000000000002,12.688,,,0
C.Kirk,2022,12,8.100000000000001,16.05,,,2
A.Cooper,2022,12,16.4,15.98,,,2
N.Harris,2022,12,10.9,12.736,,,1
C.McCaffrey,2022,12,8.9,20.176,,,1
R.Burkhead,2022,12,1.5,6.355555555555556,,,2
C.Wilson,2022,12,4.6,2.466666666666667,,,2
D.Henry,2022,12,14.7,20.306,,,1
K.Allen,2022,12,25.700000000000003,8.700000000000001,,,2
C.Lamb,2022,12,17.700000000000003,16.43,,,2
G.Wilson,2022,12,26.4,10.98,,,2
A.Brown,2022,12,12.6,16.15,,,2
D.Cook,2022,12,9.6,15.65,,,1
J.Johnson,2022,12,0.0,9.045454545454543,,,2
P.Dorsett,2022,12,1.5,3.8375,,,2
L.Cager,2022,12,3.0,3.225,,,-1
Mi.Carter,2022,12,5.6,9.83,,,1
K.Drake,2022,12,0.2,9.9,,,1
J.Hill,2022,12,0.3,3.9375,,,1
D.Singletary,2022,12,9.0,11.98,,,1
Z.Moss,2022,12,0.2,2.5571428571428574,,,1
J.Cook,2022,12,3.8,4.61,,,1
C.Akers,2022,12,3.7,3.9375,,,1
B.Powell,2022,12,2.6,2.4222222222222225,,,2
N.Chubb,2022,12,20.200000000000003,18.79,,,1
C.Hubbard,2022,12,6.5,4.283333333333334,,,1
K.Hunt,2022,12,3.1,9.55,,,1
A.Schwartz,2022,12,11.8,1.55,,,1
D.Foreman,2022,12,11.3,7.75,,,1
D.Moore,2022,12,20.3,10.409090909090908,,,2
T.Homer,2022,12,13.3,3.88,,,2
A.Jones,2022,12,18.9,15.690909090909091,,,1
A.Dillon,2022,12,17.8,7.327272727272727,,,1
A.Mattison,2022,12,1.1,5.13,,,1
C.Watson,2022,12,21.0,10.0625,,,2
J.Taylor,2022,12,18.8,12.744444444444444,,,1
D.Pierce,2022,12,4.6,13.75,,,1
C.Samuel,2022,12,1.3,12.227272727272728,,,2
A.Gibson,2022,12,8.4,12.70909090909091,,,1
J.Dotson,2022,12,0.0,9.533333333333331,,,2
T.Etienne,2022,12,0.3,13.85,,,1
J.Agnew,2022,12,14.7,4.728571428571429,,,2
M.Valdes-Scantling,2022,12,9.6,7.860000000000001,,,2
J.Conner,2022,12,21.0,12.3375,,,1
I.Pacheco,2022,12,15.6,4.69,,,1
J.McKinnon,2022,12,5.6,6.609999999999999,,,2
A.Ekeler,2022,12,25.0,23.01,,,1
J.Jacobs,2022,12,48.3,19.41,,,1
J.Kelley,2022,12,4.0,5.8,,,1
J.Palmer,2022,12,10.6,12.555555555555555,,,2
D.Harris,2022,12,1.6,9.4,,,1
R.Stevenson,2022,12,20.200000000000003,16.369999999999997,,,1
A.Ingold,2022,12,1.0,5.15,,,2
J.Meyers,2022,12,9.2,13.975,,,2
J.Waddle,2022,12,13.5,17.45,,,2
C.Patterson,2022,12,10.1,12.285714285714286,,,1
A.Kamara,2022,12,7.0,16.288888888888888,,,1
M.Ingram,2022,12,1.0,4.9,,,1
S.Barkley,2022,12,15.2,18.53,,,1
R.James,2022,12,15.1,6.6875,,,2
M.Breida,2022,12,2.5,3.06,,,1
D.Hilliard,2022,12,4.9,7.633333333333334,,,2
C.Okonkwo,2022,12,6.5,3.85,,,2
D.Swift,2022,12,10.3,13.357142857142858,,,1
Ja.Williams,2022,12,10.6,15.35,,,1
M.Sanders,2022,12,31.0,12.8,,,1
K.Gainwell,2022,12,11.6,4.49,,,1
B.Scott,2022,12,2.4000000000000004,2.25,,,1
S.Perine,2022,12,19.3,8.01,,,1
D.Montgomery,2022,12,14.3,10.45,,,1
B.Aiyuk,2022,12,11.5,13.94,,,2
D.Samuel,2022,12,7.3,14.444444444444445,,,2
E.Mitchell,2022,12,6.3,6.6000000000000005,,,1
J.Wilson,2022,12,12.2,11.24,,,1
E.Elliott,2022,12,16.5,11.9,,,1
T.Pollard,2022,12,8.1,16.34,,,1
J.Jones,2022,12,8.5,8.5,,,2
R.White,2022,12,19.9,6.7444444444444445,,,1
B.Perriman,2022,12,0.0,3.566666666666667,,,2
Z.White,2022,12,2.8000000000000003,0.3166666666666667,,,-1
T.Allgeier,2022,12,5.4,8.05,,,1
C.Huntley,2022,12,2.3000000000000003,4.522222222222222,,,1
G.Brightwell,2022,12,6.9,2.6333333333333333,,,-1
M.Washington,2022,12,0.7999999999999999,0.9285714285714286,,,-1
C.Sutton,2022,12,13.5,11.38,,,2
P.Ricard,2022,12,3.4000000000000004,1.925,,,-1
M.Andrews,2022,12,11.0,14.866666666666667,,,2
J.Reagor,2022,12,3.5,2.8200000000000003,,,-1
D.Watt,2022,12,1.5,2.6,,,-1
G.Olszewski,2022,12,0.9,2.275,,,2
E.Moore,2022,12,14.0,5.6571428571428575,,,2
K.Walker,2022,12,16.9,14.333333333333334,,,1
K.Juszczyk,2022,12,2.2,4.2125,,,2
A.St. Brown,2022,12,27.9,15.644444444444446,,,2
T.McLaurin,2022,12,9.3,12.945454545454544,,,2
D.Duvernay,2022,12,6.9,8.8,,,2
I.McKenzie,2022,12,22.3,8.155555555555557,,,2
E.St. Brown,2022,12,1.7000000000000002,3.836363636363637,,,2
Z.Jones,2022,12,27.5,10.877777777777778,,,2
E.Engram,2022,12,1.4,7.92,,,2
D.Carter,2022,12,20.3,8.040000000000001,,,2
T.Kelce,2022,12,15.7,22.3,,,2
T.Burks,2022,12,11.0,7.933333333333334,,,2
L.Shenault,2022,12,4.1,6.6571428571428575,,,2
D.Njoku,2022,12,13.9,10.3625,,,2
N.Gray,2022,12,3.6,4.39,,,2
L.Murray,2022,12,10.8,11.5,,,1
K.Osborn,2022,12,2.3,6.28,,,2
K.Bourne,2022,12,5.9,3.7777777777777777,,,2
D.Johnson,2022,12,9.9,10.84,,,2
J.Jackson,2022,12,2.9,4.416666666666667,,,1
K.Raymond,2022,12,7.5,6.722222222222222,,,2
C.Godwin,2022,12,29.0,12.7,,,2
J.Hasty,2022,12,20.5,3.0625,,,1
D.Smythe,2022,12,7.4,2.85,,,-1
B.Robinson,2022,12,20.5,7.557142857142858,,,1
K.Ingram,2022,12,0.5,3.0,,,1
T.Atwell,2022,12,4.300000000000001,4.1,,,2
M.Brown,2022,12,10.6,14.65,,,2
B.Skowronek,2022,12,2.5,5.96,,,2
R.Shaheed,2022,12,7.9,6.7,,,2
Q.Watkins,2022,12,12.5,5.122222222222223,,,2
D.Peoples-Jones,2022,12,3.6,10.19,,,2
T.Conklin,2022,12,8.0,8.620000000000001,,,2
G.Pickens,2022,12,10.7,9.87,,,2
S.Sims,2022,12,2.9,1.475,,,-1
V.Jones,2022,12,0.6000000000000001,5.166666666666667,,,1
D.Pettis,2022,12,2.2,5.6625,,,2
D.Ogunbowale,2022,12,9.0,4.0,,,2
T.Johnson,2022,12,14.8,1.56,,,-1
I.Spiller,2022,12,1.5,1.725,,,1
R.Blackshear,2022,12,2.1,4.3,,,2
O.Zaccheaus,2022,12,14.1,6.645454545454545,,,2
C.Moore,2022,12,2.7,6.877777777777778,,,2
P.Campbell,2022,12,3.4000000000000004,9.9,,,2
T.Irwin,2022,12,2.6,7.133333333333333,,,2
G.Everett,2022,12,7.8,9.155555555555557,,,2
C.Kmet,2022,12,5.7,7.981818181818181,,,2
B.Cooks,2022,12,11.1,10.177777777777775,,,2
K.Hinton,2022,12,9.8,5.1000000000000005,,,2
A.Abdullah,2022,12,14.5,3.628571428571429,,,2
M.Goodwin,2022,12,8.5,7.957142857142857,,,2
P.Hendershot,2022,12,6.2,4.05,,,2
H.Bryant,2022,12,2.9,5.5,,,2
S.Moore,2022,12,8.6,3.6125,,,2
R.McCloud,2022,12,2.2,3.577777777777778,,,2
M.Pittman,2022,12,19.1,13.88,,,2
S.Diggs,2022,12,21.7,22.73,,,2
D.Brown,2022,12,2.7,5.720000000000001,,,2
A.Lazard,2022,12,4.4,13.433333333333334,,,2
A.Thielen,2022,12,21.1,10.82,,,2
D.Slayton,2022,12,9.3,11.042857142857144,,,2
G.Kittle,2022,12,5.6,12.175,,,2
C.Davis,2022,12,1.9,9.44285714285714,,,2
D.Robinson,2022,12,2.7,6.555555555555555,,,2
G.Davis,2022,12,7.800000000000001,13.355555555555556,,,2
D.Knox,2022,12,3.7,8.222222222222221,,,2
I.Thomas,2022,12,4.1,3.2666666666666666,,,2
T.Tremble,2022,12,1.2,3.9875,,,2
D.Metcalf,2022,12,20.0,12.61,,,2
T.Lockett,2022,12,15.8,14.6,,,2
W.Dissly,2022,12,3.7,6.98,,,2
N.Fant,2022,12,6.4,6.659999999999999,,,2
J.Mundt,2022,12,4.0,3.1666666666666665,,,-1
R.Tonyan,2022,12,5.0,7.381818181818182,,,2
R.Cobb,2022,12,9.9,8.142857142857142,,,2
T.Davis,2022,12,0.0,1.65,,,-1
A.Pierce,2022,12,0.0,7.640000000000001,,,2
O.Howard,2022,12,0.0,3.655555555555555,,,2
N.Collins,2022,12,10.4,9.275,,,2
M.Alie-Cox,2022,12,3.4000000000000004,5.2875,,,2
L.Thomas,2022,12,1.7000000000000002,6.328571428571428,,,2
J.Bates,2022,12,11.4,2.425,,,2
J.Smith-Schuster,2022,12,6.800000000000001,13.055555555555555,,,2
A.Green,2022,12,1.5,4.575,,,2
J.Fortson,2022,12,4.6,4.266666666666667,,,2
Ju.Watson,2022,12,4.6,4.0,,,2
H.Henry,2022,12,15.3,5.2,,,2
D.Parker,2022,12,12.0,7.125,,,2
N.Agholor,2022,12,18.5,5.4375,,,2
M.Gesicki,2022,12,0.0,7.49,,,2
T.Sherfield,2022,12,5.300000000000001,5.2700000000000005,,,2
P.Hesse,2022,12,1.9,2.0,,,2
D.London,2022,12,4.9,9.445454545454544,,,2
J.Landry,2022,12,4.0,8.799999999999999,,,2
A.Firkser,2022,12,2.6,2.3000000000000003,,,2
C.Olave,2022,12,11.2,14.5,,,2
R.Woods,2022,12,3.6,6.95,,,2
G.Swaim,2022,12,0.0,3.1,,,-1
N.Westbrook-Ikhine,2022,12,9.8,6.8125,,,2
C.Myarick,2022,12,3.3000000000000003,2.7,,,-1
A.Hooper,2022,12,6.0,5.57,,,2
D.Chark,2022,12,9.6,5.7,,,2
T.Hockenson,2022,12,15.3,12.14,,,2
D.Smith,2022,12,9.0,12.73,,,2
P.Freiermuth,2022,12,6.9,10.911111111111111,,,2
H.Hurst,2022,12,11.7,8.51,,,2
T.Higgins,2022,12,24.4,15.466666666666663,,,2
Z.Gentry,2022,12,0.6,3.0,,,2
J.Jennings,2022,12,16.9,4.444444444444445,,,2
B.Pringle,2022,12,9.2,2.5,,,2
D.Schultz,2022,12,19.1,7.612500000000001,,,2
M.Evans,2022,12,5.1,14.900000000000002,,,2
C.Brate,2022,12,3.5,4.366666666666667,,,2
F.Moreau,2022,12,12.3,7.442857142857143,,,2
T.Hudson,2022,12,2.0,4.24,,,2
R.Cracraft,2022,12,9.5,3.06,,,-1
Dav.Bell,2022,12,6.300000000000001,3.4000000000000004,,,2
Q.Morris,2022,12,1.3,2.675,,,2
B.Wright,2022,12,2.6,4.333333333333333,,,2
J.Oliver,2022,12,17.6,2.628571428571429,,,-1
C.Uzomah,2022,12,4.7,3.0333333333333337,,,2
J.Ferguson,2022,12,8.7,5.216666666666667,,,2
J.Akins,2022,12,15.1,5.737500000000001,,,2
J.Woods,2022,12,17.8,5.483333333333333,,,2
K.Cole,2022,12,3.2,2.575,,,2
T.Smith,2022,12,1.8,7.057142857142858,,,2
A.Trautman,2022,12,2.7,4.542857142857143,,,2
T.McBride,2022,12,1.1,4.166666666666667,,,2
T.Wesco,2022,12,1.3,1.7666666666666668,,,-1
K.Kieft,2022,12,7.5,2.3,,,2
M.Gallup,2022,12,11.3,6.585714285714286,,,2
I.Hodgins,2022,12,6.1,6.033333333333334,,,2
T.Marshall,2022,12,1.8,7.857142857142857,,,2
C.Turner,2022,12,0.0,1.0750000000000002,,,-1
G.Dulcich,2022,12,3.1,9.06,,,2
M.Pruitt,2022,12,8.9,3.275,,,-1
D.Hopkins,2022,12,18.700000000000003,21.14,,,2
D.Mims,2022,12,2.1,4.675000000000001,,,2
J.Mitchell,2022,12,3.2,4.2,,,-1
V.Jefferson,2022,12,11.9,6.266666666666667,,,2
L.Jackson,2022,13,1.34,21.34,,,0
J.Allen,2022,13,16.92,25.22,,,0
G.Smith,2022,13,22.98,18.37090909090909,,,0
R.Wilson,2022,13,9.66,13.556,,,0
K.Cousins,2022,13,11.82,16.11818181818182,,,0
A.Rodgers,2022,13,13.68,14.464999999999998,,,0
M.Ryan,2022,13,9.12,13.488,,,0
T.Lawrence,2022,13,16.36,16.91818181818182,,,0
P.Mahomes,2022,13,19.82,25.527272727272727,,,0
J.Herbert,2022,13,18.1,17.632727272727273,,,0
D.Carr,2022,13,16.0,15.9,,,0
D.Adams,2022,13,37.7,20.981818181818184,,,2
M.Jones,2022,13,15.2,15.692727272727272,,,0
T.Tagovailoa,2022,13,13.8,19.56222222222222,,,0
M.Mariota,2022,13,10.38,15.515,,,0
R.Tannehill,2022,13,13.04,13.304444444444446,,,0
D.Jones,2022,13,17.1,16.881818181818183,,,0
J.Goff,2022,13,21.6,14.99818181818182,,,0
J.Hurts,2022,13,34.400000000000006,24.55454545454546,,,0
J.Burrow,2022,13,30.04,22.200000000000003,,,0
J.Fields,2022,13,19.26,20.643636363636364,,,0
D.Prescott,2022,13,16.8,16.136666666666667,,,0
T.Brady,2022,13,17.14,15.585454545454546,,,0
J.Garoppolo,2022,13,2.24,16.253999999999998,,,0
D.Dallas,2022,13,3.7,2.271428571428572,,,1
M.Willis,2022,13,1.44,1.5099999999999998,,,0
M.Hollins,2022,13,8.5,10.114545454545452,,,2
T.Boyd,2022,13,10.0,11.583636363636364,,,2
A.Dalton,2022,13,13.26,14.246666666666666,,,0
B.Berrios,2022,13,2.9,4.134545454545455,,,1
K.Pickett,2022,13,13.28,12.1875,,,0
J.Jefferson,2022,13,18.6,22.26,,,2
T.Hill,2022,13,42.94,27.575,,,2
T.Heinicke,2022,13,17.6,12.476666666666668,,,0
B.Purdy,2022,13,14.3,0.3133333333333334,,,0
C.Kirk,2022,13,16.4,15.32727272727273,,,2
A.Cooper,2022,13,8.0,16.018181818181816,,,2
N.Harris,2022,13,10.2,12.569090909090908,,,1
C.McCaffrey,2022,13,28.6,19.15090909090909,,,1
B.Perkins,2022,13,0.5,5.046666666666667,,,0
L.Fournette,2022,13,14.1,15.47,,,1
D.Henry,2022,13,5.8,19.79636363636364,,,1
K.Allen,2022,13,26.94,12.95,,,0
J.Proche,2022,13,0.8999999999999999,2.825,,,2
C.Lamb,2022,13,20.4,16.545454545454547,,,2
G.Wilson,2022,13,24.2,12.38181818181818,,,2
A.Brown,2022,13,31.9,15.82727272727273,,,2
J.Chase,2022,13,16.700000000000003,20.24285714285714,,,2
D.Cook,2022,13,16.299999999999997,15.1,,,1
P.Dorsett,2022,13,3.8,3.577777777777778,,,2
K.Drake,2022,13,6.6000000000000005,8.822222222222223,,,1
M.Davis,2022,13,8.9,2.8000000000000003,,,1
J.Hill,2022,13,2.6,3.533333333333333,,,1
D.Singletary,2022,13,11.1,11.70909090909091,,,1
Z.Moss,2022,13,1.8,2.2625,,,1
J.Cook,2022,13,16.5,4.536363636363637,,,1
C.Akers,2022,13,19.0,3.911111111111112,,,1
B.Powell,2022,13,12.4,2.4400000000000004,,,2
N.Chubb,2022,13,8.0,18.91818181818182,,,1
K.Hunt,2022,13,9.4,8.963636363636363,,,1
A.Schwartz,2022,13,0.8000000000000003,3.6,,,1
A.Jones,2022,13,10.0,15.958333333333334,,,1
A.Dillon,2022,13,20.9,8.200000000000001,,,1
A.Mattison,2022,13,9.8,4.763636363636364,,,1
C.Watson,2022,13,24.4,11.27777777777778,,,2
J.Taylor,2022,13,13.3,13.35,,,1
D.Pierce,2022,13,12.5,12.91818181818182,,,1
C.Samuel,2022,13,14.6,11.316666666666668,,,2
A.Gibson,2022,13,7.9,12.35,,,1
J.Dotson,2022,13,16.4,8.171428571428573,,,2
T.Etienne,2022,13,7.6,12.61818181818182,,,1
J.Agnew,2022,13,2.3,5.975,,,2
M.Valdes-Scantling,2022,13,9.1,8.018181818181818,,,2
I.Pacheco,2022,13,16.200000000000003,5.681818181818182,,,1
J.McKinnon,2022,13,14.0,6.5181818181818185,,,2
A.Ekeler,2022,13,11.8,23.19090909090909,,,1
J.Jacobs,2022,13,21.0,22.036363636363635,,,1
J.Kelley,2022,13,3.0,5.5,,,1
J.Palmer,2022,13,13.0,12.36,,,2
R.Stevenson,2022,13,13.8,16.71818181818182,,,1
R.Mostert,2022,13,3.0,10.72,,,1
A.Ingold,2022,13,4.5,4.557142857142857,,,2
J.Meyers,2022,13,5.2,13.444444444444445,,,2
J.Waddle,2022,13,1.9,17.09090909090909,,,2
C.Patterson,2022,13,6.0,12.0125,,,1
A.Kamara,2022,13,5.7,15.360000000000005,,,1
M.Ingram,2022,13,9.9,4.466666666666667,,,1
S.Barkley,2022,13,19.1,18.227272727272727,,,1
R.James,2022,13,5.0,7.622222222222222,,,2
M.Breida,2022,13,1.4,3.0090909090909093,,,1
D.Hilliard,2022,13,3.6,7.359999999999999,,,1
C.Okonkwo,2022,13,10.8,4.144444444444445,,,2
D.Swift,2022,13,21.1,12.975,,,1
Ja.Williams,2022,13,9.5,14.91818181818182,,,1
M.Sanders,2022,13,11.8,14.454545454545457,,,1
K.Gainwell,2022,13,8.3,5.136363636363637,,,1
B.Scott,2022,13,3.1,2.2666666666666666,,,1
J.Warren,2022,13,3.9,4.87,,,1
S.Perine,2022,13,21.5,9.036363636363635,,,1
D.Montgomery,2022,13,16.700000000000003,10.8,,,1
B.Aiyuk,2022,13,9.6,13.71818181818182,,,2
D.Samuel,2022,13,12.3,13.73,,,2
J.Wilson,2022,13,0.3,11.327272727272728,,,1
E.Elliott,2022,13,18.1,12.411111111111111,,,1
T.Pollard,2022,13,24.6,15.590909090909092,,,1
J.Jones,2022,13,5.800000000000001,8.5,,,2
R.White,2022,13,16.9,8.059999999999999,,,1
Z.White,2022,13,0.6000000000000001,0.6714285714285715,,,-1
T.Allgeier,2022,13,5.2,7.809090909090909,,,1
C.Huntley,2022,13,1.7000000000000002,4.3,,,1
M.Washington,2022,13,-0.1,0.9125,,,-1
J.Jeudy,2022,13,10.5,10.333333333333334,,,2
C.Sutton,2022,13,0.0,11.572727272727272,,,2
A.Dulin,2022,13,8.4,5.82,,,2
D.Jackson,2022,13,3.6,7.925000000000001,,,2
P.Ricard,2022,13,1.0,2.088888888888889,,,-1
M.Andrews,2022,13,9.4,14.48,,,2
J.Reagor,2022,13,5.6000000000000005,2.9333333333333336,,,2
D.Watt,2022,13,1.7000000000000002,2.38,,,-1
G.Olszewski,2022,13,0.2,2.0,,,2
E.Moore,2022,13,3.7,6.7,,,2
K.Walker,2022,13,3.6,14.59,,,1
K.Juszczyk,2022,13,10.2,3.988888888888889,,,2
T.Jones,2022,13,6.5,2.175,,,2
S.Miller,2022,13,1.7000000000000002,5.542857142857143,,,2
A.St. Brown,2022,13,34.6,16.869999999999997,,,2
T.McLaurin,2022,13,24.5,12.641666666666666,,,2
D.Duvernay,2022,13,10.3,8.627272727272727,,,2
I.McKenzie,2022,13,9.4,9.57,,,2
E.St. Brown,2022,13,11.6,3.6583333333333337,,,2
Z.Jones,2022,13,3.6,12.54,,,2
E.Engram,2022,13,14.0,7.327272727272727,,,2
D.Carter,2022,13,2.4000000000000004,9.154545454545454,,,2
T.Kelce,2022,13,7.6,21.7,,,2
T.Burks,2022,13,9.5,8.371428571428572,,,2
Z.Pascal,2022,13,3.6,3.6625,,,2
J.Mason,2022,13,5.1000000000000005,1.5333333333333334,,,1
M.Boone,2022,13,3.6,3.3833333333333333,,,1
N.Gray,2022,13,2.5,4.318181818181818,,,2
L.Murray,2022,13,10.1,11.400000000000002,,,1
K.Osborn,2022,13,3.7,5.918181818181818,,,2
K.Bourne,2022,13,2.5,3.9900000000000007,,,2
D.Johnson,2022,13,11.0,10.754545454545456,,,2
J.Jackson,2022,13,5.300000000000001,4.2,,,1
K.Raymond,2022,13,2.6,6.8,,,2
C.Godwin,2022,13,14.3,14.511111111111113,,,2
D.Smythe,2022,13,4.1,3.5,,,-1
D.Bellinger,2022,13,7.4,8.233333333333333,,,2
B.Robinson,2022,13,13.1,9.175,,,1
T.Atwell,2022,13,9.1,4.133333333333334,,,2
B.Skowronek,2022,13,5.0,5.6454545454545455,,,2
R.Shaheed,2022,13,11.5,6.900000000000001,,,2
Q.Watkins,2022,13,8.7,5.86,,,2
D.Peoples-Jones,2022,13,7.4,9.590909090909092,,,2
T.Thornton,2022,13,5.1,5.366666666666667,,,2
T.Conklin,2022,13,2.9,8.563636363636364,,,2
G.Pickens,2022,13,1.2,9.945454545454544,,,2
S.Sims,2022,13,1.9,1.7600000000000002,,,-1
V.Jones,2022,13,0.1,4.025,,,1
D.Pettis,2022,13,2.4000000000000004,5.277777777777778,,,2
G.Edwards,2022,13,1.2000000000000002,11.433333333333332,,,1
D.Ogunbowale,2022,13,4.1,5.0,,,2
T.Johnson,2022,13,10.1,3.766666666666667,,,1
O.Zaccheaus,2022,13,3.3,7.266666666666667,,,2
C.Moore,2022,13,7.6,6.459999999999999,,,2
P.Campbell,2022,13,8.5,9.358333333333334,,,2
T.Irwin,2022,13,2.2,6.0,,,2
K.Granson,2022,13,5.9,4.536363636363637,,,2
G.Everett,2022,13,13.0,9.02,,,2
C.Kmet,2022,13,13.2,7.791666666666667,,,2
K.Williams,2022,13,0.9,7.1000000000000005,,,1
J.Smith,2022,13,2.6,4.96,,,2
K.Hinton,2022,13,2.1,5.6875,,,2
A.Abdullah,2022,13,0.4,4.9875,,,2
M.Goodwin,2022,13,2.7,8.025,,,2
H.Bryant,2022,13,2.4000000000000004,5.211111111111112,,,2
S.Moore,2022,13,1.2000000000000002,4.166666666666667,,,2
M.Pittman,2022,13,3.6,14.354545454545455,,,2
S.Diggs,2022,13,22.200000000000003,22.63636363636364,,,2
Co.Heyward,2022,13,8.7,3.65,,,2
A.Lazard,2022,13,11.7,12.53,,,2
A.Thielen,2022,13,4.7,11.754545454545456,,,2
D.Slayton,2022,13,15.0,10.825,,,2
G.Kittle,2022,13,4.2,11.444444444444445,,,2
C.Davis,2022,13,13.5,8.5,,,2
I.Likely,2022,13,7.0,5.622222222222223,,,2
D.Robinson,2022,13,11.1,6.17,,,2
G.Davis,2022,13,9.5,12.8,,,2
T.Higbee,2022,13,3.4000000000000004,9.1,,,2
D.Knox,2022,13,0.0,7.77,,,2
D.Metcalf,2022,13,26.700000000000003,13.281818181818185,,,2
T.Lockett,2022,13,27.8,14.70909090909091,,,2
W.Dissly,2022,13,4.2,6.681818181818182,,,2
N.Fant,2022,13,14.2,6.636363636363637,,,2
C.Parkinson,2022,13,2.2,4.525,,,2
J.Mundt,2022,13,2.2,3.25,,,2
R.Tonyan,2022,13,2.0,7.183333333333334,,,2
R.Cobb,2022,13,0.0,8.3625,,,2
J.Deguara,2022,13,0.0,3.6,,,2
A.Pierce,2022,13,18.6,6.945454545454546,,,2
P.Brown,2022,13,2.1,3.6,,,2
T.Hairston,2022,13,0.0,1.4,,,-1
B.Jordan,2022,13,8.600000000000001,1.84,,,-1
N.Collins,2022,13,12.5,9.4,,,2
M.Alie-Cox,2022,13,-0.3999999999999999,5.077777777777778,,,2
L.Thomas,2022,13,5.0,5.75,,,2
C.Sims,2022,13,0.8,1.5,,,-1
J.Smith-Schuster,2022,13,6.5,12.43,,,2
J.Fortson,2022,13,1.6,4.314285714285715,,,2
Ju.Watson,2022,13,2.5,4.054545454545455,,,2
T.McKitty,2022,13,1.8,2.975,,,2
H.Henry,2022,13,3.3,6.118181818181819,,,2
D.Parker,2022,13,3.6,7.666666666666667,,,2
N.Agholor,2022,13,3.7,6.888888888888889,,,2
M.Gesicki,2022,13,0.0,6.8090909090909095,,,2
T.Sherfield,2022,13,14.5,5.2727272727272725,,,2
P.Hesse,2022,13,2.6,1.9833333333333327,,,-1
D.London,2022,13,15.5,9.066666666666668,,,2
J.Landry,2022,13,3.4000000000000004,8.114285714285714,,,2
K.Hodge,2022,13,0.0,5.671428571428572,,,2
A.Firkser,2022,13,4.4,2.375,,,2
C.Olave,2022,13,10.5,14.2,,,2
R.Woods,2022,13,1.6,6.645454545454545,,,2
G.Swaim,2022,13,1.4,2.657142857142857,,,-1
N.Westbrook-Ikhine,2022,13,1.4,7.144444444444446,,,2
A.Hooper,2022,13,5.2,5.609090909090909,,,2
D.Chark,2022,13,14.8,6.48,,,2
T.Hockenson,2022,13,7.300000000000001,12.427272727272726,,,2
D.Smith,2022,13,21.200000000000003,12.390909090909092,,,2
J.Reynolds,2022,13,4.9,10.528571428571428,,,2
P.Freiermuth,2022,13,10.6,10.51,,,2
H.Hurst,2022,13,3.2,8.8,,,2
T.Higgins,2022,13,12.5,16.360000000000003,,,2
Z.Gentry,2022,13,1.8,2.7333333333333334,,,2
J.Jennings,2022,13,5.4,5.69,,,2
D.Schultz,2022,13,5.300000000000001,8.88888888888889,,,2
N.Brown,2022,13,3.5,7.822222222222223,,,2
M.Evans,2022,13,9.9,13.919999999999998,,,2
R.Gage,2022,13,2.1,8.3,,,2
F.Moreau,2022,13,4.2,8.05,,,2
M.Wilcox,2022,13,2.3,2.14,,,-1
R.Cracraft,2022,13,4.9,4.133333333333334,,,2
Dav.Bell,2022,13,0.0,3.69,,,2
C.Otton,2022,13,14.8,7.5125,,,2
K.Shakir,2022,13,2.0,4.133333333333334,,,2
B.Wright,2022,13,4.5,4.085714285714286,,,2
C.Uzomah,2022,13,4.1,3.271428571428572,,,2
C.Evans,2022,13,7.8,1.6666666666666667,,,2
J.Ferguson,2022,13,1.9,5.714285714285714,,,2
J.Akins,2022,13,5.1,6.777777777777778,,,2
J.Woods,2022,13,4.800000000000001,7.242857142857143,,,2
A.Trautman,2022,13,4.800000000000001,4.3125,,,2
M.Callaway,2022,13,0.0,4.725,,,2
J.Stoll,2022,13,7.1000000000000005,1.7666666666666668,,,-1
D.Byrd,2022,13,2.2,6.271428571428572,,,2
C.Manhertz,2022,13,0.0,1.775,,,-1
K.Kieft,2022,13,2.2,3.34,,,2
M.Bandy,2022,13,2.5,2.733333333333333,,,2
M.Gallup,2022,13,18.3,7.175000000000001,,,2
M.Lewis,2022,13,2.0,3.6666666666666665,,,-1
I.Hodgins,2022,13,15.4,6.050000000000001,,,2
G.Dulcich,2022,13,14.5,8.066666666666668,,,2
M.Pruitt,2022,13,7.7,4.4,,,-1
N.Harry,2022,13,5.9,4.8,,,2
S.Toure,2022,13,1.7000000000000002,5.833333333333333,,,2
D.Mims,2022,13,0.0,4.16,,,2
V.Jefferson,2022,13,5.9,7.675000000000001,,,2
T.Quitoriano,2022,13,0.0,3.733333333333333,,,-1
J.Flacco,2022,14,-1.96,14.88,,,0
J.Allen,2022,14,20.58,24.528333333333336,,,0
G.Smith,2022,14,20.56,18.755,,,0
R.Wilson,2022,14,25.58,13.20181818181818,,,0
K.Cousins,2022,14,25.0,15.76,,,0
D.Mills,2022,14,5.2,11.556,,,0
T.Lawrence,2022,14,33.42,16.871666666666666,,,0
P.Mahomes,2022,14,19.78,25.051666666666662,,,0
K.Murray,2022,14,0.66,19.986,,,0
J.Herbert,2022,14,19.48,17.671666666666667,,,0
D.Carr,2022,14,2.58,15.908333333333331,,,0
D.Adams,2022,14,10.1,22.375,,,2
M.Jones,2022,14,10.5,15.651666666666666,,,0
T.Tagovailoa,2022,14,12.6,18.986,,,0
R.Tannehill,2022,14,17.759999999999998,13.278,,,0
D.Jones,2022,14,19.36,16.900000000000002,,,0
J.Goff,2022,14,26.1,15.548333333333332,,,0
J.Hurts,2022,14,30.38,25.375,,,0
M.Trubisky,2022,14,9.04,10.156,,,0
J.Burrow,2022,14,16.560000000000002,22.85333333333333,,,0
D.Prescott,2022,14,13.66,16.231428571428573,,,0
T.Brady,2022,14,10.12,15.715000000000002,,,0
M.Hollins,2022,14,8.2,9.98,,,2
T.Taylor,2022,14,14.28,1.79,,,1
T.Boyd,2022,14,0.0,11.451666666666668,,,2
B.Berrios,2022,14,3.5,4.031666666666667,,,1
K.Pickett,2022,14,1.6,12.30888888888889,,,0
J.Jefferson,2022,14,33.3,21.955,,,2
T.Hill,2022,14,18.1,28.75692307692308,,,2
B.Purdy,2022,14,21.7,3.81,,,0
C.Kirk,2022,14,9.5,15.416666666666666,,,2
A.Cooper,2022,14,6.2,15.35,,,2
N.Harris,2022,14,13.0,12.371666666666668,,,1
C.McCaffrey,2022,14,29.3,19.938333333333333,,,1
R.Burkhead,2022,14,1.2,5.87,,,2
C.Wilson,2022,14,3.9,2.771428571428572,,,2
L.Fournette,2022,14,10.6,15.345454545454546,,,1
D.Henry,2022,14,20.5,18.63,,,1
K.Allen,2022,14,21.200000000000003,15.748,,,0
C.Lamb,2022,14,8.3,16.866666666666667,,,2
G.Wilson,2022,14,13.8,13.366666666666667,,,2
A.Brown,2022,14,17.14,17.166666666666668,,,2
J.Chase,2022,14,28.5,19.8,,,2
D.Cook,2022,14,8.600000000000001,15.2,,,1
P.Dorsett,2022,14,3.8,3.6,,,2
Mi.Carter,2022,14,3.0,9.445454545454544,,,1
K.Drake,2022,14,2.2,8.6,,,1
D.Singletary,2022,14,5.300000000000001,11.658333333333331,,,1
J.Cook,2022,14,2.5,5.533333333333334,,,1
C.Akers,2022,14,9.3,5.42,,,1
B.Powell,2022,14,0.0,3.345454545454545,,,2
N.Chubb,2022,14,8.4,18.008333333333336,,,1
C.Hubbard,2022,14,18.9,4.6000000000000005,,,1
K.Hunt,2022,14,3.2,9.0,,,1
D.Foreman,2022,14,8.5,8.072727272727274,,,1
D.Moore,2022,14,0.6000000000000001,11.233333333333334,,,2
T.Homer,2022,14,5.4,5.45,,,2
D.Pierce,2022,14,11.8,12.883333333333336,,,1
T.Etienne,2022,14,3.2,12.2,,,1
J.Agnew,2022,14,7.4,5.566666666666666,,,2
M.Valdes-Scantling,2022,14,3.0,8.108333333333334,,,2
J.Conner,2022,14,23.4,13.3,,,1
I.Pacheco,2022,14,12.3,6.558333333333334,,,1
J.McKinnon,2022,14,32.400000000000006,7.141666666666667,,,2
A.Ekeler,2022,14,24.4,22.241666666666664,,,1
J.Jacobs,2022,14,19.4,21.95,,,1
J.Kelley,2022,14,4.5,5.142857142857143,,,1
J.Palmer,2022,14,9.3,12.418181818181818,,,2
R.Stevenson,2022,14,3.0,16.475,,,1
R.Mostert,2022,14,5.4,10.018181818181818,,,1
A.Ingold,2022,14,0.0,4.55,,,2
J.Waddle,2022,14,5.1,15.825,,,2
S.Barkley,2022,14,6.800000000000001,18.3,,,1
R.James,2022,14,19.1,7.359999999999999,,,2
M.Breida,2022,14,3.5,2.875,,,1
C.Okonkwo,2022,14,18.5,4.8100000000000005,,,2
D.Swift,2022,14,6.9,13.877777777777778,,,1
Ja.Williams,2022,14,3.7,14.466666666666669,,,1
M.Sanders,2022,14,28.5,14.233333333333334,,,1
K.Gainwell,2022,14,1.0,5.4,,,1
B.Scott,2022,14,10.7,2.35,,,1
J.Mixon,2022,14,12.6,18.09,,,1
J.Warren,2022,14,4.7,4.781818181818182,,,1
S.Perine,2022,14,9.4,10.075,,,1
B.Aiyuk,2022,14,13.7,13.375,,,2
D.Samuel,2022,14,14.4,13.6,,,2
J.Wilson,2022,14,2.6,10.408333333333331,,,1
E.Elliott,2022,14,17.1,12.98,,,1
T.Pollard,2022,14,22.2,16.34166666666667,,,1
J.Jones,2022,14,8.8,8.114285714285714,,,2
R.White,2022,14,10.7,8.863636363636363,,,1
Z.White,2022,14,0.9,0.6625000000000001,,,-1
G.Brightwell,2022,14,6.1000000000000005,3.7,,,1
J.Jeudy,2022,14,33.3,10.35,,,2
P.Ricard,2022,14,0.2,1.98,,,-1
M.Andrews,2022,14,3.7,14.018181818181818,,,2
J.Reagor,2022,14,0.0,3.3142857142857145,,,2
G.Olszewski,2022,14,1.7000000000000002,1.7,,,2
E.Moore,2022,14,12.0,6.366666666666666,,,2
K.Juszczyk,2022,14,2.7,4.609999999999999,,,2
T.Jones,2022,14,1.2,3.04,,,2
S.Miller,2022,14,0.0,5.0625,,,2
A.St. Brown,2022,14,13.4,18.481818181818184,,,2
J.Dobbins,2022,14,18.0,8.55,,,1
D.Duvernay,2022,14,0.0,8.766666666666667,,,2
I.McKenzie,2022,14,5.800000000000001,9.554545454545456,,,2
Z.Jones,2022,14,21.7,11.727272727272728,,,2
E.Engram,2022,14,39.2,7.883333333333333,,,2
D.Carter,2022,14,1.0,8.591666666666667,,,2
T.Kelce,2022,14,11.1,20.525,,,2
Z.Pascal,2022,14,1.5,3.655555555555555,,,2
J.Mason,2022,14,5.6000000000000005,2.4250000000000003,,,1
L.Shenault,2022,14,7.800000000000001,6.3375,,,2
D.Njoku,2022,14,18.7,10.755555555555556,,,2
M.Boone,2022,14,4.9,3.414285714285714,,,1
N.Gray,2022,14,7.5,4.166666666666667,,,2
L.Murray,2022,14,6.1,11.2375,,,1
K.Osborn,2022,14,14.8,5.733333333333334,,,2
K.Bourne,2022,14,9.7,3.854545454545455,,,2
D.Johnson,2022,14,14.2,10.775,,,2
J.Jackson,2022,14,10.1,4.3375,,,1
K.Raymond,2022,14,3.9,6.418181818181818,,,2
C.Godwin,2022,14,10.4,14.49,,,2
J.Hasty,2022,14,1.3,5.0,,,1
D.Bellinger,2022,14,4.9,8.114285714285714,,,2
K.Ingram,2022,14,0.1,2.583333333333333,,,1
T.Atwell,2022,14,9.5,4.842857142857143,,,2
M.Brown,2022,14,11.1,14.2,,,2
B.Skowronek,2022,14,15.9,5.591666666666666,,,2
Q.Watkins,2022,14,5.9,6.118181818181818,,,2
C.Ham,2022,14,1.9,2.34,,,-1
D.Peoples-Jones,2022,14,19.4,9.408333333333331,,,2
T.Thornton,2022,14,6.800000000000001,5.328571428571428,,,2
T.Conklin,2022,14,7.800000000000001,8.091666666666667,,,2
G.Pickens,2022,14,10.8,9.216666666666669,,,2
S.Sims,2022,14,7.1,1.7833333333333334,,,-1
G.Edwards,2022,14,6.6000000000000005,8.875,,,1
D.Ogunbowale,2022,14,2.1,4.8500000000000005,,,2
R.Blackshear,2022,14,11.9,3.9333333333333336,,,2
C.Moore,2022,14,26.6,6.563636363636364,,,2
T.Irwin,2022,14,13.8,5.24,,,2
G.Everett,2022,14,7.800000000000001,9.381818181818184,,,2
K.Williams,2022,14,3.9,5.550000000000001,,,1
T.Williams,2022,14,1.8,2.066666666666667,,,1
J.Smith,2022,14,0.0,4.745454545454546,,,2
K.Hinton,2022,14,8.8,5.288888888888889,,,2
A.Abdullah,2022,14,3.7,4.477777777777778,,,2
M.Goodwin,2022,14,20.3,7.433333333333334,,,2
H.Bryant,2022,14,1.8,4.93,,,2
S.Moore,2022,14,1.7000000000000002,3.87,,,2
R.McCloud,2022,14,2.8000000000000003,3.4400000000000004,,,2
S.Diggs,2022,14,6.7,22.6,,,2
Co.Heyward,2022,14,2.3,4.66,,,2
D.Gray,2022,14,2.0,0.0,,,-1
A.Thielen,2022,14,19.5,11.166666666666666,,,2
D.Slayton,2022,14,6.2,11.288888888888888,,,2
G.Kittle,2022,14,6.800000000000001,10.72,,,2
C.Davis,2022,14,2.5,9.055555555555555,,,2
D.Robinson,2022,14,10.2,6.618181818181819,,,2
G.Davis,2022,14,6.1,12.5,,,2
T.Higbee,2022,14,3.1,8.581818181818182,,,2
D.Knox,2022,14,14.1,7.063636363636364,,,2
S.Smith,2022,14,9.7,2.88,,,2
I.Thomas,2022,14,3.1,3.35,,,2
T.Tremble,2022,14,0.0,3.677777777777778,,,2
D.Metcalf,2022,14,18.1,14.4,,,2
T.Lockett,2022,14,17.0,15.800000000000002,,,2
W.Dissly,2022,14,4.0,6.4750000000000005,,,2
N.Fant,2022,14,0.0,7.266666666666667,,,2
C.Parkinson,2022,14,2.0,4.266666666666668,,,2
E.Saubert,2022,14,1.2,3.3875,,,2
E.Tomlinson,2022,14,3.1,1.34,,,-1
J.Smith-Schuster,2022,14,22.4,11.890909090909092,,,2
A.Green,2022,14,1.7000000000000002,4.233333333333333,,,2
Ju.Watson,2022,14,0.0,3.925,,,2
M.Williams,2022,14,23.6,13.5875,,,2
T.McKitty,2022,14,1.5,2.74,,,2
H.Henry,2022,14,10.0,5.883333333333333,,,2
D.Parker,2022,14,4.4,7.26,,,2
N.Agholor,2022,14,8.2,6.57,,,2
M.Gesicki,2022,14,0.0,6.241666666666667,,,2
T.Sherfield,2022,14,1.7000000000000002,6.041666666666667,,,2
R.Woods,2022,14,9.9,6.2250000000000005,,,2
N.Westbrook-Ikhine,2022,14,11.3,6.57,,,2
A.Hooper,2022,14,11.8,5.575,,,2
D.Chark,2022,14,21.4,7.866666666666667,,,2
T.Hockenson,2022,14,12.7,12.0,,,2
D.Smith,2022,14,17.4,13.125,,,2
J.Reynolds,2022,14,16.1,9.825,,,2
P.Freiermuth,2022,14,12.3,10.518181818181818,,,2
Z.Gentry,2022,14,0.0,2.64,,,2
J.Jennings,2022,14,1.5,5.663636363636363,,,2
D.Schultz,2022,14,14.7,8.530000000000001,,,2
N.Brown,2022,14,12.5,7.390000000000001,,,2
M.Evans,2022,14,8.4,13.554545454545456,,,2
C.Brate,2022,14,3.2,4.242857142857143,,,2
R.Gage,2022,14,9.2,7.525,,,2
F.Moreau,2022,14,0.0,7.622222222222222,,,2
S.Anderson,2022,14,2.7,0.3999999999999999,,,-1
M.Wilcox,2022,14,2.0,2.1666666666666665,,,2
D.Arnold,2022,14,1.5,2.6142857142857143,,,2
Dav.Bell,2022,14,5.7,3.354545454545455,,,2
C.Otton,2022,14,6.800000000000001,8.322222222222223,,,2
K.Shakir,2022,14,0.0,3.8285714285714287,,,2
B.Wright,2022,14,0.0,4.1375,,,2
C.Uzomah,2022,14,1.7000000000000002,3.375,,,2
J.Akins,2022,14,1.5,6.609999999999999,,,2
K.Cole,2022,14,2.1,2.7,,,2
J.Stoll,2022,14,4.0,2.528571428571429,,,2
G.Calcaterra,2022,14,4.4,2.9,,,2
T.McBride,2022,14,5.800000000000001,3.4000000000000004,,,2
C.Manhertz,2022,14,3.1,1.42,,,-1
K.Kieft,2022,14,2.1,3.15,,,2
M.Gallup,2022,14,6.0,8.411111111111111,,,2
I.Hodgins,2022,14,15.8,7.92,,,2
T.Marshall,2022,14,2.8,7.1000000000000005,,,2
G.Dulcich,2022,14,7.2,8.985714285714286,,,2
D.Hopkins,2022,14,12.9,20.73333333333333,,,2
D.Mims,2022,14,6.5,3.466666666666667,,,2
S.Zylstra,2022,14,3.8,2.833333333333333,,,-1
V.Jefferson,2022,14,12.4,7.32,,,2
B.Hopkins,2022,14,1.8,1.4333333333333336,,,-1
J.Allen,2022,15,35.86,24.224615384615387,,,0
J.Brissett,2022,15,0.3,14.01,,,0
G.Smith,2022,15,15.32,18.893846153846155,,,0
K.Cousins,2022,15,32.400000000000006,16.470769230769232,,,0
A.Rodgers,2022,15,15.46,14.518571428571429,,,0
M.Ryan,2022,15,11.28,13.090909090909092,,,0
D.Mills,2022,15,18.94,10.978181818181818,,,0
T.Lawrence,2022,15,26.82,18.144615384615385,,,0
P.Mahomes,2022,15,32.739999999999995,24.646153846153844,,,0
J.Herbert,2022,15,8.719999999999999,17.810769230769232,,,0
D.Carr,2022,15,19.24,14.883076923076924,,,0
D.Adams,2022,15,6.800000000000001,21.43076923076924,,,2
M.Jones,2022,15,17.18,15.255384615384616,,,0
T.Tagovailoa,2022,15,18.06,18.405454545454543,,,0
R.Tannehill,2022,15,10.7,13.685454545454547,,,0
D.Jones,2022,15,9.9,17.08923076923077,,,0
J.Goff,2022,15,14.08,16.36,,,0
J.Hurts,2022,15,34.7,25.76,,,0
M.Trubisky,2022,15,14.06,9.97,,,0
J.Burrow,2022,15,24.8,22.36923076923077,,,0
J.Fields,2022,15,23.58,20.52833333333333,,,0
D.Prescott,2022,15,20.24,15.91,,,0
T.Brady,2022,15,16.58,15.284615384615384,,,0
M.Willis,2022,15,1.6,1.496,,,0
M.Hollins,2022,15,14.0,9.843076923076923,,,2
T.Boyd,2022,15,14.5,10.570769230769232,,,2
A.Dalton,2022,15,14.14,14.148,,,0
Z.Wilson,2022,15,19.38,11.108571428571429,,,0
B.Berrios,2022,15,2.4000000000000004,3.990769230769231,,,1
J.Jefferson,2022,15,30.3,22.827692307692303,,,2
T.Hill,2022,15,32.1,27.99571428571429,,,2
T.Heinicke,2022,15,13.260000000000002,13.208571428571428,,,0
B.Purdy,2022,15,16.48,7.388,,,0
C.Kirk,2022,15,15.2,14.961538461538462,,,2
A.Cooper,2022,15,9.8,14.646153846153847,,,2
N.Harris,2022,15,14.6,12.42,,,1
C.McCaffrey,2022,15,25.8,20.658461538461538,,,1
R.Burkhead,2022,15,3.7,5.445454545454546,,,2
C.McCoy,2022,15,1.3200000000000005,10.493333333333334,,,0
C.Wilson,2022,15,3.1,2.9125,,,2
L.Fournette,2022,15,11.4,14.95,,,1
D.Henry,2022,15,26.3,18.773846153846154,,,1
K.Allen,2022,15,16.6,16.656666666666666,,,0
J.Proche,2022,15,0.0,2.44,,,2
C.Lamb,2022,15,19.700000000000003,16.207692307692305,,,2
G.Wilson,2022,15,13.8,13.400000000000002,,,2
A.Brown,2022,15,27.1,17.164615384615384,,,2
J.Chase,2022,15,19.0,20.766666666666666,,,2
J.Driskel,2022,15,1.12,3.5400000000000005,,,1
D.Cook,2022,15,27.0,14.692307692307692,,,1
J.Johnson,2022,15,22.7,7.792307692307693,,,2
P.Dorsett,2022,15,0.0,3.6181818181818177,,,2
Mi.Carter,2022,15,4.1,8.908333333333333,,,1
J.Hill,2022,15,2.8,3.44,,,1
D.Singletary,2022,15,10.0,11.169230769230769,,,1
Z.Moss,2022,15,8.1,2.2111111111111112,,,1
J.Cook,2022,15,11.9,5.300000000000001,,,1
C.Akers,2022,15,13.0,5.7727272727272725,,,1
B.Powell,2022,15,1.7000000000000002,3.0666666666666664,,,2
N.Chubb,2022,15,9.9,17.26923076923077,,,1
C.Hubbard,2022,15,9.7,6.3875,,,1
K.Hunt,2022,15,3.7,8.553846153846154,,,1
D.Foreman,2022,15,0.9,8.108333333333333,,,1
D.Moore,2022,15,18.3,10.415384615384616,,,2
T.Homer,2022,15,5.0,5.442857142857143,,,2
A.Jones,2022,15,20.6,15.5,,,1
A.Dillon,2022,15,22.1,9.176923076923078,,,1
A.Mattison,2022,15,0.1,4.776923076923077,,,1
C.Watson,2022,15,8.600000000000001,12.59,,,2
R.Doubs,2022,15,10.5,8.833333333333334,,,2
J.Taylor,2022,15,2.3,13.345454545454546,,,1
C.Samuel,2022,15,7.5,11.569230769230767,,,2
A.Gibson,2022,15,4.7,12.007692307692308,,,1
J.Dotson,2022,15,20.5,9.2,,,2
T.Etienne,2022,15,12.7,11.50769230769231,,,1
J.Agnew,2022,15,8.4,5.75,,,2
M.Valdes-Scantling,2022,15,11.6,7.715384615384616,,,2
J.Conner,2022,15,18.1,14.31,,,1
I.Pacheco,2022,15,8.7,7.0,,,1
J.McKinnon,2022,15,34.2,9.084615384615384,,,2
A.Ekeler,2022,15,15.0,22.407692307692308,,,1
J.Jacobs,2022,15,13.0,21.753846153846155,,,1
J.Kelley,2022,15,10.1,5.0625,,,1
J.Palmer,2022,15,9.9,12.158333333333331,,,2
R.Stevenson,2022,15,24.8,15.438461538461535,,,1
R.Mostert,2022,15,16.6,9.633333333333333,,,1
A.Ingold,2022,15,1.9,4.044444444444444,,,2
J.Meyers,2022,15,8.7,12.62,,,2
J.Waddle,2022,15,20.4,15.0,,,2
C.Patterson,2022,15,12.2,11.344444444444443,,,1
A.Kamara,2022,15,12.4,14.481818181818182,,,1
A.Williams,2022,15,3.0,2.58,,,1
S.Barkley,2022,15,23.0,17.415384615384617,,,1
R.James,2022,15,8.2,8.427272727272728,,,2
M.Breida,2022,15,2.2,2.923076923076923,,,1
K.Toney,2022,15,1.5,5.3,,,2
C.Okonkwo,2022,15,10.0,6.054545454545454,,,2
D.Swift,2022,15,12.5,13.18,,,1
Ja.Williams,2022,15,3.3000000000000003,13.63846153846154,,,1
M.Sanders,2022,15,1.9000000000000004,15.330769230769231,,,1
K.Gainwell,2022,15,3.4,5.061538461538461,,,1
J.Mixon,2022,15,10.4,17.59090909090909,,,1
J.Warren,2022,15,11.9,4.775,,,1
S.Perine,2022,15,3.4000000000000004,10.023076923076925,,,1
D.Montgomery,2022,15,24.1,11.291666666666666,,,1
B.Aiyuk,2022,15,3.9,13.4,,,2
E.Elliott,2022,15,15.1,13.354545454545455,,,1
T.Pollard,2022,15,14.6,16.792307692307695,,,1
R.White,2022,15,5.300000000000001,9.016666666666667,,,1
Z.White,2022,15,0.4,0.6888888888888889,,,-1
T.Allgeier,2022,15,22.6,7.591666666666668,,,1
C.Huntley,2022,15,0.2,4.063636363636364,,,1
J.Jeudy,2022,15,14.6,12.436363636363636,,,2
A.Beck,2022,15,0.1,1.7600000000000002,,,2
A.Dulin,2022,15,5.0,6.25,,,2
D.Jackson,2022,15,10.6,7.24,,,2
M.Andrews,2022,15,6.1,13.158333333333331,,,2
J.Reagor,2022,15,-0.5,2.9000000000000004,,,2
D.Watt,2022,15,0.2,2.2666666666666666,,,-1
G.Olszewski,2022,15,1.3,1.7,,,2
D.Felton,2022,15,1.5,0.3,,,-1
E.Moore,2022,15,9.4,6.9300000000000015,,,2
K.Walker,2022,15,11.9,13.590909090909092,,,1
H.Haskins,2022,15,3.5,2.6333333333333333,,,1
A.St. Brown,2022,15,15.2,18.058333333333334,,,2
T.McLaurin,2022,15,13.0,13.553846153846154,,,2
J.Dobbins,2022,15,13.8,10.44,,,1
D.Duvernay,2022,15,4.9,8.092307692307692,,,2
I.McKenzie,2022,15,4.4,9.241666666666667,,,2
E.St. Brown,2022,15,3.0,4.269230769230769,,,2
T.Ebner,2022,15,0.0,1.64,,,1
Z.Jones,2022,15,34.9,12.558333333333332,,,2
E.Engram,2022,15,14.2,10.292307692307691,,,2
D.Carter,2022,15,1.5,8.007692307692308,,,2
T.Kelce,2022,15,20.5,19.8,,,2
Z.Pascal,2022,15,0.0,3.44,,,2
J.Mason,2022,15,6.4,3.06,,,1
L.Shenault,2022,15,0.0,6.5,,,2
D.Njoku,2022,15,5.800000000000001,11.55,,,2
N.Gray,2022,15,6.1,4.423076923076923,,,2
L.Murray,2022,15,21.2,10.666666666666666,,,1
K.Osborn,2022,15,31.700000000000003,6.43076923076923,,,2
K.Bourne,2022,15,0.0,4.341666666666667,,,2
D.Johnson,2022,15,19.200000000000003,11.038461538461538,,,2
J.Jackson,2022,15,4.1,4.977777777777778,,,1
K.Raymond,2022,15,10.3,6.208333333333333,,,2
C.Godwin,2022,15,22.3,14.11818181818182,,,2
J.Hasty,2022,15,2.5,4.63,,,1
D.Smythe,2022,15,0.8,3.575,,,-1
D.Bellinger,2022,15,1.4,7.7125,,,2
B.Robinson,2022,15,11.7,9.61111111111111,,,1
T.Atwell,2022,15,1.6,5.425000000000001,,,2
M.Brown,2022,15,5.9,13.89,,,2
B.Skowronek,2022,15,1.3,6.384615384615385,,,2
R.Shaheed,2022,15,18.5,7.557142857142858,,,2
Q.Watkins,2022,15,5.0,6.1000000000000005,,,2
C.Ham,2022,15,7.5,2.2666666666666666,,,-1
D.Peoples-Jones,2022,15,13.1,10.176923076923078,,,2
T.Thornton,2022,15,3.1,5.5125,,,2
K.Harris,2022,15,1.9,3.0,,,1
T.Conklin,2022,15,1.9,8.069230769230769,,,2
G.Pickens,2022,15,7.300000000000001,9.33846153846154,,,2
S.Sims,2022,15,3.9,2.542857142857143,,,2
V.Jones,2022,15,-0.7,3.2400000000000007,,,1
D.Pettis,2022,15,2.3,4.99,,,2
G.Edwards,2022,15,5.5,8.42,,,1
D.Ogunbowale,2022,15,1.4,4.457142857142857,,,2
O.Zaccheaus,2022,15,0.0,6.961538461538462,,,2
S.Ahmed,2022,15,10.3,0.4666666666666667,,,-1
C.Moore,2022,15,8.2,8.233333333333334,,,2
P.Campbell,2022,15,3.3,9.292307692307691,,,2
T.Irwin,2022,15,1.5,6.666666666666667,,,2
K.Granson,2022,15,5.4,4.65,,,2
G.Everett,2022,15,8.2,9.25,,,2
C.Kmet,2022,15,6.5,8.207692307692309,,,2
K.Williams,2022,15,0.7000000000000001,5.220000000000001,,,1
J.Smith,2022,15,16.1,4.3500000000000005,,,2
Z.Knight,2022,15,2.3000000000000003,15.266666666666666,,,1
M.Mack,2022,15,16.3,6.6000000000000005,,,2
A.Abdullah,2022,15,3.4000000000000004,4.4,,,2
M.Goodwin,2022,15,3.0,8.72,,,2
P.Hendershot,2022,15,9.0,4.357142857142857,,,2
H.Bryant,2022,15,2.7,4.6454545454545455,,,2
S.Moore,2022,15,1.2000000000000002,3.672727272727273,,,2
R.McCloud,2022,15,2.6,3.3818181818181823,,,2
M.Woods,2022,15,0.9,1.3666666666666665,,,-1
M.Pittman,2022,15,19.0,13.458333333333334,,,2
S.Diggs,2022,15,10.7,21.37692307692308,,,2
D.Brown,2022,15,1.5,5.216666666666667,,,2
A.Lazard,2022,15,1.7000000000000002,12.454545454545457,,,2
A.Thielen,2022,15,13.1,11.807692307692308,,,2
D.Slayton,2022,15,7.300000000000001,10.78,,,2
G.Kittle,2022,15,25.3,10.363636363636363,,,2
I.Likely,2022,15,3.8,5.76,,,2
D.Robinson,2022,15,6.9,6.916666666666667,,,2
G.Davis,2022,15,9.6,11.966666666666669,,,2
T.Higbee,2022,15,12.7,8.125,,,2
D.Knox,2022,15,21.8,7.650000000000001,,,2
S.Smith,2022,15,3.4000000000000004,3.5,,,2
T.Tremble,2022,15,4.0,3.31,,,2
D.Metcalf,2022,15,12.5,14.684615384615386,,,2
T.Lockett,2022,15,13.8,15.892307692307694,,,2
W.Dissly,2022,15,2.3,6.2846153846153845,,,2
N.Fant,2022,15,14.2,6.707692307692308,,,2
C.Parkinson,2022,15,0.0,4.040000000000001,,,2
E.Saubert,2022,15,1.5,3.1444444444444444,,,2
E.Tomlinson,2022,15,11.8,1.6333333333333335,,,-1
J.Mundt,2022,15,1.7000000000000002,3.1545454545454548,,,2
R.Tonyan,2022,15,1.4,6.7846153846153845,,,2
R.Cobb,2022,15,6.2,7.433333333333334,,,2
C.Conley,2022,15,4.9,1.2333333333333334,,,-1
A.Pierce,2022,15,0.0,7.916666666666667,,,2
B.Jordan,2022,15,1.9,2.966666666666667,,,2
M.Alie-Cox,2022,15,0.0,4.529999999999999,,,2
L.Thomas,2022,15,1.6,5.666666666666667,,,2
J.Smith-Schuster,2022,15,16.8,12.766666666666666,,,2
A.Green,2022,15,0.0,3.98,,,2
J.Fortson,2022,15,0.0,3.975,,,2
Ju.Watson,2022,15,0.0,3.623076923076923,,,2
M.Williams,2022,15,13.8,14.7,,,2
D.Waller,2022,15,13.8,9.875,,,2
H.Renfrow,2022,15,2.4000000000000004,6.366666666666667,,,2
H.Henry,2022,15,2.9,6.199999999999999,,,2
N.Agholor,2022,15,1.3,6.718181818181819,,,2
M.Gesicki,2022,15,1.5,5.761538461538462,,,2
T.Sherfield,2022,15,0.0,5.707692307692308,,,2
D.London,2022,15,12.0,9.561538461538465,,,2
J.Landry,2022,15,0.0,7.525,,,2
A.Firkser,2022,15,0.0,2.78,,,2
C.Olave,2022,15,8.3,13.891666666666666,,,2
R.Woods,2022,15,3.2,6.507692307692308,,,2
N.Westbrook-Ikhine,2022,15,0.0,7.0,,,2
A.Hooper,2022,15,5.300000000000001,6.053846153846154,,,2
D.Chark,2022,15,2.8,9.8,,,2
T.Hockenson,2022,15,8.3,12.053846153846154,,,2
D.Smith,2022,15,17.6,13.453846153846154,,,2
T.Higgins,2022,15,16.3,16.00909090909091,,,2
Z.Gentry,2022,15,1.4,2.4,,,-1
T.Kroft,2022,15,3.8,1.9666666666666668,,,-1
J.Jennings,2022,15,6.1,5.316666666666666,,,2
B.Pringle,2022,15,11.9,4.175,,,2
D.Schultz,2022,15,3.5,9.090909090909092,,,2
N.Brown,2022,15,22.9,7.854545454545455,,,2
M.Evans,2022,15,13.3,13.125,,,2
C.Brate,2022,15,4.5,4.1125,,,2
R.Gage,2022,15,25.9,7.711111111111112,,,2
F.Moreau,2022,15,4.0,6.859999999999999,,,2
M.Wilcox,2022,15,12.4,2.142857142857143,,,2
C.Otton,2022,15,3.0,8.17,,,2
Q.Morris,2022,15,8.4,2.4,,,2
B.Wright,2022,15,12.1,3.677777777777778,,,2
J.Oliver,2022,15,3.3,4.5,,,2
C.Uzomah,2022,15,18.1,3.188888888888889,,,2
J.Akins,2022,15,11.2,6.145454545454545,,,2
J.Woods,2022,15,4.6,6.9375,,,2
K.Cole,2022,15,13.0,2.6,,,2
N.Vannett,2022,15,2.5,1.7333333333333334,,,-1
A.Trautman,2022,15,0.0,4.366666666666666,,,2
J.Stoll,2022,15,1.6,2.7125000000000004,,,2
G.Calcaterra,2022,15,0.0,3.275,,,2
T.McBride,2022,15,9.5,3.88,,,2
D.Byrd,2022,15,0.0,5.7625,,,2
M.Gallup,2022,15,1.2,8.17,,,2
M.Lewis,2022,15,2.4000000000000004,3.25,,,-1
I.Hodgins,2022,15,7.7,9.233333333333334,,,2
T.Marshall,2022,15,8.100000000000001,6.622222222222223,,,2
G.Dulcich,2022,15,2.1,8.7625,,,2
M.Pruitt,2022,15,4.0,4.95,,,-1
D.Hopkins,2022,15,13.0,19.61428571428572,,,2
D.Mims,2022,15,2.3,3.9,,,2
J.Mitchell,2022,15,3.2,3.95,,,2
S.Zylstra,2022,15,1.4,3.075,,,-1
V.Jefferson,2022,15,5.2,8.166666666666666,,,2
T.Quitoriano,2022,15,7.8,2.8,,,-1
B.Johnson,2022,15,6.0,3.4,,,-1
J.Allen,2022,16,22.98,25.055714285714284,,,0
G.Smith,2022,16,12.2,18.638571428571428,,,0
R.Wilson,2022,16,8.260000000000002,14.233333333333333,,,0
K.Cousins,2022,16,24.16,17.60857142857143,,,0
A.Rodgers,2022,16,18.02,14.581333333333331,,,0
D.Mills,2022,16,9.92,11.641666666666666,,,0
T.Lawrence,2022,16,18.26,18.76428571428572,,,0
C.Wentz,2022,16,8.92,16.243333333333336,,,0
P.Mahomes,2022,16,23.76,25.22428571428572,,,0
T.McSorley,2022,16,4.08,1.346666666666667,,,0
J.Herbert,2022,16,5.5,17.16142857142857,,,0
D.Carr,2022,16,6.359999999999999,15.194285714285716,,,0
D.Adams,2022,16,3.5,20.385714285714283,,,2
M.Jones,2022,16,22.0,15.392857142857142,,,0
T.Tagovailoa,2022,16,10.4,18.37666666666667,,,0
D.Jones,2022,16,20.76,16.575714285714287,,,0
J.Goff,2022,16,25.700000000000003,16.197142857142858,,,0
J.Burrow,2022,16,23.5,22.542857142857144,,,0
J.Fields,2022,16,9.86,20.763076923076923,,,0
D.Prescott,2022,16,27.98,16.391111111111112,,,0
T.Brady,2022,16,11.34,15.377142857142855,,,0
D.Dallas,2022,16,10.2,2.45,,,1
M.Willis,2022,16,10.26,1.5133333333333334,,,0
M.Hollins,2022,16,1.7000000000000002,10.14,,,2
T.Boyd,2022,16,5.1,10.851428571428572,,,2
A.Dalton,2022,16,1.58,14.147272727272728,,,0
Z.Wilson,2022,16,1.7800000000000002,12.1425,,,0
K.Pickett,2022,16,12.66,11.238,,,0
J.Jefferson,2022,16,31.3,23.36142857142857,,,2
T.Hill,2022,16,25.9,28.269333333333336,,,2
T.Heinicke,2022,16,10.24,13.215,,,0
B.Purdy,2022,16,15.96,8.903333333333334,,,0
C.Kirk,2022,16,5.6,14.978571428571428,,,2
B.Rypien,2022,16,-0.1999999999999999,6.073333333333333,,,0
A.Cooper,2022,16,13.2,14.3,,,2
N.Harris,2022,16,15.5,12.575714285714286,,,1
G.Minshew,2022,16,22.700000000000003,0.3866666666666667,,,0
C.McCaffrey,2022,16,13.8,21.025714285714287,,,1
R.Burkhead,2022,16,2.7,5.3,,,2
L.Fournette,2022,16,25.2,14.676923076923078,,,1
D.Henry,2022,16,18.6,19.31142857142857,,,1
S.Darnold,2022,16,21.9,13.953333333333331,,,0
K.Allen,2022,16,21.4,16.64857142857143,,,0
D.Watson,2022,16,11.8,11.44,,,0
T.Huntley,2022,16,13.2,9.073333333333332,,,0
C.Lamb,2022,16,34.0,16.45714285714286,,,2
G.Wilson,2022,16,5.0,13.428571428571429,,,2
A.Brown,2022,16,16.3,17.874285714285715,,,2
J.Chase,2022,16,13.9,20.59,,,2
J.Driskel,2022,16,3.2,2.935,,,1
D.Cook,2022,16,10.7,15.571428571428571,,,1
J.Johnson,2022,16,1.9,8.857142857142858,,,2
P.Dorsett,2022,16,7.5,3.3166666666666664,,,2
Mi.Carter,2022,16,10.0,8.538461538461538,,,1
J.Hill,2022,16,1.4,3.3818181818181823,,,1
D.Singletary,2022,16,20.5,11.085714285714284,,,1
Z.Moss,2022,16,8.0,2.8,,,1
J.Cook,2022,16,17.8,5.771428571428572,,,1
C.Akers,2022,16,34.7,6.375,,,1
B.Powell,2022,16,4.5,2.9615384615384617,,,2
N.Chubb,2022,16,11.2,16.742857142857144,,,1
C.Hubbard,2022,16,12.5,6.755555555555556,,,1
K.Hunt,2022,16,5.2,8.207142857142857,,,1
D.Foreman,2022,16,22.5,7.553846153846154,,,1
D.Moore,2022,16,20.1,10.978571428571428,,,2
A.Jones,2022,16,5.4,15.864285714285714,,,1
A.Dillon,2022,16,12.8,10.1,,,1
A.Mattison,2022,16,1.7000000000000002,4.442857142857143,,,1
C.Watson,2022,16,10.9,12.227272727272728,,,2
R.Doubs,2022,16,6.6,9.0,,,2
C.Samuel,2022,16,16.4,11.278571428571428,,,2
A.Gibson,2022,16,5.1,11.485714285714286,,,1
J.Dotson,2022,16,19.6,10.455555555555556,,,2
T.Etienne,2022,16,14.2,11.592857142857143,,,1
J.Agnew,2022,16,1.8,5.990909090909091,,,2
M.Valdes-Scantling,2022,16,0.0,7.992857142857143,,,2
J.Conner,2022,16,25.0,14.654545454545454,,,1
I.Pacheco,2022,16,10.0,7.121428571428572,,,1
J.McKinnon,2022,16,12.8,10.87857142857143,,,2
A.Ekeler,2022,16,23.9,21.87857142857143,,,1
J.Jacobs,2022,16,6.0,21.12857142857143,,,1
J.Kelley,2022,16,5.2,5.622222222222223,,,1
J.Palmer,2022,16,3.6,11.984615384615385,,,2
R.Stevenson,2022,16,3.3,16.107142857142858,,,1
R.Mostert,2022,16,4.9,10.16923076923077,,,1
A.Ingold,2022,16,0.0,3.83,,,2
J.Meyers,2022,16,20.3,12.263636363636364,,,2
J.Waddle,2022,16,25.3,15.385714285714286,,,2
C.Patterson,2022,16,4.1000000000000005,11.43,,,1
A.Kamara,2022,16,19.0,14.308333333333335,,,1
A.Williams,2022,16,5.0,2.618181818181818,,,1
S.Barkley,2022,16,27.3,17.814285714285713,,,1
R.James,2022,16,17.0,8.408333333333333,,,2
M.Breida,2022,16,0.9,2.8714285714285714,,,1
K.Toney,2022,16,7.8,4.666666666666667,,,2
C.Okonkwo,2022,16,2.0,6.383333333333333,,,2
D.Swift,2022,16,3.5,13.11818181818182,,,1
Ja.Williams,2022,16,3.4000000000000004,12.900000000000002,,,1
M.Sanders,2022,16,6.1,14.37142857142857,,,1
K.Gainwell,2022,16,9.8,4.942857142857143,,,1
J.Mixon,2022,16,17.8,16.991666666666667,,,1
J.Warren,2022,16,4.0,5.323076923076924,,,1
S.Perine,2022,16,5.2,9.55,,,1
D.Montgomery,2022,16,10.4,12.27692307692308,,,1
B.Aiyuk,2022,16,13.1,12.721428571428572,,,2
K.Herbert,2022,16,2.3,10.65,,,1
J.Wilson,2022,16,11.0,9.807692307692308,,,1
E.Elliott,2022,16,13.1,13.5,,,1
T.Pollard,2022,16,14.0,16.635714285714286,,,1
J.Jones,2022,16,1.5,8.2,,,2
R.White,2022,16,15.3,8.73076923076923,,,1
T.Allgeier,2022,16,15.7,8.746153846153847,,,1
J.Jeudy,2022,16,17.700000000000003,12.616666666666664,,,2
C.Sutton,2022,16,11.4,10.608333333333333,,,2
D.Jackson,2022,16,5.9,7.545454545454546,,,2
M.Andrews,2022,16,7.5,12.615384615384617,,,2
E.Moore,2022,16,3.5,7.154545454545455,,,2
K.Walker,2022,16,12.500000000000002,13.45,,,1
S.Miller,2022,16,0.0,4.5,,,2
H.Haskins,2022,16,3.7,2.85,,,1
A.St. Brown,2022,16,14.6,17.838461538461537,,,2
T.McLaurin,2022,16,17.7,13.514285714285714,,,2
J.Dobbins,2022,16,5.9,11.0,,,1
I.McKenzie,2022,16,0.6000000000000001,8.86923076923077,,,2
Z.Jones,2022,16,2.1,14.276923076923076,,,2
E.Engram,2022,16,18.3,10.571428571428571,,,2
T.Kelce,2022,16,17.3,19.85,,,2
T.Burks,2022,16,1.5,8.5125,,,2
Z.Pascal,2022,16,1.6,3.127272727272727,,,2
L.Shenault,2022,16,8.3,5.85,,,2
D.Njoku,2022,16,3.4000000000000004,11.02727272727273,,,2
N.Gray,2022,16,1.8,4.542857142857143,,,2
L.Murray,2022,16,7.0,11.72,,,1
K.Osborn,2022,16,4.7,8.235714285714286,,,2
K.Bourne,2022,16,24.9,4.007692307692308,,,2
D.Johnson,2022,16,14.8,11.62142857142857,,,2
J.Jackson,2022,16,-0.1,4.890000000000001,,,1
K.Raymond,2022,16,7.4,6.523076923076924,,,2
C.Godwin,2022,16,14.3,14.800000000000002,,,2
J.Hasty,2022,16,3.1,4.4363636363636365,,,1
D.Smythe,2022,16,1.8,3.2666666666666666,,,-1
D.Bellinger,2022,16,4.7,7.011111111111111,,,2
B.Robinson,2022,16,5.800000000000001,9.82,,,1
K.Ingram,2022,16,0.2,1.95,,,-1
T.Atwell,2022,16,3.4000000000000004,5.0,,,2
M.Brown,2022,16,11.9,13.163636363636364,,,2
R.Shaheed,2022,16,8.100000000000001,8.925,,,2
Q.Watkins,2022,16,2.9000000000000004,6.015384615384615,,,2
C.Ham,2022,16,1.5,3.0142857142857147,,,-1
D.Peoples-Jones,2022,16,1.2,10.385714285714286,,,2
T.Thornton,2022,16,1.8,5.2444444444444445,,,2
K.Harris,2022,16,0.3,2.725,,,1
P.Strong,2022,16,3.0,8.066666666666666,,,1
T.Conklin,2022,16,7.4,7.628571428571428,,,2
G.Pickens,2022,16,16.7,9.19285714285714,,,2
S.Sims,2022,16,1.7000000000000002,2.7125000000000004,,,1
V.Jones,2022,16,7.2,2.583333333333333,,,1
D.Pettis,2022,16,9.1,4.745454545454546,,,2
G.Edwards,2022,16,9.9,7.933333333333334,,,1
D.Ogunbowale,2022,16,2.8000000000000003,4.075,,,2
G.Dortch,2022,16,22.3,9.85,,,2
T.Johnson,2022,16,0.7000000000000001,4.671428571428572,,,1
R.Blackshear,2022,16,8.5,5.071428571428571,,,1
O.Zaccheaus,2022,16,5.8,6.464285714285714,,,2
C.Moore,2022,16,4.5,8.23076923076923,,,2
P.Campbell,2022,16,3.9,8.864285714285714,,,2
T.Irwin,2022,16,19.5,5.928571428571429,,,2
K.Vaughn,2022,16,0.6000000000000001,1.4,,,1
C.Kmet,2022,16,7.7,8.085714285714285,,,2
K.Williams,2022,16,3.1,4.466666666666667,,,1
B.Cooks,2022,16,13.4,10.27,,,2
J.Smith,2022,16,5.1,5.253846153846155,,,2
S.Conner,2022,16,0.5,0.6666666666666666,,,-1
Z.Knight,2022,16,2.3,12.025,,,1
M.Mack,2022,16,2.2,9.025,,,2
A.Abdullah,2022,16,4.7,4.3090909090909095,,,2
M.Goodwin,2022,16,0.0,8.200000000000001,,,2
S.Moore,2022,16,1.5,3.466666666666667,,,2
A.Prentice,2022,16,0.5,0.9,,,-1
R.McCloud,2022,16,13.1,3.3166666666666664,,,2
M.Woods,2022,16,1.5,1.25,,,-1
M.Pittman,2022,16,7.9,13.884615384615383,,,2
S.Diggs,2022,16,4.6,20.61428571428572,,,2
Co.Heyward,2022,16,2.1,4.266666666666667,,,2
A.Lazard,2022,16,11.1,11.558333333333332,,,2
A.Thielen,2022,16,1.6,11.900000000000002,,,2
D.Slayton,2022,16,11.9,10.463636363636365,,,2
G.Kittle,2022,16,30.0,11.608333333333334,,,2
C.Davis,2022,16,3.4000000000000004,8.4,,,2
I.Likely,2022,16,1.4,5.581818181818182,,,2
D.Robinson,2022,16,7.6,6.915384615384616,,,2
G.Davis,2022,16,11.5,11.784615384615384,,,2
T.Higbee,2022,16,30.4,8.476923076923077,,,2
D.Knox,2022,16,12.8,8.738461538461538,,,2
S.Smith,2022,16,2.7,3.491666666666667,,,2
I.Thomas,2022,16,2.2,3.327272727272728,,,2
T.Tremble,2022,16,3.8,3.372727272727273,,,2
D.Metcalf,2022,16,15.1,14.528571428571428,,,2
W.Dissly,2022,16,2.9000000000000004,6.0,,,2
N.Fant,2022,16,9.2,7.242857142857143,,,2
C.Parkinson,2022,16,7.5,3.672727272727273,,,2
J.Mundt,2022,16,2.6,3.033333333333333,,,2
R.Tonyan,2022,16,2.3,6.4,,,2
R.Cobb,2022,16,1.5,7.31,,,2
J.Deguara,2022,16,1.4,3.085714285714286,,,2
A.Pierce,2022,16,5.6,7.3076923076923075,,,2
T.Hairston,2022,16,1.0,1.05,,,-1
B.Jordan,2022,16,4.1,2.8142857142857145,,,2
M.Alie-Cox,2022,16,1.2,4.118181818181818,,,2
L.Thomas,2022,16,9.5,5.26,,,2
J.Smith-Schuster,2022,16,5.7,13.076923076923077,,,2
Ju.Watson,2022,16,0.0,3.3642857142857143,,,2
M.Williams,2022,16,11.6,14.610000000000005,,,2
D.Waller,2022,16,9.8,10.66,,,2
T.McKitty,2022,16,2.0,2.533333333333333,,,2
H.Renfrow,2022,16,14.2,5.8,,,2
M.Gesicki,2022,16,3.4000000000000004,5.457142857142857,,,2
T.Sherfield,2022,16,4.5,5.3,,,2
P.Hesse,2022,16,1.8,2.071428571428572,,,2
D.London,2022,16,14.6,9.735714285714286,,,2
A.Firkser,2022,16,3.0,2.316666666666667,,,2
R.Woods,2022,16,7.0,6.271428571428572,,,2
G.Swaim,2022,16,0.9,2.5,,,-1
N.Westbrook-Ikhine,2022,16,4.300000000000001,6.416666666666667,,,2
A.Hooper,2022,16,4.0,6.0,,,2
D.Chark,2022,16,14.8,8.925,,,2
T.Hockenson,2022,16,35.9,11.785714285714286,,,2
D.Goedert,2022,16,9.7,12.6,,,2
D.Smith,2022,16,31.3,13.75,,,2
J.Reynolds,2022,16,5.1,10.522222222222222,,,2
P.Freiermuth,2022,16,13.6,10.666666666666666,,,2
T.Higgins,2022,16,26.8,16.033333333333335,,,2
Z.Gentry,2022,16,1.1,2.316666666666667,,,-1
R.Griffin,2022,16,1.2,1.08,,,-1
J.Jennings,2022,16,4.1,5.376923076923077,,,2
B.Pringle,2022,16,5.4,5.720000000000001,,,2
D.Schultz,2022,16,7.3,8.625,,,2
N.Brown,2022,16,1.5,9.108333333333334,,,2
M.Evans,2022,16,5.9,13.13846153846154,,,2
R.Gage,2022,16,11.5,9.53,,,2
F.Moreau,2022,16,3.9,6.6,,,2
S.Anderson,2022,16,0.0,0.975,,,-1
M.Wilcox,2022,16,9.5,3.425,,,2
D.Arnold,2022,16,2.7,2.475,,,2
Dav.Bell,2022,16,2.8,3.5500000000000003,,,2
C.Otton,2022,16,3.2,7.7,,,2
R.Gilliam,2022,16,2.2,6.233333333333333,,,2
K.Shakir,2022,16,3.5,3.35,,,2
B.Wright,2022,16,2.1,4.5200000000000005,,,2
P.Hart,2022,16,1.2,1.2666666666666666,,,-1
J.Oliver,2022,16,1.6,4.366666666666666,,,2
C.Uzomah,2022,16,4.0,4.68,,,2
J.Ferguson,2022,16,3.4000000000000004,5.2375,,,2
C.Beasley,2022,16,1.9,2.533333333333333,,,-1
J.Akins,2022,16,6.9,6.566666666666667,,,2
J.Woods,2022,16,7.3,6.677777777777778,,,2
K.Cole,2022,16,0.0,4.085714285714286,,,2
T.McBride,2022,16,4.7,4.816666666666666,,,2
D.Byrd,2022,16,2.5,5.122222222222223,,,2
M.Gallup,2022,16,13.6,7.536363636363637,,,2
D.Parham,2022,16,1.8,4.933333333333334,,,2
M.Lewis,2022,16,11.2,3.08,,,-1
I.Hodgins,2022,16,22.9,9.014285714285714,,,2
T.Marshall,2022,16,7.5,6.7700000000000005,,,2
G.Dulcich,2022,16,13.9,8.022222222222222,,,2
M.Pruitt,2022,16,0.0,4.814285714285715,,,-1
D.Hopkins,2022,16,1.4,18.7875,,,2
J.Mitchell,2022,16,5.1,3.8,,,2
S.Zylstra,2022,16,25.6,2.74,,,-1
V.Jefferson,2022,16,4.9,7.742857142857143,,,2
B.Hopkins,2022,16,8.7,1.525,,,-1
T.Quitoriano,2022,16,0.0,3.8,,,-1
J.Virgil,2022,16,0.0,5.166666666666667,,,2
J.Brissett,2022,17,0.2,12.955384615384617,,,0
G.Smith,2022,17,17.12,18.209333333333333,,,0
R.Wilson,2022,17,23.58,13.773846153846154,,,0
K.Cousins,2022,17,7.899999999999999,18.04533333333333,,,0
A.Rodgers,2022,17,20.16,14.79625,,,0
J.Love,2022,17,0.26,3.813333333333334,,,0
D.Mills,2022,17,9.38,11.50923076923077,,,0
T.Lawrence,2022,17,4.48,18.730666666666668,,,0
C.Wentz,2022,17,6.42,15.19714285714286,,,0
P.Mahomes,2022,17,25.520000000000003,25.126666666666665,,,0
J.Herbert,2022,17,16.68,16.384,,,0
D.Adams,2022,17,34.3,19.26,,,2
M.Jones,2022,17,28.36,15.833333333333334,,,0
D.Jones,2022,17,36.18,16.854666666666667,,,0
J.Goff,2022,17,22.4,16.830666666666666,,,0
J.Fields,2022,17,16.200000000000003,19.984285714285715,,,0
D.Prescott,2022,17,14.38,17.55,,,0
T.Brady,2022,17,37.68,15.108,,,0
D.Dallas,2022,17,12.8,3.311111111111112,,,1
T.Bridgewater,2022,17,9.04,7.245,,,0
M.Hollins,2022,17,7.0,9.577333333333334,,,2
A.Dalton,2022,17,5.999999999999999,13.1,,,0
B.Berrios,2022,17,3.4000000000000004,3.877142857142857,,,2
K.Pickett,2022,17,10.92,11.367272727272727,,,0
J.Jefferson,2022,17,2.5,23.890666666666668,,,2
S.Thompson,2022,17,6.5600000000000005,0.9040000000000002,,,0
T.Hill,2022,17,29.26,28.12125,,,2
B.Purdy,2022,17,17.06,9.911428571428573,,,0
C.Kirk,2022,17,4.1,14.353333333333332,,,2
A.Cooper,2022,17,25.5,14.226666666666668,,,2
N.Harris,2022,17,20.3,12.770666666666669,,,1
G.Minshew,2022,17,12.96,5.965,,,0
C.McCaffrey,2022,17,31.3,20.544,,,1
R.Burkhead,2022,17,4.0,5.1,,,2
L.Fournette,2022,17,8.7,15.428571428571429,,,1
M.White,2022,17,3.6,17.66,,,0
S.Darnold,2022,17,21.64,15.94,,,0
K.Allen,2022,17,11.8,17.2425,,,2
D.Watson,2022,17,21.86,11.53,,,0
T.Huntley,2022,17,9.6,10.105,,,0
C.Lamb,2022,17,21.0,17.626666666666665,,,2
C.Beathard,2022,17,-0.8400000000000001,-0.0533333333333333,,,-1
G.Wilson,2022,17,4.8,12.866666666666667,,,2
A.Brown,2022,17,19.700000000000003,17.769333333333332,,,2
J.Driskel,2022,17,1.06,2.9880000000000004,,,0
D.Cook,2022,17,6.4,15.246666666666668,,,1
J.Johnson,2022,17,11.2,8.393333333333334,,,2
P.Dorsett,2022,17,4.4,3.6384615384615375,,,2
Mi.Carter,2022,17,2.5,8.642857142857142,,,1
M.Davis,2022,17,8.200000000000001,3.5625,,,1
Z.Moss,2022,17,7.4,3.272727272727273,,,1
C.Akers,2022,17,14.3,8.553846153846154,,,1
B.Powell,2022,17,1.9,3.071428571428572,,,2
N.Chubb,2022,17,12.6,16.37333333333333,,,1
C.Hubbard,2022,17,7.1000000000000005,7.33,,,1
K.Hunt,2022,17,0.9,8.006666666666666,,,1
D.Foreman,2022,17,3.5,8.621428571428572,,,1
D.Moore,2022,17,23.700000000000003,11.586666666666668,,,2
A.Jones,2022,17,13.3,15.166666666666666,,,1
A.Dillon,2022,17,10.1,10.28,,,1
A.Mattison,2022,17,5.5,4.260000000000001,,,1
C.Watson,2022,17,2.1,12.116666666666667,,,2
R.Doubs,2022,17,5.0,8.781818181818181,,,2
C.Samuel,2022,17,1.6,11.62,,,2
J.Dotson,2022,17,6.7,11.37,,,2
T.Etienne,2022,17,23.0,11.766666666666667,,,1
J.Agnew,2022,17,0.7999999999999999,5.641666666666667,,,2
M.Valdes-Scantling,2022,17,4.800000000000001,7.46,,,2
J.Conner,2022,17,14.0,15.516666666666666,,,1
I.Pacheco,2022,17,12.9,7.313333333333333,,,1
J.McKinnon,2022,17,22.6,11.006666666666666,,,2
A.Ekeler,2022,17,32.1,22.01333333333333,,,1
J.Jacobs,2022,17,19.5,20.12,,,1
B.Bolden,2022,17,3.2,3.442857142857143,,,2
J.Kelley,2022,17,5.6,5.58,,,1
J.Palmer,2022,17,0.0,11.385714285714286,,,2
D.Harris,2022,17,7.9,8.533333333333335,,,1
R.Stevenson,2022,17,7.1000000000000005,15.253333333333334,,,1
R.Mostert,2022,17,23.1,9.792857142857144,,,1
A.Ingold,2022,17,0.0,3.481818181818181,,,2
J.Meyers,2022,17,16.9,12.933333333333332,,,2
J.Waddle,2022,17,8.2,16.046666666666667,,,2
C.Patterson,2022,17,20.4,10.763636363636364,,,1
A.Kamara,2022,17,9.0,14.669230769230769,,,1
A.Williams,2022,17,1.0,2.8166666666666664,,,1
S.Barkley,2022,17,7.300000000000001,18.44666666666667,,,1
R.James,2022,17,20.6,9.069230769230767,,,2
M.Breida,2022,17,7.7,2.74,,,1
K.Toney,2022,17,11.1,5.114285714285714,,,2
C.Okonkwo,2022,17,5.4,6.046153846153847,,,2
D.Swift,2022,17,27.700000000000003,12.316666666666668,,,1
Ja.Williams,2022,17,22.700000000000003,12.266666666666667,,,1
M.Sanders,2022,17,6.1000000000000005,13.82,,,1
K.Gainwell,2022,17,3.7,5.266666666666667,,,1
B.Scott,2022,17,0.6000000000000001,3.1090909090909093,,,1
J.Warren,2022,17,12.8,5.228571428571429,,,1
D.Montgomery,2022,17,5.6000000000000005,12.142857142857142,,,1
B.Aiyuk,2022,17,26.700000000000003,12.746666666666666,,,2
K.Herbert,2022,17,3.1,9.89090909090909,,,1
J.Wilson,2022,17,10.6,9.892857142857142,,,1
E.Elliott,2022,17,9.7,13.469230769230771,,,1
J.Jones,2022,17,3.3,7.455555555555555,,,2
R.White,2022,17,9.8,9.2,,,1
T.Allgeier,2022,17,16.5,9.242857142857144,,,1
G.Brightwell,2022,17,0.9,3.466666666666667,,,1
J.Jeudy,2022,17,10.8,13.007692307692308,,,2
A.Beck,2022,17,3.0,1.4833333333333334,,,-1
C.Sutton,2022,17,8.4,10.669230769230769,,,2
D.Jackson,2022,17,2.9,7.408333333333334,,,2
M.Andrews,2022,17,19.0,12.25,,,2
D.Watt,2022,17,0.3,1.725,,,-1
G.Olszewski,2022,17,0.6000000000000001,1.65,,,2
E.Moore,2022,17,3.8,6.8500000000000005,,,2
T.Davis-Price,2022,17,0.5,2.2333333333333334,,,1
K.Walker,2022,17,15.2,13.376923076923076,,,1
K.Juszczyk,2022,17,0.9,4.4363636363636365,,,2
H.Haskins,2022,17,7.3,3.02,,,1
A.St. Brown,2022,17,10.2,17.607142857142858,,,2
T.McLaurin,2022,17,5.7,13.793333333333331,,,2
J.Dobbins,2022,17,9.3,10.271428571428572,,,1
E.St. Brown,2022,17,4.0,4.178571428571429,,,2
Z.Jones,2022,17,5.4,13.407142857142857,,,2
E.Engram,2022,17,3.9,11.086666666666668,,,2
D.Carter,2022,17,3.4000000000000004,7.542857142857143,,,2
T.Kelce,2022,17,11.3,19.68,,,2
T.Burks,2022,17,12.6,7.733333333333332,,,2
J.Mason,2022,17,7.3,3.616666666666667,,,1
L.Shenault,2022,17,4.0,6.072727272727272,,,2
D.Njoku,2022,17,3.1,10.391666666666667,,,2
N.Gray,2022,17,2.2,4.36,,,2
L.Murray,2022,17,11.2,11.290909090909093,,,1
K.Osborn,2022,17,18.9,8.0,,,2
K.Bourne,2022,17,2.8,5.5,,,2
D.Johnson,2022,17,5.5,11.833333333333334,,,2
K.Raymond,2022,17,7.4,6.585714285714286,,,2
C.Godwin,2022,17,21.0,14.761538461538462,,,2
J.Hasty,2022,17,17.6,4.325,,,1
D.Smythe,2022,17,1.9,3.12,,,-1
D.Bellinger,2022,17,7.2,6.779999999999999,,,2
B.Robinson,2022,17,8.700000000000001,9.454545454545457,,,1
T.Atwell,2022,17,3.0,4.840000000000001,,,2
M.Brown,2022,17,20.4,13.058333333333332,,,2
R.Shaheed,2022,17,13.9,8.833333333333334,,,2
Q.Watkins,2022,17,0.0,5.792857142857143,,,2
D.Peoples-Jones,2022,17,8.3,9.773333333333335,,,2
T.Thornton,2022,17,15.0,4.9,,,2
T.Conklin,2022,17,14.0,7.613333333333333,,,2
G.Pickens,2022,17,4.9,9.693333333333332,,,2
S.Sims,2022,17,6.4,2.6,,,2
V.Jones,2022,17,1.3,3.242857142857144,,,2
D.Pettis,2022,17,0.0,5.108333333333333,,,2
G.Edwards,2022,17,0.2,8.214285714285714,,,1
D.Ogunbowale,2022,17,4.5,3.933333333333333,,,2
G.Dortch,2022,17,5.5,11.233333333333333,,,2
T.Johnson,2022,17,6.700000000000001,4.175000000000001,,,1
R.Blackshear,2022,17,0.9,5.5,,,2
S.Ahmed,2022,17,1.8,2.925,,,1
C.Moore,2022,17,5.1,7.964285714285714,,,2
P.Campbell,2022,17,8.3,8.533333333333333,,,2
J.Wilkins,2022,17,5.7,3.0,,,1
G.Everett,2022,17,10.5,9.169230769230769,,,2
C.Kmet,2022,17,10.7,8.06,,,2
K.Williams,2022,17,0.6000000000000001,4.271428571428571,,,1
B.Cooks,2022,17,7.9,10.554545454545456,,,2
S.Conner,2022,17,7.7,0.625,,,-1
Z.Knight,2022,17,6.4,10.080000000000002,,,1
K.Hinton,2022,17,0.0,5.64,,,2
R.Jones,2022,17,0.3,1.8,,,1
P.Hendershot,2022,17,0.0,4.9375,,,2
H.Bryant,2022,17,3.9,4.483333333333333,,,2
P.Taylor,2022,17,1.0,1.6000000000000003,,,1
J.Cabinda,2022,17,1.5,0.1333333333333333,,,-1
S.Moore,2022,17,6.300000000000001,3.315384615384616,,,2
A.Prentice,2022,17,1.6,0.8,,,-1
R.McCloud,2022,17,5.2,4.06923076923077,,,2
M.Pittman,2022,17,16.1,13.457142857142856,,,2
D.Gray,2022,17,0.9,0.5,,,-1
A.Lazard,2022,17,10.9,11.523076923076925,,,2
A.Thielen,2022,17,2.6,11.213333333333331,,,2
D.Slayton,2022,17,1.4,10.583333333333334,,,2
G.Kittle,2022,17,12.3,13.023076923076925,,,2
C.Davis,2022,17,7.5,7.945454545454546,,,2
I.Likely,2022,17,10.2,5.233333333333333,,,2
D.Robinson,2022,17,1.9,6.964285714285714,,,2
T.Higbee,2022,17,4.1,10.042857142857144,,,2
S.Smith,2022,17,17.0,3.430769230769231,,,2
I.Thomas,2022,17,1.9,3.233333333333333,,,2
T.Tremble,2022,17,12.3,3.408333333333333,,,2
D.Metcalf,2022,17,1.3,14.566666666666666,,,2
T.Lockett,2022,17,3.5,15.742857142857144,,,2
N.Fant,2022,17,6.0,7.373333333333333,,,2
A.Okwuegbunam,2022,17,13.5,3.0,,,2
C.Parkinson,2022,17,14.6,3.991666666666667,,,2
E.Saubert,2022,17,6.0,2.98,,,2
R.Tonyan,2022,17,14.2,6.126666666666667,,,2
R.Cobb,2022,17,4.0,6.781818181818181,,,2
J.Deguara,2022,17,1.4,2.875,,,2
M.Strachan,2022,17,0.0,2.225,,,2
A.Pierce,2022,17,4.5,7.185714285714285,,,2
T.Hairston,2022,17,1.7000000000000002,1.04,,,-1
B.Jordan,2022,17,3.0,2.975,,,2
O.Howard,2022,17,3.6,3.29,,,2
M.Alie-Cox,2022,17,0.0,3.875,,,2
L.Thomas,2022,17,11.6,5.6454545454545455,,,2
C.Sims,2022,17,2.6,1.4300000000000002,,,-1
J.Smith-Schuster,2022,17,4.1,12.55,,,2
A.Green,2022,17,3.7,3.6181818181818177,,,2
Ju.Watson,2022,17,3.7,3.14,,,2
M.Williams,2022,17,16.4,14.336363636363636,,,2
D.Waller,2022,17,16.2,10.516666666666667,,,2
H.Renfrow,2022,17,4.9,6.85,,,2
H.Henry,2022,17,10.2,5.964285714285714,,,2
N.Agholor,2022,17,0.0,6.266666666666667,,,2
M.Gesicki,2022,17,9.8,5.319999999999999,,,2
T.Sherfield,2022,17,5.0,5.246666666666667,,,2
D.London,2022,17,9.7,10.06,,,2
K.Hodge,2022,17,1.5,4.9625,,,2
C.Olave,2022,17,8.2,13.461538461538462,,,2
R.Woods,2022,17,14.9,6.320000000000001,,,2
G.Swaim,2022,17,1.4,2.322222222222222,,,-1
N.Westbrook-Ikhine,2022,17,1.4,6.253846153846155,,,2
A.Hooper,2022,17,1.6,5.866666666666666,,,2
D.Chark,2022,17,7.6,9.577777777777778,,,2
T.Hockenson,2022,17,12.9,13.393333333333334,,,2
D.Goedert,2022,17,7.5,12.31,,,2
D.Smith,2022,17,20.5,14.92,,,2
J.Reynolds,2022,17,1.5,9.98,,,2
P.Freiermuth,2022,17,6.6,10.892307692307694,,,2
R.Griffin,2022,17,0.0,1.1,,,-1
J.Jennings,2022,17,6.6000000000000005,5.285714285714286,,,2
B.Pringle,2022,17,0.0,5.666666666666667,,,2
D.Schultz,2022,17,24.6,8.523076923076925,,,2
N.Brown,2022,17,1.7000000000000002,8.523076923076925,,,2
M.Evans,2022,17,48.7,12.62142857142857,,,2
R.Gage,2022,17,6.300000000000001,9.70909090909091,,,2
F.Moreau,2022,17,8.5,6.375,,,2
A.Baccellia,2022,17,1.7000000000000002,2.733333333333333,,,2
G.Ricci,2022,17,4.2,2.76,,,2
S.Sullivan,2022,17,0.0,2.2,,,2
D.Arnold,2022,17,0.0,2.5,,,2
C.Otton,2022,17,3.7,7.325,,,2
B.Wright,2022,17,16.3,4.3,,,2
J.Oliver,2022,17,0.0,4.09,,,2
C.Uzomah,2022,17,5.4,4.618181818181818,,,2
J.Ferguson,2022,17,1.7000000000000002,5.033333333333333,,,2
J.Akins,2022,17,5.800000000000001,6.592307692307693,,,2
J.Woods,2022,17,4.9,6.74,,,2
A.Trautman,2022,17,2.6,3.93,,,2
T.McBride,2022,17,20.8,4.8,,,2
D.Byrd,2022,17,2.2,4.86,,,2
K.Kieft,2022,17,0.0,3.0,,,2
J.Nailor,2022,17,17.9,1.6000000000000003,,,-1
M.Gallup,2022,17,6.9,8.041666666666666,,,2
D.Parham,2022,17,7.3,4.15,,,2
I.Hodgins,2022,17,14.2,10.75,,,2
T.Marshall,2022,17,3.5,6.836363636363637,,,2
M.Pruitt,2022,17,8.9,4.2125,,,-1
N.Harry,2022,17,2.6,5.075,,,2
D.Mims,2022,17,0.0,3.7,,,2
J.Mitchell,2022,17,2.5,4.016666666666667,,,2
S.Zylstra,2022,17,1.7000000000000002,6.55,,,-1
V.Jefferson,2022,17,10.7,7.3875,,,2
B.Hopkins,2022,17,3.1,2.96,,,2
S.Howell,2023,4,19.6,12.346666666666666,,,0
J.Dobbs,2023,4,23.4,14.420000000000002,,,0
J.Allen,2023,4,36.5,18.006666666666668,,,0
Z.Wilson,2023,4,19.200000000000003,7.66,,,0
D.Ridder,2023,4,6.24,12.206666666666669,,,0
J.Burrow,2023,4,4.7,8.906666666666666,,,0
D.Jones,2023,4,8.720000000000002,13.06,,,0
D.Prescott,2023,4,14.34,13.426666666666668,,,0
J.Goff,2023,4,11.4,18.32,,,0
P.Mahomes,2023,4,13.220000000000002,22.106666666666666,,,0
J.Fields,2023,4,27.9,13.313333333333333,,,0
J.Love,2023,4,17.64,22.53333333333333,,,0
L.Jackson,2023,4,28.14,19.206666666666667,,,0
C.Stroud,2023,4,21.84,17.580000000000002,,,0
T.Lawrence,2023,4,16.48,13.113333333333337,,,0
G.Smith,2023,4,9.2,15.88,,,0
M.Stafford,2023,4,16.16,13.3,,,0
R.Wilson,2023,4,22.22,18.44666666666667,,,0
T.Tagovailoa,2023,4,13.98,22.586666666666662,,,0
J.Herbert,2023,4,23.38,24.12,,,0
J.Hurts,2023,4,24.16,19.2,,,0
M.Jones,2023,4,0.7000000000000002,17.34,,,0
K.Pickett,2023,4,3.460000000000001,12.82,,,0
B.Purdy,2023,4,21.32,17.28,,,0
K.Cousins,2023,4,9.56,23.566666666666663,,,0
B.Mayfield,2023,4,22.94,14.813333333333333,,,0
R.Tannehill,2023,4,12.7,9.206666666666669,,,0
D.Carr,2023,4,3.18,9.813333333333334,,,0
C.Kirk,2023,4,16.4,13.086666666666668,,,2
T.Hill,2023,4,13.42,34.14,,,2
K.Allen,2023,4,11.9,30.12,,,2
D.Henry,2023,4,24.380000000000003,11.466666666666669,,,1
D.Singletary,2023,4,8.84,3.8,,,1
P.Campbell,2023,4,4.5,5.233333333333333,,,2
C.Godwin,2023,4,19.4,9.7,,,2
J.Jacobs,2023,4,27.9,10.0,,,1
D.London,2023,4,11.8,7.933333333333334,,,2
K.Toney,2023,4,4.2,3.5666666666666664,,,2
D.Wicks,2023,4,0.0,6.833333333333333,,,2
T.Atwell,2023,4,7.4,16.766666666666666,,,2
A.St. Brown,2023,4,16.6,17.633333333333333,,,2
G.Wilson,2023,4,15.0,13.5,,,2
N.Dell,2023,4,3.9,17.366666666666667,,,2
R.Doubs,2023,4,18.5,13.966666666666669,,,2
D.Samuel,2023,4,0.6000000000000001,19.5,,,2
J.Chase,2023,4,14.3,14.433333333333332,,,2
T.Boyd,2023,4,6.6,7.7,,,2
D.Dallas,2023,4,0.0,1.5333333333333334,,,-1
J.McKinnon,2023,4,0.7000000000000001,8.333333333333334,,,2
J.Jefferson,2023,4,26.5,25.600000000000005,,,2
D.Hopkins,2023,4,10.3,9.766666666666667,,,2
B.Robinson,2023,4,31.8,33.666666666666664,,,1
J.Conner,2023,4,6.6000000000000005,16.066666666666666,,,1
A.Gibson,2023,4,3.6,4.2,,,2
C.Samuel,2023,4,18.2,8.200000000000001,,,2
R.Moore,2023,4,0.0,8.700000000000001,,,1
M.Brown,2023,4,16.6,14.4,,,2
J.Cook,2023,4,14.7,14.466666666666669,,,1
Bre.Hall,2023,4,9.9,6.766666666666667,,,1
D.Cook,2023,4,2.8,5.0,,,1
D.Harris,2023,4,2.9000000000000004,4.9,,,1
D.Harty,2023,4,3.0,3.333333333333333,,,2
L.Murray,2023,4,7.6,7.633333333333333,,,1
Mi.Carter,2023,4,4.1,2.4,,,2
M.Sanders,2023,4,6.2,12.233333333333334,,,1
C.Hubbard,2023,4,7.300000000000001,7.1000000000000005,,,1
L.Shenault,2023,4,2.9000000000000004,2.1666666666666665,,,1
T.Allgeier,2023,4,2.2,11.366666666666667,,,1
J.Mixon,2023,4,8.600000000000001,12.6,,,1
J.Ford,2023,4,9.5,15.6,,,1
T.Williams,2023,4,0.4,1.1666666666666667,,,-1
E.Moore,2023,4,2.0,9.366666666666667,,,2
M.Breida,2023,4,12.8,4.3,,,-1
T.Pollard,2023,4,9.0,19.066666666666663,,,1
R.Dowdle,2023,4,2.7,7.1000000000000005,,,1
C.Edwards-Helaire,2023,4,2.3000000000000003,6.766666666666667,,,1
J.Gibbs,2023,4,9.1,9.933333333333334,,,1
I.Pacheco,2023,4,24.8,11.066666666666668,,,1
S.Moore,2023,4,1.9,8.200000000000001,,,2
R.Rice,2023,4,6.2,8.833333333333334,,,2
K.Herbert,2023,4,22.200000000000003,7.233333333333334,,,1
C.Kmet,2023,4,27.6,7.133333333333333,,,2
J.Reed,2023,4,10.5,11.866666666666667,,,2
A.Dillon,2023,4,1.1,5.400000000000001,,,1
R.Johnson,2023,4,2.5,10.2,,,1
D.Pierce,2023,4,11.8,9.033333333333331,,,1
J.Hill,2023,4,3.3000000000000003,7.066666666666666,,,1
Z.Flowers,2023,4,8.0,13.833333333333334,,,2
G.Edwards,2023,4,6.9,7.5,,,1
T.Etienne,2023,4,10.2,15.133333333333333,,,1
K.Walker,2023,4,13.9,19.9,,,1
K.Williams,2023,4,27.700000000000003,17.900000000000002,,,1
Z.Charbonnet,2023,4,5.0,3.866666666666667,,,1
J.Williams,2023,4,3.9,12.033333333333331,,,1
S.Perine,2023,4,5.5,7.2,,,2
J.Kelley,2023,4,6.5,7.233333333333334,,,1
G.Everett,2023,4,2.9,7.0,,,2
R.Mostert,2023,4,5.5,27.96666666666667,,,1
R.Stevenson,2023,4,6.0,12.366666666666667,,,1
E.Elliott,2023,4,4.2,6.1000000000000005,,,1
D.Swift,2023,4,17.9,14.4,,,1
C.McCaffrey,2023,4,48.7,23.76666666666667,,,1
N.Harris,2023,4,11.3,5.7,,,1
J.Warren,2023,4,11.5,9.2,,,2
A.Mattison,2023,4,10.8,11.933333333333332,,,1
R.White,2023,4,10.8,11.8,,,1
T.Spears,2023,4,8.8,5.400000000000001,,,1
R.Shaheed,2023,4,6.300000000000001,10.433333333333334,,,2
D.Thompkins,2023,4,15.6,2.2333333333333334,,,-1
C.Austin,2023,4,5.9,8.9,,,2
D.Davis,2023,4,8.700000000000001,1.2666666666666666,,,-1
K.Raymond,2023,4,4.8,8.733333333333334,,,2
P.Nacua,2023,4,31.3,21.4,,,2
M.Mims,2023,4,6.7,11.266666666666666,,,2
J.McLaughlin,2023,4,19.4,2.766666666666667,,,-1
K.Pitts,2023,4,4.1,6.2,,,2
G.Davis,2023,4,15.1,12.233333333333334,,,2
C.Lamb,2023,4,14.8,15.733333333333334,,,2
D.Douglas,2023,4,6.5,4.3,,,2
M.Goodwin,2023,4,1.0,0.0333333333333333,,,-1
H.Bryant,2023,4,1.4,2.966666666666667,,,-1
B.Berrios,2023,4,17.4,5.766666666666667,,,2
A.Thielen,2023,4,15.2,18.366666666666667,,,2
G.Pickens,2023,4,5.5,14.266666666666666,,,2
A.Abdullah,2023,4,3.4000000000000004,1.7,,,-1
C.Ridley,2023,4,11.8,12.1,,,2
N.Gray,2023,4,10.4,4.933333333333334,,,2
K.Bourne,2023,4,5.6,13.3,,,2
G.Kittle,2023,4,1.9,8.966666666666667,,,2
C.Okonkwo,2023,4,5.9,3.733333333333333,,,2
J.Addison,2023,4,0.0,14.5,,,2
Q.Johnston,2023,4,2.8,2.533333333333333,,,-1
D.Moore,2023,4,27.1,11.333333333333334,,,2
T.Palmer,2023,4,8.6,4.533333333333333,,,2
C.Moore,2023,4,5.4,4.0,,,2
K.Granson,2023,4,4.4,7.133333333333333,,,2
S.LaPorta,2023,4,9.6,14.2,,,2
D.Goedert,2023,4,4.5,5.766666666666667,,,2
R.Woods,2023,4,5.6,10.5,,,2
T.Conklin,2023,4,9.8,5.6000000000000005,,,2
S.Diggs,2023,4,36.0,19.633333333333336,,,2
N.Collins,2023,4,35.8,15.666666666666666,,,2
J.Palmer,2023,4,10.7,6.766666666666667,,,2
J.Dotson,2023,4,12.7,6.1000000000000005,,,2
Z.Ertz,2023,4,11.3,7.433333333333334,,,2
T.McLaurin,2023,4,16.6,10.533333333333331,,,2
T.McBride,2023,4,1.5,3.5666666666666664,,,2
Mi.Wilson,2023,4,26.6,7.7,,,2
D.Knox,2023,4,2.2,5.866666666666667,,,2
A.Lazard,2023,4,15.1,5.933333333333334,,,2
D.Kincaid,2023,4,6.7,6.066666666666666,,,2
R.Cobb,2023,4,2.8,0.7333333333333334,,,-1
H.Hurst,2023,4,1.7000000000000002,7.399999999999999,,,2
M.Hollins,2023,4,0.0,6.133333333333333,,,2
T.Higgins,2023,4,3.9,11.0,,,2
A.Cooper,2023,4,2.6,15.766666666666666,,,2
D.Njoku,2023,4,10.6,5.733333333333334,,,2
D.Peoples-Jones,2023,4,1.7000000000000002,3.9333333333333336,,,2
D.Slayton,2023,4,4.300000000000001,6.633333333333333,,,2
D.Waller,2023,4,5.1,8.4,,,2
J.Ferguson,2023,4,14.7,7.666666666666667,,,2
I.Hodgins,2023,4,5.4,5.133333333333334,,,2
M.Gallup,2023,4,11.0,6.166666666666667,,,2
Ju.Watson,2023,4,1.5,6.933333333333334,,,2
M.Valdes-Scantling,2023,4,1.6,4.933333333333334,,,2
L.Musgrave,2023,4,1.1,7.8,,,2
S.Toure,2023,4,4.5,2.466666666666667,,,-1
D.Schultz,2023,4,13.2,3.9,,,2
J.Downs,2023,4,5.4,9.133333333333333,,,2
E.Engram,2023,4,12.9,11.766666666666666,,,2
M.Pittman,2023,4,4.5,18.0,,,2
A.Pierce,2023,4,4.800000000000001,4.533333333333334,,,2
T.Lockett,2023,4,9.4,12.433333333333332,,,2
D.Metcalf,2023,4,12.4,14.800000000000002,,,2
T.Higbee,2023,4,11.4,8.066666666666668,,,2
J.Smith-Njigba,2023,4,3.5,4.9,,,2
C.Parkinson,2023,4,0.0,4.9,,,2
D.Adams,2023,4,15.5,25.066666666666663,,,2
A.Trautman,2023,4,0.0,2.8000000000000003,,,2
B.Johnson,2023,4,7.4,9.633333333333333,,,2
C.Sutton,2023,4,11.7,14.633333333333336,,,2
D.Smythe,2023,4,8.100000000000001,5.066666666666667,,,2
D.Parham,2023,4,0.0,9.1,,,2
H.Henry,2023,4,9.1,12.5,,,2
A.Brown,2023,4,38.5,14.633333333333336,,,2
D.Smith,2023,4,14.8,16.2,,,2
J.Smith-Schuster,2023,4,2.4000000000000004,5.533333333333334,,,2
M.Gesicki,2023,4,2.2,5.900000000000001,,,2
A.Robinson,2023,4,1.8,7.0,,,2
P.Freiermuth,2023,4,3.7,7.2,,,2
T.Hockenson,2023,4,4.4,16.96666666666667,,,2
C.Otton,2023,4,10.3,5.533333333333334,,,2
M.Evans,2023,4,7.0,21.566666666666663,,,2
K.Osborn,2023,4,2.6,9.7,,,2
M.Thomas,2023,4,9.3,11.533333333333331,,,2
C.Olave,2023,4,1.4,17.400000000000002,,,2
S.Howell,2023,5,25.42,14.16,,,0
J.Dobbs,2023,5,8.74,16.665,,,0
J.Allen,2023,5,27.76,22.630000000000003,,,0
Z.Wilson,2023,5,8.56,10.545,,,0
D.Ridder,2023,5,26.16,10.715,,,0
B.Young,2023,5,18.28,9.406666666666668,,,0
J.Burrow,2023,5,23.38,7.855,,,0
D.Jones,2023,5,7.16,11.975,,,0
D.Prescott,2023,5,4.32,13.655,,,0
J.Goff,2023,5,27.44,16.590000000000003,,,0
P.Mahomes,2023,5,19.24,19.885,,,0
J.Fields,2023,5,32.980000000000004,16.96,,,0
J.Love,2023,5,4.98,21.31,,,0
L.Jackson,2023,5,9.94,21.44,,,0
C.Stroud,2023,5,14.16,18.645000000000003,,,0
A.Richardson,2023,5,4.42,22.75333333333333,,,0
T.Lawrence,2023,5,15.7,13.955,,,0
G.Minshew,2023,5,6.3,8.073333333333332,,,0
M.Stafford,2023,5,16.880000000000003,14.015,,,0
J.Garoppolo,2023,5,10.72,13.42,,,0
R.Wilson,2023,5,18.74,19.39,,,0
T.Tagovailoa,2023,5,16.92,20.435,,,0
J.Hurts,2023,5,27.32,20.44,,,0
M.Jones,2023,5,2.6000000000000005,13.18,,,0
K.Pickett,2023,5,12.36,10.48,,,0
B.Purdy,2023,5,26.08,18.29,,,0
K.Cousins,2023,5,19.86,20.065,,,0
R.Tannehill,2023,5,9.760000000000002,10.08,,,0
D.Carr,2023,5,15.72,8.155000000000001,,,0
C.Kirk,2023,5,14.4,13.915,,,2
T.Hill,2023,5,35.099999999999994,28.96,,,2
D.Henry,2023,5,9.2,14.695,,,1
D.Singletary,2023,5,0.0,5.0600000000000005,,,1
P.Campbell,2023,5,4.300000000000001,5.05,,,2
S.Darnold,2023,5,-0.06,-0.1333333333333333,,,-1
J.Jacobs,2023,5,19.9,14.475,,,1
D.London,2023,5,14.68,8.9,,,2
K.Toney,2023,5,7.7,3.725,,,2
D.Wicks,2023,5,2.0,5.125,,,2
J.Smith,2023,5,10.7,10.966666666666669,,,2
T.Atwell,2023,5,8.9,14.425,,,2
D.Bellinger,2023,5,1.7000000000000002,1.5,,,-1
G.Wilson,2023,5,8.4,13.875,,,2
N.Dell,2023,5,8.3,14.0,,,2
R.Doubs,2023,5,1.4,15.1,,,2
J.Meyers,2023,5,20.5,16.633333333333336,,,2
D.Samuel,2023,5,11.5,14.775,,,2
J.Chase,2023,5,52.2,14.4,,,2
T.Boyd,2023,5,9.9,7.425000000000001,,,2
J.McKinnon,2023,5,4.5,6.425000000000001,,,2
J.Jefferson,2023,5,5.800000000000001,25.825000000000003,,,2
K.Gainwell,2023,5,3.4000000000000004,7.766666666666667,,,1
D.Achane,2023,5,21.5,26.73333333333333,,,1
D.Brown,2023,5,2.1,4.2,,,2
D.Hopkins,2023,5,22.0,9.9,,,2
J.Jennings,2023,5,2.9000000000000004,4.066666666666667,,,2
B.Robinson,2023,5,20.1,33.2,,,1
J.Conner,2023,5,4.6000000000000005,13.7,,,1
A.Gibson,2023,5,10.4,4.050000000000001,,,2
C.Samuel,2023,5,18.5,10.7,,,2
R.Moore,2023,5,10.6,6.525,,,1
M.Brown,2023,5,16.1,14.95,,,2
J.Cook,2023,5,5.1,14.525,,,1
Bre.Hall,2023,5,28.4,7.55,,,1
D.Cook,2023,5,2.3000000000000003,4.45,,,1
D.Harris,2023,5,1.3,4.4,,,1
D.Harty,2023,5,8.2,3.25,,,2
L.Murray,2023,5,1.7000000000000002,7.625,,,1
Mi.Carter,2023,5,5.2,2.825,,,2
M.Sanders,2023,5,1.2000000000000002,10.725,,,1
C.Hubbard,2023,5,4.5,7.15,,,1
L.Shenault,2023,5,2.7,2.35,,,1
T.Allgeier,2023,5,6.0,9.075,,,1
J.Mixon,2023,5,13.4,11.6,,,1
T.Williams,2023,5,0.5,0.975,,,-1
M.Breida,2023,5,3.4000000000000004,6.425000000000001,,,1
T.Pollard,2023,5,8.4,16.55,,,1
R.Dowdle,2023,5,1.5,6.0,,,1
K.Turpin,2023,5,9.6,6.366666666666667,,,1
D.Vaughn,2023,5,1.8,3.0333333333333337,,,1
D.Montgomery,2023,5,20.9,19.96666666666667,,,1
C.Edwards-Helaire,2023,5,0.4,5.65,,,1
I.Pacheco,2023,5,13.4,14.5,,,1
S.Moore,2023,5,3.1,6.625,,,2
R.Rice,2023,5,13.3,8.175,,,2
K.Herbert,2023,5,7.6,10.975,,,1
C.Kmet,2023,5,15.2,12.25,,,2
J.Reed,2023,5,1.7000000000000002,11.525,,,2
A.Dillon,2023,5,13.6,4.325,,,1
R.Johnson,2023,5,1.9,8.275,,,1
P.Taylor,2023,5,2.7,2.733333333333334,,,1
D.Pierce,2023,5,9.2,9.725,,,1
J.Hill,2023,5,12.5,6.125,,,1
Z.Flowers,2023,5,12.3,12.375,,,2
G.Edwards,2023,5,4.800000000000001,7.35,,,1
T.Etienne,2023,5,36.400000000000006,13.9,,,1
J.Agnew,2023,5,0.1,2.733333333333333,,,2
T.Bigsby,2023,5,0.8,5.1000000000000005,,,1
K.Williams,2023,5,7.700000000000001,20.35,,,1
S.Perine,2023,5,11.5,6.775,,,2
R.Mostert,2023,5,15.8,22.35,,,1
R.Stevenson,2023,5,2.4000000000000004,10.775,,,1
E.Elliott,2023,5,7.800000000000001,5.625,,,1
D.Swift,2023,5,16.8,15.275,,,1
C.McCaffrey,2023,5,13.8,30.0,,,1
N.Harris,2023,5,5.0,7.1,,,1
J.Warren,2023,5,10.9,9.775,,,2
A.Mattison,2023,5,12.6,11.65,,,1
T.Chandler,2023,5,1.5,3.266666666666667,,,1
T.Spears,2023,5,16.9,6.25,,,1
R.Shaheed,2023,5,4.800000000000001,9.4,,,2
D.Duvernay,2023,5,0.0,1.4333333333333331,,,-1
C.Austin,2023,5,0.0,8.15,,,2
Z.Moss,2023,5,33.5,17.400000000000002,,,1
J.Waddle,2023,5,14.5,10.933333333333332,,,2
E.Demercado,2023,5,12.7,2.7000000000000006,,,2
K.Raymond,2023,5,7.5,7.75,,,2
P.Nacua,2023,5,20.1,23.875,,,2
B.Skowronek,2023,5,0.0,1.4666666666666668,,,-1
M.Mims,2023,5,1.4,10.125,,,2
J.McLaughlin,2023,5,17.9,6.925000000000001,,,1
K.Pitts,2023,5,15.7,5.675000000000001,,,2
G.Davis,2023,5,22.0,12.95,,,2
C.Lamb,2023,5,8.9,15.5,,,2
D.Douglas,2023,5,3.4000000000000004,4.85,,,2
B.Berrios,2023,5,3.3,8.675,,,2
A.Thielen,2023,5,27.700000000000003,17.575000000000003,,,2
L.Thomas,2023,5,20.7,8.6,,,2
G.Pickens,2023,5,26.6,12.075,,,2
B.Cooks,2023,5,2.3000000000000003,4.866666666666667,,,2
D.Carter,2023,5,0.3,1.3666666666666665,,,-1
A.Abdullah,2023,5,2.5,2.125,,,-1
C.Ridley,2023,5,20.6,12.025,,,2
I.McKenzie,2023,5,0.4,1.5333333333333332,,,-1
M.Andrews,2023,5,12.5,16.0,,,2
N.Gray,2023,5,4.1,6.300000000000001,,,2
K.Bourne,2023,5,6.3,11.375,,,2
D.Mooney,2023,5,0.0,8.133333333333333,,,2
G.Kittle,2023,5,27.7,7.2,,,2
C.Okonkwo,2023,5,8.3,4.275,,,2
R.Bateman,2023,5,1.8,4.3,,,2
J.Addison,2023,5,18.4,10.875,,,2
D.Moore,2023,5,49.0,15.275,,,2
K.Granson,2023,5,3.5,6.45,,,2
S.LaPorta,2023,5,19.7,13.05,,,2
D.Goedert,2023,5,25.700000000000003,5.45,,,2
R.Woods,2023,5,6.0,9.275,,,2
T.Conklin,2023,5,10.7,6.65,,,2
S.Diggs,2023,5,24.1,23.725,,,2
K.Shakir,2023,5,2.1,3.2,,,-1
N.Collins,2023,5,6.9,20.700000000000003,,,2
J.Metchie,2023,5,4.0,3.0666666666666664,,,2
S.Shepard,2023,5,2.3,1.0,,,-1
T.Kelce,2023,5,22.7,14.833333333333334,,,2
J.Dotson,2023,5,6.0,7.75,,,2
Z.Ertz,2023,5,9.0,8.4,,,2
Z.Pascal,2023,5,0.0,1.9666666666666668,,,-1
T.McLaurin,2023,5,8.9,12.05,,,2
C.Turner,2023,5,1.9,4.766666666666667,,,2
T.McBride,2023,5,3.7,3.05,,,2
Mi.Wilson,2023,5,2.8,12.425,,,2
D.Knox,2023,5,4.7,4.95,,,2
A.Lazard,2023,5,6.300000000000001,8.225000000000001,,,2
D.Kincaid,2023,5,3.9,6.225,,,2
R.Cobb,2023,5,0.0,1.25,,,-1
H.Hurst,2023,5,5.1,5.975,,,2
M.Hollins,2023,5,4.9,4.6,,,2
J.Mingo,2023,5,9.8,4.8,,,2
D.Slayton,2023,5,5.5,6.050000000000001,,,2
D.Waller,2023,5,16.6,7.575,,,2
J.Ferguson,2023,5,5.800000000000001,9.425,,,2
I.Hodgins,2023,5,3.9,5.2,,,2
M.Gallup,2023,5,3.5,7.375,,,2
J.Reynolds,2023,5,17.6,15.166666666666666,,,2
Ju.Watson,2023,5,7.6,5.575,,,2
M.Valdes-Scantling,2023,5,2.2,4.1,,,2
L.Musgrave,2023,5,9.4,6.125,,,2
D.Schultz,2023,5,19.5,6.225,,,2
J.Downs,2023,5,15.7,8.2,,,2
A.Ogletree,2023,5,3.6,6.3,,,2
E.Engram,2023,5,6.800000000000001,12.05,,,2
M.Pittman,2023,5,10.2,14.625,,,2
M.Alie-Cox,2023,5,2.7,4.333333333333333,,,2
A.Pierce,2023,5,2.0,4.6,,,2
T.Higbee,2023,5,4.0,8.9,,,2
D.Adams,2023,5,8.5,22.675,,,2
A.Trautman,2023,5,12.6,2.1,,,-1
B.Johnson,2023,5,1.9,9.075,,,2
C.Sutton,2023,5,2.3,13.9,,,2
A.Hooper,2023,5,3.1,3.0333333333333337,,,2
H.Henry,2023,5,0.0,11.65,,,2
A.Brown,2023,5,18.700000000000003,20.6,,,2
D.Smith,2023,5,1.6,15.85,,,2
J.Smith-Schuster,2023,5,3.6,4.75,,,2
M.Gesicki,2023,5,3.7,4.975,,,2
B.Aiyuk,2023,5,9.8,20.33333333333333,,,2
A.Robinson,2023,5,7.9,5.7,,,2
T.Hockenson,2023,5,10.1,13.825,,,2
J.Oliver,2023,5,0.5,5.966666666666666,,,2
K.Osborn,2023,5,9.9,7.925000000000001,,,2
M.Thomas,2023,5,10.5,10.975,,,2
N.Westbrook-Ikhine,2023,5,1.9,12.466666666666669,,,2
C.Olave,2023,5,9.2,13.4,,,2
K.Kirkwood,2023,5,1.1,0.0,,,-1
N.Agholor,2023,5,10.4,8.866666666666667,,,2
H.Renfrow,2023,5,1.7000000000000002,3.4,,,2
D.Parker,2023,5,4.0,6.966666666666666,,,2
D.Chark,2023,5,13.2,8.633333333333333,,,2
L.Schoonmaker,2023,5,0.0,2.3666666666666667,,,-1
J.Bates,2023,5,3.9,4.133333333333334,,,2
J.Jeudy,2023,5,11.0,8.933333333333334,,,2
S.Howell,2023,6,18.34,16.412,,,0
J.Dobbs,2023,6,10.1,15.080000000000002,,,0
J.Allen,2023,6,13.86,23.656,,,0
Z.Wilson,2023,6,10.94,10.148,,,0
D.Ridder,2023,6,16.080000000000002,13.804000000000002,,,0
B.Young,2023,6,12.68,11.625,,,0
J.Burrow,2023,6,13.8,10.96,,,0
D.Prescott,2023,6,24.880000000000003,11.788,,,0
T.Taylor,2023,6,10.4,1.76,,,0
J.Goff,2023,6,22.42,18.76,,,0
P.Mahomes,2023,6,17.34,19.756,,,0
J.Fields,2023,6,4.92,20.164,,,0
L.Jackson,2023,6,17.12,19.14,,,0
C.Stroud,2023,6,14.16,17.747999999999998,,,0
T.Lawrence,2023,6,14.74,14.304000000000002,,,0
G.Minshew,2023,6,9.56,7.63,,,0
G.Smith,2023,6,11.04,14.21,,,0
M.Stafford,2023,6,13.24,14.588,,,0
J.Garoppolo,2023,6,8.88,12.745,,,0
R.Wilson,2023,6,6.9,19.26,,,0
T.Tagovailoa,2023,6,22.48,19.732,,,0
J.Herbert,2023,6,19.08,23.935,,,0
J.Hurts,2023,6,19.9,21.816000000000003,,,0
M.Jones,2023,6,7.4,11.064,,,0
B.Purdy,2023,6,7.7,19.848000000000003,,,0
K.Cousins,2023,6,8.74,20.024,,,0
B.Mayfield,2023,6,6.84,16.845,,,0
R.Tannehill,2023,6,1.04,10.016,,,0
D.Carr,2023,6,16.32,9.668,,,0
C.Kirk,2023,6,13.9,14.012,,,2
T.Hill,2023,6,40.56,30.188,,,2
K.Allen,2023,6,21.5,25.565,,,2
D.Henry,2023,6,19.3,13.596,,,1
D.Singletary,2023,6,7.200000000000001,4.048,,,1
C.Godwin,2023,6,13.7,12.125,,,2
J.Jacobs,2023,6,11.3,15.56,,,1
D.London,2023,6,21.5,10.056,,,2
K.Toney,2023,6,9.4,4.5200000000000005,,,2
J.Smith,2023,6,13.6,10.9,,,2
T.Atwell,2023,6,4.0,13.32,,,2
A.St. Brown,2023,6,30.4,17.375,,,2
C.Akers,2023,6,2.5,6.6000000000000005,,,1
G.Wilson,2023,6,17.0,12.78,,,2
J.Meyers,2023,6,17.1,17.6,,,2
D.Samuel,2023,6,1.1,14.12,,,2
J.Chase,2023,6,14.0,21.96,,,2
T.Boyd,2023,6,16.8,7.92,,,2
D.Dallas,2023,6,0.9,1.15,,,-1
J.McKinnon,2023,6,5.0,6.040000000000001,,,2
K.Gainwell,2023,6,2.7,6.675000000000001,,,1
D.Brown,2023,6,0.0,3.675,,,2
D.Hopkins,2023,6,3.0,12.32,,,2
J.Jennings,2023,6,4.6,3.775,,,2
B.Robinson,2023,6,26.6,30.58,,,1
A.Gibson,2023,6,8.6,5.32,,,2
C.Samuel,2023,6,14.2,12.26,,,2
R.Moore,2023,6,6.6,7.340000000000001,,,1
M.Brown,2023,6,7.4,15.18,,,2
K.Ingram,2023,6,7.1,1.1,,,-1
J.Cook,2023,6,7.1000000000000005,12.64,,,1
Bre.Hall,2023,6,20.3,11.72,,,1
D.Cook,2023,6,2.4000000000000004,4.0200000000000005,,,1
D.Harris,2023,6,0.1,3.78,,,1
D.Harty,2023,6,7.3,4.24,,,2
L.Murray,2023,6,4.5,6.44,,,1
Mi.Carter,2023,6,0.5,3.3,,,2
C.Hubbard,2023,6,16.0,6.62,,,1
L.Shenault,2023,6,4.7,2.4200000000000004,,,1
T.Allgeier,2023,6,5.1000000000000005,8.459999999999999,,,1
J.Mixon,2023,6,9.2,11.96,,,1
J.Ford,2023,6,11.1,14.075,,,1
T.Williams,2023,6,2.3,0.8800000000000001,,,-1
E.Moore,2023,6,6.7,7.525,,,2
M.Breida,2023,6,1.3,5.82,,,1
T.Pollard,2023,6,17.0,14.919999999999998,,,1
R.Dowdle,2023,6,1.2000000000000002,5.1,,,1
D.Montgomery,2023,6,4.300000000000001,20.200000000000003,,,1
C.Edwards-Helaire,2023,6,2.6,4.6,,,1
I.Pacheco,2023,6,15.8,14.28,,,1
S.Moore,2023,6,4.2,5.92,,,2
R.Rice,2023,6,11.2,9.2,,,2
C.Kmet,2023,6,2.9,12.84,,,2
D.Pierce,2023,6,3.4000000000000004,9.62,,,1
J.Hill,2023,6,6.5,7.4,,,1
Z.Flowers,2023,6,17.1,12.36,,,2
G.Edwards,2023,6,6.300000000000001,6.840000000000001,,,1
T.Etienne,2023,6,23.3,18.4,,,1
T.Bigsby,2023,6,1.8,4.025,,,1
K.Walker,2023,6,17.9,18.4,,,1
K.Williams,2023,6,21.8,17.82,,,1
Z.Charbonnet,2023,6,3.9,4.15,,,1
J.Williams,2023,6,20.5,8.440000000000001,,,1
S.Perine,2023,6,1.6,7.720000000000001,,,2
Z.White,2023,6,2.9000000000000004,1.1333333333333335,,,1
J.Kelley,2023,6,1.4,7.050000000000001,,,1
G.Everett,2023,6,10.8,5.975,,,2
R.Mostert,2023,6,34.2,21.04,,,1
R.Stevenson,2023,6,18.0,9.1,,,1
T.Montgomery,2023,6,1.9,1.7,,,-1
E.Elliott,2023,6,11.9,6.0600000000000005,,,1
D.Swift,2023,6,17.8,15.580000000000002,,,1
C.McCaffrey,2023,6,14.2,26.76,,,1
A.Mattison,2023,6,11.2,11.84,,,1
R.White,2023,6,6.800000000000001,11.55,,,1
T.Spears,2023,6,7.300000000000001,8.38,,,1
R.Shaheed,2023,6,18.3,8.48,,,2
C.Brown,2023,6,2.2,0.7000000000000001,,,-1
D.Thompkins,2023,6,2.3,5.575,,,2
Z.Moss,2023,6,17.9,21.425,,,1
I.Spiller,2023,6,0.2,1.9,,,1
J.Waddle,2023,6,18.1,11.825,,,2
E.Demercado,2023,6,2.7,5.2,,,1
C.Reynolds,2023,6,6.300000000000001,4.733333333333333,,,1
K.Raymond,2023,6,5.6000000000000005,7.7,,,2
P.Nacua,2023,6,6.6,23.12,,,2
J.McLaughlin,2023,6,6.2,9.12,,,1
M.Burton,2023,6,0.2,1.2,,,-1
K.Pitts,2023,6,14.3,7.6800000000000015,,,2
G.Davis,2023,6,3.1,14.76,,,2
C.Lamb,2023,6,18.700000000000003,14.18,,,2
V.Jefferson,2023,6,0.0,4.800000000000001,,,2
K.Miller,2023,6,2.2,6.400000000000001,,,1
K.Juszczyk,2023,6,1.9,4.866666666666666,,,2
J.Mason,2023,6,8.7,5.766666666666667,,,1
M.Goodwin,2023,6,3.4,0.275,,,-1
H.Bryant,2023,6,0.0,2.575,,,-1
T.Scott,2023,6,3.2,2.3000000000000003,,,1
R.Rivers,2023,6,2.3,3.066666666666667,,,1
B.Berrios,2023,6,4.0,7.6,,,2
A.Thielen,2023,6,28.5,19.6,,,2
W.Robinson,2023,6,14.2,7.566666666666667,,,2
L.Thomas,2023,6,1.2,11.625,,,2
B.Cooks,2023,6,15.0,4.225,,,2
D.Carter,2023,6,0.0,1.1,,,-1
A.Abdullah,2023,6,0.0,2.2,,,2
K.Hodge,2023,6,0.0,2.833333333333333,,,2
C.Ridley,2023,6,6.6,13.74,,,2
I.McKenzie,2023,6,4.300000000000001,1.25,,,-1
M.Andrews,2023,6,10.9,15.125,,,2
N.Gray,2023,6,2.8,5.86,,,2
K.Bourne,2023,6,19.3,10.36,,,2
D.Mooney,2023,6,6.800000000000001,6.1,,,2
G.Kittle,2023,6,1.1,11.3,,,2
C.Okonkwo,2023,6,3.8,5.08,,,2
R.Bateman,2023,6,3.5,3.675,,,2
J.Bobo,2023,6,6.3,2.9333333333333336,,,-1
J.Addison,2023,6,11.8,12.38,,,2
Q.Johnston,2023,6,0.0,2.6,,,2
D.Moore,2023,6,10.1,22.02,,,2
T.Palmer,2023,6,6.7,5.55,,,2
C.Moore,2023,6,1.6,4.35,,,2
K.Granson,2023,6,9.7,5.86,,,2
S.LaPorta,2023,6,7.6,14.38,,,2
D.Goedert,2023,6,9.2,9.5,,,2
R.Woods,2023,6,7.6,8.620000000000001,,,2
T.Conklin,2023,6,5.4,7.459999999999999,,,2
S.Diggs,2023,6,20.0,23.8,,,2
K.Shakir,2023,6,2.3,2.925,,,-1
N.Collins,2023,6,12.0,17.94,,,2
J.Palmer,2023,6,10.0,7.75,,,2
T.Kelce,2023,6,21.4,16.8,,,2
J.Dotson,2023,6,0.0,7.4,,,2
Z.Ertz,2023,6,4.2,8.52,,,2
Z.Pascal,2023,6,0.0,1.475,,,-1
T.McLaurin,2023,6,14.1,11.42,,,2
T.McBride,2023,6,10.2,3.18,,,2
Mi.Wilson,2023,6,9.2,10.5,,,2
D.Knox,2023,6,4.7,4.9,,,2
A.Lazard,2023,6,1.8,7.840000000000001,,,2
R.Cobb,2023,6,2.0,1.0,,,-1
T.Marshall,2023,6,0.0,9.133333333333333,,,2
H.Hurst,2023,6,2.6,5.8,,,2
M.Hollins,2023,6,7.1000000000000005,4.66,,,2
J.Mingo,2023,6,4.1,6.050000000000001,,,2
T.Higgins,2023,6,4.0,9.225,,,2
A.Cooper,2023,6,14.8,12.475,,,2
D.Njoku,2023,6,5.4,6.95,,,2
D.Peoples-Jones,2023,6,0.0,3.375,,,2
J.Akins,2023,6,0.0,1.6666666666666667,,,-1
D.Slayton,2023,6,10.9,5.94,,,2
D.Waller,2023,6,9.3,9.38,,,2
J.Ferguson,2023,6,2.5,8.7,,,2
M.Gallup,2023,6,5.4,6.6,,,2
J.Hyatt,2023,6,5.1,4.633333333333334,,,2
J.Reynolds,2023,6,8.0,15.775,,,2
Ju.Watson,2023,6,0.0,5.98,,,2
M.Valdes-Scantling,2023,6,0.0,3.72,,,2
D.Schultz,2023,6,16.1,8.879999999999999,,,2
O.Beckham,2023,6,5.4,4.966666666666667,,,2
J.Downs,2023,6,13.1,9.7,,,2
A.Ogletree,2023,6,0.0,5.625,,,2
E.Engram,2023,6,11.1,11.0,,,2
M.Pittman,2023,6,19.9,13.74,,,2
A.Pierce,2023,6,5.5,4.08,,,2
T.Lockett,2023,6,15.4,11.675,,,2
D.Metcalf,2023,6,10.9,14.2,,,2
T.Higbee,2023,6,3.8,7.92,,,2
J.Smith-Njigba,2023,6,8.8,4.55,,,2
C.Parkinson,2023,6,4.9,3.675,,,2
D.Adams,2023,6,4.9,19.84,,,2
A.Trautman,2023,6,1.4,4.2,,,2
B.Johnson,2023,6,0.0,7.640000000000001,,,2
C.Sutton,2023,6,14.6,11.580000000000002,,,2
A.Hooper,2023,6,3.9,3.05,,,2
D.Smythe,2023,6,0.0,5.825,,,2
D.Parham,2023,6,3.9,6.825,,,-1
H.Henry,2023,6,1.7000000000000002,9.32,,,2
A.Brown,2023,6,20.1,20.22,,,2
D.Smith,2023,6,9.4,13.0,,,2
M.Gesicki,2023,6,5.800000000000001,4.720000000000001,,,2
B.Aiyuk,2023,6,11.6,17.700000000000003,,,2
T.Hockenson,2023,6,11.0,13.080000000000002,,,2
C.Otton,2023,6,2.5,6.725,,,2
M.Evans,2023,6,8.9,17.925,,,2
K.Osborn,2023,6,8.8,8.32,,,2
M.Thomas,2023,6,9.5,10.88,,,2
N.Westbrook-Ikhine,2023,6,5.5,9.825,,,2
C.Olave,2023,6,16.6,12.56,,,2
N.Agholor,2023,6,6.0,9.25,,,2
R.Tonyan,2023,6,2.1,2.266666666666667,,,-1
M.Mayer,2023,6,12.5,3.0333333333333337,,,2
D.Parker,2023,6,1.7000000000000002,6.225,,,2
D.Chark,2023,6,5.6,9.775,,,2
N.Fant,2023,6,1.9,8.666666666666666,,,2
J.Jeudy,2023,6,4.4,9.45,,,2
M.Pruitt,2023,6,1.9,1.7333333333333334,,,2
C.Uzomah,2023,6,0.0,4.066666666666666,,,-1
S.Howell,2023,7,9.46,16.733333333333334,,,0
J.Dobbs,2023,7,16.14,14.25,,,0
J.Allen,2023,7,24.3,22.02333333333333,,,0
D.Ridder,2023,7,13.8,14.183333333333332,,,0
D.Watson,2023,7,-1.8,17.80666666666667,,,0
T.Taylor,2023,7,21.66,3.92,,,0
J.Goff,2023,7,9.36,19.37,,,0
P.Mahomes,2023,7,33.86,19.35333333333333,,,0
J.Love,2023,7,15.3,18.044,,,0
L.Jackson,2023,7,33.88,18.80333333333333,,,0
T.Lawrence,2023,7,18.06,14.376666666666669,,,0
G.Minshew,2023,7,27.1,8.016,,,0
G.Smith,2023,7,13.76,13.576,,,0
M.Stafford,2023,7,14.04,14.363333333333332,,,0
R.Wilson,2023,7,13.86,17.2,,,0
T.Tagovailoa,2023,7,10.34,20.19,,,0
J.Herbert,2023,7,10.86,22.964,,,0
J.Hurts,2023,7,23.26,21.49666666666667,,,0
M.Jones,2023,7,19.98,10.453333333333331,,,0
K.Pickett,2023,7,15.2,10.856,,,0
B.Purdy,2023,7,12.78,17.823333333333334,,,0
K.Cousins,2023,7,21.020000000000003,18.14333333333333,,,0
B.Mayfield,2023,7,16.2,14.844,,,0
D.Carr,2023,7,17.44,10.776666666666666,,,0
C.Kirk,2023,7,19.0,13.993333333333334,,,2
T.Hill,2023,7,42.6,31.916666666666668,,,2
K.Allen,2023,7,9.5,24.752,,,2
C.Godwin,2023,7,12.6,12.44,,,2
J.Jacobs,2023,7,5.1,14.85,,,1
D.London,2023,7,11.4,11.963333333333331,,,2
K.Toney,2023,7,2.3,5.333333333333333,,,2
D.Wicks,2023,7,3.3600000000000003,4.5,,,2
J.Smith,2023,7,5.7,11.44,,,2
T.Atwell,2023,7,10.1,11.766666666666666,,,2
A.St. Brown,2023,7,23.200000000000003,19.98,,,2
C.Akers,2023,7,8.1,5.575,,,1
R.Doubs,2023,7,11.0,12.36,,,2
J.Meyers,2023,7,18.0,17.5,,,2
D.Dallas,2023,7,1.0,1.1,,,-1
Co.Heyward,2023,7,4.300000000000001,3.0666666666666664,,,2
J.McKinnon,2023,7,4.6000000000000005,5.866666666666667,,,2
K.Gainwell,2023,7,7.6,5.880000000000001,,,1
J.Jennings,2023,7,10.4,3.94,,,2
B.Robinson,2023,7,8.6,29.916666666666668,,,1
A.Gibson,2023,7,5.1000000000000005,5.866666666666667,,,2
C.Samuel,2023,7,6.5,12.583333333333334,,,2
R.Moore,2023,7,4.6000000000000005,7.216666666666668,,,1
M.Brown,2023,7,7.9,13.883333333333333,,,2
J.Cook,2023,7,19.200000000000003,11.716666666666669,,,1
D.Harty,2023,7,2.0,4.75,,,2
L.Murray,2023,7,4.8,6.116666666666667,,,1
T.Allgeier,2023,7,14.2,7.900000000000001,,,1
J.Ford,2023,7,17.4,13.48,,,1
E.Moore,2023,7,9.9,7.359999999999999,,,2
S.Barkley,2023,7,18.8,16.76666666666667,,,1
M.Breida,2023,7,1.9,5.066666666666666,,,1
C.Edwards-Helaire,2023,7,0.5,4.266666666666667,,,1
J.Gibbs,2023,7,27.6,9.725,,,1
I.Pacheco,2023,7,16.0,14.533333333333331,,,1
S.Moore,2023,7,3.5,5.633333333333333,,,2
R.Rice,2023,7,17.0,9.533333333333331,,,2
J.Reed,2023,7,11.1,9.56,,,2
A.Dillon,2023,7,11.5,6.180000000000001,,,1
J.Hill,2023,7,5.800000000000001,7.25,,,1
Z.Flowers,2023,7,11.5,13.15,,,2
G.Edwards,2023,7,21.4,6.75,,,1
T.Etienne,2023,7,22.700000000000003,19.216666666666665,,,1
J.Agnew,2023,7,7.5,2.075,,,2
T.Bigsby,2023,7,0.2,3.58,,,-1
D.Johnson,2023,7,12.9,3.0,,,2
K.Walker,2023,7,13.1,18.3,,,1
J.Williams,2023,7,14.000000000000002,10.45,,,1
S.Perine,2023,7,7.1,6.7,,,2
Z.White,2023,7,5.800000000000001,1.5750000000000002,,,1
S.Ahmed,2023,7,1.3,6.866666666666667,,,1
J.Kelley,2023,7,13.5,5.92,,,1
G.Everett,2023,7,11.6,6.94,,,2
R.Mostert,2023,7,6.1,23.23333333333333,,,1
R.Stevenson,2023,7,14.5,10.583333333333334,,,1
E.Elliott,2023,7,9.1,7.033333333333334,,,1
D.Swift,2023,7,10.5,15.95,,,1
C.McCaffrey,2023,7,22.6,24.666666666666668,,,1
N.Harris,2023,7,15.8,6.6800000000000015,,,1
J.Warren,2023,7,10.1,10.0,,,2
A.Mattison,2023,7,6.2,11.733333333333334,,,1
R.White,2023,7,15.9,10.6,,,1
T.Chandler,2023,7,2.2,2.825,,,1
R.Jarrett,2023,7,0.0,1.0,,,-1
T.Jones,2023,7,3.7,5.82,,,1
R.Shaheed,2023,7,7.2,10.116666666666667,,,2
D.Thompkins,2023,7,2.4000000000000004,4.92,,,2
V.Jones,2023,7,1.0,1.2333333333333334,,,-1
P.Strong,2023,7,2.5,4.566666666666666,,,1
C.Austin,2023,7,0.1,6.5200000000000005,,,2
Z.Moss,2023,7,7.2,20.72,,,1
D.Davis,2023,7,3.4000000000000004,3.125,,,1
T.Tucker,2023,7,3.8,4.366666666666667,,,1
J.Waddle,2023,7,12.3,13.080000000000002,,,2
E.Demercado,2023,7,11.5,4.7,,,1
C.Reynolds,2023,7,3.5,5.125,,,1
K.Raymond,2023,7,4.0,7.35,,,2
P.Nacua,2023,7,23.4,20.366666666666667,,,2
M.Mims,2023,7,-1.1,8.38,,,2
J.McLaughlin,2023,7,5.6,8.633333333333333,,,1
K.Pitts,2023,7,7.7,8.783333333333333,,,2
G.Davis,2023,7,1.6,12.816666666666668,,,2
V.Jefferson,2023,7,1.5,3.8400000000000007,,,2
D.Douglas,2023,7,11.4,4.5600000000000005,,,2
K.Hunt,2023,7,15.1,7.6,,,1
M.Goodwin,2023,7,3.3000000000000003,0.9,,,-1
H.Bryant,2023,7,0.0,2.06,,,-1
T.Scott,2023,7,5.300000000000001,2.5250000000000004,,,2
B.Berrios,2023,7,1.7000000000000002,7.0,,,2
W.Robinson,2023,7,3.2,9.225,,,2
A.Kamara,2023,7,29.3,19.166666666666668,,,1
L.Thomas,2023,7,9.1,9.54,,,2
G.Pickens,2023,7,15.7,14.98,,,2
K.Blasingame,2023,7,1.4,1.2333333333333334,,,-1
K.Hodge,2023,7,2.9000000000000004,2.125,,,2
C.Ridley,2023,7,1.5,12.550000000000002,,,2
B.Powell,2023,7,10.9,5.2,,,2
I.McKenzie,2023,7,0.7000000000000001,1.86,,,-1
M.Andrews,2023,7,22.3,14.28,,,2
N.Gray,2023,7,1.8,5.3500000000000005,,,2
K.Bourne,2023,7,16.3,11.85,,,2
R.McCloud,2023,7,4.0,3.0,,,1
D.Mooney,2023,7,7.4,6.24,,,2
G.Kittle,2023,7,13.0,9.6,,,2
R.Bateman,2023,7,5.6,3.640000000000001,,,2
J.Bobo,2023,7,16.1,3.775,,,2
J.Addison,2023,7,31.3,12.283333333333331,,,2
Q.Johnston,2023,7,3.0,2.08,,,-1
D.Moore,2023,7,13.4,20.03333333333333,,,2
T.Palmer,2023,7,1.5,5.779999999999999,,,2
S.LaPorta,2023,7,11.2,13.25,,,2
D.Goedert,2023,7,18.7,9.45,,,2
S.Diggs,2023,7,17.8,23.166666666666668,,,2
K.Shakir,2023,7,7.5,2.8,,,-1
J.Palmer,2023,7,18.3,8.2,,,2
S.Shepard,2023,7,1.3,1.3250000000000002,,,-1
T.Kelce,2023,7,35.900000000000006,17.72,,,2
J.Dotson,2023,7,9.3,6.166666666666667,,,2
Z.Ertz,2023,7,4.9,7.8,,,2
T.McLaurin,2023,7,15.0,11.866666666666667,,,2
T.McBride,2023,7,5.9,4.3500000000000005,,,2
Mi.Wilson,2023,7,5.6,10.283333333333331,,,2
D.Knox,2023,7,4.0,4.866666666666667,,,2
D.Kincaid,2023,7,15.5,5.76,,,2
A.Cooper,2023,7,4.2,12.94,,,2
D.Njoku,2023,7,10.4,6.640000000000001,,,2
D.Peoples-Jones,2023,7,4.2,2.7,,,2
D.Slayton,2023,7,3.2,6.766666666666667,,,2
D.Waller,2023,7,22.8,9.366666666666667,,,2
I.Hodgins,2023,7,3.3,4.94,,,2
J.Hyatt,2023,7,9.5,4.75,,,2
J.Reynolds,2023,7,6.3,14.22,,,2
M.Valdes-Scantling,2023,7,17.4,3.1,,,2
L.Musgrave,2023,7,7.0,6.779999999999999,,,2
S.Toure,2023,7,1.3,2.975,,,2
O.Beckham,2023,7,9.9,5.075,,,2
J.Downs,2023,7,23.5,10.266666666666667,,,2
E.Engram,2023,7,9.5,11.016666666666666,,,2
M.Pittman,2023,7,16.3,14.766666666666666,,,2
M.Alie-Cox,2023,7,0.3999999999999999,3.925,,,2
A.Pierce,2023,7,8.3,4.316666666666666,,,2
T.Lockett,2023,7,7.800000000000001,12.42,,,2
T.Higbee,2023,7,1.7000000000000002,7.233333333333334,,,2
J.Smith-Njigba,2023,7,16.3,5.4,,,2
C.Parkinson,2023,7,4.6,3.92,,,2
D.Adams,2023,7,12.7,17.349999999999998,,,2
A.Trautman,2023,7,1.5,3.733333333333333,,,2
C.Sutton,2023,7,19.6,12.083333333333334,,,2
A.Hooper,2023,7,3.8,3.22,,,2
D.Parham,2023,7,1.9,6.24,,,2
H.Henry,2023,7,4.7,8.049999999999999,,,2
A.Brown,2023,7,29.700000000000003,20.2,,,2
D.Smith,2023,7,8.9,12.4,,,2
M.Gesicki,2023,7,8.5,4.9,,,2
B.Aiyuk,2023,7,10.7,16.48,,,2
A.Robinson,2023,7,1.7000000000000002,6.140000000000001,,,2
T.Hockenson,2023,7,19.6,12.733333333333334,,,2
C.Otton,2023,7,9.3,5.88,,,2
M.Evans,2023,7,20.200000000000003,16.119999999999997,,,2
J.Oliver,2023,7,2.6,4.6,,,2
K.Osborn,2023,7,9.7,8.4,,,2
M.Thomas,2023,7,13.2,10.65,,,2
C.Olave,2023,7,12.7,13.233333333333334,,,2
N.Agholor,2023,7,8.2,8.6,,,2
M.Mayer,2023,7,3.3,5.4,,,2
H.Renfrow,2023,7,3.4000000000000004,2.975,,,2
D.Parker,2023,7,1.8,5.32,,,2
F.Moreau,2023,7,6.300000000000001,6.3,,,2
N.Fant,2023,7,3.5,6.9750000000000005,,,2
J.Bates,2023,7,0.0,4.075,,,2
J.Jeudy,2023,7,11.4,8.440000000000001,,,2
B.Pringle,2023,7,2.6,1.9666666666666668,,,-1
T.Sherfield,2023,7,1.5,2.966666666666667,,,2
N.Adkins,2023,7,1.3,1.6333333333333335,,,-1
O.Zaccheaus,2023,7,0.0,5.8,,,2
S.Howell,2023,8,30.98,15.694285714285716,,,0
J.Dobbs,2023,8,22.92,14.52,,,0
J.Allen,2023,8,29.06,22.34857142857143,,,0
Z.Wilson,2023,8,12.1,10.28,,,0
D.Ridder,2023,8,3.4399999999999995,14.12857142857143,,,0
B.Young,2023,8,14.5,11.836,,,0
J.Burrow,2023,8,27.62,11.433333333333332,,,0
D.Prescott,2023,8,28.06,13.97,,,0
C.Rush,2023,8,-0.18,0.24,,,-1
T.Taylor,2023,8,3.42,7.468000000000001,,,0
J.Goff,2023,8,12.68,17.94,,,0
P.Mahomes,2023,8,5.6,21.42571428571429,,,0
J.Love,2023,8,14.56,17.58666666666667,,,0
L.Jackson,2023,8,11.98,20.95714285714286,,,0
C.Stroud,2023,8,12.9,17.150000000000002,,,0
T.Lawrence,2023,8,14.68,14.902857142857142,,,0
G.Minshew,2023,8,14.82,11.196666666666667,,,0
G.Smith,2023,8,13.86,13.606666666666667,,,0
M.Stafford,2023,8,11.38,14.31714285714286,,,0
J.Garoppolo,2023,8,4.24,11.972,,,0
R.Wilson,2023,8,17.560000000000002,16.722857142857144,,,0
T.Tagovailoa,2023,8,21.76,18.782857142857143,,,0
J.Herbert,2023,8,24.02,20.94666666666667,,,0
J.Hurts,2023,8,27.36,21.74857142857143,,,0
M.Jones,2023,8,12.24,11.814285714285717,,,0
K.Pickett,2023,8,3.92,11.58,,,0
B.Purdy,2023,8,18.3,17.102857142857143,,,0
K.Cousins,2023,8,19.86,18.554285714285715,,,0
B.Mayfield,2023,8,21.380000000000003,15.07,,,0
D.Carr,2023,8,18.3,11.728571428571428,,,0
C.Kirk,2023,8,8.600000000000001,14.70857142857143,,,2
T.Hill,2023,8,47.66,33.44285714285714,,,2
K.Allen,2023,8,14.9,22.21,,,2
D.Henry,2023,8,16.200000000000003,14.546666666666669,,,1
D.Singletary,2023,8,6.3,4.573333333333333,,,1
C.Godwin,2023,8,17.8,12.466666666666669,,,2
J.Jacobs,2023,8,16.8,13.457142857142856,,,1
D.London,2023,8,10.5,11.882857142857144,,,2
K.Toney,2023,8,1.1,4.9,,,2
D.Wicks,2023,8,4.800000000000001,4.31,,,2
C.Wilson,2023,8,7.1,6.2,,,2
J.Smith,2023,8,2.3,10.483333333333334,,,2
T.Atwell,2023,8,6.9,11.528571428571428,,,2
A.St. Brown,2023,8,16.8,20.516666666666666,,,2
C.Akers,2023,8,9.5,6.08,,,1
D.Bellinger,2023,8,0.0,1.55,,,-1
G.Wilson,2023,8,17.6,13.483333333333334,,,2
N.Dell,2023,8,6.1,12.86,,,2
R.Doubs,2023,8,11.8,12.133333333333333,,,2
J.Meyers,2023,8,2.9000000000000004,17.583333333333332,,,2
J.Chase,2023,8,25.2,20.633333333333336,,,2
T.Boyd,2023,8,13.6,9.4,,,2
Co.Heyward,2023,8,7.4,3.375,,,2
J.McKinnon,2023,8,1.8,5.685714285714285,,,2
K.Gainwell,2023,8,5.6,6.166666666666667,,,1
D.Hopkins,2023,8,34.8,10.766666666666666,,,2
B.Robinson,2023,8,22.1,26.871428571428574,,,1
A.Gibson,2023,8,9.2,5.757142857142857,,,2
C.Samuel,2023,8,6.2,11.714285714285714,,,2
R.Moore,2023,8,4.1,6.842857142857143,,,1
M.Brown,2023,8,15.3,13.028571428571428,,,2
K.Ingram,2023,8,2.6,2.6,,,1
J.Cook,2023,8,8.3,12.785714285714286,,,1
Bre.Hall,2023,8,21.3,13.15,,,1
D.Cook,2023,8,0.5,3.75,,,1
L.Murray,2023,8,2.1,5.928571428571429,,,1
Mi.Carter,2023,8,0.2,2.833333333333333,,,1
C.Hubbard,2023,8,7.4,8.183333333333334,,,1
T.Allgeier,2023,8,3.1,8.8,,,1
J.Mixon,2023,8,20.0,11.5,,,1
J.Ford,2023,8,4.9,14.133333333333333,,,1
T.Williams,2023,8,0.6000000000000001,1.1166666666666667,,,-1
E.Moore,2023,8,5.0,7.783333333333334,,,2
S.Barkley,2023,8,15.8,17.275,,,1
M.Breida,2023,8,2.7,4.614285714285714,,,1
T.Pollard,2023,8,6.500000000000001,15.266666666666666,,,1
R.Dowdle,2023,8,4.5,4.45,,,1
K.Turpin,2023,8,2.3,7.175000000000001,,,1
C.Edwards-Helaire,2023,8,0.4,3.7285714285714286,,,1
J.Gibbs,2023,8,29.9,13.3,,,1
I.Pacheco,2023,8,6.7,14.742857142857144,,,1
S.Moore,2023,8,1.8,5.328571428571428,,,2
R.Rice,2023,8,9.6,10.6,,,2
C.Kmet,2023,8,17.9,11.183333333333332,,,2
A.Jones,2023,8,8.600000000000001,12.6,,,1
J.Reed,2023,8,12.3,9.816666666666668,,,2
A.Dillon,2023,8,10.2,7.066666666666666,,,1
D.Foreman,2023,8,4.6000000000000005,15.033333333333331,,,1
R.Johnson,2023,8,6.1,7.0,,,1
D.Pierce,2023,8,4.6000000000000005,8.583333333333334,,,1
J.Hill,2023,8,10.9,7.042857142857143,,,1
Z.Flowers,2023,8,6.9,12.914285714285716,,,2
G.Edwards,2023,8,29.4,8.842857142857143,,,1
T.Etienne,2023,8,25.9,19.714285714285715,,,1
T.Bigsby,2023,8,-1.1,3.016666666666667,,,-1
D.Johnson,2023,8,17.3,4.65,,,2
K.Walker,2023,8,8.0,17.433333333333334,,,1
Z.Charbonnet,2023,8,8.4,4.1,,,1
J.Williams,2023,8,27.2,10.957142857142856,,,1
S.Perine,2023,8,4.1,6.757142857142857,,,2
S.Ahmed,2023,8,5.7,5.475,,,1
A.Ekeler,2023,8,23.3,14.066666666666668,,,1
J.Kelley,2023,8,2.1,7.183333333333334,,,1
R.Mostert,2023,8,10.6,20.785714285714285,,,1
R.Stevenson,2023,8,7.0,11.142857142857142,,,1
E.Elliott,2023,8,3.6,7.328571428571429,,,1
B.Scott,2023,8,1.4,2.8666666666666667,,,1
D.Swift,2023,8,14.4,15.171428571428573,,,1
C.McCaffrey,2023,8,29.8,24.371428571428574,,,1
N.Harris,2023,8,10.5,8.200000000000001,,,1
E.Mitchell,2023,8,0.2,2.0,,,1
J.Warren,2023,8,7.800000000000001,10.016666666666667,,,1
A.Mattison,2023,8,4.300000000000001,10.94285714285714,,,1
R.White,2023,8,17.9,11.483333333333334,,,1
R.Jarrett,2023,8,1.9,0.75,,,-1
T.Burks,2023,8,0.0,5.6000000000000005,,,2
T.Spears,2023,8,6.6,8.200000000000001,,,1
R.Shaheed,2023,8,24.3,9.7,,,2
V.Jones,2023,8,1.4,1.175,,,-1
P.Strong,2023,8,9.2,4.050000000000001,,,1
C.Austin,2023,8,4.9,5.45,,,2
Z.Moss,2023,8,14.4,18.46666666666667,,,1
D.Davis,2023,8,2.4,3.18,,,1
I.Spiller,2023,8,1.8,1.475,,,-1
J.Waddle,2023,8,25.1,12.949999999999998,,,2
E.Demercado,2023,8,8.9,5.833333333333333,,,1
C.Reynolds,2023,8,7.600000000000001,4.8,,,1
K.Raymond,2023,8,4.2,6.871428571428572,,,2
P.Nacua,2023,8,7.3,20.800000000000004,,,2
B.Skowronek,2023,8,9.0,1.1,,,-1
M.Mims,2023,8,1.0,6.8,,,2
J.McLaughlin,2023,8,5.9,8.2,,,1
K.Pitts,2023,8,6.5,8.62857142857143,,,2
G.Davis,2023,8,23.700000000000003,11.214285714285714,,,2
C.Lamb,2023,8,41.0,14.933333333333332,,,2
A.Ingold,2023,8,1.5,2.9,,,2
V.Jefferson,2023,8,5.4,3.4500000000000006,,,2
D.Douglas,2023,8,7.9,5.7,,,2
K.Miller,2023,8,2.9,5.3500000000000005,,,1
K.Hunt,2023,8,13.7,9.475,,,1
H.Bryant,2023,8,0.0,1.7166666666666668,,,-1
T.Scott,2023,8,2.1,3.08,,,2
B.Berrios,2023,8,2.8,6.242857142857143,,,2
A.Thielen,2023,8,15.2,21.08333333333333,,,2
M.Boone,2023,8,2.6,2.1,,,1
W.Robinson,2023,8,1.7000000000000002,8.02,,,2
A.Kamara,2023,8,27.0,21.7,,,1
K.Vaughn,2023,8,0.1,1.5,,,1
L.Thomas,2023,8,16.4,9.466666666666669,,,2
G.Pickens,2023,8,9.2,15.1,,,2
K.Blasingame,2023,8,0.0,1.275,,,-1
B.Cooks,2023,8,14.2,6.38,,,2
C.Watson,2023,8,6.300000000000001,9.266666666666667,,,2
A.Abdullah,2023,8,2.9000000000000004,1.8333333333333333,,,-1
K.Hodge,2023,8,10.5,2.28,,,2
C.Ridley,2023,8,14.3,10.971428571428572,,,2
B.Powell,2023,8,2.2,6.625,,,2
J.Taylor,2023,8,10.7,12.300000000000002,,,1
M.Andrews,2023,8,14.0,15.616666666666667,,,2
N.Gray,2023,8,4.5,4.842857142857143,,,2
K.Bourne,2023,8,12.6,12.485714285714286,,,2
R.McCloud,2023,8,6.3,3.25,,,2
C.Patterson,2023,8,0.7000000000000001,2.966666666666667,,,1
D.Mooney,2023,8,5.4,6.433333333333334,,,2
G.Kittle,2023,8,23.9,10.085714285714284,,,2
C.Okonkwo,2023,8,6.7,4.866666666666667,,,2
R.Bateman,2023,8,7.2,3.966666666666667,,,2
J.Bobo,2023,8,10.6,6.24,,,2
M.Hardman,2023,8,3.6,1.0666666666666669,,,-1
J.Addison,2023,8,21.4,15.0,,,2
Q.Johnston,2023,8,10.0,2.2333333333333334,,,2
D.Moore,2023,8,9.5,19.085714285714285,,,2
T.Palmer,2023,8,5.2,5.066666666666666,,,2
S.LaPorta,2023,8,19.7,12.957142857142856,,,2
D.Goedert,2023,8,7.6,10.771428571428572,,,2
C.Kupp,2023,8,6.1,18.166666666666668,,,2
T.Conklin,2023,8,0.0,7.116666666666667,,,2
S.Diggs,2023,8,16.0,22.4,,,2
K.Shakir,2023,8,15.2,3.583333333333333,,,2
N.Collins,2023,8,7.0,16.95,,,2
J.Palmer,2023,8,5.4,9.883333333333336,,,2
T.Kelce,2023,8,11.8,20.75,,,2
J.Dotson,2023,8,24.8,6.614285714285714,,,2
Z.Pascal,2023,8,0.0,1.1800000000000002,,,-1
T.McLaurin,2023,8,17.3,12.314285714285717,,,2
T.McBride,2023,8,25.5,4.571428571428571,,,2
Mi.Wilson,2023,8,9.8,9.614285714285716,,,2
A.Lazard,2023,8,7.5,6.833333333333333,,,2
D.Kincaid,2023,8,17.5,7.383333333333333,,,2
T.Marshall,2023,8,1.9,6.85,,,2
H.Hurst,2023,8,0.0,5.266666666666667,,,2
M.Hollins,2023,8,4.7,5.066666666666667,,,2
J.Mingo,2023,8,10.2,5.66,,,2
T.Higgins,2023,8,11.9,8.18,,,2
A.Cooper,2023,8,14.9,11.483333333333334,,,2
I.Smith,2023,8,4.5,3.0666666666666664,,,2
D.Njoku,2023,8,17.7,7.266666666666667,,,2
J.Akins,2023,8,1.6,1.25,,,-1
D.Slayton,2023,8,0.9,6.257142857142857,,,2
D.Waller,2023,8,1.4,11.285714285714286,,,2
J.Ferguson,2023,8,14.7,7.666666666666667,,,2
M.Gallup,2023,8,4.0,6.400000000000001,,,2
J.Tolbert,2023,8,0.0,4.7,,,2
J.Reynolds,2023,8,0.3,12.9,,,2
Ju.Watson,2023,8,6.2,4.983333333333333,,,2
M.Valdes-Scantling,2023,8,2.7,5.142857142857143,,,2
B.Wright,2023,8,1.5,3.333333333333333,,,2
L.Musgrave,2023,8,2.9,6.816666666666667,,,2
I.Likely,2023,8,2.0,2.066666666666667,,,2
D.Schultz,2023,8,2.5,10.083333333333334,,,2
O.Beckham,2023,8,0.0,6.04,,,2
J.Downs,2023,8,14.2,12.157142857142857,,,2
A.Ogletree,2023,8,10.3,4.5,,,2
E.Engram,2023,8,16.8,10.8,,,2
M.Pittman,2023,8,18.0,14.985714285714286,,,2
M.Alie-Cox,2023,8,2.1,3.22,,,2
A.Pierce,2023,8,7.1000000000000005,4.885714285714286,,,2
T.Lockett,2023,8,22.1,11.65,,,2
D.Metcalf,2023,8,11.7,13.54,,,2
T.Higbee,2023,8,9.5,6.442857142857143,,,2
J.Smith-Njigba,2023,8,12.6,7.216666666666666,,,2
D.Adams,2023,8,2.1,16.685714285714287,,,2
C.Sutton,2023,8,10.9,13.157142857142857,,,2
A.Hooper,2023,8,3.9,3.3166666666666664,,,2
D.Smythe,2023,8,5.800000000000001,4.66,,,2
D.Parham,2023,8,14.3,5.516666666666667,,,2
H.Henry,2023,8,5.800000000000001,7.571428571428571,,,2
A.Brown,2023,8,33.0,21.557142857142857,,,2
D.Smith,2023,8,22.9,11.900000000000002,,,2
J.Smith-Schuster,2023,8,7.3,4.5200000000000005,,,2
M.Gesicki,2023,8,3.1,5.414285714285714,,,2
B.Aiyuk,2023,8,15.9,15.516666666666666,,,2
A.Robinson,2023,8,0.0,5.4,,,2
T.Hockenson,2023,8,20.8,13.714285714285714,,,2
C.Otton,2023,8,8.7,6.45,,,2
M.Evans,2023,8,12.9,16.8,,,2
K.Osborn,2023,8,17.9,8.585714285714285,,,2
M.Thomas,2023,8,10.8,11.014285714285714,,,2
N.Westbrook-Ikhine,2023,8,10.3,8.959999999999999,,,2
J.Johnson,2023,8,1.5,4.366666666666667,,,2
C.Olave,2023,8,9.6,13.157142857142857,,,2
N.Agholor,2023,8,0.0,8.533333333333333,,,2
R.Tonyan,2023,8,1.8,2.225,,,-1
W.Mallory,2023,8,1.6,2.3000000000000003,,,2
M.Mayer,2023,8,2.9000000000000004,4.98,,,2
H.Renfrow,2023,8,3.9,3.06,,,2
D.Parker,2023,8,2.4000000000000004,4.733333333333333,,,2
D.Chark,2023,8,4.300000000000001,8.940000000000001,,,2
L.Schoonmaker,2023,8,2.3,1.775,,,-1
N.Fant,2023,8,5.2,6.28,,,2
J.Bates,2023,8,2.7,3.26,,,2
J.Jeudy,2023,8,13.0,8.933333333333334,,,2
B.Pringle,2023,8,0.0,2.125,,,2
M.Pruitt,2023,8,1.3,1.775,,,2
T.Tremble,2023,8,8.4,4.7,,,2
L.Farrell,2023,8,1.5,2.333333333333333,,,2
D.Sample,2023,8,0.0,1.3333333333333333,,,-1
P.Brown,2023,8,5.300000000000001,8.233333333333334,,,2
C.Uzomah,2023,8,2.9000000000000004,3.05,,,-1
O.Zaccheaus,2023,8,1.5,4.35,,,2
J.Ruckert,2023,8,0.0,2.533333333333333,,,2
S.Miller,2023,8,9.4,3.333333333333333,,,2
S.Howell,2023,9,17.7,17.605,,,0
J.Allen,2023,9,24.72,23.1875,,,0
Z.Wilson,2023,9,7.219999999999999,10.54,,,0
B.Young,2023,9,9.02,12.28,,,0
J.Burrow,2023,9,22.32,13.745714285714286,,,0
D.Watson,2023,9,18.96,12.905,,,0
D.Jones,2023,9,1.9,11.012,,,0
D.Prescott,2023,9,28.36,15.982857142857144,,,0
P.Mahomes,2023,9,15.8,19.4475,,,0
J.Love,2023,9,13.82,17.154285714285713,,,0
L.Jackson,2023,9,11.48,19.835,,,0
C.Stroud,2023,9,40.8,16.54285714285714,,,0
G.Minshew,2023,9,9.58,11.714285714285714,,,0
G.Smith,2023,9,2.6800000000000006,13.642857142857142,,,0
T.Tagovailoa,2023,9,12.42,19.155,,,0
J.Herbert,2023,9,7.140000000000001,21.385714285714283,,,0
J.Hurts,2023,9,25.88,22.450000000000003,,,0
M.Jones,2023,9,11.1,11.8675,,,0
K.Pickett,2023,9,10.3,10.485714285714286,,,0
B.Mayfield,2023,9,19.0,15.971428571428572,,,0
D.Carr,2023,9,16.740000000000002,12.55,,,0
T.Hill,2023,9,33.120000000000005,35.22,,,2
K.Allen,2023,9,15.7,21.165714285714284,,,2
D.Henry,2023,9,19.2,14.782857142857145,,,1
D.Singletary,2023,9,4.6,4.819999999999999,,,1
P.Campbell,2023,9,3.5,4.9,,,2
C.Godwin,2023,9,3.6,13.228571428571428,,,2
J.Jacobs,2023,9,21.8,13.875,,,1
K.Toney,2023,9,2.8,4.425,,,2
T.Bagent,2023,9,15.8,9.926666666666668,,,0
D.Wicks,2023,9,6.9,4.38,,,2
C.Wilson,2023,9,10.1,6.425000000000001,,,2
J.Smith,2023,9,21.0,9.314285714285717,,,2
T.Atwell,2023,9,5.3,10.95,,,2
C.Akers,2023,9,6.8,6.650000000000001,,,1
D.Bellinger,2023,9,7.3,1.24,,,-1
G.Wilson,2023,9,13.0,14.071428571428571,,,2
N.Dell,2023,9,29.6,11.733333333333334,,,2
R.Doubs,2023,9,6.6,12.085714285714284,,,2
J.Meyers,2023,9,13.5,15.485714285714286,,,2
J.Chase,2023,9,8.100000000000001,21.285714285714285,,,2
T.Boyd,2023,9,8.600000000000001,10.0,,,2
Co.Heyward,2023,9,3.6,4.18,,,2
J.McKinnon,2023,9,10.4,5.2,,,2
K.Gainwell,2023,9,9.3,6.085714285714286,,,1
D.Brown,2023,9,5.300000000000001,2.45,,,2
D.Hopkins,2023,9,10.5,14.2,,,2
B.Robinson,2023,9,17.6,26.275,,,1
A.Gibson,2023,9,12.6,6.1875,,,2
R.Moore,2023,9,1.8,6.5,,,1
M.Brown,2023,9,6.4,13.3125,,,2
K.Ingram,2023,9,0.8,2.6,,,1
J.Cook,2023,9,7.9,12.225,,,1
Bre.Hall,2023,9,10.0,14.314285714285717,,,1
D.Cook,2023,9,1.8,3.2857142857142856,,,1
D.Harty,2023,9,0.0,4.357142857142857,,,2
L.Murray,2023,9,2.0,5.45,,,1
Mi.Carter,2023,9,8.4,2.4571428571428577,,,1
M.Sanders,2023,9,9.1,7.35,,,1
C.Hubbard,2023,9,10.7,8.071428571428571,,,1
T.Allgeier,2023,9,11.0,8.0875,,,1
J.Mixon,2023,9,17.8,12.714285714285714,,,1
J.Ford,2023,9,12.7,12.814285714285717,,,1
T.Williams,2023,9,1.3,1.042857142857143,,,-1
E.Moore,2023,9,3.4000000000000004,7.385714285714286,,,2
S.Barkley,2023,9,14.3,16.98,,,1
M.Breida,2023,9,2.1,4.375,,,1
T.Pollard,2023,9,9.3,14.014285714285716,,,1
R.Dowdle,2023,9,0.8,4.457142857142857,,,1
K.Turpin,2023,9,7.5,6.2,,,1
I.Pacheco,2023,9,6.6000000000000005,13.7375,,,1
S.Moore,2023,9,5.300000000000001,4.8875,,,2
R.Rice,2023,9,9.7,10.475,,,2
C.Kmet,2023,9,23.5,12.142857142857142,,,2
A.Jones,2023,9,17.9,11.6,,,1
J.Reed,2023,9,7.0,10.171428571428573,,,2
A.Dillon,2023,9,5.3,7.514285714285714,,,1
D.Foreman,2023,9,8.3,12.425,,,1
R.Johnson,2023,9,2.5,6.8500000000000005,,,1
J.Hill,2023,9,4.0,7.525,,,1
Z.Flowers,2023,9,2.1,12.1625,,,2
N.Brown,2023,9,27.3,6.433333333333334,,,2
G.Edwards,2023,9,17.2,11.4125,,,1
D.Johnson,2023,9,22.0,6.457142857142857,,,2
K.Walker,2023,9,2.7,16.085714285714285,,,1
Z.Charbonnet,2023,9,2.3,4.816666666666666,,,1
S.Ahmed,2023,9,3.2,5.5200000000000005,,,1
A.Ekeler,2023,9,21.0,16.375,,,1
J.Kelley,2023,9,3.2,6.457142857142857,,,1
G.Everett,2023,9,3.8,7.716666666666666,,,2
R.Mostert,2023,9,14.5,19.5125,,,1
R.Stevenson,2023,9,22.9,10.625,,,1
E.Elliott,2023,9,6.2,6.8625,,,1
D.Swift,2023,9,9.4,15.075,,,1
N.Harris,2023,9,15.6,8.528571428571428,,,1
J.Warren,2023,9,14.3,9.7,,,1
A.Mattison,2023,9,17.3,10.1125,,,1
R.White,2023,9,27.9,12.4,,,1
C.Edmonds,2023,9,0.4,2.033333333333333,,,1
T.Burks,2023,9,4.800000000000001,4.2,,,2
T.Spears,2023,9,6.2,7.971428571428571,,,1
R.Shaheed,2023,9,5.2,11.525,,,2
D.Duvernay,2023,9,3.0,1.075,,,-1
V.Jones,2023,9,0.0,1.22,,,-1
P.Strong,2023,9,1.2,5.08,,,1
C.Austin,2023,9,1.0,5.371428571428571,,,2
Em.Wilson,2023,9,4.3,2.466666666666667,,,1
Z.Moss,2023,9,2.6,17.885714285714286,,,1
A.Beck,2023,9,2.5,2.033333333333333,,,-1
D.Davis,2023,9,1.0,3.0500000000000003,,,1
T.Tucker,2023,9,7.6,4.2250000000000005,,,2
J.Waddle,2023,9,8.4,14.685714285714283,,,2
P.Nacua,2023,9,6.2,19.1125,,,2
K.Pitts,2023,9,9.6,8.3625,,,2
G.Davis,2023,9,0.0,12.775,,,2
C.Lamb,2023,9,28.1,18.657142857142865,,,2
H.Luepke,2023,9,0.0,3.4333333333333336,,,-1
A.Ingold,2023,9,1.1,2.55,,,2
V.Jefferson,2023,9,2.4000000000000004,3.7285714285714286,,,2
D.Douglas,2023,9,10.5,6.014285714285714,,,2
K.Miller,2023,9,4.1,4.86,,,1
K.Hunt,2023,9,9.8,10.32,,,1
M.Goodwin,2023,9,0.0,1.042857142857143,,,-1
T.Scott,2023,9,-0.5,2.9166666666666665,,,2
X.Gipson,2023,9,5.2,1.6000000000000003,,,1
A.Thielen,2023,9,7.9,20.24285714285714,,,2
M.Boone,2023,9,0.3,2.225,,,2
W.Robinson,2023,9,13.5,6.966666666666666,,,2
A.Kamara,2023,9,11.0,22.76,,,1
K.Vaughn,2023,9,1.8,1.15,,,-1
L.Thomas,2023,9,7.1,10.457142857142856,,,2
G.Pickens,2023,9,1.9,14.257142857142858,,,2
B.Cooks,2023,9,1.7000000000000002,7.683333333333334,,,2
C.Watson,2023,9,4.7,8.525,,,2
D.Carter,2023,9,2.5,0.8800000000000001,,,-1
A.Abdullah,2023,9,4.5,1.985714285714285,,,-1
K.Hodge,2023,9,9.0,3.65,,,2
B.Powell,2023,9,9.5,5.74,,,2
J.Taylor,2023,9,17.9,11.9,,,1
I.McKenzie,2023,9,3.2,1.6666666666666667,,,-1
M.Andrews,2023,9,17.0,15.385714285714286,,,2
N.Gray,2023,9,6.4,4.800000000000001,,,2
D.Evans,2023,9,4.1,7.933333333333334,,,1
X.Hutchinson,2023,9,1.2000000000000002,1.1333333333333333,,,-1
C.Patterson,2023,9,1.3,2.4000000000000004,,,1
D.Mooney,2023,9,13.2,6.285714285714286,,,2
C.Okonkwo,2023,9,5.800000000000001,5.128571428571428,,,2
R.Bateman,2023,9,5.800000000000001,4.428571428571429,,,2
M.Hardman,2023,9,4.0,1.7,,,-1
J.Addison,2023,9,10.2,15.8,,,2
Q.Johnston,2023,9,3.6,3.3428571428571425,,,2
D.Moore,2023,9,5.4,17.887500000000003,,,2
T.Palmer,2023,9,8.100000000000001,5.085714285714286,,,2
C.Moore,2023,9,3.9,3.8,,,2
K.Granson,2023,9,0.0,6.5,,,2
D.Goedert,2023,9,8.0,10.375,,,2
C.Kupp,2023,9,6.800000000000001,15.15,,,2
T.Conklin,2023,9,12.6,6.1000000000000005,,,2
S.Diggs,2023,9,22.6,21.6,,,2
K.Shakir,2023,9,9.7,5.242857142857143,,,2
N.Collins,2023,9,14.4,15.528571428571428,,,2
J.Metchie,2023,9,2.4000000000000004,3.3,,,2
T.Kelce,2023,9,4.4,19.47142857142857,,,2
J.Dotson,2023,9,16.9,8.8875,,,2
Z.Pascal,2023,9,0.0,0.9833333333333334,,,-1
T.McLaurin,2023,9,12.3,12.9375,,,2
T.McBride,2023,9,5.2,7.1875,,,2
A.Lazard,2023,9,3.8,6.928571428571429,,,2
D.Kincaid,2023,9,16.1,8.828571428571427,,,2
T.Marshall,2023,9,0.0,5.86,,,2
H.Hurst,2023,9,7.4,4.514285714285714,,,2
M.Hollins,2023,9,6.6,5.014285714285714,,,2
J.Mingo,2023,9,1.5,6.416666666666667,,,2
T.Higgins,2023,9,19.0,8.799999999999999,,,2
A.Cooper,2023,9,24.9,11.971428571428572,,,2
I.Smith,2023,9,11.6,3.425,,,2
D.Njoku,2023,9,12.6,8.757142857142856,,,2
J.Akins,2023,9,2.1,1.3199999999999998,,,-1
D.Slayton,2023,9,9.9,5.5875,,,2
J.Ferguson,2023,9,22.1,8.671428571428573,,,2
I.Hodgins,2023,9,0.0,4.666666666666667,,,2
M.Gallup,2023,9,3.9,6.057142857142858,,,2
J.Hyatt,2023,9,3.9,5.7,,,2
J.Tolbert,2023,9,13.9,3.5250000000000004,,,2
Ju.Watson,2023,9,3.5,5.1571428571428575,,,2
M.Valdes-Scantling,2023,9,4.2,4.8375,,,2
M.Heath,2023,9,0.0,0.0,,,-1
L.Musgrave,2023,9,14.1,6.257142857142857,,,2
I.Likely,2023,9,8.2,2.05,,,2
D.Schultz,2023,9,27.0,9.0,,,2
O.Beckham,2023,9,14.6,5.033333333333333,,,2
J.Downs,2023,9,2.0,12.4125,,,2
A.Ogletree,2023,9,2.9000000000000004,5.466666666666666,,,2
M.Pittman,2023,9,14.4,15.3625,,,2
A.Pierce,2023,9,0.0,5.1625,,,2
T.Lockett,2023,9,6.2,13.142857142857142,,,2
D.Metcalf,2023,9,6.0,13.233333333333334,,,2
T.Higbee,2023,9,0.0,6.825,,,2
J.Smith-Njigba,2023,9,12.3,7.985714285714287,,,2
W.Dissly,2023,9,0.0,3.866666666666667,,,2
C.Parkinson,2023,9,1.6,4.033333333333334,,,2
D.Adams,2023,9,7.4,14.8625,,,2
A.Hooper,2023,9,2.0,3.4,,,2
D.Smythe,2023,9,4.7,4.8500000000000005,,,2
D.Parham,2023,9,0.0,6.771428571428571,,,2
H.Henry,2023,9,13.9,7.35,,,2
A.Brown,2023,9,19.6,22.9875,,,2
D.Smith,2023,9,14.1,13.275,,,2
J.Smith-Schuster,2023,9,11.1,4.983333333333333,,,2
M.Gesicki,2023,9,0.0,5.125,,,2
A.Robinson,2023,9,2.0,4.628571428571428,,,2
T.Hockenson,2023,9,13.9,14.6,,,2
C.Otton,2023,9,24.7,6.771428571428572,,,2
M.Evans,2023,9,12.7,16.242857142857144,,,2
J.Oliver,2023,9,2.1,4.2,,,2
K.Osborn,2023,9,3.7,9.75,,,2
M.Thomas,2023,9,0.0,10.9875,,,2
N.Westbrook-Ikhine,2023,9,3.3000000000000003,9.183333333333334,,,2
J.Johnson,2023,9,13.9,3.65,,,2
C.Olave,2023,9,16.6,12.7125,,,2
N.Agholor,2023,9,1.2,7.314285714285715,,,2
R.Tonyan,2023,9,2.1,2.14,,,-1
J.Deguara,2023,9,1.7000000000000002,4.266666666666667,,,2
S.Smartt,2023,9,0.0,1.6333333333333335,,,-1
M.Mayer,2023,9,3.1,4.633333333333334,,,2
H.Renfrow,2023,9,5.2,3.2000000000000006,,,2
F.Moreau,2023,9,3.3000000000000003,6.300000000000001,,,2
D.Chark,2023,9,8.9,8.166666666666666,,,2
L.Schoonmaker,2023,9,1.0,1.88,,,-1
N.Fant,2023,9,0.0,6.1000000000000005,,,2
J.Bates,2023,9,0.5,3.1666666666666665,,,2
B.Pringle,2023,9,8.5,1.7,,,-1
T.Sherfield,2023,9,1.9,2.6,,,2
T.Tremble,2023,9,3.2,5.625,,,2
D.Sample,2023,9,12.0,1.0,,,-1
C.Uzomah,2023,9,3.1,3.0200000000000005,,,-1
O.Zaccheaus,2023,9,1.8,3.78,,,2
J.Whyle,2023,9,0.0,4.8,,,2
J.Ruckert,2023,9,1.7000000000000002,1.9,,,-1
A.Iosivas,2023,9,1.9,5.466666666666666,,,-1
K.Philips,2023,9,10.8,2.333333333333333,,,2
S.Howell,2023,10,24.18,17.61555555555556,-0.8706499338150024,16.744905621740557,0
J.Allen,2023,10,14.38,23.357777777777777,-1.324520230293274,22.033257547484503,0
Z.Wilson,2023,10,13.92,10.125,4.371071815490723,14.496071815490723,0
D.Ridder,2023,10,8.66,12.792500000000002,0.46762460470199585,13.260124604701998,0
B.Young,2023,10,9.2,11.814285714285717,1.147153615951538,12.961439330237255,0
J.Burrow,2023,10,19.880000000000003,14.8175,0.5571026802062988,15.3746026802063,0
D.Watson,2023,10,16.22,14.116,-1.3771783113479614,12.738821688652038,0
D.Prescott,2023,10,37.86,17.53,-1.2050200700759888,16.324979929924012,0
C.Rush,2023,10,1.2200000000000002,0.1349999999999999,2.3217203617095947,2.4567203617095945,-1
J.Goff,2023,10,21.12,17.2825,1.6664763689041138,18.948976368904113,0
J.Love,2023,10,16.66,16.7375,-0.4398798942565918,16.29762010574341,0
L.Jackson,2023,10,13.02,18.906666666666663,-1.0737636089324951,17.832903057734168,0
C.Stroud,2023,10,19.04,19.575,-3.32730770111084,16.24769229888916,0
T.Lawrence,2023,10,2.1,14.875,1.6934996843338013,16.5684996843338,0
G.Minshew,2023,10,5.66,11.4475,1.106016755104065,12.553516755104065,0
G.Smith,2023,10,24.06,12.2725,1.6021370887756348,13.874637088775636,0
R.Wilson,2023,10,18.72,16.8275,-1.3204425573349,15.5070574426651,0
J.Herbert,2023,10,28.42,19.605,-1.685088872909546,17.919911127090455,0
M.Jones,2023,10,7.300000000000001,11.782222222222222,1.097594141960144,12.879816364182366,0
K.Pickett,2023,10,6.640000000000001,10.4625,1.916469931602478,12.378969931602478,0
B.Purdy,2023,10,23.84,17.2525,2.681633710861206,19.934133710861207,0
B.Mayfield,2023,10,18.32,16.35,0.8863714933395386,17.23637149333954,0
D.Carr,2023,10,5.4,13.015555555555556,1.2902170419692993,14.305772597524856,0
C.Kirk,2023,10,14.4,13.945,-0.8282485604286194,13.116751439571381,2
K.Allen,2023,10,40.5,20.4825,-1.9162027835845947,18.566297216415407,2
J.Winston,2023,10,8.879999999999999,0.5466666666666667,1.7319470643997192,2.278613731066386,0
D.Henry,2023,10,3.0000000000000004,15.335,0.8691174387931824,16.204117438793183,1
A.O'Connell,2023,10,8.42,7.726666666666667,-0.0022908649407327175,7.724375801725934,0
D.Singletary,2023,10,23.1,4.7925,2.0949795246124268,6.887479524612427,1
P.Campbell,2023,10,1.6,4.666666666666667,1.6911238431930542,6.357790509859721,2
C.Godwin,2023,10,9.4,12.025,-0.27693384885787964,11.74806615114212,2
S.Darnold,2023,10,-0.06,-0.115,2.6126763820648193,2.497676382064819,-1
J.Jacobs,2023,10,12.7,14.755555555555556,0.7469233274459839,15.50247888300154,1
D.London,2023,10,6.6,11.71,-0.21023772656917572,11.499762273430825,2
T.Bagent,2023,10,7.680000000000001,11.395,-0.19528764486312866,11.199712355136871,0
D.Wicks,2023,10,8.100000000000001,4.695,0.2832353413105011,4.978235341310501,2
J.Smith,2023,10,1.1,10.775,-0.6830182075500488,10.091981792449952,2
A.St. Brown,2023,10,30.5,19.985714285714288,-2.674161195755005,17.311553089959283,2
D.Bellinger,2023,10,5.4,2.25,1.5587180852890015,3.8087180852890015,2
G.Wilson,2023,10,18.3,13.9375,0.9001299738883972,14.837629973888397,2
N.Dell,2023,10,18.9,14.285714285714286,-3.4723799228668213,10.813334362847465,2
R.Doubs,2023,10,12.1,11.4,-2.6185665130615234,8.781433486938477,2
J.Meyers,2023,10,4.1,15.2375,-2.065340995788574,13.172159004211426,2
D.Samuel,2023,10,15.9,11.95,1.0826646089553833,13.032664608955383,2
J.Chase,2023,10,23.4,19.637500000000003,-4.091490745544434,15.54600925445557,2
T.Boyd,2023,10,19.700000000000003,9.825,-0.1904408484697342,9.634559151530265,2
Co.Heyward,2023,10,6.2,4.083333333333333,1.117098093032837,5.20043142636617,2
T.Hudson,2023,10,9.3,5.766666666666667,1.082576036453247,6.849242703119914,2
D.Brown,2023,10,12.1,2.857142857142857,0.954180896282196,3.8113237534250533,2
D.Hopkins,2023,10,5.7,13.7375,0.06352222710847855,13.80102222710848,2
J.Jennings,2023,10,1.8,5.016666666666667,2.112558364868164,7.129225031534831,2
B.Robinson,2023,10,45.3,25.31111111111112,-4.677028179168701,20.63408293194242,1
J.Conner,2023,10,7.300000000000001,11.88,-0.12882474064826965,11.751175259351731,1
A.Gibson,2023,10,16.5,6.9,-0.053292762488126755,6.846707237511874,2
C.Samuel,2023,10,2.6,11.025,-0.8852126598358154,10.139787340164185,2
R.Moore,2023,10,9.3,5.977777777777778,1.3420718908309937,7.3198496686087715,1
M.Brown,2023,10,3.8,12.544444444444444,-0.8442916870117188,11.700152757432726,2
K.Ingram,2023,10,0.2,2.3000000000000003,1.315631628036499,3.6156316280364993,1
J.Cook,2023,10,12.0,11.744444444444444,0.9175205230712891,12.661964967515733,1
Bre.Hall,2023,10,10.5,13.775,1.5293018817901611,15.304301881790161,1
D.Cook,2023,10,2.6,3.1,2.529829502105713,5.6298295021057125,1
D.Harty,2023,10,0.0,3.8125,0.015023525804281235,3.8275235258042812,2
L.Murray,2023,10,14.9,5.066666666666666,0.41498807072639465,5.481654737393061,1
Mi.Carter,2023,10,0.0,3.2,2.2004947662353516,5.400494766235352,2
M.Sanders,2023,10,3.0,7.6,1.7191612720489502,9.31916127204895,1
C.Hubbard,2023,10,5.9,8.4,1.80500066280365,10.20500066280365,1
T.Allgeier,2023,10,4.800000000000001,8.411111111111111,0.35885873436927795,8.76996984548039,1
J.Mixon,2023,10,12.5,13.35,1.1096802949905396,14.45968029499054,1
J.Ford,2023,10,11.9,12.8,-0.5034695267677307,12.29653047323227,1
T.Williams,2023,10,1.2,1.0750000000000002,1.2972661256790161,2.3722661256790163,-1
E.Moore,2023,10,15.4,6.8875,1.7405452728271484,8.628045272827148,2
S.Barkley,2023,10,7.1000000000000005,16.533333333333335,-2.4712088108062744,14.06212452252706,1
M.Breida,2023,10,0.3,4.122222222222223,1.1973578929901123,5.319580115212335,1
T.Pollard,2023,10,5.5,13.425,1.684958577156067,15.109958577156068,1
R.Dowdle,2023,10,13.9,4.0,0.711913526058197,4.711913526058197,1
D.Vaughn,2023,10,1.9,2.725,1.6746938228607178,4.399693822860717,1
D.Montgomery,2023,10,17.6,17.02,-6.369075775146484,10.650924224853515,1
J.Gibbs,2023,10,26.2,16.066666666666666,0.029181741178035736,16.095848407844702,1
C.Kmet,2023,10,9.6,13.5625,-2.1416826248168945,11.420817375183105,2
A.Jones,2023,10,9.4,12.860000000000005,-1.7316088676452637,11.128391132354741,1
J.Reed,2023,10,19.4,9.775,-0.8361584544181824,8.938841545581818,2
A.Dillon,2023,10,9.1,7.237500000000001,1.9711869955062866,9.208686995506287,1
D.Foreman,2023,10,17.2,11.6,-3.4475295543670654,8.152470445632934,1
R.Johnson,2023,10,7.2,6.228571428571429,0.4757428765296936,6.704314305101122,1
J.Hill,2023,10,0.7000000000000001,7.133333333333334,-0.48100510239601135,6.652328230937322,1
Z.Flowers,2023,10,12.3,11.044444444444444,0.19556649029254913,11.240010934736993,2
N.Brown,2023,10,24.2,11.65,-0.9101746082305908,10.73982539176941,2
G.Edwards,2023,10,9.8,12.055555555555555,-0.186054527759552,11.869501027796003,1
T.Etienne,2023,10,6.4,20.4875,-3.4591383934020996,17.0283616065979,1
T.Bigsby,2023,10,0.5,2.4285714285714284,1.1093069314956665,3.537878360067095,-1
D.Johnson,2023,10,8.7,8.4,0.40229329466819763,8.802293294668198,2
K.Walker,2023,10,19.700000000000003,14.4125,-0.523280680179596,13.889219319820404,1
Z.Charbonnet,2023,10,10.2,4.457142857142857,1.1735756397247314,5.630718496867589,1
J.Williams,2023,10,26.8,11.9,0.6022993326187134,12.502299332618714,1
S.Perine,2023,10,7.3,6.425000000000001,0.8688600659370422,7.293860065937043,2
Z.White,2023,10,0.5,1.9833333333333327,0.553031861782074,2.5363651951154065,1
A.Ekeler,2023,10,21.5,17.3,-1.7928144931793213,15.50718550682068,1
J.Kelley,2023,10,1.6,6.050000000000001,1.3238887786865234,7.373888778686524,1
G.Everett,2023,10,0.0,7.157142857142857,-0.276301771402359,6.880841085740498,2
R.Stevenson,2023,10,13.2,11.988888888888887,0.5415154695510864,12.530404358439974,1
E.Elliott,2023,10,10.8,6.788888888888889,0.6820229887962341,7.470911877685123,1
C.McCaffrey,2023,10,20.2,25.05,-2.5297489166259766,22.520251083374024,1
N.Harris,2023,10,18.6,9.4125,2.1173715591430664,11.529871559143066,1
E.Mitchell,2023,10,2.3000000000000003,1.64,2.2524054050445557,3.8924054050445553,1
J.Warren,2023,10,19.0,10.275,1.654737949371338,11.929737949371338,1
A.Mattison,2023,10,4.300000000000001,10.911111111111111,1.167654275894165,12.078765387005276,1
R.White,2023,10,17.8,14.3375,0.61345374584198,14.95095374584198,1
T.Chandler,2023,10,10.5,2.7,1.0964620113372803,3.7964620113372805,1
C.Edmonds,2023,10,1.7,1.625,1.2224875688552856,2.8474875688552856,-1
T.Spears,2023,10,10.0,7.75,0.9782801866531372,8.728280186653137,1
R.Shaheed,2023,10,7.4,10.822222222222225,-0.8483478426933289,9.973874379528896,2
D.Thompkins,2023,10,2.1,4.5,0.4302767813205719,4.930276781320572,2
C.Austin,2023,10,1.9,4.825,-0.006169474683701992,4.818830525316298,2
Z.Moss,2023,10,0.2,15.975,-3.5185279846191406,12.456472015380859,1
D.Davis,2023,10,2.7,2.757142857142857,1.2660454511642456,4.023188308307103,1
T.Tucker,2023,10,0.9,4.9,0.5593686699867249,5.459368669986725,2
K.Raymond,2023,10,6.6000000000000005,6.5375,0.8783581256866455,7.415858125686645,2
M.Mims,2023,10,-0.3,5.971428571428571,0.11091092228889465,6.082339493717465,2
J.McLaughlin,2023,10,3.2,7.9125,-0.48494410514831543,7.427555894851684,1
K.Pitts,2023,10,6.0,8.5,0.40686365962028503,8.906863659620285,2
G.Davis,2023,10,9.6,11.355555555555556,-2.001736879348755,9.353818676206801,2
C.Lamb,2023,10,39.5,19.8375,0.6607407331466675,20.498240733146666,2
V.Jefferson,2023,10,0.0,3.5625,0.9496667385101318,4.512166738510132,2
D.Douglas,2023,10,14.4,6.575,0.7866916060447693,7.3616916060447695,2
K.Juszczyk,2023,10,10.6,3.3,1.2191781997680664,4.519178199768066,-1
K.Hunt,2023,10,9.2,10.233333333333334,-0.6990686655044556,9.534264667828879,1
H.Bryant,2023,10,1.5,1.4714285714285715,0.35257741808891296,1.8240059895174845,-1
T.Scott,2023,10,4.1,2.4285714285714284,0.5719327330589294,3.000504161630358,2
X.Gipson,2023,10,3.4000000000000004,2.5,2.373004913330078,4.873004913330078,1
A.Thielen,2023,10,10.2,18.7,-2.2400472164154053,16.459952783584594,2
M.Boone,2023,10,2.6,1.8400000000000003,1.3242716789245605,3.164271678924561,2
W.Robinson,2023,10,2.6,7.899999999999999,0.5479354858398438,8.447935485839842,2
A.Kamara,2023,10,18.5,20.8,-1.0289149284362793,19.77108507156372,1
L.Thomas,2023,10,9.0,10.0375,-0.6511611938476562,9.386338806152343,2
G.Pickens,2023,10,7.5,12.7125,-0.47046753764152527,12.242032462358475,2
B.Cooks,2023,10,32.3,6.828571428571428,0.44554853439331055,7.274119962964739,2
C.Watson,2023,10,4.300000000000001,7.76,-0.4358273446559906,7.324172655344009,2
D.Carter,2023,10,1.5,1.15,0.7454845309257507,1.8954845309257506,-1
A.Abdullah,2023,10,1.4,2.3,0.6165292859077454,2.916529285907745,2
C.Ridley,2023,10,4.0,11.3875,0.23122833669185638,11.618728336691856,2
B.Powell,2023,10,7.5,6.366666666666667,0.6487168669700623,7.015383533636729,2
J.Taylor,2023,10,14.5,13.1,-0.09293919801712036,13.00706080198288,1
I.McKenzie,2023,10,7.1,1.885714285714286,0.9583241939544678,2.844038479668754,-1
M.Andrews,2023,10,6.4,15.5875,-3.5482242107391357,12.039275789260865,2
R.Blackshear,2023,10,2.3000000000000003,3.266666666666667,0.5560122132301331,3.8226788798968,2
D.Evans,2023,10,0.5,6.975,-0.12539564073085785,6.849604359269142,1
X.Hutchinson,2023,10,1.7000000000000002,1.15,1.4409878253936768,2.5909878253936767,-1
C.Patterson,2023,10,4.0,2.18,1.0352835655212402,3.2152835655212404,1
D.Mooney,2023,10,3.4000000000000004,7.15,0.019343992695212364,7.169343992695213,2
G.Kittle,2023,10,20.6,11.8125,1.5504417419433594,13.36294174194336,2
C.Okonkwo,2023,10,5.7,5.2125,0.8341876864433289,6.046687686443329,2
R.Bateman,2023,10,4.5,4.6,0.9167047142982483,5.516704714298248,2
J.Bobo,2023,10,3.3,6.966666666666666,-0.3783966898918152,6.588269976774851,2
J.Addison,2023,10,10.9,15.17777777777778,-2.4361650943756104,12.74161268340217,2
Q.Johnston,2023,10,13.4,3.375,1.1559724807739258,4.530972480773926,2
D.Moore,2023,10,10.9,16.5,-4.444945812225342,12.055054187774658,2
T.Palmer,2023,10,4.1,5.4625,-0.31841763854026794,5.144082361459732,2
C.Moore,2023,10,4.1,3.816666666666667,0.7316354513168335,4.5483021179835,2
K.Granson,2023,10,1.5,5.571428571428571,0.2722485065460205,5.843677077974592,2
S.LaPorta,2023,10,8.0,13.8,-0.7276818156242371,13.072318184375764,2
R.Woods,2023,10,2.5,8.450000000000001,0.41171514987945557,8.861715149879457,2
T.Conklin,2023,10,14.0,6.9125,2.4389383792877197,9.35143837928772,2
S.Diggs,2023,10,6.4,21.711111111111112,-4.067688465118408,17.643422645992704,2
K.Shakir,2023,10,3.4000000000000004,5.800000000000001,-0.13777343928813934,5.662226560711861,2
J.Metchie,2023,10,4.5,3.12,1.1416022777557373,4.261602277755737,2
S.Shepard,2023,10,7.2,1.3199999999999998,1.9037002325057983,3.223700232505798,-1
J.Dotson,2023,10,0.0,9.77777777777778,-0.16501383483409882,9.612763942943682,2
Z.Pascal,2023,10,0.0,0.8428571428571429,1.5901374816894531,2.432994624546596,-1
T.McLaurin,2023,10,7.300000000000001,12.866666666666667,-1.3052526712417603,11.561413995424907,2
T.McBride,2023,10,21.1,6.966666666666667,0.4227024018764496,7.389369068543116,2
Mi.Wilson,2023,10,6.4,9.6375,0.1498931497335434,9.787393149733543,2
A.Lazard,2023,10,2.7,6.5375,0.998893141746521,7.536393141746521,2
D.Kincaid,2023,10,16.1,9.7375,-0.12383642792701721,9.613663572072983,2
T.Marshall,2023,10,2.1,4.883333333333334,0.8075613379478455,5.690894671281179,2
H.Hurst,2023,10,3.4000000000000004,4.875,0.22631549835205078,5.101315498352051,2
J.Mingo,2023,10,5.0,5.714285714285714,0.6407729983329773,6.355058712618692,2
A.Cooper,2023,10,15.8,13.5875,-0.8717800974845886,12.715719902515412,2
I.Smith,2023,10,1.6,5.0600000000000005,0.1081809401512146,5.168180940151215,2
D.Njoku,2023,10,11.8,9.2375,0.2975868582725525,9.535086858272553,2
J.Akins,2023,10,1.8,1.45,1.3003349304199219,2.750334930419922,-1
D.Slayton,2023,10,5.1,6.066666666666666,1.5638818740844727,7.630548540751139,2
J.Ferguson,2023,10,12.6,10.35,0.32963627576828003,10.67963627576828,2
I.Hodgins,2023,10,0.0,4.0,0.5058957934379578,4.505895793437958,2
M.Gallup,2023,10,15.0,5.7875,1.8623988628387451,7.649898862838745,2
J.Hyatt,2023,10,0.0,5.400000000000001,1.4356822967529297,6.835682296752931,2
J.Tolbert,2023,10,2.2,5.6,0.22687210142612457,5.826872101426124,2
J.Reynolds,2023,10,3.5,11.1,0.1230391338467598,11.22303913384676,2
B.Wright,2023,10,10.3,2.875,1.5968706607818604,4.47187066078186,2
L.Musgrave,2023,10,8.4,7.237500000000001,0.25091487169265747,7.488414871692658,2
I.Likely,2023,10,1.5,3.28,0.8493613600730896,4.129361360073089,2
D.Schultz,2023,10,11.1,11.25,-1.1390275955200195,10.11097240447998,2
O.Beckham,2023,10,11.0,6.4,0.4746170938014984,6.874617093801499,2
J.Downs,2023,10,6.0,11.255555555555556,0.013440015725791454,11.268995571281348,2
E.Engram,2023,10,5.2,11.55,0.46198856830596924,12.01198856830597,2
M.Pittman,2023,10,16.4,15.255555555555556,-0.5877355933189392,14.667819962236617,2
M.Alie-Cox,2023,10,0.0,3.033333333333333,0.03032013401389122,3.0636534673472244,2
A.Pierce,2023,10,3.1,4.588888888888889,0.9620636105537415,5.55095249944263,2
T.Lockett,2023,10,23.200000000000003,12.275,0.19729086756706238,12.472290867567063,2
D.Metcalf,2023,10,16.8,12.2,-0.01827269233763218,12.181727307662367,2
J.Smith-Njigba,2023,10,9.3,8.525,-0.06264222413301468,8.462357775866986,2
W.Dissly,2023,10,4.2,2.9000000000000004,1.152595043182373,4.052595043182373,2
C.Parkinson,2023,10,1.3,3.685714285714286,1.3272554874420166,5.0129697731563025,2
D.Adams,2023,10,14.6,14.033333333333337,-1.9961447715759277,12.037188561757409,2
A.Trautman,2023,10,3.5,3.414285714285714,0.46759045124053955,3.8818761655262537,-1
L.Humphrey,2023,10,2.4000000000000004,4.2,-0.8836223483085632,3.316377651691437,-1
C.Sutton,2023,10,17.3,12.875,-0.9615803956985474,11.913419604301453,2
A.Hooper,2023,10,1.7000000000000002,3.225,0.5878387093544006,3.8128387093544007,2
D.Parham,2023,10,3.8,5.925,-0.24426184594631195,5.680738154053688,2
H.Henry,2023,10,5.1,8.077777777777778,-0.7272586822509766,7.350519095526801,2
J.Smith-Schuster,2023,10,1.9,5.857142857142857,-0.12268119305372238,5.734461664089134,2
M.Gesicki,2023,10,4.2,4.555555555555555,0.07689209282398224,4.632447648379538,2
B.Aiyuk,2023,10,14.5,15.571428571428571,0.05606313422322273,15.627491705651794,2
T.Hockenson,2023,10,30.4,14.52222222222222,-0.377653568983078,14.144568653239142,2
C.Otton,2023,10,3.0,9.0125,-0.14286912977695465,8.869630870223045,2
M.Evans,2023,10,26.3,15.8,-2.763181209564209,13.036818790435792,2
M.Thomas,2023,10,1.9,9.766666666666667,0.3550422489643097,10.121708915630977,2
N.Westbrook-Ikhine,2023,10,1.9,8.342857142857143,-0.549216091632843,7.7936410512243,2
J.Johnson,2023,10,1.2,5.7,-0.15847285091876984,5.54152714908123,2
C.Olave,2023,10,21.4,13.144444444444446,-1.255141019821167,11.889303424623279,2
N.Agholor,2023,10,0.0,6.550000000000001,-1.3148664236068726,5.235133576393128,2
W.Mallory,2023,10,1.7000000000000002,2.125,1.021579384803772,3.146579384803772,2
S.Smartt,2023,10,0.0,1.225,1.1719321012496948,2.396932101249695,-1
M.Mayer,2023,10,10.9,4.414285714285714,0.9302164912223816,5.344502205508095,2
H.Renfrow,2023,10,1.5,3.4857142857142853,0.8020530939102173,4.287767379624503,2
L.Schoonmaker,2023,10,0.0,1.7333333333333334,1.2033753395080566,2.93670867284139,-1
N.Fant,2023,10,2.6,5.228571428571429,1.0420520305633545,6.270623459134783,2
J.Bates,2023,10,5.1,2.7857142857142856,0.9600397348403931,3.7457540205546787,2
J.Jeudy,2023,10,6.5,9.514285714285714,0.19481033086776733,9.709096045153482,2
B.Pringle,2023,10,1.7000000000000002,2.833333333333333,0.954180896282196,3.787514229615529,2
T.Tremble,2023,10,4.6,5.14,-0.8840761780738831,4.255923821926117,2
C.Manhertz,2023,10,1.6,0.6666666666666666,1.3750345706939697,2.0417012373606362,-1
B.Strange,2023,10,0.0,4.466666666666667,-0.75770503282547,3.708961633841197,2
D.Sample,2023,10,3.2,3.2,-0.0761261060833931,3.123873893916607,-1
C.Uzomah,2023,10,1.6,3.033333333333333,1.2408760786056519,4.274209411938985,-1
R.Bell,2023,10,3.0,4.033333333333333,0.5256583094596863,4.5589916427930195,2
G.Swaim,2023,10,3.3,2.0,1.2839645147323608,3.283964514732361,2
P.Ricard,2023,10,0.0,2.9333333333333336,0.8720082640647888,3.8053415973981224,2
J.Whyle,2023,10,3.6,3.6,-0.9826001524925232,2.617399847507477,2
T.Irwin,2023,10,13.4,7.033333333333334,1.0225180387496948,8.05585137208303,2
D.Washington,2023,10,1.6,1.2333333333333334,1.29220449924469,2.5255378325780233,-1
J.Crowder,2023,10,0.0,10.966666666666669,-0.9001169204711914,10.066549746195477,2
A.Iosivas,2023,10,0.0,4.575,-1.4936162233352661,3.081383776664734,-1
S.Miller,2023,10,7.2,4.85,-0.9946231842041016,3.855376815795898,2
J.Mundt,2023,10,2.8,2.2333333333333334,1.2342150211334229,3.4675483544667562,2
K.Philips,2023,10,9.1,4.45,0.7060314416885376,5.156031441688538,2
S.Howell,2023,11,17.740000000000002,18.272,-1.861083745956421,16.410916254043578,0
J.Allen,2023,11,22.5,22.46,-2.291388511657715,20.168611488342286,0
Z.Wilson,2023,11,6.74,10.546666666666669,4.946413516998291,15.49308018366496,0
B.Young,2023,11,5.22,11.4875,1.6802351474761963,13.167735147476197,0
J.Burrow,2023,11,8.74,15.380000000000004,-1.4114960432052612,13.968503956794743,0
D.Prescott,2023,11,16.16,19.78888888888889,-2.3631742000579834,17.425714688830908,0
C.Rush,2023,11,0.2999999999999999,0.352,2.4927127361297607,2.8447127361297606,0
J.Goff,2023,11,13.74,17.70888888888889,0.7667209506034851,18.475609839492375,0
P.Mahomes,2023,11,16.880000000000003,19.04222222222222,1.0902043581008911,20.132426580323113,0
J.Fields,2023,11,21.16,17.623333333333335,-1.1036945581436157,16.51963877518972,0
J.Love,2023,11,20.880000000000003,16.72888888888889,-0.7577729225158691,15.97111596637302,0
L.Jackson,2023,11,23.96,18.318,0.3110050857067108,18.629005085706712,0
C.Stroud,2023,11,15.34,19.515555555555554,-4.363198280334473,15.152357275221082,0
T.Lawrence,2023,11,32.18,13.455555555555556,0.20569273829460144,13.661248293850157,0
G.Smith,2023,11,13.22,13.58222222222222,1.4474526643753052,15.029674886597526,0
M.Stafford,2023,11,9.7,13.95,0.9534326791763306,14.90343267917633,0
R.Wilson,2023,11,14.46,17.037777777777777,-0.3170674741268158,16.72071030365096,0
T.Tagovailoa,2023,11,17.6,18.406666666666663,-2.564539909362793,15.84212675730387,0
J.Herbert,2023,11,25.700000000000003,20.584444444444443,-1.4826140403747559,19.101830404069688,0
J.Hurts,2023,11,18.9,22.83111111111111,-0.9462478756904602,21.88486323542065,0
K.Pickett,2023,11,5.140000000000001,10.037777777777778,1.4123560190200806,11.450133796797859,0
B.Purdy,2023,11,26.72,17.984444444444446,1.7808237075805664,19.765268152025012,0
B.Mayfield,2023,11,10.34,16.56888888888889,-0.5092544555664062,16.059634433322483,0
C.Kirk,2023,11,7.800000000000001,13.995555555555557,-2.3682096004486084,11.627345955106948,2
T.Hill,2023,11,30.6,31.918,-3.0463931560516357,28.871606843948364,2
K.Allen,2023,11,27.4,22.706666666666667,-5.3484930992126465,17.35817356745402,2
D.Henry,2023,11,5.4,13.964444444444446,0.3595332205295563,14.323977664974002,1
A.O'Connell,2023,11,9.14,7.9,0.7410431504249573,8.641043150424958,0
D.Singletary,2023,11,19.8,6.826666666666666,2.375077486038208,9.201744152704874,1
C.Godwin,2023,11,9.9,11.733333333333333,-0.4184865951538086,11.314846738179524,2
J.Jacobs,2023,11,6.1000000000000005,14.55,-0.44259223341941833,14.107407766580582,1
K.Toney,2023,11,4.6000000000000005,4.2444444444444445,1.0321435928344727,5.276588037278917,2
D.Wicks,2023,11,12.1,5.073333333333333,0.4646235704421997,5.537956903775533,2
C.Wilson,2023,11,5.300000000000001,7.159999999999999,-1.0439273118972778,6.116072688102721,2
W.Levis,2023,11,12.52,13.753333333333336,1.5445244312286377,15.297857764561973,0
T.Atwell,2023,11,2.7,10.322222222222225,-0.6325145959854126,9.689707626236812,2
A.St. Brown,2023,11,21.7,21.3,-1.678113579750061,19.62188642024994,2
T.DeVito,2023,11,22.54,9.8,1.403793215751648,11.203793215751649,0
D.Bellinger,2023,11,6.800000000000001,2.7,1.536779761314392,4.236779761314392,2
G.Wilson,2023,11,0.8999999999999999,14.422222222222224,-0.2643897533416748,14.15783246888055,2
N.Dell,2023,11,28.9,14.8625,-3.785081386566162,11.077418613433839,2
R.Doubs,2023,11,16.3,11.47777777777778,-1.6201186180114746,9.857659159766305,2
J.Meyers,2023,11,8.9,14.0,-1.50664222240448,12.49335777759552,2
D.Samuel,2023,11,9.2,12.514285714285714,0.33445847034454346,12.848744184630258,2
J.Chase,2023,11,9.2,20.05555555555556,-5.415297508239746,14.640258047315815,2
T.Boyd,2023,11,5.2,10.922222222222224,-1.0583490133285522,9.863873208893672,2
D.Dallas,2023,11,2.4,1.0833333333333333,1.503895878791809,2.587229212125142,-1
J.McKinnon,2023,11,3.5,5.777777777777778,0.2590549886226654,6.036832766400443,2
T.Hudson,2023,11,8.9,6.65,0.6775628328323364,7.327562832832337,2
K.Gainwell,2023,11,1.5,6.4875,1.4271602630615234,7.914660263061523,1
D.Achane,2023,11,1.5,25.425,-7.4546613693237305,17.97033863067627,1
D.Brown,2023,11,1.7000000000000002,4.0125,-0.03229190409183502,3.980208095908165,2
D.Hopkins,2023,11,15.9,12.844444444444443,0.5792115926742554,13.423656037118699,2
J.Jennings,2023,11,0.0,4.557142857142858,1.8155982494354248,6.372741106578283,2
C.Rodriguez,2023,11,3.8,2.0333333333333337,1.1131235361099243,3.146456869443258,1
J.Conner,2023,11,8.3,11.116666666666667,0.7898144721984863,11.906481138865153,1
C.Samuel,2023,11,1.5,10.08888888888889,-0.2781573235988617,9.810731565290029,2
R.Moore,2023,11,12.4,6.3100000000000005,0.8106141090393066,7.120614109039307,1
M.Brown,2023,11,3.2,11.67,0.5054232478141785,12.175423247814178,2
J.Cook,2023,11,19.200000000000003,11.77,1.0745400190353394,12.844540019035339,1
Bre.Hall,2023,11,18.3,13.411111111111111,2.443366765975952,15.854477877087064,1
D.Cook,2023,11,1.3,3.0444444444444447,2.5434224605560303,5.587866905000475,1
D.Harty,2023,11,-0.2,3.388888888888889,0.4305935502052307,3.8194824390941196,2
L.Murray,2023,11,3.5,6.05,0.112919881939888,6.162919881939888,1
M.Sanders,2023,11,6.2,7.025,2.165722370147705,9.190722370147705,1
C.Hubbard,2023,11,8.5,8.122222222222222,2.434581995010376,10.556804217232598,1
L.Shenault,2023,11,2.9,2.8000000000000003,1.0224452018737793,3.8224452018737796,1
J.Mixon,2023,11,21.0,13.255555555555556,0.4072556793689728,13.66281123492453,1
J.Ford,2023,11,11.9,12.7,-0.09936614334583282,12.600633856654166,1
T.Williams,2023,11,2.0,1.088888888888889,0.8196706175804138,1.9085595064693028,-1
E.Moore,2023,11,12.0,7.833333333333333,0.7102879881858826,8.543621321519215,2
S.Barkley,2023,11,30.0,15.185714285714289,-0.7800049781799316,14.405709307534357,1
M.Breida,2023,11,-0.1,3.74,1.4120395183563232,5.1520395183563235,1
T.Pollard,2023,11,18.0,12.544444444444444,1.4448654651641846,13.989309909608629,1
R.Dowdle,2023,11,4.0,5.1000000000000005,0.7901002764701843,5.890100276470185,1
K.Turpin,2023,11,4.3,6.416666666666667,-0.6370143890380859,5.779652277628581,1
D.Montgomery,2023,11,17.8,17.116666666666667,-6.498600959777832,10.618065706888835,1
C.Edwards-Helaire,2023,11,2.0,3.3125,2.082465648651123,5.394965648651123,1
J.Gibbs,2023,11,21.5,17.514285714285712,0.32293200492858887,17.8372177192143,1
I.Pacheco,2023,11,10.1,12.944444444444445,-1.8546727895736694,11.089771654870775,1
S.Moore,2023,11,1.4,4.933333333333334,0.9420459866523743,5.875379319985708,2
R.Rice,2023,11,8.2,10.38888888888889,1.4979842901229858,11.886873179011875,2
K.Herbert,2023,11,6.1,10.3,0.16062191128730774,10.460621911287308,1
C.Kmet,2023,11,5.0,13.122222222222224,-0.2857082784175873,12.836513943804636,2
A.Jones,2023,11,2.7,12.283333333333331,-0.9623433947563171,11.320989938577014,1
J.Reed,2023,11,19.200000000000003,10.844444444444443,-1.063199520111084,9.78124492433336,2
A.Dillon,2023,11,10.1,7.444444444444445,2.638338327407837,10.082782771852282,1
D.Foreman,2023,11,7.4,12.533333333333331,-2.1285088062286377,10.404824527104694,1
R.Johnson,2023,11,3.0,6.35,1.0994747877120972,7.449474787712097,1
J.Hill,2023,11,1.7000000000000002,6.49,0.3922625184059143,6.8822625184059145,1
Z.Flowers,2023,11,8.0,11.17,-0.11173322796821594,11.058266772031784,2
G.Edwards,2023,11,21.0,11.830000000000002,0.5787609815597534,12.408760981559755,1
T.Etienne,2023,11,8.9,18.922222222222224,-2.2695624828338623,16.652659739388362,1
T.Bigsby,2023,11,2.1,2.1875,0.12711162865161896,2.314611628651619,-1
D.Johnson,2023,11,9.3,8.433333333333334,-0.050006840378046036,8.383326492955288,2
K.Walker,2023,11,2.6,15.0,-1.9061638116836548,13.093836188316345,1
Z.Charbonnet,2023,11,12.9,5.175000000000001,1.249401330947876,6.424401330947877,1
J.Williams,2023,11,19.7,13.39,0.661625862121582,14.051625862121583,1
S.Perine,2023,11,13.7,6.522222222222222,0.9007002711296082,7.42292249335183,2
S.Ahmed,2023,11,12.1,5.133333333333334,1.012341856956482,6.145675190289816,1
A.Ekeler,2023,11,7.0,18.0,-0.2498275637626648,17.750172436237335,1
J.Kelley,2023,11,1.3,5.555555555555555,2.6427791118621826,8.198334667417738,1
R.Mostert,2023,11,10.3,18.95555555555556,-5.628513336181641,13.327042219373919,1
B.Scott,2023,11,0.8,2.5,1.5291498899459839,4.029149889945984,1
D.Swift,2023,11,19.700000000000003,14.444444444444445,-1.7811745405197144,12.66326990392473,1
C.McCaffrey,2023,11,21.3,24.51111111111111,-4.557878017425537,19.953233093685572,1
N.Harris,2023,11,4.6,10.433333333333334,-0.39143288135528564,10.041900451978048,1
E.Mitchell,2023,11,2.4000000000000004,1.75,1.9229354858398438,3.6729354858398438,1
J.Warren,2023,11,23.5,11.244444444444444,0.7636570334434509,12.008101477887895,1
A.Mattison,2023,11,7.0,10.25,2.1599175930023193,12.40991759300232,1
R.White,2023,11,17.8,14.72222222222222,-0.8011149764060974,13.921107245816122,1
T.Chandler,2023,11,15.0,4.0,0.7721720933914185,4.7721720933914185,1
C.Edmonds,2023,11,2.9000000000000004,1.64,1.504785418510437,3.1447854185104367,-1
R.Jarrett,2023,11,5.1000000000000005,0.98,1.6294828653335571,2.609482865333557,-1
T.Spears,2023,11,4.6000000000000005,8.0,1.3291491270065308,9.32914912700653,1
D.Thompkins,2023,11,1.7000000000000002,4.1571428571428575,0.41842585802078247,4.57556871516364,2
P.Strong,2023,11,1.5,4.433333333333334,1.2229341268539429,5.656267460187276,1
Em.Wilson,2023,11,3.1,2.9250000000000003,1.1742007732391357,4.0992007732391365,1
D.Davis,2023,11,0.7,2.75,1.8763427734375,4.6263427734375,1
T.Tucker,2023,11,5.0,4.233333333333333,0.658030092716217,4.89136342604955,2
J.Waddle,2023,11,9.5,13.9,-1.0569757223129272,12.843024277687073,2
K.Raymond,2023,11,1.5,6.544444444444445,0.4722895622253418,7.016734006669787,2
P.Nacua,2023,11,18.7,17.67777777777778,-1.984635829925537,15.693141947852244,2
M.Mims,2023,11,3.2,5.1875,0.293660432100296,5.481160432100296,2
J.McLaughlin,2023,11,6.5,7.388888888888889,-0.2717020809650421,7.117186807923847,1
C.Lamb,2023,11,16.5,22.022222222222226,-0.47843220829963684,21.54379001392259,2
A.Ingold,2023,11,4.6,2.26,1.2192403078079224,3.479240307807922,2
K.Hunt,2023,11,6.7,10.085714285714284,-1.1944867372512817,8.891227548463002,1
T.Scott,2023,11,-0.6000000000000001,2.6375,1.0267728567123413,3.6642728567123415,2
X.Gipson,2023,11,1.7000000000000002,2.68,2.4083502292633057,5.088350229263305,2
A.Thielen,2023,11,15.4,17.755555555555556,0.05773584544658661,17.813291401002143,2
M.Boone,2023,11,1.5,1.9666666666666668,0.7420268654823303,2.708693532148997,-1
W.Robinson,2023,11,6.7,7.237500000000001,0.6839332580566406,7.921433258056641,2
L.Thomas,2023,11,8.8,9.922222222222224,-0.6317099332809448,9.29051228894128,2
G.Pickens,2023,11,7.7,12.133333333333333,-1.9468423128128052,10.186491020520528,2
B.Cooks,2023,11,7.2,10.0125,0.5249793529510498,10.537479352951049,2
C.Watson,2023,11,10.2,7.183333333333334,0.14182426035404205,7.325157593687376,2
A.Abdullah,2023,11,1.4,2.2,0.7530714273452759,2.953071427345276,2
C.Ridley,2023,11,31.1,10.566666666666666,-0.6555488705635071,9.91111779610316,2
B.Powell,2023,11,6.2,6.528571428571429,0.2588328719139099,6.787404300485339,2
M.Andrews,2023,11,4.300000000000001,14.566666666666666,-1.967276930809021,12.599389735857645,2
N.Gray,2023,11,0.0,4.977777777777778,0.5484994649887085,5.526277242766486,2
D.Mooney,2023,11,3.4000000000000004,6.733333333333333,0.4004266560077667,7.1337599893411,2
D.Henderson,2023,11,12.9,10.2,-0.35435575246810913,9.84564424753189,1
R.Freeman,2023,11,7.300000000000001,6.733333333333334,0.07118240743875504,6.804515740772089,1
G.Kittle,2023,11,22.9,12.78888888888889,0.07682246714830399,12.865711356037194,2
C.Okonkwo,2023,11,1.6,5.266666666666667,1.2720787525177002,6.538745419184367,2
R.Bateman,2023,11,8.0,4.588888888888889,1.2035610675811768,5.792449956470065,2
J.Bobo,2023,11,1.8,6.442857142857143,-0.22994384169578552,6.2129133011613575,2
M.Hardman,2023,11,3.2,2.16,1.5105416774749756,3.6705416774749757,-1
J.Addison,2023,11,7.4,14.75,-2.427583932876587,12.322416067123413,2
Q.Johnston,2023,11,4.1,4.488888888888889,1.0954124927520752,5.584301381640964,2
K.Mitchell,2023,11,5.1000000000000005,11.966666666666669,0.8396281003952026,12.806294767061871,1
D.Moore,2023,11,22.6,15.94,-1.1465976238250732,14.793402376174926,2
C.Tillman,2023,11,2.0,0.9333333333333332,1.5906474590301514,2.5239807923634845,-1
T.Palmer,2023,11,6.800000000000001,5.311111111111111,-0.32270294427871704,4.988408166832394,2
C.Moore,2023,11,9.7,3.857142857142857,1.068689227104187,4.925832084247045,2
S.LaPorta,2023,11,6.8,13.155555555555557,-0.4489220678806305,12.706633487674926,2
R.Woods,2023,11,9.4,7.6,-0.05127137154340744,7.548728628456592,2
C.Kupp,2023,11,2.1,13.48,-2.0791683197021484,11.400831680297852,2
T.Conklin,2023,11,3.8,7.700000000000001,2.8661415576934814,10.566141557693483,2
S.Diggs,2023,11,6.7,20.18,-3.802600860595703,16.377399139404297,2
K.Shakir,2023,11,20.5,5.533333333333333,0.06913191080093384,5.602465244134267,2
N.Collins,2023,11,13.5,15.3875,-2.799656867980957,12.587843132019042,2
J.Metchie,2023,11,2.2,3.35,0.5535673499107361,3.903567349910736,2
S.Shepard,2023,11,1.5,2.3000000000000003,1.0813661813735962,3.3813661813735965,-1
T.Kelce,2023,11,15.4,17.5875,1.0945569276809692,18.682056927680968,2
J.Dotson,2023,11,11.3,8.8,-0.2539374828338623,8.546062517166138,2
T.McLaurin,2023,11,9.3,12.31,-0.5666095614433289,11.743390438556672,2
C.Turner,2023,11,1.7000000000000002,4.050000000000001,1.0363385677337646,5.086338567733765,2
T.McBride,2023,11,9.3,8.38,0.6652281284332275,9.045228128433228,2
A.Lazard,2023,11,0.0,6.111111111111111,1.595914602279663,7.707025713390774,2
D.Kincaid,2023,11,10.6,10.444444444444445,-0.4442472755908966,10.000197168853548,2
J.Mingo,2023,11,1.6,5.625,1.1609561443328857,6.785956144332886,2
A.Cooper,2023,11,7.4,13.833333333333334,-0.03601076081395149,13.797322572519382,2
I.Smith,2023,11,0.0,4.483333333333333,-0.23602403700351715,4.247309296329816,2
D.Njoku,2023,11,12.6,9.522222222222222,0.22155769169330597,9.743779913915528,2
D.Slayton,2023,11,18.200000000000003,5.970000000000001,1.545096755027771,7.515096755027772,2
J.Ferguson,2023,11,6.2,10.6,-0.9086191654205322,9.691380834579467,2
I.Hodgins,2023,11,4.2,3.5,0.7327885627746582,4.232788562774658,2
M.Gallup,2023,11,6.1,6.811111111111111,0.7876713871955872,7.598782498306698,2
J.Hyatt,2023,11,1.7000000000000002,4.628571428571429,1.4755057096481323,6.104077138219561,2
J.Tolbert,2023,11,3.2,5.033333333333334,0.6918420195579529,5.725175352891287,2
J.Reynolds,2023,11,2.1,10.15,0.03187280520796776,10.181872805207968,2
Ju.Watson,2023,11,16.3,4.95,1.3181650638580322,6.268165063858032,2
M.Valdes-Scantling,2023,11,0.0,4.766666666666668,0.957489550113678,5.724156216780346,2
M.Heath,2023,11,1.7000000000000002,0.0,1.4313535690307617,1.4313535690307617,-1
L.Musgrave,2023,11,6.800000000000001,7.366666666666666,0.4117089807987213,7.778375647465388,2
I.Likely,2023,11,0.0,2.983333333333333,1.1688594818115234,4.152192815144856,2
D.Schultz,2023,11,11.2,11.233333333333333,-1.302583932876587,9.930749400456746,2
O.Beckham,2023,11,15.6,6.975,-0.05054925009608269,6.924450749903917,2
Z.Jones,2023,11,6.0,9.266666666666667,-2.968822717666626,6.2978439490000415,2
E.Engram,2023,11,6.9,10.844444444444443,-0.1998555064201355,10.644588938024308,2
T.Lockett,2023,11,10.1,13.488888888888887,-1.168576717376709,12.320312171512178,2
D.Metcalf,2023,11,20.4,12.775,-0.35508793592453003,12.41991206407547,2
T.Higbee,2023,11,2.7,6.066666666666666,1.13494873046875,7.201615397135416,2
J.Smith-Njigba,2023,11,7.0,8.61111111111111,-0.04061959683895111,8.57049151427216,2
W.Dissly,2023,11,1.9,3.16,1.2045636177062988,4.364563617706299,2
D.Adams,2023,11,21.200000000000003,14.09,-2.468773603439331,11.621226396560669,2
A.Trautman,2023,11,5.300000000000001,3.425,0.5586315989494324,3.983631598949432,2
L.Humphrey,2023,11,0.0,3.75,-0.6822705864906311,3.067729413509369,2
C.Sutton,2023,11,16.6,13.366666666666667,-1.3989990949630737,11.967667571703593,2
A.Hooper,2023,11,0.0,3.055555555555556,0.709152340888977,3.764707896444533,2
D.Parham,2023,11,9.7,5.688888888888889,-0.38865193724632263,5.3002369516425665,2
A.Brown,2023,11,1.8,22.61111111111111,-4.126434803009033,18.484676308102078,2
D.Smith,2023,11,15.9,13.366666666666667,-1.5979434251785278,11.76872324148814,2
B.Aiyuk,2023,11,26.6,15.4375,-0.5424270629882812,14.895072937011719,2
A.Robinson,2023,11,5.0,4.3,0.8766045570373535,5.176604557037353,2
P.Freiermuth,2023,11,1.7000000000000002,6.325,-2.28513503074646,4.03986496925354,2
T.Hockenson,2023,11,9.5,16.110000000000003,-0.23351028561592102,15.876489714384082,2
C.Otton,2023,11,8.9,8.344444444444443,-0.2105354219675064,8.133909022476937,2
M.Evans,2023,11,15.3,16.966666666666665,-1.4380667209625244,15.52859994570414,2
J.Oliver,2023,11,14.7,3.85,-0.032161645591259,3.817838354408741,2
K.Osborn,2023,11,1.7000000000000002,9.077777777777778,-0.19664692878723145,8.881130848990546,2
N.Westbrook-Ikhine,2023,11,1.7000000000000002,7.5375,-0.2923320233821869,7.245167976617813,2
N.Agholor,2023,11,10.7,5.822222222222223,0.03322700038552284,5.855449222607746,2
S.Smartt,2023,11,12.1,0.98,1.9423106908798218,2.9223106908798218,-1
M.Mayer,2023,11,8.600000000000001,5.225,-0.0296108927577734,5.195389107242226,2
H.Renfrow,2023,11,9.2,3.2375,0.7888156175613403,4.02631561756134,2
L.Schoonmaker,2023,11,10.3,1.4857142857142858,1.0885182619094849,2.5742325476237706,-1
N.Fant,2023,11,1.4,4.9,1.2417254447937012,6.1417254447937015,2
J.Bates,2023,11,3.5,3.075,0.9696907997131348,4.044690799713135,2
J.Jeudy,2023,11,10.8,9.1375,0.33707407116889954,9.474574071168899,2
B.Pringle,2023,11,5.2,2.671428571428572,1.0217680931091309,3.693196664537703,2
T.Tremble,2023,11,7.4,5.05,-0.6914982199668884,4.358501780033111,2
L.Farrell,2023,11,4.1,2.125,0.7461835741996765,2.8711835741996765,-1
D.Sample,2023,11,3.9,3.2,-0.3939744830131531,2.806025516986847,-1
O.Zaccheaus,2023,11,0.0,3.4500000000000006,0.5988678932189941,4.048867893218995,2
G.Swaim,2023,11,3.5,2.325,0.9748210310935974,3.2998210310935976,2
J.Whyle,2023,11,1.7000000000000002,3.6,0.06280498951673508,3.662804989516735,2
T.Irwin,2023,11,6.6,8.625,-1.3572072982788086,7.267792701721191,2
E.St. Brown,2023,11,3.9,1.5,1.2431679964065552,2.743167996406555,-1
J.Ruckert,2023,11,5.5,1.86,2.2059924602508545,4.065992460250855,-1
D.Washington,2023,11,1.8,1.3250000000000002,0.9751144051551819,2.300114405155182,-1
J.Crowder,2023,11,3.2,8.225,-0.6190152168273926,7.605984783172607,2
K.Philips,2023,11,2.0,5.38,0.9352969527244568,6.315296952724457,2
P.Durham,2023,11,3.3,0.6,1.6294828653335571,2.229482865333557,-1
S.Howell,2023,12,17.3,18.223636363636363,-1.5374349355697632,16.6862014280666,0
J.Allen,2023,12,39.66,22.463636363636365,1.6080477237701416,24.071684087406506,0
D.Ridder,2023,12,9.72,12.333333333333336,0.5092452168464661,12.842578550179802,0
B.Young,2023,12,8.06,10.791111111111112,0.9888381958007812,11.779949306911893,0
D.Prescott,2023,12,32.24,19.426,-0.3803264796733856,19.045673520326613,0
J.Goff,2023,12,18.18,17.312,0.7522009611129761,18.064200961112977,0
P.Mahomes,2023,12,20.82,18.826,-0.8607770204544067,17.965222979545594,0
J.Fields,2023,12,10.58,18.12857142857143,-0.2145865112543106,17.91398491731712,0
J.Love,2023,12,26.62,17.144,-2.1475939750671387,14.99640602493286,0
L.Jackson,2023,12,14.98,18.83090909090909,0.3855518400669098,19.216460930975998,0
C.Stroud,2023,12,30.86,19.098000000000003,-1.074377417564392,18.02362258243561,0
T.Lawrence,2023,12,24.56,15.328,0.8716117739677429,16.199611773967742,0
G.Minshew,2023,12,14.64,10.804444444444446,1.42764151096344,12.232085955407886,0
G.Smith,2023,12,7.300000000000001,13.545999999999998,1.1967743635177612,14.742774363517759,0
M.Stafford,2023,12,23.36,13.47777777777778,0.909639298915863,14.387417076693643,0
R.Wilson,2023,12,16.76,16.78,-2.474567174911499,14.305432825088502,0
T.Tagovailoa,2023,12,7.82,18.326,-3.718327045440674,14.607672954559327,0
J.Herbert,2023,12,13.38,21.096,-4.8117194175720215,16.28428058242798,0
J.Hurts,2023,12,34.5,22.438,-0.42634525895118713,22.01165474104881,0
M.Jones,2023,12,-0.4399999999999999,11.334,1.0972440242767334,12.431244024276733,0
K.Pickett,2023,12,11.62,9.547999999999998,1.3452889919281006,10.893288991928099,0
B.Purdy,2023,12,10.46,18.858,-0.37603241205215454,18.481967587947846,0
B.Mayfield,2023,12,13.36,15.946000000000002,0.85030198097229,16.79630198097229,0
D.Carr,2023,12,10.86,12.254,1.4379299879074097,13.69192998790741,0
C.Kirk,2023,12,12.9,13.376,-2.016615152359009,11.35938484764099,2
T.Hill,2023,12,33.5,31.798181818181817,-1.4156943559646606,30.382487462217156,2
K.Allen,2023,12,22.6,23.176,-8.02143669128418,15.154563308715819,2
D.Thompson-Robinson,2023,12,11.46,2.7333333333333343,2.266469717025757,4.999803050359091,0
D.Henry,2023,12,20.6,13.108,0.9228100776672363,14.030810077667237,1
A.O'Connell,2023,12,13.92,8.148,0.7200196981430054,8.868019698143005,0
B.Zappe,2023,12,0.1600000000000001,0.7200000000000001,1.680527925491333,2.400527925491333,0
D.Singletary,2023,12,13.2,8.124,2.4214630126953125,10.545463012695313,1
P.Campbell,2023,12,0.8,4.228571428571429,1.436660647392273,5.665232075963702,2
C.Godwin,2023,12,7.5,11.55,-0.33195120096206665,11.218048799037934,2
J.Jacobs,2023,12,22.5,13.781818181818185,-0.25657781958580017,13.525240362232385,1
D.London,2023,12,14.1,11.142222222222223,0.20042666792869568,11.342648890150919,2
P.Walker,2023,12,0.1400000000000001,4.955,2.0954177379608154,7.0504177379608155,0
W.Levis,2023,12,7.1000000000000005,13.445,0.7400245666503906,14.185024566650391,0
T.Atwell,2023,12,10.6,9.56,-0.6652934551239014,8.8947065448761,2
A.St. Brown,2023,12,18.5,21.34444444444445,-2.5647454261779785,18.77969901826647,2
T.DeVito,2023,12,10.24,12.985,1.2815178632736206,14.26651786327362,0
D.Bellinger,2023,12,1.8,3.2125000000000004,1.1301316022872925,4.342631602287293,2
G.Wilson,2023,12,17.4,13.07,-0.08821714669466019,12.98178285330534,2
R.Doubs,2023,12,6.7,11.96,-1.4477366209030151,10.512263379096986,2
J.Meyers,2023,12,20.1,13.49,-1.4077659845352173,12.082234015464783,2
D.Samuel,2023,12,22.4,12.1,0.3058960437774658,12.405896043777465,2
J.Chase,2023,12,12.1,18.97,-3.3870742321014404,15.582925767898558,2
T.Boyd,2023,12,5.300000000000001,10.35,-0.12181750684976578,10.228182493150234,2
D.Dallas,2023,12,2.5,1.2714285714285716,1.3864707946777344,2.6578993661063057,-1
Co.Heyward,2023,12,3.1,4.385714285714286,0.9425999522209167,5.328314237935203,2
T.Hudson,2023,12,5.8,7.1,0.8720744848251343,7.972074484825134,2
K.Gainwell,2023,12,5.6,5.933333333333334,1.2879711389541626,7.221304472287496,1
D.Brown,2023,12,0.0,3.755555555555555,0.19389039278030396,3.949445948335859,2
D.Hopkins,2023,12,7.9,13.15,0.2703847587108612,13.420384758710862,2
J.Jennings,2023,12,1.7000000000000002,3.9875,1.7566407918930054,5.744140791893005,2
B.Robinson,2023,12,35.7,26.663636363636364,-7.050592422485352,19.613043941151012,1
C.Rodriguez,2023,12,2.1,2.475,1.6492362022399902,4.12423620223999,1
J.Conner,2023,12,7.2,10.714285714285714,2.9665424823760986,13.680828196661812,1
A.Gibson,2023,12,6.7,7.859999999999999,0.04553084075450897,7.905530840754508,2
C.Samuel,2023,12,19.0,9.23,0.11150351166725159,9.341503511667252,2
R.Moore,2023,12,5.5,6.863636363636363,0.3294098973274231,7.193046260963786,2
M.Brown,2023,12,14.8,10.9,1.3252009153366089,12.22520091533661,2
J.Cook,2023,12,16.0,12.445454545454544,0.9494566321372986,13.394911177591842,1
Bre.Hall,2023,12,11.9,13.9,1.4978113174438477,15.397811317443848,1
D.Cook,2023,12,4.1,2.87,2.1985814571380615,5.068581457138062,1
L.Murray,2023,12,7.8,5.818181818181818,1.0594667196273804,6.877648537809199,1
M.Sanders,2023,12,2.8000000000000003,6.933333333333334,2.344599485397339,9.277932818730672,1
C.Hubbard,2023,12,20.2,8.16,2.799765110015869,10.95976511001587,1
L.Shenault,2023,12,1.8,2.814285714285714,0.9391403794288635,3.7534260937145776,1
T.Allgeier,2023,12,6.4,8.05,0.45388883352279663,8.503888833522797,1
J.Mixon,2023,12,8.0,14.03,1.5780744552612305,15.60807445526123,1
J.Ford,2023,12,11.9,12.62,-0.23532572388648987,12.38467427611351,1
E.Moore,2023,12,5.4,8.25,0.8216974139213562,9.071697413921356,2
S.Barkley,2023,12,6.200000000000001,17.0375,-4.125058650970459,12.912441349029542,1
M.Breida,2023,12,2.6,3.3909090909090907,1.1970933675765991,4.58800245848569,1
T.Pollard,2023,12,22.3,13.09,0.3297486901283264,13.419748690128326,1
R.Dowdle,2023,12,9.6,4.99,1.1497271060943604,6.139727106094361,1
K.Turpin,2023,12,10.4,6.114285714285714,0.2104199379682541,6.324705652253968,1
D.Montgomery,2023,12,15.1,17.214285714285715,-5.728332042694092,11.485953671591624,1
C.Edwards-Helaire,2023,12,0.5,3.1666666666666665,1.9863446950912476,5.153011361757914,1
J.Gibbs,2023,12,11.3,18.012500000000003,0.8177834749221802,18.830283474922183,1
I.Pacheco,2023,12,25.9,12.66,-0.17578759789466858,12.484212402105332,1
S.Moore,2023,12,6.4,4.58,1.0925309658050537,5.672530965805054,2
R.Rice,2023,12,24.700000000000003,10.17,0.2278813272714615,10.397881327271461,2
K.Herbert,2023,12,5.800000000000001,9.6,1.1280657052993774,10.728065705299377,1
C.Kmet,2023,12,11.3,12.31,0.0682012140750885,12.378201214075089,2
J.Reed,2023,12,15.0,11.68,-0.24086885154247284,11.439131148457527,2
A.Dillon,2023,12,11.1,7.709999999999999,1.7315428256988525,9.441542825698852,1
R.Johnson,2023,12,12.5,5.977777777777778,1.2035939693450928,7.181371747122871,1
P.Taylor,2023,12,2.5,2.725,0.9952817559242249,3.720281755924225,1
D.Pierce,2023,12,2.8000000000000003,8.014285714285714,3.0541489124298096,11.068434626715524,1
J.Hill,2023,12,3.1,6.054545454545454,0.8852448463439941,6.939790300889448,1
Z.Flowers,2023,12,23.2,10.881818181818184,1.0039373636245728,11.885755545442757,2
G.Edwards,2023,12,4.7,12.663636363636364,-0.6576350927352905,12.006001270901073,1
T.Etienne,2023,12,12.6,17.919999999999998,-2.6356747150421143,15.284325284957884,1
T.Bigsby,2023,12,0.6000000000000001,2.177777777777778,0.2497037798166275,2.4274815575944055,-1
D.Johnson,2023,12,16.1,8.52,0.14837752282619476,8.668377522826194,2
K.Williams,2023,12,38.400000000000006,18.48333333333333,-2.3383171558380127,16.145016177495318,1
Z.Charbonnet,2023,12,9.8,6.033333333333334,1.2627553939819336,7.296088727315268,1
J.Williams,2023,12,20.200000000000003,13.963636363636368,-0.6041168570518494,13.359519506584519,1
S.Perine,2023,12,13.6,7.24,0.8003043532371521,8.040304353237152,2
A.Ekeler,2023,12,8.0,16.428571428571427,-1.6721382141113281,14.756433214460099,1
J.Kelley,2023,12,3.4000000000000004,5.130000000000001,1.14345121383667,6.273451213836671,1
G.Everett,2023,12,14.3,6.262499999999999,-0.5866808891296387,5.675819110870361,2
R.Mostert,2023,12,21.4,18.09,-5.080265045166016,13.009734954833984,1
R.Stevenson,2023,12,21.700000000000003,12.11,1.3641191720962524,13.474119172096252,1
T.Montgomery,2023,12,0.0,1.75,1.0091873407363892,2.759187340736389,-1
E.Elliott,2023,12,7.200000000000001,7.19,0.7880642414093018,7.978064241409302,1
B.Scott,2023,12,1.4,2.16,1.9651200771331787,4.125120077133179,1
D.Swift,2023,12,9.4,14.97,-2.3809545040130615,12.58904549598694,1
C.McCaffrey,2023,12,30.9,24.19,-4.549209117889404,19.640790882110597,1
N.Harris,2023,12,15.9,9.85,1.1940665245056152,11.044066524505615,1
E.Mitchell,2023,12,4.6000000000000005,1.842857142857143,1.7318127155303955,3.5746698583875385,1
J.Warren,2023,12,7.2,12.47,0.7909799814224243,13.260979981422425,1
A.Mattison,2023,12,8.3,9.954545454545457,1.5260288715362549,11.480574326081712,1
R.White,2023,12,13.0,15.03,-0.7316564917564392,14.29834350824356,1
T.Chandler,2023,12,2.1,5.571428571428571,1.0514482259750366,6.622876797403608,1
C.Edmonds,2023,12,1.1,1.8500000000000003,1.082123875617981,2.9321238756179815,1
T.Spears,2023,12,1.7000000000000002,7.659999999999999,1.2476015090942383,8.907601509094238,1
R.Shaheed,2023,12,2.9,10.48,-0.06213287636637688,10.417867123633624,2
C.Austin,2023,12,1.5,4.5,-0.15165215730667114,4.348347842693329,2
Z.Moss,2023,12,9.0,14.22222222222222,-2.743671417236328,11.478550804985892,1
A.Beck,2023,12,1.1,1.72,1.3704979419708252,3.090497941970825,-1
D.Davis,2023,12,1.1,2.522222222222222,1.0248006582260132,3.5470228804482353,1
T.Tucker,2023,12,0.0,4.342857142857143,0.7773812413215637,5.120238384178707,2
J.Waddle,2023,12,19.4,13.411111111111111,-0.879366397857666,12.531744713253445,2
E.Demercado,2023,12,1.5,6.271428571428571,1.2941148281097412,7.565543399538313,1
K.Raymond,2023,12,14.6,6.040000000000001,0.9700050950050354,7.010005095005036,2
P.Nacua,2023,12,6.7,17.78,-1.5689711570739746,16.211028842926027,2
B.Skowronek,2023,12,0.9,2.2,0.1886487752199173,2.3886487752199175,-1
M.Mims,2023,12,5.5,4.966666666666667,0.05257175490260124,5.019238421569268,2
J.McLaughlin,2023,12,0.4,7.3,-0.9976361989974976,6.302363801002502,1
K.Pitts,2023,12,4.2,8.25,0.8793412446975708,9.12934124469757,2
G.Davis,2023,12,22.5,11.18,1.77167809009552,12.95167809009552,2
C.Lamb,2023,12,17.3,21.47,0.7383619546890259,22.208361954689025,2
V.Jefferson,2023,12,2.3,3.1666666666666665,1.062269687652588,4.228936354319254,2
D.Douglas,2023,12,10.9,7.444444444444445,0.8803603053092957,8.32480474975374,2
K.Juszczyk,2023,12,0.0,4.516666666666667,0.00811539776623249,4.524782064432899,2
K.Hunt,2023,12,2.2,9.6625,0.25260964035987854,9.915109640359878,1
H.Bryant,2023,12,5.2,1.475,0.5302901864051819,2.005290186405182,-1
X.Gipson,2023,12,3.5,2.516666666666667,2.0580666065216064,4.574733273188274,2
B.Berrios,2023,12,0.0,5.8125,0.2179783433675766,6.030478343367577,2
A.Thielen,2023,12,1.2,17.52,0.9184675812721252,18.438467581272125,2
W.Robinson,2023,12,6.6,7.177777777777777,0.2752857506275177,7.453063528405295,2
A.Kamara,2023,12,15.9,20.47142857142857,1.4875584840774536,21.958987055506025,1
L.Thomas,2023,12,3.5,9.81,-0.3561687171459198,9.45383128285408,2
G.Pickens,2023,12,8.8,11.69,-0.7362704873085022,10.953729512691497,2
B.Cooks,2023,12,17.2,9.7,1.2542493343353271,10.954249334335326,2
C.Watson,2023,12,20.4,7.614285714285715,-0.397584468126297,7.216701246159418,2
A.Abdullah,2023,12,2.3,2.12,0.8335721492767334,2.9535721492767335,2
C.Ridley,2023,12,21.9,12.62,-1.1043357849121094,11.51566421508789,2
B.Powell,2023,12,7.7,6.487500000000001,0.45941847562789917,6.9469184756279,2
J.Taylor,2023,12,21.1,13.333333333333334,-2.020185708999634,11.3131476243337,1
I.McKenzie,2023,12,0.3,2.5375,0.7985139489173889,3.336013948917389,2
N.Gray,2023,12,6.0,4.48,0.6963279843330383,5.176327984333039,2
X.Hutchinson,2023,12,4.4,1.2600000000000002,1.9206273555755615,3.1806273555755618,1
R.McCloud,2023,12,3.3000000000000003,3.86,1.5579568147659302,5.41795681476593,2
C.Patterson,2023,12,4.3,2.4833333333333334,1.1932984590530396,3.676631792386373,1
D.Mooney,2023,12,2.6,6.4,0.5532984137535095,6.95329841375351,2
R.Freeman,2023,12,13.7,6.875,1.3577944040298462,8.232794404029846,1
G.Kittle,2023,12,4.9,13.8,-0.25341421365737915,13.546585786342622,2
C.Okonkwo,2023,12,8.5,4.9,1.2844321727752686,6.184432172775269,2
R.Bateman,2023,12,4.1,4.93,0.7356023788452148,5.665602378845215,2
J.Bobo,2023,12,1.6,5.862500000000001,-0.5380429625511169,5.324457037448884,2
J.Addison,2023,12,9.9,14.081818181818182,-0.5272846817970276,13.554533500021154,2
J.Wilson,2023,12,10.3,4.633333333333334,0.8587620854377747,5.492095418771108,2
Q.Johnston,2023,12,1.7000000000000002,4.45,0.259589284658432,4.709589284658432,2
K.Mitchell,2023,12,10.9,10.25,0.7472365498542786,10.997236549854279,1
D.Moore,2023,12,22.4,16.545454545454547,-1.4302769899368286,15.115177555517718,2
C.Tillman,2023,12,9.5,1.2,1.6450937986373901,2.8450937986373903,-1
T.Palmer,2023,12,5.7,5.46,-0.10652026534080505,5.353479734659195,2
C.Moore,2023,12,7.2,4.5875,1.0083487033843994,5.5958487033844,2
T.Thornton,2023,12,4.2,1.5,1.1073665618896484,2.6073665618896484,-1
K.Granson,2023,12,0.0,5.0625,0.12167568504810333,5.184175685048103,2
S.LaPorta,2023,12,17.7,12.52,0.002210772829130292,12.52221077282913,2
C.Ham,2023,12,2.3,1.8666666666666665,1.413659691810608,3.280326358477274,-1
G.Dortch,2023,12,11.7,4.933333333333334,0.9150816798210144,5.848415013154348,2
R.Woods,2023,12,6.0,7.825,1.2456320524215698,9.07063205242157,2
C.Kupp,2023,12,4.8,11.583333333333334,-0.1618504822254181,11.421482851107916,2
T.Conklin,2023,12,7.300000000000001,7.31,2.40335750579834,9.713357505798339,2
S.Diggs,2023,12,19.4,18.954545454545453,1.6394590139389038,20.594004468484357,2
K.Shakir,2023,12,7.7,7.030000000000001,-0.10004065930843353,6.929959340691568,2
N.Collins,2023,12,23.4,15.17777777777778,-0.042164407670497894,15.135613370107283,2
J.Metchie,2023,12,1.6,3.185714285714286,1.7042734622955322,4.889987748009818,2
S.Shepard,2023,12,1.6,2.185714285714286,0.7280322313308716,2.9137465170451575,-1
T.Kelce,2023,12,15.1,17.34444444444445,-1.1297651529312134,16.214679291513235,2
J.Dotson,2023,12,10.2,9.02727272727273,-0.12725555896759033,8.900017168305139,2
T.McLaurin,2023,12,9.0,12.036363636363635,-0.5596964359283447,11.47666720043529,2
C.Turner,2023,12,3.9,3.58,1.2089234590530396,4.78892345905304,2
T.McBride,2023,12,13.0,8.463636363636363,1.0182297229766846,9.481866086613048,2
D.Kincaid,2023,12,8.8,10.46,0.1483750343322754,10.608375034332276,2
J.Mingo,2023,12,10.0,5.177777777777778,0.9732772707939148,6.151055048571693,2
A.Cooper,2023,12,3.6,13.19,0.6392574906349182,13.829257490634918,2
I.Smith,2023,12,2.8,3.842857142857144,0.4336932897567749,4.276550432613918,2
D.Njoku,2023,12,11.9,9.830000000000002,0.8473491072654724,10.677349107265474,2
Dav.Bell,2023,12,0.0,2.4333333333333336,1.3402221202850342,3.7735554536183677,2
D.Slayton,2023,12,3.6,7.081818181818182,0.5254480838775635,7.6072662656957455,2
J.Ferguson,2023,12,4.5,10.16,-0.0014604444149881601,10.158539555585012,2
I.Hodgins,2023,12,8.2,3.577777777777778,0.4229636788368225,4.0007414566146,2
M.Gallup,2023,12,2.3,6.74,0.9957410097122192,7.7357410097122195,2
J.Hyatt,2023,12,15.9,4.2625,1.1690534353256226,5.431553435325623,2
J.Tolbert,2023,12,6.9,4.771428571428571,1.0210442543029785,5.79247282573155,2
J.Reynolds,2023,12,9.5,9.255555555555556,0.0755695253610611,9.331125080916618,2
Ju.Watson,2023,12,7.3,6.211111111111111,1.0613659620285034,7.272477073139615,2
M.Valdes-Scantling,2023,12,0.9,4.290000000000001,1.114801287651062,5.404801287651063,2
B.Wright,2023,12,1.9,4.36,0.2745000720024109,4.634500072002411,2
M.Heath,2023,12,8.600000000000001,0.34,1.4459829330444336,1.7859829330444337,-1
I.Likely,2023,12,8.0,2.557142857142857,1.6757792234420776,4.232922080584935,2
D.Schultz,2023,12,1.2,11.23,0.5569823980331421,11.786982398033143,2
O.Beckham,2023,12,6.4,7.933333333333334,0.46883198618888855,8.402165319522222,2
J.Downs,2023,12,9.3,10.73,-0.37329646944999695,10.356703530550003,2
Z.Jones,2023,12,2.0,8.45,-1.7636499404907227,6.686350059509277,2
E.Engram,2023,12,9.9,10.45,0.16752327978610992,10.61752327978611,2
M.Pittman,2023,12,20.700000000000003,15.37,-0.9357015490531921,14.434298450946807,2
M.Alie-Cox,2023,12,4.0,2.6,-0.07889550924301147,2.5211044907569886,2
A.Pierce,2023,12,6.7,4.44,0.7955763936042786,5.235576393604279,2
T.Lockett,2023,12,6.0,13.15,-0.8640577793121338,12.285942220687867,2
D.Metcalf,2023,12,6.2,13.622222222222224,-1.1296111345291138,12.49261108769311,2
T.Higbee,2023,12,19.9,5.73,1.0502417087554932,6.780241708755494,2
J.Smith-Njigba,2023,12,6.1000000000000005,8.45,-0.12354616820812225,8.326453831791877,2
W.Dissly,2023,12,3.1,2.9500000000000006,1.0030717849731445,3.953071784973145,2
C.Parkinson,2023,12,1.9,3.3875,1.0755599737167358,4.463059973716736,2
D.Adams,2023,12,12.3,14.736363636363638,-3.047872304916382,11.688491331447256,2
A.Trautman,2023,12,7.8,3.6333333333333337,0.41752418875694275,4.0508575220902765,2
L.Humphrey,2023,12,2.3,3.0,-0.7477713227272034,2.2522286772727966,-1
C.Sutton,2023,12,9.1,13.69,-2.8569061756134033,10.833093824386596,2
A.Hooper,2023,12,2.4000000000000004,2.75,0.7946662306785583,3.5446662306785583,2
D.Smythe,2023,12,2.0,4.828571428571428,1.1690294742584229,5.997600902829851,2
A.Brown,2023,12,14.7,20.53,-1.887477159500122,18.64252284049988,2
D.Smith,2023,12,23.6,13.62,-0.06205909326672554,13.557940906733274,2
J.Smith-Schuster,2023,12,3.0,5.3625,0.041711289435625076,5.404211289435625,2
M.Gesicki,2023,12,0.0,4.5200000000000005,0.1850251704454422,4.705025170445443,2
B.Aiyuk,2023,12,13.0,16.67777777777778,-2.258758544921875,14.419019232855906,2
A.Robinson,2023,12,2.1,4.377777777777778,0.9320479035377502,5.3098256813155285,2
P.Freiermuth,2023,12,21.0,5.4,-0.8064233064651489,4.593576693534851,2
T.Hockenson,2023,12,16.0,15.509090909090911,0.1886185109615326,15.697709420052444,2
C.Otton,2023,12,8.5,8.4,-0.0821688175201416,8.317831182479859,2
M.Evans,2023,12,25.0,16.8,-3.768904209136963,13.031095790863038,2
K.Osborn,2023,12,6.4,8.34,0.15875843167304993,8.49875843167305,2
N.Westbrook-Ikhine,2023,12,8.100000000000001,6.888888888888889,-0.6938508152961731,6.195038073592716,2
J.Johnson,2023,12,8.5,4.95,0.3661012351512909,5.316101235151291,2
C.Olave,2023,12,18.4,13.97,-1.090394139289856,12.879605860710145,2
K.Kirkwood,2023,12,4.0,0.275,1.468582034111023,1.7435820341110229,-1
N.Agholor,2023,12,3.1,6.3100000000000005,0.3603743016719818,6.670374301671982,2
R.Tonyan,2023,12,0.0,2.1333333333333333,1.2906568050384521,3.4239901383717855,-1
W.Mallory,2023,12,4.9,2.04,0.9093076586723328,2.949307658672333,2
B.Jordan,2023,12,1.9,5.366666666666667,0.11958900094032288,5.48625566760699,2
S.Smartt,2023,12,0.0,2.833333333333333,0.02534107118844986,2.858674404521783,2
M.Mayer,2023,12,4.7,5.6000000000000005,0.07049845159053802,5.670498451590539,2
H.Renfrow,2023,12,7.800000000000001,3.9,0.9156985878944397,4.81569858789444,2
D.Parker,2023,12,7.2,4.4,0.9333156943321228,5.333315694332123,2
D.Chark,2023,12,6.4,8.271428571428572,-0.7746932506561279,7.496735320772444,2
L.Schoonmaker,2023,12,2.2,2.5875,0.997589111328125,3.585089111328125,-1
N.Fant,2023,12,4.5,4.511111111111111,0.9871250987052917,5.498236209816403,2
J.Jeudy,2023,12,3.1,9.322222222222225,0.23870079219341278,9.560923014415637,2
B.Pringle,2023,12,4.7,2.9875,1.0944492816925049,4.081949281692505,2
T.Sherfield,2023,12,0.0,2.46,1.383202314376831,3.843202314376831,2
T.Tremble,2023,12,1.7000000000000002,5.385714285714286,-0.8748204112052917,4.510893874508994,2
I.Thomas,2023,12,1.9,1.8666666666666665,1.0570933818817139,2.92376004854838,2
L.Farrell,2023,12,8.5,2.5200000000000005,0.7327245473861694,3.25272454738617,2
M.Wilcox,2023,12,1.1,1.5666666666666669,1.1814899444580078,2.7481566111246747,-1
D.Sample,2023,12,8.1,3.3000000000000003,0.010833601467311382,3.3108336014673116,2
O.Zaccheaus,2023,12,9.9,2.9571428571428577,0.8817477226257324,3.83889057976859,2
J.Stoll,2023,12,2.4000000000000004,1.4333333333333331,2.1795458793640137,3.612879212697347,-1
J.Whyle,2023,12,2.1,3.283333333333333,0.21203766763210297,3.495371000965436,2
T.Irwin,2023,12,3.5,8.22,-0.3115902841091156,7.908409715890885,2
T.Kraft,2023,12,9.5,3.1,1.1098580360412598,4.209858036041259,2
J.Ruckert,2023,12,3.8,2.466666666666667,1.8452105522155762,4.311877218882243,2
D.Washington,2023,12,2.0,1.42,0.9945496916770935,2.4145496916770934,-1
A.Iosivas,2023,12,2.6,3.66,-0.7465439438819885,2.9134560561180116,-1
S.Miller,2023,12,1.4,5.32,-0.8380669355392456,4.481933064460755,2
K.Philips,2023,12,0.7,4.816666666666667,0.8983656167984009,5.715032283465068,2
P.Durham,2023,12,2.2,1.275,1.2842990159988403,2.5592990159988402,-1
E.Higgins,2023,12,3.6,0.7333333333333334,1.61594820022583,2.3492815335591635,-1
J.Jones,2023,12,1.0,3.866666666666666,0.2775985896587372,4.1442652563254025,-1
S.Sullivan,2023,12,2.3,4.033333333333334,0.9002488255500793,4.9335821588834134,2
S.Howell,2023,13,19.18,18.146666666666665,0.19277048110961914,18.339437147776284,0
D.Ridder,2023,13,8.84,12.072000000000005,-0.6951884627342224,11.376811537265782,0
B.Young,2023,13,7.12,10.518,1.403351902961731,11.921351902961732,0
J.Browning,2023,13,26.66,7.533333333333334,1.7697972059249878,9.303130539258323,0
D.Prescott,2023,13,28.26,20.59090909090909,0.13759787380695343,20.728506964716043,0
J.Goff,2023,13,16.32,17.39090909090909,-0.996971070766449,16.39393802014264,0
P.Mahomes,2023,13,13.0,19.007272727272728,1.5882149934768677,20.595487720749595,0
J.Love,2023,13,23.68,18.005454545454544,-2.418982744216919,15.586471801237625,0
C.Stroud,2023,13,16.060000000000002,20.167272727272728,-1.7312164306640625,18.436056296608665,0
T.Lawrence,2023,13,25.12,16.167272727272728,1.3569964170455933,17.52426914431832,0
G.Minshew,2023,13,18.68,11.188,0.755539059638977,11.943539059638978,0
G.Smith,2023,13,29.96,12.978181818181817,0.8233010768890381,13.801482895070855,0
M.Stafford,2023,13,22.96,14.466,0.02030586637556553,14.486305866375565,0
R.Wilson,2023,13,15.84,16.778181818181817,0.7008122801780701,17.478994098359887,0
T.Tagovailoa,2023,13,19.200000000000003,17.37090909090909,-0.33484718203544617,17.036061908873645,0
J.Herbert,2023,13,7.98,20.39454545454545,-0.17059743404388428,20.223948020501567,0
J.Hurts,2023,13,23.92,23.53454545454545,-0.31250739097595215,23.2220380635695,0
K.Pickett,2023,13,3.1000000000000005,9.736363636363636,1.1127067804336548,10.849070416797291,0
B.Purdy,2023,13,29.46,18.094545454545457,2.99538254737854,21.089928001923997,0
B.Mayfield,2023,13,9.88,15.710909090909093,-0.24338237941265106,15.467526711496442,0
D.Carr,2023,13,8.940000000000001,12.127272727272729,1.547001600265503,13.674274327538232,0
C.Kirk,2023,13,3.6,13.332727272727276,-1.2573517560958862,12.07537551663139,2
T.Hill,2023,13,47.7,31.94,-5.308958530426025,26.631041469573976,2
M.White,2023,13,0.12,1.3266666666666669,2.5261993408203125,3.8528660074869796,0
C.Beathard,2023,13,3.22,0.12,2.1152381896972656,2.2352381896972657,-1
K.Allen,2023,13,10.8,23.123636363636365,-4.614034175872803,18.509602187763562,2
J.Winston,2023,13,1.64,2.63,1.9748505353927612,4.604850535392761,0
D.Henry,2023,13,25.0,13.789090909090907,0.7120802402496338,14.501171149340541,1
B.Zappe,2023,13,7.24,0.5800000000000001,1.833039402961731,2.413039402961731,0
D.Singletary,2023,13,5.0,8.585454545454546,2.4207212924957275,11.006175837950273,1
C.Godwin,2023,13,7.9,11.181818181818182,0.8442546129226685,12.02607279474085,2
D.London,2023,13,1.8,11.438,0.19433116912841797,11.632331169128419,2
K.Toney,2023,13,0.6000000000000001,4.279999999999999,1.3864914178848267,5.666491417884826,2
D.Wicks,2023,13,7.3,5.776,1.1529074907302856,6.9289074907302854,2
J.Smith,2023,13,3.0,9.7,-0.34953463077545166,9.350465369224548,2
W.Levis,2023,13,11.46,12.176,0.5173878073692322,12.693387807369232,0
T.Atwell,2023,13,1.9,9.654545454545454,-0.2979605495929718,9.356584904952483,2
A.St. Brown,2023,13,12.9,21.06,-2.8908073902130127,18.169192609786986,2
K.Murray,2023,13,11.8,19.786666666666665,-1.6869454383850098,18.099721228281656,0
G.Wilson,2023,13,8.0,13.463636363636365,0.280171662569046,13.74380802620541,2
R.Doubs,2023,13,11.2,11.481818181818182,-1.7944872379302979,9.687330943887885,2
D.Samuel,2023,13,35.8,13.244444444444444,-2.2187039852142334,11.02574045923021,2
J.Chase,2023,13,31.62,18.345454545454547,-1.0838664770126343,17.261588068441913,2
T.Boyd,2023,13,7.2,9.890909090909092,0.27867391705513,10.169583007964222,2
D.Dallas,2023,13,0.6000000000000001,1.425,1.2695891857147217,2.6945891857147215,-1
Co.Heyward,2023,13,0.0,4.225,0.9863874912261963,5.211387491226196,2
T.Hudson,2023,13,7.5,6.883333333333333,1.0065908432006836,7.8899241765340165,2
K.Gainwell,2023,13,9.7,5.9,0.6004856824874878,6.500485682487488,1
D.Achane,2023,13,25.3,20.64,-5.455787658691406,15.184212341308594,1
D.Brown,2023,13,1.0,3.38,-0.4215496778488159,2.958450322151184,2
D.Hopkins,2023,13,18.9,12.672727272727274,0.24156853556632996,12.914295808293604,2
J.Jennings,2023,13,13.4,3.733333333333333,1.603564739227295,5.336898072560627,2
B.Robinson,2023,13,16.200000000000003,27.416666666666668,-2.208160400390625,25.208506266276043,1
C.Rodriguez,2023,13,2.9000000000000004,2.4,1.0185543298721313,3.4185543298721313,1
J.Conner,2023,13,22.5,10.275,2.449965000152588,12.724965000152588,1
A.Gibson,2023,13,11.2,7.754545454545454,-0.12076768279075623,7.633777771754698,2
C.Samuel,2023,13,10.5,10.11818181818182,-0.2432088404893875,9.874972977692433,2
R.Moore,2023,13,1.6,6.75,0.6065783500671387,7.356578350067139,2
M.Brown,2023,13,0.0,11.225,-0.5828552842140198,10.64214471578598,2
Bre.Hall,2023,13,10.5,13.71818181818182,1.4197242259979248,15.137906044179745,1
D.Cook,2023,13,3.6,2.981818181818181,1.2954047918319702,4.277222973650151,1
M.Sanders,2023,13,3.9,6.5200000000000005,2.0985970497131348,8.618597049713134,1
C.Hubbard,2023,13,22.4,9.254545454545456,1.660408616065979,10.914954070611435,1
T.Allgeier,2023,13,2.6,7.9,1.342670202255249,9.24267020225525,1
J.Mixon,2023,13,29.700000000000003,13.481818181818182,-0.5852593183517456,12.896558863466437,1
J.Ford,2023,13,14.2,12.554545454545456,0.4376787543296814,12.992224208875138,1
E.Moore,2023,13,12.3,7.990909090909091,0.8767536878585815,8.867662778767674,2
T.Pollard,2023,13,17.3,13.927272727272726,-0.013963133096694946,13.913309594176031,1
R.Dowdle,2023,13,3.2,5.409090909090909,1.025449275970459,6.434540185061368,1
K.Turpin,2023,13,2.0,6.65,-0.3772934079170227,6.272706592082978,2
D.Montgomery,2023,13,12.5,16.95,-5.132454872131348,11.817545127868652,1
C.Edwards-Helaire,2023,13,2.4000000000000004,2.9,2.34421706199646,5.24421706199646,1
J.Gibbs,2023,13,6.4,17.266666666666666,1.1376656293869019,18.404332296053568,1
I.Pacheco,2023,13,21.3,13.863636363636363,-0.5335133671760559,13.330122996460307,1
S.Moore,2023,13,1.5,4.745454545454546,1.6864173412322998,6.431871886686846,2
R.Rice,2023,13,14.4,11.490909090909092,0.9925670027732849,12.483476093682377,2
J.Reed,2023,13,5.6,11.981818181818182,-1.0322816371917725,10.94953654462641,2
A.Dillon,2023,13,9.7,8.018181818181818,3.010146379470825,11.028328197652643,1
P.Taylor,2023,13,2.9000000000000004,2.68,1.3648582696914673,4.044858269691467,1
D.Pierce,2023,13,10.1,7.362500000000001,2.4441041946411133,9.806604194641114,1
N.Brown,2023,13,0.0,14.160000000000002,-2.239229679107666,11.920770320892336,2
T.Etienne,2023,13,17.9,17.436363636363637,-0.6923530697822571,16.74401056658138,1
D.Johnson,2023,13,15.2,9.20909090909091,0.44782522320747375,9.656916132298385,2
K.Williams,2023,13,20.200000000000003,21.32857142857143,-4.723957061767578,16.60461436680385,1
Z.Charbonnet,2023,13,16.9,6.409999999999999,1.7488198280334473,8.158819828033447,1
J.Williams,2023,13,22.6,14.483333333333334,-0.2038220912218094,14.279511242111525,1
S.Perine,2023,13,2.6,7.818181818181818,1.0422766208648682,8.860458439046687,2
A.Ekeler,2023,13,4.7,15.375,-1.6739782094955444,13.701021790504456,1
J.Kelley,2023,13,4.5,4.972727272727273,2.4269556999206543,7.399682972647927,1
G.Everett,2023,13,8.4,7.155555555555556,-0.0172219630330801,7.138333592522476,2
R.Mostert,2023,13,12.1,18.39090909090909,-2.7972309589385986,15.593678131970492,1
R.Stevenson,2023,13,2.9000000000000004,12.981818181818182,-0.04392110928893089,12.937897072529251,1
T.Montgomery,2023,13,0.2,1.4,1.4586760997772217,2.8586760997772216,-1
E.Elliott,2023,13,13.2,7.1909090909090905,1.5640864372253418,8.754995528134433,1
B.Scott,2023,13,3.9,2.033333333333333,1.4822946786880493,3.5156280120213825,1
D.Swift,2023,13,4.0,14.463636363636365,-1.8497170209884644,12.6139193426479,1
C.McCaffrey,2023,13,22.3,24.8,0.045755188912153244,24.845755188912154,1
N.Harris,2023,13,9.7,10.4,0.0644180178642273,10.464418017864228,1
E.Mitchell,2023,13,1.3,2.1875,1.7524603605270386,3.9399603605270386,1
J.Warren,2023,13,6.5,11.990909090909092,1.8010783195495605,13.791987410458653,1
R.White,2023,13,19.6,14.845454545454546,-0.6047462224960327,14.240708322958513,1
C.Edmonds,2023,13,1.9,1.742857142857143,1.1430784463882446,2.8859355892453875,1
T.Spears,2023,13,12.8,7.118181818181819,1.017913579940796,8.136095398122615,1
C.Brown,2023,13,6.1000000000000005,1.0750000000000002,1.2349811792373657,2.309981179237366,-1
D.Thompkins,2023,13,2.1,3.85,0.1749829649925232,4.024982964992523,2
P.Strong,2023,13,2.0,4.014285714285714,1.040553092956543,5.054838807242257,1
C.Austin,2023,13,2.0,4.2,-0.32156887650489807,3.878431123495102,2
Z.Moss,2023,13,7.700000000000001,13.7,-2.431880235671997,11.268119764328002,1
A.Beck,2023,13,1.5,1.6166666666666665,1.1583768129348755,2.7750434796015417,-1
J.Waddle,2023,13,10.2,14.010000000000002,0.04012883082032204,14.050128830820324,2
K.Raymond,2023,13,0.9,6.818181818181818,1.1005992889404297,7.918781107122248,2
P.Nacua,2023,13,23.9,16.772727272727273,-1.2683262825012207,15.504400990226053,2
B.Skowronek,2023,13,3.2,2.0142857142857147,0.16915421187877655,2.1834399261644912,-1
M.Mims,2023,13,2.3,5.0200000000000005,0.16483080387115479,5.184830803871155,2
J.McLaughlin,2023,13,4.1,6.672727272727273,-0.14512117207050323,6.52760610065677,1
M.Burton,2023,13,0.4,0.72,1.077432632446289,1.797432632446289,-1
K.Pitts,2023,13,9.1,7.881818181818182,0.9856106638908386,8.867428845709021,2
C.Lamb,2023,13,32.6,21.09090909090909,-1.9554939270019531,19.135415163907137,2
A.Ingold,2023,13,0.7,2.65,1.4055660963058472,4.0555660963058475,2
T.Sermon,2023,13,0.0,1.2666666666666668,0.9582385420799255,2.224905208746592,-1
J.Mason,2023,13,1.0,6.5,0.0829768255352974,6.582976825535297,1
K.Hunt,2023,13,5.800000000000001,8.833333333333334,-0.3649234175682068,8.468409915765127,1
H.Bryant,2023,13,15.9,1.8888888888888888,-0.19764135777950287,1.691247531109386,-1
X.Gipson,2023,13,12.8,2.657142857142857,1.3511157035827637,4.00825856072562,2
A.Thielen,2023,13,5.5,16.036363636363635,-1.0570576190948486,14.979306017268787,2
A.Kamara,2023,13,28.9,19.9,0.1686183363199234,20.068618336319922,1
L.Thomas,2023,13,2.0,9.236363636363636,-0.8513616323471069,8.38500200401653,2
G.Pickens,2023,13,12.6,11.427272727272728,-0.3810366094112396,11.046236117861488,2
B.Cooks,2023,13,16.5,10.45,0.5964291095733643,11.046429109573364,2
C.Watson,2023,13,27.6,9.2125,0.10213962197303772,9.314639621973038,2
K.Hodge,2023,13,0.0,4.414285714285715,0.8379289507865906,5.252214665072305,2
C.Ridley,2023,13,7.300000000000001,13.463636363636365,-0.9514495730400085,12.512186790596356,2
R.Blackshear,2023,13,0.6000000000000001,3.0250000000000004,0.8705036044120789,3.895503604412079,2
N.Gray,2023,13,7.2,4.618181818181818,1.3969125747680664,6.015094392949885,2
C.Patterson,2023,13,2.7,2.742857142857144,1.0085769891738892,3.7514341320310334,1
G.Kittle,2023,13,10.8,12.990909090909092,1.9471344947814941,14.938043585690586,2
C.Okonkwo,2023,13,9.4,5.227272727272728,1.178475022315979,6.405747749588707,2
J.Bobo,2023,13,1.9,5.388888888888889,-0.5104832053184509,4.878405683570438,2
J.Wilson,2023,13,1.1,6.05,1.237979531288147,7.287979531288147,1
Q.Johnston,2023,13,10.2,4.2,1.121431589126587,5.321431589126587,2
C.Tillman,2023,13,4.0,2.8600000000000003,1.0372611284255981,3.8972611284255985,2
T.Palmer,2023,13,4.5,5.481818181818182,0.25863131880760193,5.740449500625784,2
C.Moore,2023,13,2.2,4.877777777777777,0.9467669725418091,5.824544750319586,2
T.Thornton,2023,13,3.9,2.175,1.1557841300964355,3.3307841300964354,-1
L.Bowden,2023,13,0.8999999999999999,2.066666666666667,1.350631833076477,3.417298499743144,1
K.Granson,2023,13,10.4,4.5,-0.12525668740272522,4.374743312597275,2
S.LaPorta,2023,13,29.0,12.990909090909092,-1.0855978727340698,11.905311218175022,2
G.Dortch,2023,13,2.9000000000000004,6.625,-0.819186806678772,5.805813193321228,2
D.Robinson,2023,13,15.5,3.4,0.9187344312667847,4.318734431266785,2
C.Kupp,2023,13,15.9,10.614285714285716,-0.12155283242464066,10.492732881861075,2
T.Conklin,2023,13,6.5,7.309090909090909,1.5375856161117554,8.846676525202664,2
N.Collins,2023,13,34.1,16.0,-2.554413080215454,13.445586919784546,2
J.Metchie,2023,13,1.9,2.9875,1.06112802028656,4.04862802028656,2
J.Reagor,2023,13,2.1,1.4,1.2748656272888184,2.6748656272888183,-1
T.Kelce,2023,13,12.1,17.119999999999997,-0.068142369389534,17.051857630610463,2
J.Dotson,2023,13,4.300000000000001,9.125,-0.8600934147834778,8.264906585216522,2
T.McLaurin,2023,13,0.0,11.783333333333331,-0.8545611500740051,10.928772183259326,2
C.Turner,2023,13,1.2,3.633333333333333,0.8185651302337646,4.4518984635670975,2
T.McBride,2023,13,22.9,8.841666666666667,0.9285340905189514,9.770200757185618,2
A.Lazard,2023,13,0.0,5.5,0.6520694494247437,6.152069449424744,2
J.Mingo,2023,13,12.9,5.66,1.044594168663025,6.704594168663025,2
T.Higgins,2023,13,6.6,10.257142857142858,-0.8902811408042908,9.366861716338567,2
A.Cooper,2023,13,6.4,12.318181818181818,0.14979369938373566,12.467975517565554,2
D.Njoku,2023,13,3.7,10.018181818181818,0.22773605585098267,10.2459178740328,2
Dav.Bell,2023,13,3.2,1.825,1.090632677078247,2.9156326770782472,-1
J.Akins,2023,13,1.6,1.5,1.1658298969268799,2.66582989692688,-1
J.Ferguson,2023,13,19.7,9.645454545454545,-0.0953838974237442,9.5500706480308,2
M.Gallup,2023,13,0.0,6.336363636363637,1.1833888292312622,7.519752465594899,2
J.Tolbert,2023,13,2.7,5.0375,0.9073649644851685,5.944864964485168,2
J.Reynolds,2023,13,2.2,9.28,-0.03958495706319809,9.240415042936801,2
M.Valdes-Scantling,2023,13,4.5,3.9818181818181815,1.6822807788848877,5.664098960703069,2
B.Wright,2023,13,1.8,3.95,0.4358479976654053,4.3858479976654055,2
M.Heath,2023,13,2.5,1.7166666666666668,1.556274652481079,3.272941319147746,-1
J.Downs,2023,13,4.4,10.6,-0.04456901177763939,10.55543098822236,2
A.Ogletree,2023,13,0.0,5.1000000000000005,-1.047156572341919,4.052843427658082,2
Z.Jones,2023,13,12.8,7.159999999999999,-0.3324742317199707,6.8275257682800286,2
E.Engram,2023,13,23.200000000000003,10.4,0.655614972114563,11.055614972114563,2
M.Pittman,2023,13,27.5,15.854545454545455,-3.446180582046509,12.408364872498947,2
A.Pierce,2023,13,19.0,4.6454545454545455,0.8375059366226196,5.482960482077165,2
T.Lockett,2023,13,9.7,12.5,-1.0277210474014282,11.472278952598572,2
D.Metcalf,2023,13,37.4,12.88,-0.8526280522346497,12.027371947765351,2
T.Higbee,2023,13,5.5,7.0181818181818185,0.2599494159221649,7.278131234103983,2
J.Smith-Njigba,2023,13,13.2,8.236363636363636,0.21869288384914398,8.45505652021278,2
W.Dissly,2023,13,0.0,2.9714285714285715,0.9305059909820557,3.901934562410627,2
A.Trautman,2023,13,1.6,4.05,-0.31526246666908264,3.734737533330917,2
L.Humphrey,2023,13,2.2,2.8833333333333333,-0.16548611223697662,2.7178472210963567,-1
C.Sutton,2023,13,15.7,13.272727272727272,-2.732398509979248,10.540328762748024,2
R.Cracraft,2023,13,3.6,6.900000000000001,-0.45088115334510803,6.449118846654893,2
D.Parham,2023,13,3.2,6.090000000000001,-0.00111366156488657,6.088886338435114,2
H.Henry,2023,13,3.5,7.779999999999999,-0.22131295502185822,7.558687044978141,2
A.Brown,2023,13,19.4,20.0,-1.1176964044570923,18.882303595542908,2
D.Smith,2023,13,24.6,14.52727272727273,-0.6679918169975281,13.859280910275201,2
J.Smith-Schuster,2023,13,2.1,5.1,0.2611886262893677,5.361188626289367,2
B.Aiyuk,2023,13,15.6,16.310000000000002,0.25668865442276,16.566688654422762,2
A.Robinson,2023,13,4.9,4.15,0.9863874912261963,5.136387491226197,2
P.Freiermuth,2023,13,5.9,8.0,-0.5118215084075928,7.488178491592407,2
M.Evans,2023,13,29.2,17.545454545454547,-4.274931907653809,13.270522637800738,2
N.Westbrook-Ikhine,2023,13,3.8,7.01,-0.40836596488952637,6.601634035110473,2
J.Johnson,2023,13,0.0,5.457142857142857,0.1177857294678688,5.574928586610726,2
C.Olave,2023,13,16.9,14.372727272727277,-1.208711862564087,13.16401541016319,2
W.Mallory,2023,13,2.4,2.5166666666666666,0.8519889116287231,3.3686555782953898,2
B.Jordan,2023,13,9.4,4.5,-0.566012442111969,3.933987557888031,2
S.Smartt,2023,13,0.0,2.4285714285714284,0.49012938141822815,2.9187008099896565,2
D.Parker,2023,13,10.4,4.75,1.1490193605422974,5.899019360542297,2
F.Moreau,2023,13,4.800000000000001,5.7,-0.4216676652431488,5.278332334756851,2
D.Chark,2023,13,8.600000000000001,8.0375,-0.5953714847564697,7.44212851524353,2
L.Schoonmaker,2023,13,2.2,2.5444444444444443,0.8121599555015564,3.3566043999460007,-1
N.Fant,2023,13,7.3,4.51,1.0245134830474854,5.534513483047485,2
J.Bates,2023,13,0.0,3.1222222222222222,0.6812362670898438,3.803458489312066,2
J.Jeudy,2023,13,8.100000000000001,8.7,-0.028844939544796944,8.671155060455202,2
M.Pruitt,2023,13,9.0,1.6800000000000002,1.2498650550842285,2.9298650550842287,-1
I.Thomas,2023,13,1.6,1.875,1.0643506050109863,2.9393506050109863,2
L.Farrell,2023,13,1.9,3.516666666666667,1.081277847290039,4.597944513956707,2
M.Wilcox,2023,13,2.2,1.45,1.2976891994476318,2.747689199447632,-1
D.Sample,2023,13,2.1,3.9,-0.6439780592918396,3.2560219407081603,2
G.Swaim,2023,13,3.0,2.56,0.9200131893157959,3.480013189315796,2
J.Whyle,2023,13,2.6,3.1142857142857143,0.03166964277625084,3.145955357061965,2
T.Irwin,2023,13,3.5,7.433333333333334,0.01703650690615177,7.450369840239485,2
T.Kraft,2023,13,6.7,4.7,0.18045520782470703,4.880455207824707,2
J.Ruckert,2023,13,2.2,2.657142857142857,1.2711281776428223,3.9282710347856793,2
B.Sims,2023,13,7.1,1.1333333333333335,1.7969660758972168,2.9302994092305505,-1
E.Higgins,2023,13,3.1,1.4500000000000002,1.0897495746612549,2.539749574661255,-1
S.Sullivan,2023,13,2.6,3.6,0.8913363218307495,4.491336321830749,2
J.Guyton,2023,13,1.5,5.166666666666667,-0.39566585421562195,4.771000812451045,2
J.Allen,2023,14,20.52,23.896666666666665,-1.2173850536346436,22.67928161303202,0
Z.Wilson,2023,14,19.24,10.166,1.753045916557312,11.919045916557312,0
D.Ridder,2023,14,25.380000000000003,11.77818181818182,0.05506712570786476,11.833248943889684,0
B.Young,2023,14,7.48,10.20909090909091,1.397417426109314,11.606508335200225,0
J.Browning,2023,14,23.7,12.315,1.8589532375335693,14.173953237533569,0
D.Prescott,2023,14,17.939999999999998,21.23,2.047807455062866,23.277807455062867,0
J.Goff,2023,14,4.44,17.301666666666666,-0.2845149636268616,17.017151703039804,0
P.Mahomes,2023,14,13.64,18.506666666666664,1.0894004106521606,19.596067077318825,0
J.Fields,2023,14,24.72,17.185000000000002,0.8617263436317444,18.046726343631747,0
J.Love,2023,14,8.92,18.47833333333333,-0.6881695985794067,17.790163734753925,0
L.Jackson,2023,14,31.64,18.51,0.3195803761482239,18.829580376148225,0
C.Stroud,2023,14,3.64,19.825,-2.7966508865356445,17.028349113464355,0
T.Lawrence,2023,14,17.38,16.913333333333334,-0.33042898774147034,16.582904345591864,0
G.Minshew,2023,14,14.1,11.86909090909091,1.491966724395752,13.361057633486661,0
M.Stafford,2023,14,23.66,15.238181818181818,0.2227778434753418,15.46095966165716,0
R.Wilson,2023,14,15.46,16.7,0.9358202219009399,17.63582022190094,0
T.Tagovailoa,2023,14,9.1,17.523333333333333,-1.7685309648513794,15.754802368481954,0
J.Herbert,2023,14,1.84,19.36,-0.042380332946777344,19.317619667053222,0
J.Hurts,2023,14,8.879999999999999,23.566666666666663,0.029952900484204292,23.596619567150867,0
B.Purdy,2023,14,21.42,19.041666666666668,0.9354413747787476,19.977108041445415,0
B.Mayfield,2023,14,20.06,15.225,1.0348601341247559,16.259860134124757,0
D.Carr,2023,14,10.76,11.861666666666666,1.1608333587646484,13.022500025431315,0
T.Hill,2023,14,10.1,33.152307692307694,-3.5394089221954346,29.61289877011226,2
K.Allen,2023,14,12.8,22.096666666666664,-4.08335542678833,18.013311239878334,2
D.Thompson-Robinson,2023,14,0.5,4.915,1.5859724283218384,6.500972428321838,0
D.Henry,2023,14,18.1,14.723333333333334,-0.5504869818687439,14.17284635146459,1
A.O'Connell,2023,14,5.04,9.11,1.0981082916259766,10.208108291625976,0
B.Zappe,2023,14,20.9,1.912,1.6374807357788086,3.5494807357788085,0
D.Singletary,2023,14,12.5,8.286666666666667,2.56390118598938,10.850567852656047,1
M.Trubisky,2023,14,20.6,5.073333333333333,1.2582210302352905,6.331554363568624,0
C.Godwin,2023,14,10.3,10.908333333333331,1.4307202100753784,12.33905354340871,2
J.Jacobs,2023,14,7.0,14.508333333333336,-0.17783565819263458,14.330497675140702,1
D.London,2023,14,29.2,10.561818181818182,1.0629703998565674,11.62478858167475,2
K.Toney,2023,14,7.1,3.945454545454545,1.1510566473007202,5.0965111927552655,2
D.Wicks,2023,14,4.0,5.914545454545455,1.7232739925384521,7.637819447083907,2
C.Wilson,2023,14,5.0,6.8500000000000005,-0.7436096668243408,6.10639033317566,2
J.Smith,2023,14,6.7,9.03,0.21044322848320007,9.2404432284832,2
W.Levis,2023,14,16.58,12.056666666666668,0.5747562646865845,12.631422931353253,0
T.Atwell,2023,14,0.0,9.008333333333333,-0.2435149997472763,8.764818333586057,2
A.St. Brown,2023,14,5.1,20.318181818181817,-2.168598175048828,18.14958364313299,2
T.DeVito,2023,14,17.42,12.436000000000002,0.772088885307312,13.208088885307314,0
D.Bellinger,2023,14,3.5,3.055555555555556,1.0793052911758423,4.134860846731398,2
G.Wilson,2023,14,20.1,13.008333333333333,-0.08691892772912979,12.921414405604203,2
R.Doubs,2023,14,7.2,11.458333333333334,-1.4101052284240723,10.048228104909262,2
J.Meyers,2023,14,7.5,14.090909090909092,-1.1594778299331665,12.931431260975925,2
D.Samuel,2023,14,34.0,15.5,-2.7572669982910156,12.742733001708984,2
J.Chase,2023,14,5.9,19.451666666666668,-3.2135016918182373,16.23816497484843,2
T.Boyd,2023,14,4.300000000000001,9.666666666666666,0.13559819757938385,9.80226486424605,2
Co.Heyward,2023,14,3.5,3.755555555555555,0.9315255284309387,4.687081083986493,2
J.McKinnon,2023,14,12.7,5.55,0.26188138127326965,5.8118813812732695,2
T.Hudson,2023,14,10.1,6.971428571428571,1.004335641860962,7.975764213289533,2
J.Jefferson,2023,14,4.7,21.82,-5.068999290466309,16.75100070953369,2
K.Gainwell,2023,14,2.8000000000000003,6.245454545454546,1.4161098003387451,7.661564345793291,1
D.Achane,2023,14,12.1,21.416666666666668,-7.026811122894287,14.38985554377238,1
D.Hopkins,2023,14,25.4,13.191666666666668,0.3271408975124359,13.518807564179104,2
J.Jennings,2023,14,0.0,4.7,0.808805525302887,5.508805525302887,2
B.Robinson,2023,14,19.8,26.553846153846152,-2.305823564529419,24.248022589316733,1
J.Cook,2023,14,25.1,12.741666666666667,2.372889995574951,15.114556662241618,1
Bre.Hall,2023,14,26.6,13.45,1.3863530158996582,14.836353015899657,1
D.Cook,2023,14,1.8,3.0333333333333337,1.1945269107818604,4.227860244115194,1
D.Harty,2023,14,3.5,3.03,0.6304060816764832,3.660406081676483,2
L.Murray,2023,14,4.0,5.983333333333333,0.8551048040390015,6.838438137372335,1
M.Sanders,2023,14,7.4,6.281818181818181,2.198758363723755,8.480576545541936,1
C.Hubbard,2023,14,11.6,10.35,0.4927270710468292,10.842727071046829,1
T.Allgeier,2023,14,4.0,7.458333333333333,1.2471849918365479,8.70551832516988,1
J.Mixon,2023,14,21.5,14.833333333333334,1.732059121131897,16.565392454465233,1
J.Ford,2023,14,13.2,12.691666666666668,0.07782667875289917,12.769493345419567,1
T.Williams,2023,14,0.9,1.1800000000000002,1.0965023040771484,2.2765023040771486,-1
E.Moore,2023,14,7.2,8.35,1.503952145576477,9.853952145576477,2
S.Barkley,2023,14,23.1,15.833333333333334,-0.28326964378356934,15.550063689549765,1
M.Breida,2023,14,1.6,3.325,1.2153775691986084,4.540377569198609,1
T.Pollard,2023,14,16.6,14.208333333333334,-0.3860667049884796,13.822266628344854,1
R.Dowdle,2023,14,12.2,5.2250000000000005,1.2663872241973877,6.491387224197388,1
K.Turpin,2023,14,2.2,6.133333333333334,0.38943514227867126,6.522768475612005,2
D.Montgomery,2023,14,11.5,16.45555555555556,-3.9136428833007812,12.541912672254778,1
C.Edwards-Helaire,2023,14,8.8,2.8545454545454545,1.8256497383117676,4.680195192857222,1
J.Gibbs,2023,14,17.200000000000003,16.18,0.6955863237380981,16.875586323738098,1
S.Moore,2023,14,0.0,4.4750000000000005,1.4044870138168335,5.879487013816834,2
R.Rice,2023,14,18.2,11.733333333333334,0.5615171790122986,12.294850512345633,2
K.Herbert,2023,14,0.8,9.05714285714286,0.38548603653907776,9.442628893681938,1
C.Kmet,2023,14,11.6,12.21818181818182,-0.29247722029685974,11.92570459788496,2
J.Reed,2023,14,20.5,11.45,0.08575865626335144,11.53575865626335,2
A.Dillon,2023,14,9.8,8.158333333333333,3.4233474731445312,11.581680806477864,1
D.Foreman,2023,14,9.2,11.8,-1.7410136461257935,10.058986353874207,1
R.Johnson,2023,14,0.6000000000000001,6.630000000000001,1.0842578411102295,7.71425784111023,1
P.Taylor,2023,14,7.2,2.716666666666667,1.5657544136047363,4.282421080271403,1
D.Pierce,2023,14,1.7,7.666666666666667,1.9282317161560059,9.594898382822674,1
J.Hill,2023,14,2.2,5.6923076923076925,0.33912330865859985,6.031431000966292,1
Z.Flowers,2023,14,20.0,11.908333333333331,0.21978650987148285,12.128119843204814,2
N.Brown,2023,14,0.0,11.800000000000002,-0.4100790023803711,11.389920997619631,2
G.Edwards,2023,14,1.5,12.0,0.04455680027604103,12.044556800276041,1
T.Etienne,2023,14,17.2,17.475,-1.501532793045044,15.973467206954957,1
D.Johnson,2023,14,19.5,9.708333333333334,-0.06904401630163193,9.639289317031702,2
K.Walker,2023,14,9.4,13.760000000000002,-2.798696994781494,10.961303005218507,1
K.Williams,2023,14,14.3,21.1875,-5.567681789398193,15.619818210601807,1
Z.Charbonnet,2023,14,5.800000000000001,7.363636363636363,2.3792622089385986,9.742898572574962,1
J.Williams,2023,14,22.8,15.107692307692307,1.9158896207809448,17.023581928473252,1
S.Perine,2023,14,9.4,7.383333333333334,1.259582757949829,8.642916091283162,2
Z.White,2023,14,0.8,1.55,1.0362275838851929,2.5862275838851927,1
A.Ekeler,2023,14,21.0,14.18888888888889,-0.3278730511665344,13.861015837722356,1
J.Kelley,2023,14,0.6000000000000001,4.933333333333334,2.6592857837677,7.592619117101034,1
G.Everett,2023,14,8.9,7.279999999999999,-0.028411542996764183,7.251588457003235,2
R.Mostert,2023,14,23.0,17.866666666666667,-4.2571306228637695,13.609536043802898,1
T.Montgomery,2023,14,2.7,1.2,1.0993084907531738,2.299308490753174,-1
E.Elliott,2023,14,27.0,7.691666666666667,1.7263879776000977,9.418054644266764,1
B.Scott,2023,14,0.9,2.3000000000000003,1.7638076543807983,4.063807654380799,1
D.Swift,2023,14,3.9,13.591666666666669,-0.26736339926719666,13.324303267399472,1
C.McCaffrey,2023,14,16.3,24.59166666666667,0.21841830015182495,24.810084966818494,1
N.Harris,2023,14,7.800000000000001,10.341666666666669,-1.3764550685882568,8.965211598078412,1
J.Warren,2023,14,8.0,11.533333333333331,1.7610208988189697,13.294354232152301,1
A.Mattison,2023,14,6.6000000000000005,9.816666666666668,1.323970913887024,11.140637580553692,1
R.White,2023,14,21.5,15.241666666666667,-0.8387996554374695,14.402867011229198,1
T.Chandler,2023,14,7.2,5.1375,0.9434624314308167,6.080962431430817,1
C.Edmonds,2023,14,7.8,1.7625,1.3680419921875,3.1305419921875,1
T.Burks,2023,14,1.6,4.32,0.8384963274002075,5.158496327400208,2
T.Spears,2023,14,17.8,7.591666666666666,1.2016011476516724,8.793267814318337,1
C.Brown,2023,14,19.5,2.08,1.0877448320388794,3.1677448320388795,1
V.Jones,2023,14,2.1,1.0166666666666666,1.1367326974868774,2.153399364153544,-1
C.Austin,2023,14,1.2000000000000002,4.0,0.10335937142372131,4.103359371423721,2
Z.Moss,2023,14,9.6,13.154545454545454,-1.8090459108352661,11.345499543710188,1
A.Beck,2023,14,3.6,1.6,1.343745470046997,2.943745470046997,-1
I.Spiller,2023,14,1.9,1.54,1.356170654296875,2.896170654296875,-1
T.Tucker,2023,14,0.0,3.8,0.8405585885047913,4.640558588504791,2
J.Waddle,2023,14,13.9,13.663636363636364,-0.9494075775146484,12.714228786121716,2
K.Raymond,2023,14,4.5,6.325,1.1402339935302734,7.465233993530274,2
P.Nacua,2023,14,14.0,17.366666666666667,-0.47524702548980713,16.89141964117686,2
M.Mims,2023,14,3.1,4.7727272727272725,0.7057467699050903,5.478474042632363,2
J.McLaughlin,2023,14,4.2,6.458333333333333,0.09937447309494019,6.557707806428273,1
M.Burton,2023,14,1.3,0.6666666666666666,1.2317038774490356,1.8983705441157022,-1
K.Pitts,2023,14,14.7,7.983333333333334,1.199138879776001,9.182472213109335,2
G.Davis,2023,14,0.0,12.20909090909091,-2.079576015472412,10.129514893618499,2
C.Lamb,2023,14,19.1,22.05,1.3483864068984985,23.3983864068985,2
A.Ingold,2023,14,2.3,2.3714285714285714,1.2915384769439697,3.662967048372541,2
T.Sermon,2023,14,1.3,0.95,1.442433476448059,2.3924334764480593,-1
N.Bawden,2023,14,0.3,3.1333333333333333,0.7278300523757935,3.8611633857091268,-1
J.Mason,2023,14,9.6,5.4,0.23439301550388336,5.634393015503884,1
K.Hunt,2023,14,10.0,8.53,-0.37041571736335754,8.159584282636642,1
T.Scott,2023,14,2.1,2.2777777777777777,0.9047260284423828,3.1825038062201605,2
X.Gipson,2023,14,8.2,3.925,1.238943338394165,5.163943338394165,2
B.Berrios,2023,14,3.3,5.166666666666667,0.18813259899616241,5.354799265662829,2
A.Thielen,2023,14,12.4,15.158333333333331,-0.15621933341026306,15.002113999923068,2
W.Robinson,2023,14,17.5,7.12,0.35626962780952454,7.476269627809525,2
A.Kamara,2023,14,13.5,20.9,-1.4152958393096924,19.484704160690306,1
G.Pickens,2023,14,6.9,11.525,-0.21589908003807068,11.30910091996193,2
K.Blasingame,2023,14,0.7,1.02,1.1463370323181152,2.1663370323181153,-1
B.Cooks,2023,14,5.7,11.0,1.7391271591186523,12.739127159118652,2
A.Abdullah,2023,14,3.9,2.136363636363636,0.8972702026367188,3.0336338390003545,2
K.Hodge,2023,14,2.8,3.8625,0.9550957679748535,4.817595767974853,2
C.Ridley,2023,14,9.3,12.95,-0.571281909942627,12.378718090057372,2
B.Powell,2023,14,0.0,6.622222222222223,0.48587140440940857,7.108093626631631,2
R.Blackshear,2023,14,1.8,2.54,1.0278910398483276,3.5678910398483277,1
X.Hutchinson,2023,14,3.5,1.7833333333333332,1.2285178899765015,3.0118512233098347,1
C.Patterson,2023,14,0.7000000000000001,2.7375,1.1890610456466675,3.9265610456466673,1
D.Mooney,2023,14,6.4,6.054545454545454,0.6111959218978882,6.665741376443342,2
R.Freeman,2023,14,0.9,6.866666666666667,0.13345393538475037,7.0001206020514175,1
G.Kittle,2023,14,16.6,12.808333333333332,0.6529642343521118,13.461297567685444,2
C.Okonkwo,2023,14,9.6,5.575,1.2416212558746338,6.816621255874634,2
R.Bateman,2023,14,4.4,4.854545454545455,0.49611175060272217,5.3506572051481776,2
J.Addison,2023,14,4.7,13.733333333333334,-1.4434731006622314,12.289860232671103,2
Q.Johnston,2023,14,12.1,4.7,1.1224644184112549,5.822464418411255,2
K.Mitchell,2023,14,7.2,10.38,-0.4961501955986023,9.883849804401398,1
D.Moore,2023,14,28.9,17.033333333333335,-0.8584669828414917,16.174866350491843,2
T.Johnson,2023,14,4.1,5.633333333333333,-0.8653780221939087,4.767955311139424,2
C.Tillman,2023,14,4.300000000000001,3.0500000000000003,1.315904974937439,4.36590497493744,2
T.Palmer,2023,14,1.8,5.4,0.5521265864372253,5.952126586437226,2
C.Moore,2023,14,3.2,4.61,0.9088742136955261,5.518874213695526,2
T.Thornton,2023,14,4.7,2.5200000000000005,1.0504621267318726,3.570462126731873,1
L.Bowden,2023,14,6.4,1.775,1.0858161449432373,2.860816144943237,1
K.Granson,2023,14,3.7,5.090000000000001,0.41663992404937744,5.506639924049378,2
S.LaPorta,2023,14,4.7,14.325,-0.36940187215805054,13.955598127841949,2
C.Ham,2023,14,0.7000000000000001,1.975,1.3946638107299805,3.3696638107299806,-1
D.Goedert,2023,14,7.0,10.11111111111111,0.9705309867858887,11.081642097897,2
D.Robinson,2023,14,13.6,6.425000000000001,-0.8092727065086365,5.615727293491364,2
R.Woods,2023,14,0.8,7.622222222222222,0.563058078289032,8.185280300511254,2
C.Kupp,2023,14,25.5,11.275,-0.5393246412277222,10.735675358772278,2
T.Conklin,2023,14,9.7,7.241666666666667,1.541237711906433,8.7829043785731,2
S.Diggs,2023,14,6.4,18.991666666666667,-3.4724409580230713,15.519225708643596,2
K.Shakir,2023,14,2.2,7.090909090909091,0.336079478263855,7.426988569172946,2
N.Collins,2023,14,2.3,17.645454545454548,-4.603537082672119,13.041917462782429,2
J.Metchie,2023,14,1.6,2.8666666666666667,1.119483232498169,3.9861498991648356,2
J.Reagor,2023,14,0.0,1.5750000000000002,1.0761862993240356,2.651186299324036,-1
T.Kelce,2023,14,14.3,16.663636363636364,-0.2250470370054245,16.43858932663094,2
D.Knox,2023,14,6.6,4.742857142857143,0.7270060181617737,5.469863161018917,2
D.Kincaid,2023,14,7.1,10.30909090909091,0.8948066234588623,11.203897532549773,2
R.Cobb,2023,14,8.5,1.1666666666666667,1.4871342182159424,2.6538008848826093,-1
M.Hollins,2023,14,1.4,5.2125,1.1144969463348389,6.326996946334839,2
J.Mingo,2023,14,4.2,6.318181818181818,1.2994381189346313,7.61761993711645,2
T.Higgins,2023,14,9.2,9.8,-0.11322131752967834,9.686778682470322,2
A.Cooper,2023,14,12.7,11.825,0.7891075611114502,12.61410756111145,2
D.Njoku,2023,14,27.1,9.491666666666667,0.7070066332817078,10.198673299948375,2
Dav.Bell,2023,14,11.1,2.1,1.3054676055908203,3.4054676055908204,-1
J.Akins,2023,14,1.3,1.5125000000000002,1.3765645027160645,2.8890645027160646,-1
D.Slayton,2023,14,3.4000000000000004,6.791666666666667,0.8833962678909302,7.675062934557597,2
J.Ferguson,2023,14,12.2,10.483333333333334,-0.031154196709394455,10.45217913662394,2
I.Hodgins,2023,14,10.2,4.04,-0.019463814795017242,4.020536185204983,2
M.Gallup,2023,14,13.8,5.808333333333334,1.5403138399124146,7.348647173245748,2
J.Hyatt,2023,14,3.3,5.555555555555555,1.170295000076294,6.725850555631849,2
J.Tolbert,2023,14,0.0,4.777777777777778,1.006582498550415,5.784360276328193,2
J.Reynolds,2023,14,13.4,8.636363636363637,0.20015700161457062,8.836520637978207,2
Ju.Watson,2023,14,2.8,6.32,0.4801366925239563,6.800136692523957,2
M.Valdes-Scantling,2023,14,4.2,4.025,1.4071043729782104,5.432104372978211,2
B.Wright,2023,14,2.6,3.642857142857143,0.1672118902206421,3.810069033077785,2
R.James,2023,14,1.4,1.2666666666666666,1.6760441064834595,2.942710773150126,-1
M.Heath,2023,14,7.6,1.8285714285714287,1.7317391633987427,3.5603105919701714,-1
S.Toure,2023,14,4.2,2.64,1.5866613388061523,4.226661338806153,2
I.Likely,2023,14,19.3,3.2375,0.912794291973114,4.150294291973114,2
O.Beckham,2023,14,19.700000000000003,7.780000000000001,-0.21826252341270447,7.561737476587297,2
J.Downs,2023,14,6.2,10.083333333333334,0.5153961181640625,10.598729451497396,2
A.Ogletree,2023,14,0.0,4.4625,-0.43370261788368225,4.028797382116318,2
Z.Jones,2023,14,7.9,8.1,-0.3646506071090698,7.73534939289093,2
E.Engram,2023,14,32.5,11.466666666666669,0.6199486255645752,12.086615292231244,2
M.Pittman,2023,14,19.5,16.825,-2.8048601150512695,14.02013988494873,2
M.Alie-Cox,2023,14,7.2,2.7750000000000004,0.18411917984485626,2.9591191798448566,2
A.Pierce,2023,14,4.2,5.841666666666666,1.0580452680587769,6.899711934725443,2
T.Lockett,2023,14,14.9,12.266666666666666,-1.041914939880371,11.224751726786295,2
D.Metcalf,2023,14,13.2,15.109090909090908,-0.3635604679584503,14.745530441132457,2
J.Smith-Njigba,2023,14,6.5,8.65,0.26341354846954346,8.913413548469544,2
W.Dissly,2023,14,1.3,2.6,1.032555341720581,3.632555341720581,2
C.Parkinson,2023,14,10.8,3.2222222222222223,1.1469026803970337,4.369124902619256,2
D.Adams,2023,14,12.3,14.533333333333331,-0.5764105916023254,13.956922741731006,2
A.Trautman,2023,14,9.9,3.827272727272728,0.13980965316295624,3.9670823804356843,2
L.Humphrey,2023,14,2.2,2.7857142857142856,-0.052968692034482956,2.7327455936798026,-1
C.Sutton,2023,14,15.2,13.475,-2.26676869392395,11.20823130607605,2
A.Hooper,2023,14,1.5,2.7181818181818183,0.8396065831184387,3.557788401300257,2
D.Smythe,2023,14,3.6,4.475,1.288238525390625,5.763238525390625,2
D.Parham,2023,14,2.1,5.827272727272727,-0.2006540596485138,5.626618667624213,2
H.Henry,2023,14,19.0,7.390909090909091,-0.40385448932647705,6.987054601582614,2
A.Brown,2023,14,16.4,19.95,-1.543534517288208,18.40646548271179,2
D.Smith,2023,14,10.3,15.366666666666667,-0.3266353905200958,15.040031276146571,2
J.Smith-Schuster,2023,14,13.0,4.8,0.11419692635536194,4.914196926355362,2
B.Aiyuk,2023,14,16.6,16.245454545454546,-1.9767169952392578,14.268737550215288,2
A.Robinson,2023,14,3.1,4.218181818181819,0.9315255284309387,5.149707346612757,2
P.Freiermuth,2023,14,6.8,7.700000000000001,-0.3831979036331177,7.316802096366883,2
T.Hockenson,2023,14,10.3,15.550000000000002,-0.1707955300807953,15.379204469919207,2
C.Otton,2023,14,9.6,8.409090909090908,0.44732242822647095,8.85641333731738,2
M.Evans,2023,14,1.8,18.516666666666666,-5.619466304779053,12.897200361887613,2
J.Oliver,2023,14,0.0,5.4,-0.20201803743839264,5.197981962561608,2
K.Osborn,2023,14,5.5,8.163636363636364,0.3911021947860718,8.554738558422436,2
N.Westbrook-Ikhine,2023,14,6.800000000000001,6.718181818181819,-0.45633983612060547,6.261841982061213,2
J.Johnson,2023,14,3.0,4.775,0.058047059923410416,4.833047059923411,2
C.Olave,2023,14,12.8,14.583333333333334,-1.796776533126831,12.786556800206503,2
N.Agholor,2023,14,8.2,6.0181818181818185,-0.3462803363800049,5.671901481801814,2
W.Mallory,2023,14,9.6,2.5,1.2252020835876465,3.7252020835876465,2
B.Jordan,2023,14,6.5,5.48,-0.30944541096687317,5.170554589033127,2
M.Mayer,2023,14,2.4000000000000004,5.51,0.12001818418502808,5.630018184185028,2
H.Renfrow,2023,14,5.6000000000000005,4.290000000000001,1.1073285341262817,5.397328534126283,2
F.Moreau,2023,14,2.8,5.55,-0.04156303033232689,5.508436969667673,2
D.Chark,2023,14,4.6,8.100000000000001,-0.6644585132598877,7.435541486740114,2
N.Fant,2023,14,5.5,4.763636363636365,1.0864460468292236,5.850082410465588,2
J.Jeudy,2023,14,3.6,8.645454545454545,0.6817285418510437,9.327183087305588,2
M.Pruitt,2023,14,3.5,2.9,0.30371689796447754,3.2037168979644775,2
T.Sherfield,2023,14,1.9,2.0500000000000003,1.413189172744751,3.4631891727447512,-1
T.Tremble,2023,14,1.2,4.925,-0.7526499032974243,4.1723500967025755,2
M.Wilcox,2023,14,1.0,1.6,1.1098310947418213,2.7098310947418214,-1
D.Sample,2023,14,2.4,3.7,-0.6358546018600464,3.064145398139954,2
P.Brown,2023,14,1.4,7.5,-0.995919942855835,6.504080057144165,2
J.Graham,2023,14,9.6,5.133333333333334,-3.1618001461029053,1.9715331872304285,-1
O.Zaccheaus,2023,14,3.8,3.825,0.34266942739486694,4.167669427394867,2
M.Lewis,2023,14,1.4,1.4666666666666668,1.0938225984573364,2.560489265124003,-1
T.Kraft,2023,14,10.4,5.1,0.44294095039367676,5.542940950393676,2
J.Ruckert,2023,14,6.7,2.6,1.0786738395690918,3.678673839569092,2
D.Washington,2023,14,2.2,1.5166666666666668,0.9047783017158508,2.4214449683825174,-1
S.Miller,2023,14,0.0,4.666666666666667,-0.4684191942214966,4.19824747244517,2
J.Mundt,2023,14,1.4,2.375,1.1269052028656006,3.5019052028656006,2
S.Sullivan,2023,14,0.0,3.4,0.9476355910301208,4.347635591030121,2
J.Guyton,2023,14,1.8,4.25,-0.1058473140001297,4.14415268599987,2
A.Perry,2023,14,5.4,5.833333333333333,-1.2151387929916382,4.618194540341695,2
A.Erickson,2023,14,1.9,2.733333333333333,1.2619861364364624,3.9953194697697954,2
S.Howell,2023,15,8.280000000000001,18.22615384615385,0.592289924621582,18.81844377077543,0
J.Allen,2023,15,16.16,23.636923076923075,-0.6868149042129517,22.950108172710124,0
Z.Wilson,2023,15,-0.96,10.990909090909092,1.5560660362243652,12.546975127133457,0
D.Ridder,2023,15,7.88,12.911666666666669,0.22513794898986816,13.136804615656537,0
B.Young,2023,15,7.58,9.981666666666667,1.4263575077056885,11.408024174372356,0
J.Browning,2023,15,18.96,14.592000000000002,0.6745561361312866,15.266556136131289,0
D.Prescott,2023,15,6.0600000000000005,20.97692307692308,0.10962534695863724,21.086548423881716,0
T.Taylor,2023,15,0.52,5.822857142857144,1.651181697845459,7.474038840702603,0
J.Goff,2023,15,31.12,16.31230769230769,0.7944247126579285,17.10673240496562,0
P.Mahomes,2023,15,15.7,18.13230769230769,0.5774855017662048,18.709793194073896,0
J.Fields,2023,15,9.64,18.022222222222226,0.029607268050312996,18.05182949027254,0
J.Love,2023,15,17.46,17.743076923076924,2.033496141433716,19.77657306451064,0
L.Jackson,2023,15,18.54,19.52,0.7819005846977234,20.301900584697723,0
T.Lawrence,2023,15,14.66,16.94923076923077,-0.028313636779785156,16.920917132450985,0
G.Minshew,2023,15,20.6,12.055,1.2222834825515747,13.277283482551574,0
M.Stafford,2023,15,18.52,15.94,1.5718159675598145,17.511815967559812,0
R.Wilson,2023,15,17.52,16.604615384615386,-0.3588811159133911,16.245734268701995,0
T.Tagovailoa,2023,15,12.96,16.875384615384615,-3.1528267860412598,13.722557829343355,0
J.Hurts,2023,15,21.92,22.43692307692308,0.7689403295516968,23.205863406474776,0
B.Purdy,2023,15,25.68,19.224615384615387,-0.4154089391231537,18.809206445492233,0
B.Mayfield,2023,15,29.04,15.596923076923076,1.1658430099487305,16.762766086871807,0
D.Carr,2023,15,20.32,11.77692307692308,0.9768128395080566,12.753735916431136,0
M.White,2023,15,-0.04,1.025,1.7564605474472046,2.7814605474472045,0
D.Thompson-Robinson,2023,15,0.2,4.032,1.3357099294662476,5.367709929466248,0
D.Henry,2023,15,5.0,14.983076923076924,-1.4912854433059692,13.491791479770955,1
A.O'Connell,2023,15,25.92,8.528571428571428,1.1251167058944702,9.653688134465899,0
B.Zappe,2023,15,9.4,5.076666666666667,1.7135852575302124,6.7902519241968795,0
D.Singletary,2023,15,21.0,8.61076923076923,2.013108015060425,10.623877245829656,1
M.Trubisky,2023,15,12.86,8.955,0.8853481411933899,9.84034814119339,0
D.Lock,2023,15,12.12,5.666666666666667,2.201329231262207,7.867995897928874,0
C.Godwin,2023,15,25.5,10.86153846153846,1.756988525390625,12.618526986929085,2
S.Darnold,2023,15,0.6000000000000001,-0.1033333333333333,2.538027048110962,2.4346937147776284,-1
D.London,2023,15,4.4,12.115,0.6090247631072998,12.7240247631073,2
K.Toney,2023,15,2.5,4.208333333333333,1.3357592821121216,5.544092615445455,2
D.Wicks,2023,15,15.7,5.755,2.207185983657837,7.962185983657837,2
C.Wilson,2023,15,2.2,6.585714285714286,-0.6136798858642578,5.9720343998500285,2
J.Smith,2023,15,8.100000000000001,8.818181818181818,-0.11269433796405792,8.70548748021776,2
W.Levis,2023,15,14.46,12.702857142857145,1.0653821229934692,13.768239265850614,0
A.St. Brown,2023,15,24.200000000000003,19.05,-2.0342745780944824,17.01572542190552,2
T.DeVito,2023,15,10.68,13.266666666666666,0.2010371834039688,13.467703850070635,0
D.Bellinger,2023,15,3.3,3.1,0.9611963629722595,4.061196362972259,2
K.Murray,2023,15,13.34,17.79,-0.9090383052825928,16.880961694717406,0
G.Wilson,2023,15,5.9,13.553846153846155,0.4677007794380188,14.021546933284174,2
R.Doubs,2023,15,6.0,11.13076923076923,-0.4243558645248413,10.706413366244389,2
J.Meyers,2023,15,15.68,13.541666666666666,-0.7002707123756409,12.841395954291025,2
D.Samuel,2023,15,21.9,17.181818181818183,-2.5148966312408447,14.666921550577339,2
J.Chase,2023,15,10.4,18.409230769230767,-0.6237972378730774,17.78543353135769,2
T.Boyd,2023,15,7.300000000000001,9.253846153846156,0.6839871406555176,9.937833294501674,2
J.McKinnon,2023,15,16.16,6.2,0.1974463164806366,6.397446316480637,2
T.Hudson,2023,15,9.9,7.362500000000001,0.3092796206474304,7.671779620647431,2
J.Jefferson,2023,15,15.4,18.96666666666667,-3.8994133472442627,15.067253319422406,2
K.Gainwell,2023,15,2.1,5.958333333333333,1.4992083311080933,7.457541664441426,1
D.Achane,2023,15,9.2,20.085714285714285,-7.3095879554748535,12.776126330239432,1
D.Brown,2023,15,0.0,3.163636363636364,0.5497387647628784,3.7133751283992424,2
D.Hopkins,2023,15,4.1,14.130769230769232,-0.9325078129768372,13.198261417792395,2
J.Jennings,2023,15,4.5,4.2727272727272725,0.8350681066513062,5.107795379378579,2
B.Robinson,2023,15,0.4000000000000001,26.071428571428573,-0.8117334842681885,25.259695087160384,1
C.Rodriguez,2023,15,3.5,2.4833333333333334,1.2895420789718628,3.772875412305196,1
J.Conner,2023,15,17.9,11.633333333333333,-0.8163809776306152,10.816952355702718,1
A.Gibson,2023,15,8.5,8.041666666666666,0.4276197552680969,8.469286421934763,2
C.Samuel,2023,15,21.1,10.15,0.2328510284423828,10.382851028442383,2
R.Moore,2023,15,2.8,6.3538461538461535,0.7797105312347412,7.133556685080895,2
J.Cook,2023,15,36.1,13.692307692307692,1.7365587949752808,15.428866487282972,1
Bre.Hall,2023,15,2.8000000000000003,14.461538461538462,0.02133931964635849,14.48287778118482,1
D.Cook,2023,15,2.0,2.9384615384615387,1.1040775775909424,4.042539116052481,1
L.Murray,2023,15,7.1,5.830769230769231,0.8901018500328064,6.720871080802038,1
M.Sanders,2023,15,3.3,6.375,2.504349708557129,8.879349708557129,1
C.Hubbard,2023,15,12.3,10.446153846153846,1.2021102905273438,11.64826413668119,1
T.Allgeier,2023,15,6.1,7.1923076923076925,1.5385509729385376,8.730858665246231,1
J.Mixon,2023,15,15.1,15.346153846153848,1.1771312952041626,16.52328514135801,1
J.Ford,2023,15,7.1,12.73076923076923,-0.05016114190220833,12.680608088867022,1
T.Williams,2023,15,2.2,1.1545454545454543,1.4286831617355347,2.583228616280989,-1
E.Moore,2023,15,3.7,8.261538461538462,1.4526679515838623,9.714206413122325,2
S.Barkley,2023,15,5.7,16.560000000000002,-1.4577823877334595,15.102217612266543,1
M.Breida,2023,15,4.1,3.1923076923076925,1.1204299926757812,4.312737684983474,1
T.Pollard,2023,15,7.7,14.392307692307694,0.028039347380399704,14.420347039688094,1
R.Dowdle,2023,15,3.2,5.761538461538462,0.5561185479164124,6.317657009454875,1
D.Montgomery,2023,15,23.0,15.96,-2.821951389312744,13.138048610687257,1
C.Edwards-Helaire,2023,15,20.1,3.35,1.641505241394043,4.991505241394043,1
J.Gibbs,2023,15,24.8,16.272727272727273,0.6378015875816345,16.910528860308908,1
R.Rice,2023,15,24.1,12.23076923076923,-0.3664016127586365,11.864367618010593,2
K.Herbert,2023,15,2.2,8.025,0.4865674376487732,8.511567437648774,1
C.Kmet,2023,15,13.3,12.166666666666666,-1.0812538862228394,11.085412780443827,2
A.Jones,2023,15,10.9,10.914285714285716,0.7520554661750793,11.666341180460796,1
J.Reed,2023,15,17.2,12.146153846153847,0.1606680303812027,12.30682187653505,2
R.Johnson,2023,15,10.0,6.081818181818182,0.9299911260604858,7.011809307878668,1
P.Taylor,2023,15,2.2,3.357142857142857,1.7263593673706055,5.083502224513463,1
D.Pierce,2023,15,0.3,7.07,1.6315973997116089,8.70159739971161,1
J.Hill,2023,15,2.3000000000000003,5.442857142857143,0.8914542198181152,6.334311362675258,1
Z.Flowers,2023,15,1.7000000000000002,12.530769230769229,1.1192244291305542,13.649993659899783,2
N.Brown,2023,15,22.200000000000003,10.114285714285716,1.0180714130401611,11.132357127325877,2
G.Edwards,2023,15,13.9,11.192307692307692,0.15961681306362152,11.351924505371313,1
T.Etienne,2023,15,9.9,17.453846153846154,-0.8083887696266174,16.645457384219537,1
J.Agnew,2023,15,15.0,3.16,1.0732231140136719,4.233223114013672,2
D.Johnson,2023,15,16.7,10.461538461538462,-0.327506422996521,10.13403203854194,2
K.Walker,2023,15,20.2,13.363636363636363,-2.063920259475708,11.299716104160655,1
K.Williams,2023,15,24.5,20.422222222222224,-0.7162072062492371,19.706015015972987,1
Z.Charbonnet,2023,15,1.6,7.233333333333334,2.536301851272583,9.769635184605917,1
J.Williams,2023,15,16.1,15.657142857142858,0.28198984265327454,15.939132699796133,1
S.Perine,2023,15,5.800000000000001,7.538461538461538,1.1682591438293457,8.706720682290884,2
Z.White,2023,15,17.5,1.4666666666666668,1.0630168914794922,2.529683558146159,1
A.Ekeler,2023,15,7.800000000000001,14.87,-1.0900481939315796,13.77995180606842,1
J.Kelley,2023,15,1.8000000000000005,4.6000000000000005,2.5540058612823486,7.154005861282349,1
G.Everett,2023,15,9.1,7.427272727272728,0.024487795308232307,7.45176052258096,2
R.Mostert,2023,15,18.3,18.26153846153846,-6.503851413726807,11.757687047811654,1
E.Elliott,2023,15,9.6,9.176923076923078,2.26643443107605,11.443357507999128,1
D.Swift,2023,15,9.5,12.846153846153848,2.22402024269104,15.070174088844889,1
C.McCaffrey,2023,15,41.7,23.95384615384615,-0.6520161628723145,23.301829990973836,1
N.Harris,2023,15,1.3000000000000005,10.146153846153847,1.1976306438446045,11.343784489998452,1
J.Warren,2023,15,11.8,11.261538461538462,2.2065813541412354,13.468119815679698,1
R.White,2023,15,21.9,15.723076923076924,-0.7980668544769287,14.925010068599995,1
T.Chandler,2023,15,24.700000000000003,5.366666666666666,1.0855013132095337,6.4521679798762,1
C.Edmonds,2023,15,1.3,2.433333333333333,1.4395852088928223,3.8729185422261554,1
T.Burks,2023,15,9.4,3.866666666666667,0.7735344767570496,4.640201143423717,2
T.Spears,2023,15,4.7,8.376923076923077,1.2462875843048096,9.623210661227887,1
R.Shaheed,2023,15,6.6,9.790909090909093,-0.47293218970298767,9.317976901206105,2
C.Brown,2023,15,8.100000000000001,4.983333333333333,0.347685843706131,5.331019177039464,1
V.Jones,2023,15,2.3000000000000003,1.1714285714285713,1.0963178873062134,2.2677464587347846,-1
P.Strong,2023,15,3.1,3.344444444444445,1.026810646057129,4.371255090501574,1
Z.Moss,2023,15,12.3,12.858333333333334,-1.5837901830673218,11.274543150266013,1
A.Beck,2023,15,0.5,1.85,1.5564653873443604,3.4064653873443604,-1
D.Ogunbowale,2023,15,1.7000000000000002,1.6666666666666667,1.4614299535751343,3.1280966202418012,2
D.Davis,2023,15,0.8,2.38,1.340891718864441,3.720891718864441,1
I.Spiller,2023,15,5.0,1.6000000000000003,1.4016461372375488,3.0016461372375494,1
T.Tucker,2023,15,20.7,3.377777777777778,0.8927841186523438,4.270561896430122,2
J.Waddle,2023,15,28.200000000000003,13.683333333333332,-0.9105782508850098,12.772755082448322,2
E.Demercado,2023,15,14.0,5.675,0.6402732729911804,6.31527327299118,1
P.Hendershot,2023,15,1.5,0.4333333333333333,1.9681129455566406,2.4014462788899738,-1
K.Raymond,2023,15,2.2,6.184615384615385,1.326361060142517,7.510976444757902,2
P.Nacua,2023,15,10.3,17.107692307692307,0.6344626545906067,17.742154962282914,2
M.Mims,2023,15,1.1,4.633333333333334,0.8778731226921082,5.511206456025442,2
J.McLaughlin,2023,15,3.8,6.2846153846153845,0.09229918569326401,6.3769145703086485,1
K.Pitts,2023,15,6.7,8.5,0.3748567998409271,8.874856799840927,2
G.Davis,2023,15,0.0,11.191666666666668,0.516833484172821,11.70850015083949,2
C.Lamb,2023,15,18.6,21.823076923076925,-1.7328778505325317,20.090199072544394,2
H.Luepke,2023,15,0.3,2.575,1.5246565341949463,4.0996565341949465,-1
T.Sermon,2023,15,8.8,1.02,1.048392415046692,2.068392415046692,-1
V.Jefferson,2023,15,0.0,3.08,0.844293475151062,3.924293475151062,2
D.Douglas,2023,15,6.300000000000001,7.790000000000001,0.9964256882667542,8.786425688266755,2
K.Juszczyk,2023,15,4.6,3.871428571428571,0.18079954385757446,4.0522281152861455,2
J.Mason,2023,15,2.0,6.1000000000000005,0.0786043256521225,6.178604325652123,1
K.Hunt,2023,15,3.0,8.663636363636364,-0.3465023934841156,8.317133970152248,1
M.Goodwin,2023,15,6.7,0.9125,1.216915249824524,2.129415249824524,-1
H.Bryant,2023,15,0.0,3.29,-0.07995425164699554,3.2100457483530045,-1
T.Scott,2023,15,7.6,2.26,0.9824061989784241,3.242406198978424,2
X.Gipson,2023,15,4.9,4.4,0.8611832857131958,5.261183285713196,2
B.Berrios,2023,15,2.2,4.98,0.04725159704685211,5.0272515970468525,2
A.Thielen,2023,15,8.3,14.946153846153846,-0.2632199823856354,14.682933863768211,2
W.Robinson,2023,15,6.5,8.063636363636364,0.7230907678604126,8.786727131496777,2
A.Kamara,2023,15,16.0,20.160000000000004,-1.2952866554260254,18.86471334457398,1
L.Thomas,2023,15,1.7000000000000002,8.633333333333335,-0.2306438833475113,8.402689449985823,2
G.Pickens,2023,15,7.7,11.169230769230769,-0.2514059245586395,10.917824844672129,2
B.Cooks,2023,15,3.0,10.558333333333334,0.6476916670799255,11.206025000413259,2
A.Abdullah,2023,15,6.5,2.2833333333333337,0.9178006052970886,3.2011339386304223,2
K.Hodge,2023,15,2.0,3.744444444444445,0.85267573595047,4.597120180394915,2
C.Ridley,2023,15,8.9,12.669230769230769,-0.40164294838905334,12.267587820841715,2
N.Gray,2023,15,5.7,4.833333333333333,0.46092578768730164,5.294259121020635,2
X.Hutchinson,2023,15,0.5,2.028571428571429,1.4567254781723022,3.485296906743731,2
C.Patterson,2023,15,7.0,2.511111111111111,1.0073983669281006,3.5185094780392117,1
D.Mooney,2023,15,3.4000000000000004,6.083333333333333,0.7812627553939819,6.864596088727315,2
R.Freeman,2023,15,1.6,6.014285714285714,1.805254578590393,7.819540292876107,1
G.Kittle,2023,15,7.4,13.1,-0.027006642892956734,13.072993357107043,2
C.Okonkwo,2023,15,6.6,5.884615384615385,1.1831296682357788,7.067745052851164,2
R.Bateman,2023,15,6.9,4.816666666666666,1.4611032009124756,6.277769867579142,2
J.Bobo,2023,15,1.4,5.040000000000001,-0.13299202919006348,4.9070079708099374,2
J.Addison,2023,15,29.1,13.038461538461538,-1.3573393821716309,11.681122156289907,2
J.Wilson,2023,15,1.6,5.0600000000000005,0.8641205430030823,5.924120543003083,1
Q.Johnston,2023,15,10.3,5.269230769230769,1.359915852546692,6.629146621777461,2
K.Mitchell,2023,15,10.8,9.85,0.2802446484565735,10.130244648456573,1
D.Moore,2023,15,24.0,17.946153846153848,-2.254542589187622,15.691611256966226,2
T.Johnson,2023,15,6.800000000000001,5.25,-0.09935906529426575,5.150640934705734,1
C.Tillman,2023,15,9.2,3.2285714285714286,1.0711177587509155,4.299689187322344,2
T.Palmer,2023,15,1.5,5.123076923076923,0.4588000476360321,5.581876970712955,2
C.Moore,2023,15,6.9,4.481818181818182,0.8615455627441406,5.343363744562323,2
T.Thornton,2023,15,1.5,2.8833333333333333,0.9081040620803833,3.7914373954137166,1
L.Bowden,2023,15,6.1,2.7,0.8861328959465027,3.586132895946503,1
K.Granson,2023,15,1.6,4.963636363636364,0.5630892515182495,5.526725615154613,2
S.LaPorta,2023,15,28.6,13.584615384615386,-1.1422386169433594,12.442376767672027,2
D.Goedert,2023,15,7.1,9.8,1.1678911447525024,10.967891144752503,2
G.Dortch,2023,15,4.0,5.88,-0.7108611464500427,5.169138853549957,2
D.Robinson,2023,15,14.7,7.859999999999999,0.03469984605908394,7.894699846059083,2
R.Woods,2023,15,6.0,6.94,0.850241482257843,7.790241482257843,2
C.Kupp,2023,15,25.1,12.855555555555556,-0.40698572993278503,12.448569825622771,2
T.Conklin,2023,15,5.8,7.43076923076923,1.328413486480713,8.759182717249942,2
S.Diggs,2023,15,8.8,18.023076923076925,-1.2742326259613037,16.74884429711562,2
K.Shakir,2023,15,0.0,6.683333333333334,0.4076973795890808,7.091030712922414,2
J.Metchie,2023,15,1.1,2.74,1.3778820037841797,4.11788200378418,2
J.Palmer,2023,15,21.3,9.242857142857144,0.14698107540607452,9.389838218263218,2
J.Reagor,2023,15,0.0,1.2600000000000002,1.066723346710205,2.3267233467102053,-1
T.Kelce,2023,15,7.800000000000001,16.46666666666667,-0.45879027247428894,16.00787639419238,2
J.Dotson,2023,15,2.2,8.753846153846155,-0.08695060759782791,8.666895546248327,2
Z.Pascal,2023,15,0.0,0.7375,1.2139543294906616,1.9514543294906617,-1
T.McLaurin,2023,15,26.1,10.876923076923076,0.5351694226264954,11.412092499549571,2
T.McBride,2023,15,20.200000000000003,9.923076923076923,0.21743158996105194,10.140508513037975,2
Mi.Wilson,2023,15,0.0,9.27777777777778,-0.17431187629699707,9.103465901480783,2
A.Lazard,2023,15,5.1,5.0,0.780163586139679,5.780163586139679,2
D.Kincaid,2023,15,0.0,10.041666666666666,0.9218244552612305,10.963491121927897,2
R.Cobb,2023,15,0.0,2.2142857142857144,0.4394988715648651,2.6537845858505795,-1
J.Mingo,2023,15,7.2,6.141666666666667,1.346049427986145,7.487716094652812,2
T.Higgins,2023,15,22.1,9.733333333333333,0.18294094502925873,9.916274278362591,2
A.Cooper,2023,15,20.9,11.892307692307694,0.3500848114490509,12.242392503756745,2
I.Smith,2023,15,3.8,3.7125,0.349060595035553,4.061560595035553,2
D.Njoku,2023,15,26.4,10.846153846153848,-0.09018098562955856,10.75597286052429,2
J.Akins,2023,15,1.8,1.488888888888889,1.1486830711364746,2.6375719600253635,-1
D.Slayton,2023,15,10.3,6.530769230769232,1.0300346612930298,7.560803892062262,2
D.Waller,2023,15,8.0,10.05,0.10954783856868744,10.159547838568688,2
J.Ferguson,2023,15,10.4,10.615384615384617,-0.5655116438865662,10.04987297149805,2
I.Hodgins,2023,15,0.0,4.6000000000000005,-0.13083356618881226,4.469166433811188,2
M.Gallup,2023,15,1.9,6.423076923076923,0.8108958005905151,7.2339727236674385,2
J.Hyatt,2023,15,0.0,5.33,1.0555827617645264,6.385582761764526,2
J.Reynolds,2023,15,6.1000000000000005,9.033333333333331,-0.16059277951717377,8.872740553816158,2
Ju.Watson,2023,15,4.1,6.0,0.9050848484039307,6.905084848403931,2
M.Valdes-Scantling,2023,15,2.7,4.038461538461538,1.6421163082122803,5.680577846673819,2
R.James,2023,15,2.7,1.3,1.742795467376709,3.042795467376709,-1
B.Bell,2023,15,0.0,2.966666666666667,-0.19393233954906464,2.772734327117602,-1
M.Heath,2023,15,5.9,2.55,1.0390045642852783,3.589004564285278,-1
I.Likely,2023,15,18.0,5.022222222222222,1.2268884181976318,6.249110640419854,2
D.Schultz,2023,15,9.8,10.318181818181818,-0.35817405581474304,9.960007762367075,2
O.Beckham,2023,15,2.4000000000000004,8.863636363636363,0.9443373084068298,9.807973672043193,2
J.Downs,2023,15,4.9,9.784615384615384,0.33658936619758606,10.12120475081297,2
A.Ogletree,2023,15,0.0,3.966666666666667,-0.7752724289894104,3.1913942376772564,2
Z.Jones,2023,15,10.9,8.071428571428571,-0.024055493995547295,8.047373077433024,2
E.Engram,2023,15,6.800000000000001,13.084615384615386,-0.8709427118301392,12.213672672785247,2
M.Pittman,2023,15,11.8,17.03076923076923,-3.412144422531128,13.618624808238103,2
M.Alie-Cox,2023,15,10.1,3.2666666666666666,-0.6761209964752197,2.590545670191447,2
A.Pierce,2023,15,2.3,5.715384615384616,0.9623886942863464,6.677773309670963,2
T.Lockett,2023,15,5.1,12.469230769230771,-0.8739797472953796,11.595251021935391,2
D.Metcalf,2023,15,12.8,14.95,0.04555666074156761,14.995556660741567,2
T.Higbee,2023,15,7.6,6.891666666666667,0.751958429813385,7.643625096480052,2
J.Smith-Njigba,2023,15,14.8,8.484615384615385,0.31472155451774597,8.79933693913313,2
W.Dissly,2023,15,2.9,2.455555555555556,1.1643532514572144,3.6199088070127705,2
C.Parkinson,2023,15,1.6,3.98,0.2811897099018097,4.26118970990181,2
D.Adams,2023,15,24.1,14.36153846153846,-0.4157017171382904,13.94583674440017,2
A.Trautman,2023,15,3.4000000000000004,4.333333333333333,-0.25530776381492615,4.078025569518407,2
B.Johnson,2023,15,0.0,6.366666666666667,-0.7804902195930481,5.586176447073619,2
L.Humphrey,2023,15,10.6,2.7125,-0.06681794673204422,2.6456820532679557,-1
C.Sutton,2023,15,12.1,13.607692307692307,-1.9830577373504639,11.624634570341843,2
A.Hooper,2023,15,0.0,2.6166666666666667,0.8601370453834534,3.47680371205012,2
D.Smythe,2023,15,7.2,4.377777777777778,1.2642637491226196,5.642041526900398,2
Q.Watkins,2023,15,0.0,3.966666666666667,1.6119509935379028,5.57861766020457,2
H.Henry,2023,15,19.6,8.358333333333334,-0.8842981457710266,7.474035187562308,2
A.Brown,2023,15,10.6,19.67692307692308,-2.8761146068573,16.800808470065782,2
D.Smith,2023,15,10.0,14.976923076923075,-0.39326298236846924,14.583660094554606,2
M.Gesicki,2023,15,1.7000000000000002,4.109090909090909,0.5646668672561646,4.673757776347074,2
B.Aiyuk,2023,15,6.7,16.275000000000002,-1.5053231716156006,14.769676828384402,2
A.Robinson,2023,15,4.9,4.125,1.0650442838668823,5.190044283866882,2
P.Freiermuth,2023,15,4.6,7.5875,-0.38573500514030457,7.201764994859696,2
T.Hockenson,2023,15,12.3,15.146153846153847,-0.005228972062468529,15.140924874091379,2
C.Otton,2023,15,6.4,8.508333333333333,0.2047291100025177,8.71306244333585,2
M.Evans,2023,15,15.7,17.23076923076923,0.022275585681200027,17.25304481645043,2
J.Oliver,2023,15,3.4000000000000004,4.725,-0.154435396194458,4.570564603805542,2
K.Osborn,2023,15,1.3,7.941666666666667,0.4032648503780365,8.344931517044703,2
N.Westbrook-Ikhine,2023,15,4.300000000000001,6.7250000000000005,-0.34062570333480835,6.384374296665192,2
J.Johnson,2023,15,11.8,4.577777777777778,0.12752600014209747,4.705303777919876,2
K.Kirkwood,2023,15,7.7,1.02,1.2444459199905396,2.2644459199905396,-1
N.Agholor,2023,15,0.0,6.2,0.7280200123786926,6.928020012378693,2
R.Tonyan,2023,15,0.0,1.8285714285714287,0.9745965600013733,2.803167988572802,-1
B.Jordan,2023,15,2.4000000000000004,5.65,0.2339310348033905,5.883931034803391,2
S.Smartt,2023,15,4.5,2.125,0.28107500076293945,2.4060750007629395,2
M.Mayer,2023,15,13.9,5.227272727272728,0.5567213296890259,5.783994056961754,2
H.Renfrow,2023,15,0.0,4.409090909090909,1.1042513847351074,5.513342293826017,2
D.Parker,2023,15,9.4,5.377777777777778,0.8967194557189941,6.274497233496772,2
F.Moreau,2023,15,4.3,5.1571428571428575,-0.01424239482730627,5.142900462315551,2
D.Chark,2023,15,2.8,7.75,-0.300853967666626,7.449146032333374,2
N.Fant,2023,15,4.6,4.825,1.1911125183105469,6.016112518310547,2
J.Bates,2023,15,0.0,2.81,0.9829481244087219,3.792948124408722,2
J.Jeudy,2023,15,10.4,8.225,1.0550626516342163,9.280062651634216,2
B.Pringle,2023,15,1.5,3.177777777777778,0.9459238648414612,4.123701642619239,2
T.Tremble,2023,15,5.2,4.511111111111111,-0.7091629505157471,3.801948160595364,-1
L.Farrell,2023,15,3.8,3.2857142857142856,0.8635674715042114,4.149281757218497,2
M.Wilcox,2023,15,4.0,1.5,1.5464081764221191,3.046408176422119,-1
D.Sample,2023,15,0.0,3.5700000000000003,-0.028544144704937935,3.5414558552950623,-1
P.Brown,2023,15,1.4,6.28,-0.8861161470413208,5.3938838529586794,2
J.Graham,2023,15,8.9,6.25,-3.6505393981933594,2.5994606018066406,-1
R.Bell,2023,15,0.0,3.775,0.0011557464022189379,3.776155746402219,2
G.Swaim,2023,15,3.6,2.6333333333333333,0.8638982176780701,3.4972315510114034,2
T.Kraft,2023,15,15.7,5.983333333333333,0.9419812560081482,6.925314589341482,2
J.Ruckert,2023,15,3.6,3.055555555555556,0.8775389790534973,3.933094534609053,2
A.Iosivas,2023,15,1.5,3.483333333333333,-0.5435976982116699,2.939735635121663,-1
B.Sims,2023,15,0.0,2.625,0.7365612983703613,3.3615612983703613,-1
J.Mundt,2023,15,1.3,2.18,1.3104798793792725,3.4904798793792726,-1
E.Higgins,2023,15,14.4,1.78,1.033634901046753,2.813634901046753,-1
J.Jones,2023,15,1.6,3.15,1.0499889850616455,4.199988985061646,-1
S.Sullivan,2023,15,2.4000000000000004,2.833333333333333,0.9483270049095154,3.7816603382428484,2
J.Guyton,2023,15,3.9,3.76,-0.11150456964969635,3.6484954303503034,2
L.Krull,2023,15,2.8,1.5,1.1000925302505493,2.6000925302505493,2
A.Perry,2023,15,5.4,5.725,-0.8205273747444153,4.904472625255584,2
A.Erickson,2023,15,8.3,2.5250000000000004,1.2422651052474976,3.767265105247498,2
S.Howell,2023,16,-1.7599999999999998,17.515714285714285,-1.116865873336792,16.398848412377493,0
J.Allen,2023,16,24.98,23.102857142857147,2.8890979290008545,25.991955071858,0
B.Young,2023,16,22.18,9.796923076923076,1.841580867767334,11.63850394469041,0
J.Browning,2023,16,13.4,15.32,0.39774635434150696,15.717746354341507,0
D.Prescott,2023,16,18.62,19.91142857142857,-1.5994408130645752,18.311987758363994,0
T.Taylor,2023,16,9.42,5.16,2.2524027824401855,7.412402782440186,0
J.Goff,2023,16,14.28,17.37,-0.1743958443403244,17.195604155659677,0
P.Mahomes,2023,16,16.700000000000003,17.958571428571428,-0.8138881921768188,17.14468323639461,0
J.Fields,2023,16,24.5,17.184,0.6997939944267273,17.88379399442673,0
J.Love,2023,16,23.96,17.722857142857144,-1.7940114736557007,15.928845669201444,0
L.Jackson,2023,16,22.58,19.45,0.7686977386474609,20.21869773864746,0
T.Lawrence,2023,16,9.34,16.785714285714285,1.2582087516784668,18.04392303739275,0
G.Minshew,2023,16,9.14,12.712307692307691,1.6198292970657349,14.332136989373426,0
G.Smith,2023,16,17.28,14.393333333333333,1.555334448814392,15.948667782147725,0
M.Stafford,2023,16,20.72,16.138461538461538,0.09467209130525589,16.233133629766794,0
R.Wilson,2023,16,23.52,16.669999999999998,-3.250417470932007,13.419582529067991,0
T.Tagovailoa,2023,16,15.52,16.595714285714287,-2.641606330871582,13.954107954842705,0
J.Hurts,2023,16,23.44,22.4,-1.2651402950286865,21.134859704971312,0
B.Purdy,2023,16,2.4000000000000004,19.685714285714287,-2.167466163635254,17.518248122079033,0
B.Mayfield,2023,16,19.82,16.557142857142857,2.220028877258301,18.777171734401158,0
R.Tannehill,2023,16,9.78,8.52,1.6250431537628174,10.145043153762817,0
D.Carr,2023,16,24.96,12.38714285714286,1.7063285112380981,14.093471368380959,0
T.Hill,2023,16,19.1,29.505333333333336,-3.3215763568878174,26.18375697644552,2
C.Beathard,2023,16,8.36,0.895,2.8134515285491943,3.7084515285491944,0
D.Thompson-Robinson,2023,16,1.74,3.393333333333333,1.4598389863967896,4.853172319730122,0
D.Henry,2023,16,21.380000000000003,14.27,0.4028710126876831,14.672871012687683,1
A.O'Connell,2023,16,2.08,10.7025,1.2488292455673218,11.951329245567322,0
B.Zappe,2023,16,16.439999999999998,5.694285714285714,1.5496894121170044,7.243975126402718,0
D.Singletary,2023,16,9.3,9.495714285714286,1.4438318014144897,10.939546087128775,1
C.Godwin,2023,16,13.9,11.907142857142857,2.511131763458252,14.418274620601109,2
S.Darnold,2023,16,6.140000000000001,-0.0028571428571428,2.450439929962158,2.4475827871050155,-1
D.London,2023,16,6.9,11.521538461538462,1.031081199645996,12.552619661184458,2
D.Wicks,2023,16,10.9,6.52,1.5383694171905518,8.058369417190551,2
C.Wilson,2023,16,7.2,6.0375,-0.7291698455810547,5.308330154418945,2
J.Smith,2023,16,7.2,8.758333333333333,0.10322751849889755,8.86156085183223,2
T.Heinicke,2023,16,14.16,12.24,2.061668634414673,14.301668634414673,0
A.St. Brown,2023,16,28.6,19.446153846153848,-2.4801321029663086,16.96602174318754,2
T.DeVito,2023,16,2.7,12.897142857142857,1.3852936029434204,14.282436460086277,0
D.Bellinger,2023,16,8.3,3.1181818181818177,0.8885477185249329,4.00672953670675,2
K.Murray,2023,16,20.4,16.9,-1.0733528137207031,15.826647186279295,0
G.Wilson,2023,16,15.8,13.007142857142858,1.4116106033325195,14.418753460475378,2
D.Mills,2023,16,16.86,0.24,1.9608404636383057,2.200840463638306,-1
R.Doubs,2023,16,17.9,10.764285714285714,-1.4962047338485718,9.268080980437142,2
J.Meyers,2023,16,7.2,13.706153846153846,-1.0482828617095947,12.657870984444251,2
D.Samuel,2023,16,9.4,17.575,-0.9935922622680664,16.581407737731933,2
T.Boyd,2023,16,10.9,9.114285714285714,0.5442578792572021,9.658543593542916,2
J.Flacco,2023,16,24.82,17.786666666666665,-3.1477301120758057,14.63893655459086,0
D.Dallas,2023,16,0.2,1.3333333333333333,1.4859910011291504,2.8193243344624834,-1
T.Hudson,2023,16,1.5,7.644444444444444,0.0840177834033966,7.7284622278478405,2
J.Jefferson,2023,16,26.1,18.457142857142856,-2.9185376167297363,15.53860524041312,2
K.Gainwell,2023,16,10.9,5.661538461538461,1.1001393795013428,6.761677841039804,1
D.Achane,2023,16,4.1000000000000005,18.725,-6.612580299377441,12.11241970062256,1
D.Hopkins,2023,16,4.0,13.414285714285716,0.23151034116744995,13.645796055453166,2
B.Robinson,2023,16,19.2,24.36,-2.828969955444336,21.531030044555663,1
C.Rodriguez,2023,16,19.5,2.628571428571429,0.7721587419509888,3.4007301705224178,1
J.Conner,2023,16,22.2,12.260000000000002,-1.68053138256073,10.579468617439272,1
A.Gibson,2023,16,10.2,8.076923076923077,-0.19578135013580322,7.881141726787273,2
C.Samuel,2023,16,3.0,10.992307692307692,-0.9779629111289978,10.014344781178695,2
R.Moore,2023,16,5.6,6.1000000000000005,0.7838574647903442,6.883857464790345,2
J.Cook,2023,16,5.0,15.292857142857144,2.2084639072418213,17.501321050098966,1
Bre.Hall,2023,16,43.1,13.62857142857143,2.3468995094299316,15.975470938001362,1
M.Sanders,2023,16,1.8,6.13846153846154,1.9735993146896362,8.112060853151176,1
C.Hubbard,2023,16,12.1,10.578571428571433,1.6100109815597534,12.188582410131186,1
T.Allgeier,2023,16,15.8,7.114285714285715,1.0828940868377686,8.197179801123482,1
J.Mixon,2023,16,9.0,15.328571428571427,1.3764415979385376,16.705013026509967,1
J.Ford,2023,16,9.3,12.328571428571427,-0.27685368061065674,12.05171774796077,1
E.Moore,2023,16,3.9,7.935714285714285,1.43864905834198,9.374363344056265,2
S.Barkley,2023,16,19.4,15.572727272727274,-1.2922489643096924,14.280478308417582,1
M.Breida,2023,16,1.3,3.257142857142857,0.9279909729957581,4.185133830138615,1
T.Pollard,2023,16,5.300000000000001,13.914285714285716,-0.467540979385376,13.44674473490034,1
R.Dowdle,2023,16,0.4,5.578571428571428,0.49857720732688904,6.077148635898317,1
K.Turpin,2023,16,1.8,5.74,0.1368393748998642,5.876839374899864,1
D.Montgomery,2023,16,16.7,16.599999999999998,-5.697522163391113,10.902477836608885,1
C.Edwards-Helaire,2023,16,7.800000000000001,4.638461538461539,1.376702904701233,6.015164443162772,1
J.Gibbs,2023,16,24.0,16.983333333333334,-0.19657698273658752,16.786756350596747,1
I.Pacheco,2023,16,10.6,14.483333333333334,-0.7304056286811829,13.752927704652151,1
R.Rice,2023,16,11.7,13.078571428571433,-1.8791131973266602,11.199458231244773,2
K.Herbert,2023,16,19.1,7.377777777777778,-0.36067792773246765,7.017099850045311,1
C.Kmet,2023,16,14.7,12.253846153846156,-1.3405007123947144,10.913345441451442,2
A.Jones,2023,16,14.500000000000002,10.9125,0.5781740546226501,11.49067405462265,1
A.Dillon,2023,16,7.2,8.284615384615385,3.0272746086120605,11.311889993227446,1
R.Johnson,2023,16,8.3,6.408333333333334,0.7598817348480225,7.168215068181357,1
P.Taylor,2023,16,1.3,3.2125000000000004,1.3792698383331299,4.59176983833313,1
D.Pierce,2023,16,2.6,6.454545454545454,1.1400728225708008,7.594618277116255,1
J.Hill,2023,16,8.7,5.233333333333333,0.5629327297210693,5.796266063054403,1
Z.Flowers,2023,16,22.2,11.757142857142856,0.8924036622047424,12.649546519347599,2
N.Brown,2023,16,6.800000000000001,11.625,-0.49991166591644287,11.125088334083557,2
G.Edwards,2023,16,14.0,11.385714285714286,-0.5572811961174011,10.828433089596885,1
T.Etienne,2023,16,6.1000000000000005,16.914285714285715,-0.28466761112213135,16.629618103163583,1
J.Agnew,2023,16,2.2,5.133333333333334,0.2657414376735687,5.3990747710069025,2
D.Johnson,2023,16,3.7,10.907142857142857,-0.106737419962883,10.800405437179974,2
K.Walker,2023,16,6.6000000000000005,13.933333333333332,-1.352931261062622,12.58040207227071,1
K.Williams,2023,16,16.4,20.83,-3.533149242401123,17.296850757598875,1
Z.Charbonnet,2023,16,0.6,6.800000000000001,1.9360828399658203,8.736082839965821,1
J.Williams,2023,16,22.5,15.686666666666667,0.8679477572441101,16.554614423910778,1
S.Perine,2023,16,6.9,7.4142857142857155,1.052038311958313,8.466324026244028,2
Z.White,2023,16,14.5,3.0700000000000003,1.2024471759796143,4.2724471759796145,1
A.Ekeler,2023,16,11.8,14.227272727272728,-1.6584593057632446,12.568813421509484,1
G.Everett,2023,16,11.2,7.566666666666666,-0.09472084045410156,7.471945826212565,2
R.Mostert,2023,16,12.0,18.26428571428572,-5.152767658233643,13.111518056052077,1
E.Elliott,2023,16,21.0,9.207142857142856,2.6032307147979736,11.81037357194083,1
B.Scott,2023,16,0.3,2.125,1.4675507545471191,3.592550754547119,1
D.Swift,2023,16,15.2,12.607142857142858,1.6957086324691772,14.302851489612035,1
C.McCaffrey,2023,16,25.1,25.22142857142857,-3.482333183288574,21.739095388139997,1
N.Harris,2023,16,13.8,9.514285714285714,1.1969505548477173,10.711236269133432,1
J.Warren,2023,16,10.4,11.3,1.902961254119873,13.202961254119874,1
R.White,2023,16,19.700000000000003,16.164285714285715,-0.16279098391532898,16.001494730370386,1
T.Chandler,2023,16,7.7,7.3,0.6175597310066223,7.917559731006622,1
C.Edmonds,2023,16,2.5,2.3200000000000003,1.9998143911361694,4.31981439113617,1
T.Burks,2023,16,4.2,4.6571428571428575,0.7759749889373779,5.433117846080235,2
T.Spears,2023,16,11.7,8.114285714285716,1.0975792407989502,9.211864955084666,1
R.Shaheed,2023,16,18.4,9.525,-0.05893180891871452,9.466068191081286,2
C.Brown,2023,16,4.4,5.428571428571429,-0.0780850425362587,5.35048638603517,1
V.Jones,2023,16,0.4,1.3125,0.9409151077270508,2.253415107727051,-1
P.Strong,2023,16,2.2,3.3200000000000003,1.1662031412124634,4.486203141212464,1
C.Austin,2023,16,6.7,3.766666666666667,0.8948103785514832,4.661477045218151,2
A.Beck,2023,16,8.6,1.7000000000000002,1.3597441911697388,3.059744191169739,-1
D.Ogunbowale,2023,16,0.6000000000000001,1.675,1.2060635089874268,2.8810635089874266,1
D.Davis,2023,16,2.4000000000000004,2.2363636363636363,1.3267767429351807,3.563140379298817,1
I.Spiller,2023,16,1.5,2.085714285714286,1.4536317586898804,3.5393460444041662,1
T.Tucker,2023,16,1.1,5.11,-0.7144126892089844,4.395587310791016,2
J.Waddle,2023,16,6.2,14.8,-0.5687329173088074,14.231267082691193,2
E.Demercado,2023,16,12.0,6.6000000000000005,0.20821718871593475,6.808217188715935,1
P.Hendershot,2023,16,0.0,0.7,1.8782610893249512,2.5782610893249513,-1
K.Raymond,2023,16,5.7,5.9,1.332152009010315,7.232152009010315,2
P.Nacua,2023,16,33.0,16.621428571428574,0.39652442932128906,17.017953000749863,2
M.Mims,2023,16,9.3,4.361538461538462,0.49516910314559937,4.856707564684061,2
J.McLaughlin,2023,16,10.7,6.107142857142857,-0.17514067888259888,5.932002178260258,1
M.Burton,2023,16,1.4,0.7571428571428571,0.9602845907211304,1.7174274478639875,-1
K.Pitts,2023,16,13.9,8.371428571428572,0.15502984821796417,8.526458419646536,2
G.Davis,2023,16,23.0,10.330769230769231,1.4404903650283813,11.771259595797613,2
C.Lamb,2023,16,25.200000000000003,21.59285714285713,-0.6448894143104553,20.947967728546676,2
H.Luepke,2023,16,2.1,2.12,1.2407002449035645,3.3607002449035646,-1
A.Ingold,2023,16,3.2,2.3625,1.0027717351913452,3.365271735191345,2
T.Sermon,2023,16,0.3,2.316666666666667,1.2152918577194214,3.5319585243860883,1
V.Jefferson,2023,16,2.3,2.8000000000000003,0.8124681115150452,3.6124681115150454,2
D.Douglas,2023,16,12.4,7.654545454545455,0.9336627125740051,8.588208167119461,2
K.Juszczyk,2023,16,1.5,3.9625,0.01081005483865738,3.9733100548386573,2
K.Hunt,2023,16,9.6,8.191666666666666,-1.2442412376403809,6.947425429026286,1
M.Goodwin,2023,16,0.0,1.5555555555555556,1.0069258213043213,2.5624813768598766,2
H.Bryant,2023,16,1.6,2.9909090909090907,0.005619962699711323,2.996529053608802,-1
X.Gipson,2023,16,2.7,4.45,1.7999917268753052,6.249991726875305,2
R.Rivers,2023,16,2.0,2.875,1.4078335762023926,4.282833576202393,1
A.Thielen,2023,16,15.4,14.471428571428572,-0.31999510526657104,14.151433466162,2
W.Robinson,2023,16,4.6,7.933333333333334,0.9898499846458435,8.923183317979177,2
A.Kamara,2023,16,8.5,19.78181818181818,-1.078276515007019,18.703541666811162,1
L.Thomas,2023,16,14.6,8.100000000000001,-0.8021273612976074,7.297872638702394,2
G.Pickens,2023,16,35.5,10.921428571428573,-0.16195867955684662,10.759469891871726,2
B.Cooks,2023,16,10.3,9.976923076923075,0.543143630027771,10.520066706950846,2
A.Abdullah,2023,16,2.2,2.607692307692308,0.8640309572219849,3.471723264914293,2
K.Hodge,2023,16,1.5,3.5700000000000003,0.7494233250617981,4.319423325061798,2
C.Ridley,2023,16,25.8,12.400000000000002,0.31894800066947937,12.718948000669482,2
B.Powell,2023,16,8.3,5.96,0.1717032492160797,6.13170324921608,2
J.Taylor,2023,16,10.3,14.442857142857145,-2.540555238723755,11.90230190413339,1
N.Gray,2023,16,1.5,4.9,0.0177143681794405,4.917714368179441,2
X.Hutchinson,2023,16,2.8,1.8375,1.052089810371399,2.889589810371399,1
C.Patterson,2023,16,5.300000000000001,2.96,0.018666286021471024,2.978666286021471,1
D.Mooney,2023,16,2.5,5.876923076923077,0.7651517391204834,6.642074816043561,2
G.Kittle,2023,16,19.6,12.69285714285714,0.9215487837791443,13.614405926636284,2
C.Okonkwo,2023,16,18.3,5.935714285714285,1.269608497619629,7.205322783333914,2
R.Bateman,2023,16,2.4000000000000004,4.976923076923077,1.4371768236160278,6.414099900539105,2
J.Bobo,2023,16,1.8,4.709090909090909,0.13507217168807983,4.844163080778989,2
J.Addison,2023,16,1.2,14.185714285714289,-1.4206862449645996,12.765028040749689,2
J.Wilson,2023,16,3.5,4.483333333333333,0.956353485584259,5.439686818917592,1
Q.Johnston,2023,16,5.0,5.628571428571429,0.3100663721561432,5.938637800727572,2
D.Moore,2023,16,6.5,18.37857142857143,-3.2067830562591553,15.171788372312275,2
I.Abanikanda,2023,16,4.3,2.1333333333333333,2.366434335708618,4.499767669041951,1
C.Tillman,2023,16,3.3,3.975,1.0257102251052856,5.000710225105285,2
T.Palmer,2023,16,8.2,4.864285714285714,1.149503231048584,6.013788945334298,2
C.Moore,2023,16,1.9,4.683333333333334,0.8621023893356323,5.545435722668966,2
M.Carter,2023,16,0.0,5.533333333333334,0.6441412568092346,6.177474590142569,1
T.Thornton,2023,16,3.0,2.685714285714286,0.8844911456108093,3.5702054313250953,2
K.Granson,2023,16,11.2,4.683333333333334,1.069266438484192,5.7525997718175255,2
I.Smith-Marsette,2023,16,12.1,2.866666666666667,1.1337701082229614,4.000436774889629,1
S.LaPorta,2023,16,4.8,14.657142857142857,-0.7003690004348755,13.956773856707981,2
C.Ham,2023,16,1.6,1.72,1.4731760025024414,3.193176002502441,-1
D.Goedert,2023,16,14.1,9.554545454545456,0.8104926347732544,10.36503808931871,2
T.Goodson,2023,16,4.0,4.6000000000000005,0.9539431929588318,5.553943192958832,1
G.Dortch,2023,16,12.5,5.566666666666666,-0.706731379032135,4.859935287634531,2
D.Robinson,2023,16,20.200000000000003,9.0,-2.2749390602111816,6.725060939788818,2
R.Woods,2023,16,4.1,6.854545454545455,0.8301238417625427,7.684669296307998,2
C.Kupp,2023,16,10.9,14.080000000000002,-0.5538802742958069,13.526119725704195,2
T.Conklin,2023,16,7.6,7.314285714285715,2.275996208190918,9.590281922476633,2
S.Diggs,2023,16,7.9,17.364285714285717,0.2566582262516022,17.62094394053732,2
K.Shakir,2023,16,7.5,6.1692307692307695,0.5835451483726501,6.75277591760342,2
N.Collins,2023,16,13.8,16.366666666666667,-2.374335765838623,13.992330900828044,2
J.Metchie,2023,16,0.0,2.590909090909091,1.0143730640411377,3.6052821549502285,2
J.Palmer,2023,16,9.7,10.75,-0.28106093406677246,10.468939065933228,2
J.Reagor,2023,16,5.300000000000001,1.05,1.340834140777588,2.3908341407775877,-1
T.Kelce,2023,16,9.4,15.8,-0.3078942596912384,15.492105740308762,2
J.Dotson,2023,16,5.1,8.285714285714286,-0.7554855942726135,7.530228691441673,2
T.McLaurin,2023,16,8.0,11.964285714285714,-0.6018196940422058,11.362466020243508,2
T.McBride,2023,16,9.1,10.657142857142857,0.7010507583618164,11.358193615504673,2
Mi.Wilson,2023,16,0.0,8.35,-0.09570319950580597,8.254296800494194,2
D.Knox,2023,16,4.6,4.975,1.0987480878829956,6.073748087882995,2
A.Lazard,2023,16,0.0,5.008333333333334,1.9613467454910278,6.969680078824362,2
D.Kincaid,2023,16,1.7000000000000002,9.26923076923077,1.3506792783737183,10.619910047604488,2
J.Mingo,2023,16,1.9,6.223076923076923,1.2017796039581299,7.424856527035053,2
T.Higgins,2023,16,25.0,10.97,-0.32845863699913025,10.64154136300087,2
A.Cooper,2023,16,51.5,12.535714285714286,0.2647863030433655,12.800500588757652,2
D.Njoku,2023,16,16.4,11.957142857142856,-0.08965197950601578,11.86749087763684,2
Dav.Bell,2023,16,1.6,3.6,-0.14106670022010803,3.458933299779892,2
J.Akins,2023,16,3.8,1.52,1.1942925453186035,2.7142925453186035,-1
D.Slayton,2023,16,18.0,6.8,0.9918211698532104,7.79182116985321,2
D.Waller,2023,16,5.2,9.822222222222225,0.27307435870170593,10.09529658092393,2
J.Ferguson,2023,16,8.5,10.6,0.32152217626571655,10.921522176265716,2
M.Gallup,2023,16,2.4,6.1000000000000005,0.6249682903289795,6.72496829032898,2
J.Tolbert,2023,16,7.1000000000000005,4.3,0.44176843762397766,4.7417684376239775,2
J.Reynolds,2023,16,2.6,8.807692307692308,0.342172771692276,9.149865079384584,2
Ju.Watson,2023,16,13.8,5.841666666666666,0.3462618291378021,6.187928495804468,2
M.Valdes-Scantling,2023,16,0.0,3.942857142857143,1.3478375673294067,5.29069471018655,2
R.James,2023,16,8.4,1.58,1.5163880586624146,3.0963880586624146,-1
B.Bell,2023,16,1.4,2.225,0.29613161087036133,2.5211316108703614,-1
J.Ross,2023,16,1.2,2.1333333333333333,1.2638521194458008,3.397185452779134,2
M.Heath,2023,16,1.0,2.9222222222222225,0.4821797013282776,3.4044019235505,2
S.Toure,2023,16,0.0,2.9,1.2691041231155396,4.16910412311554,2
I.Likely,2023,16,8.600000000000001,6.32,0.32070308923721313,6.640703089237213,2
D.Schultz,2023,16,14.1,10.275,-0.15644074976444244,10.118559250235558,2
O.Beckham,2023,16,3.3,8.325000000000001,0.6677232384681702,8.992723238468171,2
C.Kolar,2023,16,2.7,1.6000000000000003,1.567606806755066,3.1676068067550665,-1
J.Downs,2023,16,9.9,9.435714285714283,0.22664180397987366,9.662356089694157,2
E.Engram,2023,16,17.5,12.635714285714286,-0.4791729748249054,12.15654131088938,2
M.Alie-Cox,2023,16,0.0,3.95,-0.413218230009079,3.536781769990921,2
A.Pierce,2023,16,6.0,5.471428571428571,1.1784930229187012,6.649921594347272,2
T.Lockett,2023,16,16.1,11.94285714285714,-0.1183861643075943,11.824470978549545,2
D.Metcalf,2023,16,15.6,14.784615384615384,-1.3744328022003174,13.410182582415066,2
T.Higbee,2023,16,6.0,6.946153846153847,0.6306332945823669,7.576787140736214,2
J.Smith-Njigba,2023,16,12.1,8.935714285714285,0.12755954265594482,9.06327382837023,2
W.Dissly,2023,16,1.6,2.5,1.2275424003601074,3.7275424003601074,2
C.Parkinson,2023,16,10.7,3.763636363636364,0.7235748171806335,4.487211180816997,2
D.Adams,2023,16,1.4,15.05714285714286,0.7645979523658752,15.821740809508736,2
A.Trautman,2023,16,0.0,4.261538461538462,-0.5196828842163086,3.741855577322154,2
B.Johnson,2023,16,15.7,5.457142857142857,-0.9797185063362122,4.477424350806645,2
C.Sutton,2023,16,0.0,13.5,-2.3908259868621826,11.109174013137817,2
A.Hooper,2023,16,3.3,2.4153846153846152,0.9148799180984497,3.330264533483065,2
D.Smythe,2023,16,10.6,4.66,1.211005449295044,5.871005449295044,2
A.Brown,2023,16,14.0,19.02857142857143,-2.712383270263672,16.316188158307757,2
D.Smith,2023,16,17.9,14.62142857142857,0.2987523078918457,14.920180879320416,2
M.Gesicki,2023,16,9.5,3.9083333333333337,0.9282153248786926,4.836548658212026,2
B.Aiyuk,2023,16,17.3,15.538461538461538,-0.7700752019882202,14.768386336473318,2
A.Robinson,2023,16,7.6,4.184615384615385,1.1816593408584595,5.366274725473844,2
T.Hockenson,2023,16,9.8,14.94285714285714,-0.5570992827415466,14.385757860115593,2
C.Otton,2023,16,1.7000000000000002,8.346153846153847,1.2868261337280273,9.632979979881874,2
M.Evans,2023,16,27.6,17.12142857142857,-0.2787826657295227,16.842645905699047,2
J.Oliver,2023,16,4.300000000000001,4.577777777777778,-0.5210162997245789,4.0567614780531995,2
K.Osborn,2023,16,20.5,7.43076923076923,0.1439177691936493,7.574686999962879,2
J.Johnson,2023,16,14.8,5.3,-0.027342664077878,5.272657335922122,2
C.Olave,2023,16,23.3,14.446153846153846,-0.8383052945137024,13.607848551640144,2
K.Kirkwood,2023,16,1.9,2.1333333333333333,0.8271758556365967,2.96050918896993,-1
N.Agholor,2023,16,10.0,5.723076923076923,0.2301146239042282,5.953191546981151,2
R.Tonyan,2023,16,2.4000000000000004,1.6,0.9178970456123352,2.5178970456123353,-1
M.Boykin,2023,16,1.6,1.0333333333333334,1.4910030364990234,2.5243363698323567,-1
W.Mallory,2023,16,8.7,3.3875,0.8745489120483398,4.26204891204834,2
B.Jordan,2023,16,4.7,5.185714285714285,-0.13846276700496674,5.047251518709318,2
S.Smartt,2023,16,3.3000000000000003,2.388888888888889,0.21797700226306915,2.606865891151958,2
H.Renfrow,2023,16,0.0,4.041666666666667,1.173922061920166,5.215588728586833,2
D.Parker,2023,16,10.5,5.779999999999999,0.8931909799575806,6.67319097995758,2
F.Moreau,2023,16,2.3,5.050000000000001,0.3165552020072937,5.366555202007294,2
D.Chark,2023,16,27.8,7.300000000000001,-0.6773506999015808,6.62264930009842,2
L.Schoonmaker,2023,16,1.4,2.51,0.4995659291744232,3.009565929174423,-1
J.Bates,2023,16,4.4,2.5545454545454547,0.48454374074935913,3.039089195294814,2
J.Jeudy,2023,16,7.4,8.392307692307693,1.1284747123718262,9.520782404679519,2
B.Pringle,2023,16,0.0,3.01,0.4738115668296814,3.483811566829681,2
T.Tremble,2023,16,9.9,4.58,-0.5475592017173767,4.032440798282623,2
R.Chosen,2023,16,2.9000000000000004,6.566666666666667,-1.376084566116333,5.190582100550334,2
M.Wilcox,2023,16,1.6,1.8571428571428568,1.25474214553833,3.111885002681187,-1
D.Sample,2023,16,6.800000000000001,3.2454545454545456,0.0761922150850296,3.321646760539575,-1
P.Brown,2023,16,4.5,5.466666666666666,-0.4222445487976074,5.0444221178690585,2
R.Bell,2023,16,8.2,3.0200000000000005,0.07387295365333557,3.093872953653336,2
O.Zaccheaus,2023,16,0.0,3.822222222222222,0.08718791604042053,3.9094101382626425,2
P.Ricard,2023,16,0.0,2.2,1.3361611366271973,3.5361611366271974,2
T.Irwin,2023,16,7.7,6.871428571428572,0.1800479143857956,7.0514764858143675,2
M.Lewis,2023,16,7.1,1.4500000000000002,0.920573890209198,2.370573890209198,-1
T.Kraft,2023,16,10.0,7.371428571428572,0.03695998713374138,7.408388558562313,2
D.Washington,2023,16,1.8,1.6142857142857143,1.287061095237732,2.9013468095234463,-1
J.Crowder,2023,16,0.0,7.220000000000001,-1.179492712020874,6.040507287979127,2
A.Iosivas,2023,16,7.6,3.2,-0.2641986310482025,2.9358013689517977,-1
S.Miller,2023,16,2.5,4.0,-0.48062267899513245,3.5193773210048676,2
J.Mundt,2023,16,3.3000000000000003,2.033333333333333,1.145789384841919,3.179122718175252,-1
P.Durham,2023,16,3.5,1.4600000000000002,2.0240676403045654,3.4840676403045654,-1
E.Higgins,2023,16,3.7,3.883333333333333,-0.565778374671936,3.317554958661397,2
J.Jones,2023,16,1.5,2.84,0.37709903717041016,3.21709903717041,-1
S.Sullivan,2023,16,5.1,2.771428571428572,0.8940306901931763,3.665459261621748,2
J.Guyton,2023,16,2.2,3.783333333333333,0.15010440349578857,3.933437736829122,2
L.Krull,2023,16,12.8,1.825,0.9011012315750122,2.7261012315750124,2
A.Perry,2023,16,10.5,5.66,-0.5011858940124512,5.158814105987549,2
A.Erickson,2023,16,4.6,3.68,-0.4324159026145935,3.2475840973854067,2
P.Washington,2023,16,3.9,10.666666666666666,-2.2622828483581543,8.404383818308512,2
S.Howell,2023,17,6.66,16.230666666666668,0.9301019906997681,17.160768657366436,0
J.Allen,2023,17,21.16,23.228,-2.5048375129699707,20.72316248703003,0
D.Ridder,2023,17,-1.3199999999999998,12.524615384615384,0.21057738363742828,12.735192768252812,0
B.Young,2023,17,2.6800000000000006,10.681428571428572,1.8687644004821777,12.55019297191075,0
J.Browning,2023,17,21.08,15.045714285714284,0.8072097301483154,15.8529240158626,0
D.Prescott,2023,17,20.3,19.825333333333333,0.8295614719390869,20.65489480527242,0
T.Taylor,2023,17,18.76,5.633333333333334,1.9494034051895142,7.582736738522848,0
J.Goff,2023,17,10.84,17.164,-1.1919925212860107,15.97200747871399,0
P.Mahomes,2023,17,12.0,17.874666666666666,2.069949150085449,19.944615816752115,0
J.Fields,2023,17,25.22,17.849090909090908,-0.24056223034858704,17.60852867874232,0
J.Love,2023,17,28.44,18.138666666666666,-0.8727132081985474,17.26595345846812,0
L.Jackson,2023,17,36.34,19.658666666666665,0.2603442668914795,19.919010933558145,0
C.Stroud,2023,17,12.92,18.58,0.16132687032222748,18.741326870322226,0
G.Minshew,2023,17,13.260000000000002,12.457142857142856,1.6399109363555908,14.097053793498446,0
G.Smith,2023,17,16.9,14.615384615384617,1.727245807647705,16.342630423032322,0
M.Stafford,2023,17,12.58,16.465714285714288,0.3406163156032562,16.806330601317544,0
T.Tagovailoa,2023,17,14.88,16.524,-3.076159954071045,13.447840045928956,0
J.Hurts,2023,17,19.18,22.46933333333333,-0.6136924624443054,21.855640870889026,0
B.Purdy,2023,17,17.6,18.53333333333333,1.7297451496124268,20.263078482945758,0
B.Mayfield,2023,17,16.259999999999998,16.77466666666667,-1.3157039880752563,15.458962678591412,0
R.Tannehill,2023,17,6.72,8.700000000000001,1.3247270584106445,10.024727058410646,0
D.Carr,2023,17,15.58,13.225333333333332,2.0244693756103516,15.249802708943683,0
T.Hill,2023,17,25.14,28.855,-3.3675215244293213,25.48747847557068,2
C.Beathard,2023,17,9.52,2.388,2.1727566719055176,4.5607566719055175,0
D.Henry,2023,17,4.2,14.744000000000002,-0.6884815692901611,14.05551843070984,1
A.O'Connell,2023,17,20.26,9.744444444444444,1.3072221279144287,11.051666572358872,0
B.Zappe,2023,17,12.06,7.0375,2.1275522708892822,9.165052270889282,0
D.Singletary,2023,17,11.6,9.482666666666669,2.3918190002441406,11.87448566691081,1
C.Godwin,2023,17,17.1,12.04,1.91041100025177,13.95041100025177,2
D.London,2023,17,9.6,11.191428571428572,0.9280732274055481,12.11950179883412,2
T.Huntley,2023,17,4.66,2.373333333333333,2.619945526123047,4.99327885945638,0
C.Wilson,2023,17,10.7,6.166666666666667,-0.21716168522834778,5.949504981438319,2
J.Smith,2023,17,0.0,8.63846153846154,-0.06075127422809601,8.577710264233444,2
W.Levis,2023,17,-1.36,12.9225,1.1093592643737793,14.031859264373779,0
T.Heinicke,2023,17,15.12,12.72,1.7615292072296143,14.481529207229615,0
A.St. Brown,2023,17,22.1,20.1,-5.87200927734375,14.227990722656251,2
D.Bellinger,2023,17,7.9,3.5500000000000003,1.084506869316101,4.634506869316102,2
K.Murray,2023,17,23.68,17.483333333333334,-0.2576938271522522,17.225639506181082,0
G.Wilson,2023,17,9.9,13.193333333333332,0.6839756369590759,13.877308970292408,2
R.Doubs,2023,17,5.800000000000001,11.240000000000002,0.1921170949935913,11.432117094993593,2
J.Meyers,2023,17,11.6,13.241428571428573,-0.8449388146400452,12.396489756788528,2
D.Samuel,2023,17,18.2,16.946153846153848,1.3586007356643677,18.304754581818216,2
T.Siemian,2023,17,13.74,3.44,2.554525375366211,5.99452537536621,0
J.Chase,2023,17,7.1000000000000005,17.837142857142858,-2.2427358627319336,15.594406994410924,2
T.Boyd,2023,17,4.9,9.233333333333333,0.719932496547699,9.953265829881031,2
J.Flacco,2023,17,22.66,19.545,-7.448118686676025,12.096881313323976,0
E.Stick,2023,17,11.9,13.213333333333331,0.510089099407196,13.723422432740527,0
N.Mullens,2023,17,9.12,12.326666666666666,2.014575719833374,14.34124238650004,0
T.Hudson,2023,17,6.800000000000001,7.029999999999999,0.39712169766426086,7.42712169766426,2
J.Jefferson,2023,17,10.9,19.4125,-3.949460029602051,15.46303997039795,2
K.Gainwell,2023,17,6.68,6.035714285714286,0.7546089291572571,6.790323214871543,1
D.Achane,2023,17,23.700000000000003,17.1,-5.463589668273926,11.636410331726076,1
D.Hopkins,2023,17,14.2,12.786666666666669,0.4522119462490082,13.238878612915677,2
B.Robinson,2023,17,23.2,24.0375,-4.113129615783691,19.92437038421631,1
J.Conner,2023,17,26.3,13.163636363636364,-1.1802043914794922,11.983431972156872,1
A.Gibson,2023,17,5.6000000000000005,8.22857142857143,0.19601179659366608,8.424583225165096,2
C.Samuel,2023,17,6.300000000000001,10.421428571428573,-0.15988507866859436,10.261543492759978,2
R.Moore,2023,17,6.4,6.066666666666666,0.999603271484375,7.066269938151041,2
J.Cook,2023,17,5.4,14.606666666666667,1.5121263265609741,16.118792993227643,1
Bre.Hall,2023,17,27.6,15.593333333333334,-1.0438203811645508,14.549512952168783,1
L.Murray,2023,17,0.0,5.921428571428572,0.1443670094013214,6.065795580829893,1
M.Sanders,2023,17,4.2,5.828571428571429,2.2182886600494385,8.046860088620868,1
C.Hubbard,2023,17,11.1,10.68,-0.1856454610824585,10.494354538917541,1
T.Allgeier,2023,17,15.8,7.693333333333333,0.07083866000175476,7.764171993335088,1
J.Mixon,2023,17,18.7,14.906666666666668,1.5421689748764038,16.44883564154307,1
J.Ford,2023,17,26.1,12.126666666666669,-0.2412172555923462,11.885449411074323,1
T.Williams,2023,17,0.2,1.2416666666666667,1.6673153638839722,2.908982030550639,-1
E.Moore,2023,17,17.1,7.666666666666667,1.1359543800354004,8.802621046702068,2
S.Barkley,2023,17,8.8,15.891666666666666,-2.6996231079101562,13.19204355875651,1
T.Pollard,2023,17,5.9,13.340000000000002,-0.07843992114067078,13.26156007885933,1
D.Vaughn,2023,17,2.2,2.56,1.3083945512771606,3.8683945512771607,1
D.Montgomery,2023,17,12.5,16.608333333333334,-5.857933044433594,10.75040028889974,1
J.Gibbs,2023,17,5.3,17.523076923076925,-1.5184320211410522,16.004644901935873,1
I.Pacheco,2023,17,29.5,14.184615384615386,0.2527368366718292,14.437352221287215,1
R.Rice,2023,17,17.700000000000003,12.986666666666668,-0.3354335427284241,12.651233123938244,2
K.Herbert,2023,17,20.9,8.55,0.27363941073417664,8.823639410734177,1
A.Jones,2023,17,14.0,11.31111111111111,1.3126940727233887,12.623805183834499,1
J.Reed,2023,17,26.9,12.507142857142858,0.7884735465049744,13.295616403647832,2
A.Dillon,2023,17,2.7,8.207142857142857,2.1329405307769775,10.340083387919835,1
R.Johnson,2023,17,14.9,6.553846153846154,1.1150707006454468,7.6689168544916,1
P.Taylor,2023,17,3.0,3.0,1.7220549583435059,4.722054958343506,1
D.Pierce,2023,17,3.1,6.133333333333333,1.4365901947021484,7.569923528035481,1
J.Hill,2023,17,24.1,5.45,0.9683840870857239,6.418384087085724,1
Z.Flowers,2023,17,19.6,12.453333333333337,0.4802408814430237,12.93357421477636,2
N.Brown,2023,17,1.8,11.08888888888889,0.08529169112443924,11.17418058001333,2
G.Edwards,2023,17,10.8,11.56,-0.5849267244338989,10.975073275566102,1
T.Etienne,2023,17,25.8,16.193333333333335,0.07705824822187424,16.27039158155521,1
J.Agnew,2023,17,7.300000000000001,4.714285714285714,-0.03314734995365143,4.681138364332063,2
T.Bigsby,2023,17,3.2,1.818181818181818,1.4441286325454712,3.262310450727289,-1
D.Johnson,2023,17,11.6,10.426666666666668,-0.1316382884979248,10.295028378168743,2
K.Walker,2023,17,16.5,13.36923076923077,-0.7301046848297119,12.639126084401058,1
K.Williams,2023,17,30.1,20.42727272727273,-1.0872159004211426,19.340056826851587,1
Z.Charbonnet,2023,17,9.1,6.357142857142857,2.152172088623047,8.509314945765905,1
J.Williams,2023,17,29.4,16.1125,0.3113025724887848,16.423802572488786,1
S.Perine,2023,17,4.6,7.38,1.3732742071151733,8.753274207115172,2
Z.White,2023,17,15.6,4.109090909090909,1.1341915130615234,5.243282422152433,1
A.Ekeler,2023,17,4.000000000000001,14.025,0.20876531302928925,14.23376531302929,1
J.Kelley,2023,17,0.2,4.093333333333334,1.9707881212234497,6.064121454556783,1
G.Everett,2023,17,7.7,7.846153846153846,-0.05278891697525978,7.793364929178586,2
E.Elliott,2023,17,11.5,9.993333333333334,1.1700767278671265,11.16341006120046,1
D.Swift,2023,17,7.6,12.78,0.3635604679584503,13.14356046795845,1
C.McCaffrey,2023,17,13.1,25.21333333333333,1.2621806859970093,26.47551401933034,1
N.Harris,2023,17,24.200000000000003,9.8,-0.6327517628669739,9.167248237133027,1
E.Mitchell,2023,17,14.0,2.088888888888889,1.80385422706604,3.892743115954929,1
J.Warren,2023,17,19.8,11.240000000000002,1.7255665063858032,12.965566506385805,1
A.Mattison,2023,17,5.0,8.87857142857143,1.5799423456192017,10.458513774190632,1
R.White,2023,17,8.600000000000001,16.4,-0.777077853679657,15.622922146320342,1
T.Chandler,2023,17,9.4,7.336363636363637,1.1033430099487305,8.439706646312366,1
C.Edmonds,2023,17,10.6,2.3363636363636364,1.629335641860962,3.9656992782245983,1
T.Burks,2023,17,3.1,4.6,0.6835255026817322,5.283525502681732,2
T.Spears,2023,17,6.9,8.353333333333333,1.005079984664917,9.35841331799825,1
R.Shaheed,2023,17,3.4000000000000004,10.207692307692309,-0.22380709648132324,9.983885211210985,2
C.Brown,2023,17,4.800000000000001,5.300000000000001,0.053854700177907944,5.353854700177909,1
D.Thompkins,2023,17,1.0,3.28,0.5557947158813477,3.8357947158813475,2
V.Jones,2023,17,0.2,1.2111111111111112,1.257697582244873,2.4688086933559843,-1
P.Strong,2023,17,0.9000000000000004,3.2181818181818187,0.858715295791626,4.076897113973445,1
D.Davis,2023,17,0.2,2.25,1.264438271522522,3.514438271522522,1
I.Spiller,2023,17,2.9,2.0125,1.3591340780258179,3.371634078025818,1
T.Tucker,2023,17,5.6,4.745454545454546,-0.1459656059741974,4.599488939480349,2
E.Demercado,2023,17,1.9,7.140000000000001,0.5907740592956543,7.730774059295655,1
P.Hendershot,2023,17,1.6,0.5599999999999999,1.859566569328308,2.419566569328308,-1
K.Raymond,2023,17,2.1,5.886666666666668,1.1888006925582886,7.075467359224956,2
P.Nacua,2023,17,18.700000000000003,17.713333333333335,0.6791374683380127,18.392470801671347,2
J.McLaughlin,2023,17,9.2,6.413333333333333,0.4096764028072357,6.823009736140569,1
K.Pitts,2023,17,1.5,8.74,-0.27451416850090027,8.4654858314991,2
G.Davis,2023,17,4.1,11.235714285714286,-0.3792482018470764,10.85646608386721,2
C.Lamb,2023,17,40.2,21.83333333333333,-0.3170708417892456,21.516262491544083,2
A.Ingold,2023,17,2.8,2.455555555555556,1.255306363105774,3.71086191866133,2
T.Sermon,2023,17,6.1000000000000005,2.028571428571429,1.1090731620788574,3.1376445906502863,1
V.Jefferson,2023,17,4.9,2.758333333333333,0.5650352239608765,3.3233685572942093,2
N.Bawden,2023,17,1.8,2.425,1.0343884229660034,3.4593884229660032,-1
D.Douglas,2023,17,7.300000000000001,8.049999999999999,0.8992080092430115,8.94920800924301,2
K.Juszczyk,2023,17,5.300000000000001,3.688888888888889,0.4336245357990265,4.122513424687916,2
J.Mason,2023,17,0.3,5.514285714285713,0.48685142397880554,6.001137138264519,1
K.Hunt,2023,17,9.1,8.3,-1.2083451747894287,7.091654825210572,1
H.Bryant,2023,17,3.4000000000000004,2.875,-0.49344387650489807,2.381556123495102,-1
T.Scott,2023,17,3.5,2.7454545454545456,1.0072580575942993,3.752712603048845,2
X.Gipson,2023,17,8.100000000000001,4.290909090909091,1.0118354558944702,5.302744546803561,2
R.Rivers,2023,17,1.4,2.7,1.4344687461853027,4.134468746185303,1
B.Berrios,2023,17,3.0,4.727272727272728,0.29199182987213135,5.01926455714486,2
A.Thielen,2023,17,9.8,14.533333333333331,0.2911650836467743,14.824498416980106,2
W.Robinson,2023,17,19.9,7.676923076923076,1.4035063982009888,9.080429475124065,2
A.Kamara,2023,17,6.9,18.84166666666667,-1.0004202127456665,17.841246453921002,1
L.Thomas,2023,17,5.0,8.564285714285715,-0.48561063408851624,8.078675080197199,2
G.Pickens,2023,17,20.1,12.56,-0.4973560869693756,12.062643913030625,2
K.Blasingame,2023,17,0.0,0.9666666666666668,1.2538801431655884,2.220546809832255,-1
B.Cooks,2023,17,17.0,10.0,0.9110109210014343,10.911010921001434,2
A.Abdullah,2023,17,3.2,2.5785714285714287,0.753012478351593,3.3315839069230218,2
K.Hodge,2023,17,0.0,3.3818181818181823,0.5374375581741333,3.9192557399923156,2
C.Ridley,2023,17,7.9,13.293333333333331,-1.9394662380218506,11.35386709531148,2
B.Powell,2023,17,0.0,6.172727272727273,1.0086324214935303,7.181359694220803,2
E.Gray,2023,17,1.8,2.466666666666667,1.380743145942688,3.8474098126093548,1
J.Taylor,2023,17,17.400000000000002,13.925,-2.002159833908081,11.92284016609192,1
N.Gray,2023,17,4.7,4.6571428571428575,0.6206638813018799,5.277806738444737,2
X.Hutchinson,2023,17,2.8,1.9444444444444444,1.1934877634048462,3.137932207849291,2
G.Kittle,2023,17,5.9,13.153333333333334,1.5787553787231445,14.732088712056479,2
C.Okonkwo,2023,17,6.4,6.760000000000001,1.1574082374572754,7.917408237457276,2
R.Bateman,2023,17,9.4,4.792857142857143,1.614989161491394,6.407846304348537,2
J.Bobo,2023,17,1.4,4.466666666666667,0.18696875870227814,4.653635425368945,2
J.Addison,2023,17,5.800000000000001,13.32,0.5489097237586975,13.868909723758698,2
J.Wilson,2023,17,6.4,4.342857142857143,1.0432673692703247,5.386124512127468,1
Q.Johnston,2023,17,5.9,5.586666666666667,0.19556498527526855,5.7822316519419354,2
D.Moore,2023,17,30.9,17.586666666666666,-1.9912989139556885,15.595367752710978,2
T.Johnson,2023,17,2.2,5.5600000000000005,-0.08363562077283859,5.476364379227162,1
I.Abanikanda,2023,17,7.0,2.6750000000000003,1.2285228967666626,3.903522896766663,1
C.Tillman,2023,17,1.8,3.9,0.7810471057891846,4.681047105789185,2
T.Palmer,2023,17,16.4,5.086666666666667,0.6270660758018494,5.713732742468516,2
C.Moore,2023,17,4.2,4.469230769230769,0.7969741821289062,5.266204951359676,2
M.Carter,2023,17,13.7,4.15,0.884982168674469,5.034982168674469,1
T.Thornton,2023,17,5.4,2.725,0.8348335027694702,3.5598335027694703,2
L.Bowden,2023,17,1.6,3.266666666666667,1.1567741632461548,4.423440829912822,2
K.Granson,2023,17,2.3,5.184615384615385,0.9708688855171204,6.155484270132505,2
I.Smith-Marsette,2023,17,4.2,5.175000000000001,0.9795668125152588,6.1545668125152595,1
S.LaPorta,2023,17,15.4,14.0,-2.816563367843628,11.183436632156372,2
D.Goedert,2023,17,15.7,9.933333333333334,0.7646587491035461,10.69799208243688,2
T.Goodson,2023,17,0.3,4.45,0.747532069683075,5.197532069683075,1
G.Dortch,2023,17,15.2,6.557142857142858,-0.8826355338096619,5.674507323333196,2
D.Robinson,2023,17,13.2,10.6,-1.6190851926803589,8.98091480731964,2
R.Woods,2023,17,9.8,6.625,1.4815222024917603,8.10652220249176,2
C.Kupp,2023,17,12.7,13.79090909090909,-0.5743151903152466,13.216593900593843,2
T.Conklin,2023,17,9.5,7.333333333333333,1.5340626239776611,8.867395957310993,2
S.Diggs,2023,17,7.1,16.733333333333334,-1.177537202835083,15.555796130498251,2
K.Shakir,2023,17,8.9,6.264285714285714,0.06677263975143433,6.331058354037149,2
N.Collins,2023,17,15.7,16.16923076923077,-2.471200466156006,13.698030303074763,2
J.Metchie,2023,17,2.2,2.375,1.3818575143814087,3.7568575143814087,2
J.Reagor,2023,17,4.9,1.6571428571428573,1.1904853582382202,2.8476282153810777,-1
S.Shepard,2023,17,0.0,2.1125,0.7967081665992737,2.9092081665992735,-1
T.Kelce,2023,17,4.6,15.342857142857143,0.2735985219478607,15.616455664805004,2
J.Dotson,2023,17,0.0,8.073333333333332,-0.350332111120224,7.723001222213108,2
T.McLaurin,2023,17,16.1,11.7,0.17375248670578003,11.87375248670578,2
T.McBride,2023,17,10.8,10.553333333333336,0.7550789713859558,11.308412304719292,2
Mi.Wilson,2023,17,15.5,7.590909090909091,0.008107153698801994,7.599016244607893,2
D.Kincaid,2023,17,12.7,8.72857142857143,1.1108676195144653,9.839439048085895,2
J.Mingo,2023,17,2.0,5.914285714285716,1.5015541315078735,7.41583984579359,2
T.Higgins,2023,17,2.9000000000000004,12.245454545454544,-1.1790716648101807,11.066382880644364,2
D.Njoku,2023,17,17.4,12.253333333333334,-0.9020729064941406,11.351260426839193,2
Dav.Bell,2023,17,2.7,3.3142857142857145,-0.39657700061798096,2.9177087136677335,2
J.Akins,2023,17,3.8,1.7272727272727273,0.8205487132072449,2.5478214404799724,-1
D.Slayton,2023,17,20.6,7.546666666666667,0.05014006793498993,7.596806734601657,2
D.Waller,2023,17,10.1,9.36,0.4566347897052765,9.816634789705276,2
J.Ferguson,2023,17,7.300000000000001,10.46,0.6697918772697449,11.129791877269746,2
I.Hodgins,2023,17,2.8,4.216666666666667,-0.2013048529624939,4.015361813704173,2
J.Hyatt,2023,17,5.5,4.845454545454546,1.2034913301467896,6.048945875601335,2
J.Tolbert,2023,17,1.9,4.554545454545455,0.8513944149017334,5.405939869447188,2
J.Reynolds,2023,17,2.3,8.364285714285714,-0.003874076995998621,8.360411637289715,2
Ju.Watson,2023,17,5.1000000000000005,6.453846153846154,0.50461345911026,6.958459612956414,2
M.Valdes-Scantling,2023,17,1.3,3.68,1.9678668975830078,5.6478668975830075,2
R.James,2023,17,1.6,2.716666666666667,1.7588351964950562,4.475501863161723,2
M.Heath,2023,17,2.3,2.73,0.7306157946586609,3.460615794658661,2
S.Toure,2023,17,0.3999999999999999,2.4857142857142853,1.5172998905181885,4.003014176232474,2
I.Likely,2023,17,18.2,6.527272727272728,0.7352285385131836,7.262501265785912,2
D.Schultz,2023,17,3.9,10.569230769230767,-0.0005957051180303097,10.568635064112737,2
O.Beckham,2023,17,4.300000000000001,7.938461538461539,0.8036279678344727,8.742089506296011,2
C.Kolar,2023,17,8.9,1.875,1.649105191230774,3.524105191230774,2
J.Downs,2023,17,7.300000000000001,9.466666666666669,0.1562196910381317,9.6228863577048,2
E.Engram,2023,17,12.0,12.96,-0.5886253714561462,12.371374628543855,2
M.Pittman,2023,17,9.6,16.657142857142855,-2.5037269592285156,14.15341589791434,2
M.Alie-Cox,2023,17,3.8,3.590909090909091,-0.4969984292984009,3.09391066161069,2
A.Pierce,2023,17,12.8,5.506666666666666,1.0899102687835693,6.596576935450235,2
T.Lockett,2023,17,2.0,12.22,-0.5964703559875488,11.623529644012452,2
D.Metcalf,2023,17,15.6,14.842857142857143,-1.844775676727295,12.998081466129848,2
T.Higbee,2023,17,12.2,6.878571428571429,0.7345741391181946,7.613145567689624,2
J.Smith-Njigba,2023,17,8.2,9.146666666666668,0.10418911278247833,9.250855779449147,2
C.Parkinson,2023,17,5.800000000000001,4.341666666666667,0.23131071031093597,4.572977376977603,2
D.Adams,2023,17,37.6,14.146666666666668,0.783635139465332,14.930301806132,2
A.Trautman,2023,17,1.9,3.9571428571428577,0.20610477030277252,4.16324762744563,2
B.Johnson,2023,17,6.7,6.737500000000001,-0.6795638203620911,6.05793617963791,2
L.Humphrey,2023,17,14.9,3.588888888888889,-0.2769932746887207,3.3118956142001683,2
A.Hooper,2023,17,5.800000000000001,2.4785714285714286,0.7191070914268494,3.197678519998278,2
R.Cracraft,2023,17,0.0,6.075,-0.28147631883621216,5.793523681163788,2
D.Smythe,2023,17,8.4,5.2,1.4258819818496704,6.625881981849671,2
A.Brown,2023,17,9.3,18.69333333333333,-2.3962695598602295,16.297063773473102,2
D.Smith,2023,17,6.0,14.840000000000002,-0.7168312072753906,14.123168792724611,2
M.Gesicki,2023,17,7.5,4.338461538461539,0.15523235499858856,4.493693893460128,2
B.Aiyuk,2023,17,24.4,15.664285714285716,0.8145248293876648,16.478810543673383,2
P.Freiermuth,2023,17,7.4,7.2555555555555555,-0.23833942413330078,7.017216131422255,2
C.Otton,2023,17,3.0,7.871428571428572,0.8041377663612366,8.675566337789808,2
M.Evans,2023,17,10.0,17.82,-3.742034912109375,14.077965087890625,2
J.Oliver,2023,17,2.7,4.55,0.030022256076335907,4.580022256076336,2
J.Johnson,2023,17,23.0,6.163636363636363,-0.10844922810792923,6.055187135528434,2
C.Olave,2023,17,5.6,15.078571428571433,-1.8604527711868286,13.218118657384604,2
N.Agholor,2023,17,3.8,6.028571428571429,0.41165944933891296,6.440230877910342,2
R.Tonyan,2023,17,7.0,1.6888888888888889,1.1897597312927246,2.8786486201816137,-1
W.Mallory,2023,17,2.9000000000000004,3.9777777777777774,0.6945219039916992,4.672299681769477,2
B.Jordan,2023,17,9.9,5.125,-0.05769515782594681,5.067304842174053,2
S.Smartt,2023,17,4.300000000000001,2.48,0.09391579777002335,2.5739157977700233,2
D.Parker,2023,17,2.5,6.20909090909091,0.7435133457183838,6.952604254809294,2
F.Moreau,2023,17,2.3,4.7444444444444445,0.29138919711112976,5.035833641555574,2
D.Chark,2023,17,2.8,9.008333333333333,-0.18101565539836884,8.827317677934964,2
N.Fant,2023,17,10.9,4.807692307692308,1.150921106338501,5.958613414030809,2
J.Bates,2023,17,1.6,2.708333333333333,1.0073175430297852,3.715650876363118,2
J.Jeudy,2023,17,8.4,8.321428571428571,1.4827748537063599,9.804203425134931,2
B.Pringle,2023,17,0.0,2.7363636363636363,0.8597727417945862,3.5961363781582225,2
M.Pruitt,2023,17,2.4000000000000004,2.9857142857142853,-0.14339928328990936,2.842315002424376,2
T.Sherfield,2023,17,0.0,2.0285714285714285,1.3621569871902466,3.390728415761675,-1
T.Tremble,2023,17,1.6,5.063636363636364,-0.1412857323884964,4.922350631247868,2
I.Thomas,2023,17,0.0,1.8200000000000005,1.496264934539795,3.316264934539795,2
R.Chosen,2023,17,0.0,5.65,-0.5808470249176025,5.069152975082398,2
L.Farrell,2023,17,1.7000000000000002,3.35,0.8993629813194275,4.249362981319427,2
B.Strange,2023,17,1.1,3.35,-0.44817954301834106,2.901820456981659,-1
M.Wilcox,2023,17,0.0,1.825,1.4544224739074707,3.279422473907471,-1
D.Sample,2023,17,5.1,3.5416666666666665,0.3269799053668976,3.868646572033564,2
P.Brown,2023,17,-0.5,5.328571428571428,-0.3634616434574127,4.965109785114016,2
R.Bell,2023,17,0.0,3.883333333333333,0.16738583147525787,4.050719164808591,2
P.Ricard,2023,17,7.4,1.7600000000000002,1.748494267463684,3.5084942674636843,-1
T.Irwin,2023,17,1.4,6.975,0.2950058877468109,7.270005887746811,2
T.Kraft,2023,17,10.8,7.7,0.3690270185470581,8.069027018547057,2
B.Sims,2023,17,1.6,2.1,0.5730063915252686,2.6730063915252686,-1
J.Mundt,2023,17,13.9,2.2142857142857144,1.435131549835205,3.6494172641209195,2
E.Higgins,2023,17,4.1,3.857142857142857,-0.22683818638324738,3.63030467075961,2
J.Jones,2023,17,17.4,2.6166666666666667,0.7343953847885132,3.35106205145518,-1
S.Sullivan,2023,17,0.0,3.0625,1.2432199716567993,4.305719971656799,2
L.Krull,2023,17,3.4000000000000004,4.0200000000000005,-0.4713904559612274,3.548609544038773,2
A.Perry,2023,17,1.5,6.466666666666666,-0.8108388781547546,5.655827788511911,2
A.Erickson,2023,17,16.8,3.8333333333333335,-0.07408164441585541,3.759251688917478,2
P.Washington,2023,17,1.2,8.975,-2.189357280731201,6.7856427192687985,2
K.Murray,2024,4,9.98,19.166666666666668,4.414836883544922,23.58150355021159,0
J.Allen,2024,4,7.300000000000001,23.953333333333333,-3.0400230884552,20.913310244878133,0
L.Jackson,2024,4,23.64,22.493333333333336,-1.7055424451828003,20.787790888150536,0
P.Mahomes,2024,4,13.0,14.82,-1.715054988861084,13.104945011138916,0
D.Carr,2024,4,8.06,17.033333333333335,0.32102930545806885,17.354362638791404,0
D.Prescott,2024,4,16.740000000000002,18.08,-2.600324869155884,15.479675130844115,0
D.Watson,2024,4,12.24,14.18,1.2044581174850464,15.384458117485046,0
G.Smith,2024,4,21.6,15.693333333333332,0.13819454610347748,15.831527879436809,0
B.Nix,2024,4,6.7,12.9,0.5110089182853699,13.41100891828537,0
J.Hurts,2024,4,16.32,17.06,0.6106896996498108,17.67068969964981,0
A.Richardson,2024,4,5.24,13.673333333333334,-0.04094574227929115,13.632387591054043,0
C.Stroud,2024,4,23.5,14.253333333333332,2.594533920288086,16.847867253621416,0
T.Lawrence,2024,4,15.26,11.333333333333334,2.0375003814697266,13.37083371480306,0
M.Stafford,2024,4,4.860000000000001,11.386666666666663,2.0886409282684326,13.475307594935096,0
J.Goff,2024,4,27.18,11.573333333333332,1.8601949214935303,13.433528254826863,0
J.Herbert,2024,4,11.16,10.12,1.5672918558120728,11.687291855812072,0
G.Minshew,2024,4,5.0,12.56,1.15212082862854,13.71212082862854,0
D.Jones,2024,4,9.54,14.233333333333334,0.19578556716442108,14.429118900497755,0
S.Darnold,2024,4,20.5,19.26,-2.423362970352173,16.83663702964783,0
J.Burrow,2024,4,16.28,16.88,-1.1662514209747314,15.713748579025268,0
J.Brissett,2024,4,7.02,7.506666666666667,2.1344778537750244,9.641144520441692,0
A.Rodgers,2024,4,11.6,14.920000000000002,-1.9962326288223267,12.923767371177675,0
B.Purdy,2024,4,14.62,16.69333333333333,1.1372833251953125,17.830616658528644,0
K.Cousins,2024,4,7.52,11.613333333333337,2.040414333343506,13.653747666676843,0
J.Fields,2024,4,31.980000000000004,13.906666666666666,1.1170170307159424,15.023683697382609,0
W.Levis,2024,4,-0.5,10.586666666666666,0.6943013072013855,11.280967973868052,0
C.Williams,2024,4,11.48,10.633333333333333,1.6960035562515259,12.329336889584859,0
B.Mayfield,2024,4,28.880000000000003,18.993333333333336,-2.0221710205078125,16.971162312825523,0
J.Daniels,2024,4,24.02,23.22,0.39346230030059814,23.613462300300597,0
T.Chandler,2024,4,2.3,5.566666666666667,2.0854315757751465,7.652098242441814,1
S.Diggs,2024,4,18.5,16.506666666666668,-1.823895812034607,14.68277085463206,2
M.Nabers,2024,4,23.1,22.83333333333333,-9.908472061157227,12.924861272176102,2
A.St. Brown,2024,4,20.78,17.900000000000002,-4.219142913818359,13.680857086181643,2
A.Mitchell,2024,4,1.0,1.7333333333333334,1.2951388359069824,3.028472169240316,2
D.Mooney,2024,4,8.600000000000001,11.633333333333336,0.20543040335178375,11.83876373668512,2
J.Smith-Njigba,2024,4,13.1,11.5,1.7311418056488037,13.231141805648804,2
C.Sutton,2024,4,15.0,8.4,1.5797406435012817,9.979740643501282,2
T.Hill,2024,4,22.6,15.7,-2.4983067512512207,13.201693248748779,2
D.Montgomery,2024,4,15.0,18.166666666666668,-4.235012531280518,13.93165413538615,1
J.Jefferson,2024,4,20.5,19.766666666666666,-7.4722466468811035,12.294420019785562,2
D.Moore,2024,4,11.2,12.966666666666669,3.6977131366729736,16.664379803339642,2
B.Allen,2024,4,5.6000000000000005,10.666666666666666,-2.654238700866699,8.012427965799967,1
T.Boyd,2024,4,5.1,5.233333333333333,1.1373999118804932,6.370733245213827,2
J.Meyers,2024,4,9.9,12.5,-1.1376333236694336,11.362366676330566,2
S.Barkley,2024,4,13.6,28.133333333333336,-6.517579078674316,21.61575425465902,1
A.Lazard,2024,4,10.8,14.6,-3.5491104125976562,11.050889587402343,2
Ja.Williams,2024,4,3.9,5.633333333333333,0.35754162073135376,5.990874954064687,1
J.Conner,2024,4,18.3,14.066666666666668,1.6461210250854492,15.712787691752117,1
J.Cook,2024,4,5.800000000000001,20.166666666666668,-2.737975835800171,17.428690830866497,1
T.Benson,2024,4,5.0,2.1,4.354320049285889,6.454320049285888,1
Ty.Johnson,2024,4,6.3,6.166666666666667,-2.1719284057617188,3.994738260904948,2
R.Davis,2024,4,1.1,5.6000000000000005,-0.06029446795582771,5.539705532044173,1
G.Dortch,2024,4,7.800000000000001,6.900000000000001,4.3480024337768555,11.248002433776858,2
D.Henry,2024,4,35.900000000000006,19.2,-7.155797004699707,12.044202995300292,1
X.Worthy,2024,4,16.3,10.0,-2.4038028717041016,7.596197128295898,2
Z.Flowers,2024,4,2.0,12.833333333333334,-0.109817273914814,12.72351605941852,2
J.Hill,2024,4,21.6,9.866666666666667,1.4279497861862183,11.294616452852885,2
C.Steele,2024,4,-0.3999999999999999,3.033333333333333,2.0480101108551025,5.081343444188436,1
A.Kamara,2024,4,24.9,27.23333333333333,-8.057156562805176,19.176176770528155,1
C.Hubbard,2024,4,22.1,13.633333333333336,-1.1930402517318726,12.440293081601464,1
M.Sanders,2024,4,7.6,6.233333333333333,-0.40191739797592163,5.831415935357412,1
J.Mingo,2024,4,5.4,3.466666666666667,1.0660313367843628,4.53269800345103,2
E.Elliott,2024,4,3.4000000000000004,6.766666666666667,-1.2726471424102783,5.494019524256388,1
J.Ford,2024,4,15.5,12.1,0.8868234157562256,12.986823415756225,1
C.Lamb,2024,4,23.6,13.766666666666666,-2.085350513458252,11.681316153208414,2
R.Dowdle,2024,4,13.1,7.566666666666667,1.9880338907241821,9.554700557390849,1
B.Cooks,2024,4,2.6,7.233333333333333,-1.96060311794281,5.272730215390523,2
J.Williams,2024,4,26.0,20.3,-2.7657837867736816,17.53421621322632,2
J.McLaughlin,2024,4,5.6000000000000005,4.933333333333334,0.9497911334037781,5.883124466737112,1
Z.Charbonnet,2024,4,8.8,18.566666666666663,-3.1597537994384766,15.406912867228186,1
L.Shenault,2024,4,2.8,1.3,1.1558709144592285,2.4558709144592283,-1
J.Jacobs,2024,4,11.8,10.433333333333334,2.1600563526153564,12.59338968594869,1
Em.Wilson,2024,4,2.7,8.066666666666666,-0.5211941599845886,7.545472506682078,1
J.Reed,2024,4,27.1,16.866666666666667,-0.9004356265068054,15.966231040159862,2
K.Gainwell,2024,4,0.9,2.0,1.077256679534912,3.077256679534912,2
J.Taylor,2024,4,21.6,18.366666666666667,-4.525394916534424,13.841271750132243,1
D.Achane,2024,4,5.9,20.433333333333334,-2.9077911376953125,17.52554219563802,1
T.Etienne,2024,4,7.0,13.066666666666668,-0.8078922629356384,12.25877440373103,1
J.Waddle,2024,4,7.6,10.433333333333334,0.22031782567501068,10.653651159008344,2
K.Williams,2024,4,20.4,20.4,-6.16342830657959,14.236571693420409,1
J.Gibbs,2024,4,19.8,14.433333333333335,0.3663478493690491,14.799681182702384,1
R.Rivers,2024,4,2.6,1.1666666666666667,1.4624956846237183,2.6291623512903852,-1
G.Edwards,2024,4,1.9,3.533333333333333,2.1283321380615234,5.661665471394857,1
Z.White,2024,4,3.0,4.933333333333334,3.351996421813965,8.285329755147298,1
J.Dobbins,2024,4,9.2,17.133333333333333,-0.8564983606338501,16.276834972699483,1
A.Mattison,2024,4,6.0,11.9,-3.5073328018188477,8.392667198181153,2
D.Singletary,2024,4,4.800000000000001,14.166666666666666,-0.44351819157600403,13.723148475090662,1
A.Jones,2024,4,17.900000000000002,18.166666666666668,-2.542593002319336,15.624073664347332,1
T.Tracy,2024,4,3.1,2.6333333333333333,0.6124791502952576,3.245812483628591,1
W.Robinson,2024,4,18.1,11.566666666666668,-1.5764577388763428,9.990208927790325,2
Z.Moss,2024,4,17.8,13.5,-0.22415988147258759,13.275840118527412,1
R.Stevenson,2024,4,7.8,12.966666666666669,-0.7464039921760559,12.220262674490613,1
A.Gibson,2024,4,10.9,6.6000000000000005,2.561814546585083,9.161814546585084,1
C.Brown,2024,4,23.2,5.766666666666667,0.5160862803459167,6.282752947012583,1
B.Hall,2024,4,3.8,20.33333333333333,-3.0568740367889404,17.276459296544388,1
J.Mason,2024,4,24.0,16.766666666666666,-0.6134918928146362,16.15317477385203,1
B.Robinson,2024,4,31.700000000000003,29.566666666666663,-0.3875778317451477,29.179088834921515,1
T.Allgeier,2024,4,10.0,4.266666666666667,2.0630500316619873,6.329716698328654,1
N.Harris,2024,4,10.3,10.3,3.8885161876678467,14.188516187667847,1
C.Patterson,2024,4,8.2,3.1333333333333333,1.5807855129241943,4.714118846257527,1
G.Pickens,2024,4,16.3,9.7,1.0392804145812988,10.739280414581298,2
T.Pollard,2024,4,18.8,13.166666666666666,0.14358124136924744,13.310247908035914,1
D.Swift,2024,4,29.5,6.466666666666668,2.5504209995269775,9.017087666193646,1
T.Burks,2024,4,2.3,1.0666666666666669,1.1519441604614258,2.2186108271280927,-1
T.Spears,2024,4,11.9,7.466666666666668,0.8972989320755005,8.363965598742169,2
R.White,2024,4,10.4,9.466666666666669,1.979535698890686,11.446202365557355,2
B.Irving,2024,4,12.5,7.733333333333333,2.9011003971099854,10.63443373044332,1
R.McCloud,2024,4,11.2,7.466666666666668,1.7069717645645142,9.173638431231183,2
K.Shakir,2024,4,10.2,14.333333333333334,-3.2401816844940186,11.093151648839315,2
D.Ogunbowale,2024,4,15.4,3.466666666666667,1.1769253015518188,4.643591968218486,2
T.Kelce,2024,4,15.9,5.0,1.2356678247451782,6.235667824745178,2
E.Demercado,2024,4,3.4000000000000004,3.3000000000000003,4.332946300506592,7.6329463005065925,1
R.Shaheed,2024,4,17.700000000000003,12.4,-3.350440502166748,9.049559497833252,2
C.Olave,2024,4,16.700000000000003,12.166666666666666,-0.4629325866699219,11.703734079996744,2
C.Ridley,2024,4,2.5,11.533333333333331,-1.9893639087677002,9.543969424565631,2
G.Wilson,2024,4,7.1000000000000005,12.166666666666666,-0.09048601984977722,12.076180646816889,2
J.Polk,2024,4,6.0,4.7,-1.1849056482315063,3.515094351768494,2
C.Otton,2024,4,11.2,3.6,0.5556519031524658,4.1556519031524655,2
R.Odunze,2024,4,2.0,10.266666666666667,-0.35994261503219604,9.906724051634471,2
J.Nailor,2024,4,4.1,11.966666666666669,-4.668634414672852,7.298032251993817,2
C.Samuel,2024,4,3.5,3.333333333333333,0.5392030477523804,3.8725363810857134,2
S.Perine,2024,4,7.4,3.4333333333333336,1.0907007455825806,4.524034078915914,1
B.Bowers,2024,4,5.1000000000000005,12.566666666666668,0.029647616669535637,12.596314283336204,2
T.Tucker,2024,4,15.4,10.033333333333331,-1.240640640258789,8.792692693074542,2
B.Thomas,2024,4,21.9,11.966666666666669,-0.7687300443649292,11.19793662230174,2
Q.Johnston,2024,4,2.3,13.766666666666666,-1.9117953777313232,11.854871288935342,2
T.McLaurin,2024,4,18.2,10.633333333333333,-1.1484768390655518,9.484856494267781,2
J.Smith,2024,4,0.0,5.6000000000000005,0.7576673626899719,6.3576673626899725,2
C.Godwin,2024,4,12.9,21.433333333333334,-6.717369079589844,14.71596425374349,2
T.Kraft,2024,4,17.3,4.566666666666666,2.082547664642334,6.649214331309,2
J.Dotson,2024,4,3.1,1.4666666666666668,1.6164757013320923,3.083142367998759,-1
K.Juszczyk,2024,4,2.2,4.166666666666667,1.2185816764831543,5.385248343149821,2
J.Chase,2024,4,17.5,16.5,-2.998337984085083,13.501662015914917,2
D.Slayton,2024,4,8.600000000000001,4.533333333333334,0.4299721121788025,4.963305445512137,2
T.Conklin,2024,4,5.7,5.966666666666666,0.5906140208244324,6.557280687491098,2
M.Andrews,2024,4,0.0,4.166666666666667,1.4458863735198975,5.612553040186564,2
E.Moore,2024,4,2.1,6.0,1.5781539678573608,7.578153967857361,2
D.London,2024,4,12.4,13.2,-0.5925288796424866,12.607471120357513,2
Mi.Wilson,2024,4,4.800000000000001,9.0,2.5407209396362305,11.54072093963623,2
C.Okonkwo,2024,4,1.5,5.866666666666667,-1.2900804281234741,4.576586238543193,2
K.Coleman,2024,4,8.100000000000001,6.166666666666667,-1.6735830307006836,4.493083635965983,2
D.Goedert,2024,4,13.2,13.633333333333336,-0.10874258726835251,13.524590746064984,2
M.Harrison,2024,4,15.5,15.933333333333332,-0.2432807832956314,15.6900525500377,2
M.Hollins,2024,4,1.5,4.366666666666667,-1.4859795570373535,2.8806871096293136,2
E.Higgins,2024,4,3.2,4.7,2.4089767932891846,7.108976793289185,2
D.Kincaid,2024,4,9.7,7.5,-1.4632898569107056,6.036710143089294,2
I.Likely,2024,4,3.6,10.7,-1.5930068492889404,9.106993150711059,2
R.Bateman,2024,4,3.3000000000000003,8.700000000000001,-0.6477823257446289,8.052217674255372,2
Ju.Watson,2024,4,4.7,3.333333333333333,1.0510618686676025,4.384395202000936,2
N.Agholor,2024,4,3.0,3.5,1.325481653213501,4.825481653213501,2
J.Sanders,2024,4,3.6,1.4,1.576737880706787,2.976737880706787,-1
A.Cooper,2024,4,7.5,11.766666666666666,-2.94740891456604,8.819257752100626,2
J.Jeudy,2024,4,13.2,10.833333333333334,-0.10099603235721588,10.732337300976118,2
J.Akins,2024,4,2.0,4.866666666666667,1.2222238779067993,6.0888905445734665,2
J.Tolbert,2024,4,5.4,9.866666666666667,-1.489986777305603,8.376679889361064,2
T.Lockett,2024,4,11.1,8.933333333333334,0.9327294230461121,9.866062756379446,2
N.Fant,2024,4,4.6,5.833333333333333,0.8647654056549072,6.69809873898824,2
D.Metcalf,2024,4,15.4,18.4,-3.9194507598876953,14.480549240112303,2
L.Humphrey,2024,4,0.0,6.233333333333334,1.3256231546401978,7.558956487973532,2
J.Reynolds,2024,4,0.0,9.466666666666669,0.8562907576560974,10.322957424322766,2
R.Doubs,2024,4,7.9,7.0,2.111584186553955,9.111584186553955,2
D.Wicks,2024,4,24.8,3.866666666666666,-0.2458498775959015,3.6208167890707643,-1
L.Musgrave,2024,4,4.3,0.9666666666666668,2.4962754249572754,3.462942091623942,-1
M.Pittman,2024,4,17.3,6.6000000000000005,1.7953606843948364,8.395360684394838,2
A.Pierce,2024,4,1.9,14.5,-3.366274833679199,11.1337251663208,2
D.Schultz,2024,4,6.4,3.9333333333333336,1.335809588432312,5.269142921765646,2
N.Collins,2024,4,33.1,19.26666666666667,-2.4465644359588623,16.820102230707807,2
G.Davis,2024,4,1.5,6.766666666666667,1.404882550239563,8.171549216906229,2
C.Kirk,2024,4,19.1,6.933333333333334,1.1559008359909058,8.08923416932424,2
D.Robinson,2024,4,5.7,6.466666666666666,1.4208062887191772,7.887472955385843,2
C.Parkinson,2024,4,7.300000000000001,5.333333333333333,1.3621045351028442,6.695437868436177,2
S.LaPorta,2024,4,9.3,5.8,1.0358182191848755,6.835818219184875,2
T.Johnson,2024,4,1.6,9.0,-0.016484256833791733,8.983515743166208,2
W.Dissly,2024,4,4.4,4.366666666666667,0.7549334764480591,5.121600143114726,2
H.Hurst,2024,4,1.6,3.4333333333333336,0.791029155254364,4.224362488587698,2
L.McConkey,2024,4,17.7,8.966666666666667,-0.9985721111297607,7.968094555536906,2
J.Mundt,2024,4,3.5,4.633333333333334,-0.8750742673873901,3.7582590659459436,-1
M.Gesicki,2024,4,0.0999999999999999,9.866666666666667,0.5600594282150269,10.426726094881694,2
H.Henry,2024,4,3.2,8.533333333333333,0.9849789142608643,9.518312247594197,2
A.Hooper,2024,4,9.3,3.1666666666666665,1.0175817012786865,4.184248367945353,2
A.Iosivas,2024,4,3.9,12.166666666666666,-2.388707160949707,9.777959505716959,2
B.Aiyuk,2024,4,6.800000000000001,7.466666666666666,1.4779027700424194,8.944569436709084,2
J.Jennings,2024,4,11.8,21.2,-8.163311004638672,13.036688995361327,2
P.Freiermuth,2024,4,16.7,7.3,1.1975986957550049,8.497598695755006,2
K.Pitts,2024,4,0.0,8.166666666666666,0.27044278383255005,8.437109450499216,2
C.Austin,2024,4,2.7,7.6,-0.4802655875682831,7.119734412431717,2
C.Kmet,2024,4,6.4,11.266666666666666,-1.008524775505066,10.2581418911616,2
M.Evans,2024,4,23.4,11.333333333333334,-2.024092197418213,9.309241135915121,2
Z.Ertz,2024,4,7.2,8.266666666666667,0.945449709892273,9.21211637655894,2
K.Murray,2024,5,24.1,16.87,1.5663635730743408,18.436363573074342,0
J.Allen,2024,5,14.64,19.79,-3.27896785736084,16.51103214263916,0
L.Jackson,2024,5,33.42,22.78,-0.7362958192825317,22.04370418071747,0
P.Mahomes,2024,5,13.44,14.365000000000002,2.1018168926239014,16.466816892623903,0
D.Carr,2024,5,12.6,14.79,-0.40184834599494934,14.38815165400505,0
A.Dalton,2024,5,3.74,13.42,-0.4499160647392273,12.970083935260773,0
D.Prescott,2024,5,16.380000000000003,17.745,-2.0043253898620605,15.74067461013794,0
D.Watson,2024,5,8.4,13.695,1.7293123006820679,15.424312300682068,0
G.Smith,2024,5,22.56,17.17,-0.46190592646598816,16.708094073534014,0
B.Nix,2024,5,23.14,11.35,1.1113059520721436,12.461305952072143,0
C.Stroud,2024,5,15.94,16.565,2.2605643272399902,18.82556432723999,0
T.Lawrence,2024,5,21.24,12.315,2.044220447540283,14.359220447540283,0
M.Stafford,2024,5,12.4,9.755,2.25343656539917,12.00843656539917,0
G.Minshew,2024,5,7.680000000000001,10.67,1.4440430402755737,12.114043040275574,0
D.Jones,2024,5,22.08,13.06,1.445043921470642,14.505043921470643,0
S.Darnold,2024,5,4.26,19.57,-2.3781633377075195,17.19183666229248,0
J.Burrow,2024,5,33.78,16.729999999999997,0.8374006748199463,17.567400674819943,0
J.Brissett,2024,5,7.4,7.385000000000001,1.8296549320220947,9.214654932022096,0
A.Rodgers,2024,5,11.76,14.09,1.2160252332687378,15.306025233268738,0
B.Purdy,2024,5,13.06,16.175,-0.2572208344936371,15.917779165506364,0
D.Samuel,2024,5,3.0,15.633333333333336,-0.401309072971344,15.232024260361992,2
K.Cousins,2024,5,34.36,10.59,1.7978298664093018,12.387829866409302,0
J.Fields,2024,5,15.94,18.425,0.4025421142578125,18.827542114257813,0
C.Williams,2024,5,23.56,10.845,0.4763645827770233,11.321364582777024,0
B.Mayfield,2024,5,23.4,21.465,-4.354281902313232,17.110718097686767,0
J.Daniels,2024,5,19.72,23.42,-0.6047486066818237,22.815251393318178,0
T.Chandler,2024,5,5.9,4.75,1.6354848146438599,6.38548481464386,1
S.Diggs,2024,5,14.2,17.005,-0.9839963912963867,16.021003608703612,2
T.Atwell,2024,5,12.5,11.1,0.0522058829665184,11.152205882966518,2
A.Mitchell,2024,5,9.16,1.55,1.0808628797531128,2.6308628797531126,2
D.Mooney,2024,5,31.5,10.875,0.08964110910892487,10.964641109108925,2
J.Smith-Njigba,2024,5,13.1,11.9,1.0325490236282349,12.932549023628235,2
C.Sutton,2024,5,5.2,10.05,0.9980299472808838,11.048029947280884,2
T.Hill,2024,5,12.9,17.425,-0.9707320332527161,16.454267966747285,2
J.Jefferson,2024,5,15.2,19.950000000000003,-6.642034530639648,13.307965469360354,2
D.Moore,2024,5,30.8,12.525,-1.235275149345398,11.289724850654602,2
B.Allen,2024,5,3.8,9.4,-0.457592636346817,8.942407363653183,1
J.Meyers,2024,5,13.2,11.85,-0.49871307611465454,11.351286923885345,2
A.Lazard,2024,5,13.4,13.65,-1.6511868238449097,11.99881317615509,2
D.Brown,2024,5,13.7,2.9,1.2051057815551758,4.105105781555176,2
Ja.Williams,2024,5,0.9,5.2,1.1935279369354248,6.393527936935425,1
J.Conner,2024,5,14.0,15.125,-3.998563289642334,11.126436710357666,1
J.Cook,2024,5,17.900000000000002,16.575000000000003,-3.2721240520477295,13.302875947952273,1
Ty.Johnson,2024,5,1.5,6.2,-0.9385714530944824,5.261428546905518,2
R.Davis,2024,5,1.4,4.475,1.455810546875,5.930810546875,1
G.Dortch,2024,5,1.7000000000000002,7.125,1.3370282649993896,8.46202826499939,2
D.Henry,2024,5,16.6,23.375,-3.465456962585449,19.90954303741455,1
X.Worthy,2024,5,11.8,11.575,-2.611471176147461,8.963528823852538,2
Z.Flowers,2024,5,19.0,10.125,0.9739582538604736,11.098958253860474,2
J.Hill,2024,5,3.5,12.8,-0.675243079662323,12.124756920337678,2
C.Steele,2024,5,1.2000000000000002,2.175,1.8962153196334839,4.071215319633484,1
A.Kamara,2024,5,12.6,26.65,-8.098796844482422,18.551203155517577,1
C.Hubbard,2024,5,17.5,15.75,-2.115158796310425,13.634841203689575,1
M.Sanders,2024,5,5.300000000000001,6.575,0.6268579363822937,7.201857936382294,1
J.Mingo,2024,5,5.7,3.95,0.9394116401672363,4.8894116401672365,2
E.Elliott,2024,5,1.7000000000000002,5.925,0.22600924968719482,6.151009249687195,1
J.Ford,2024,5,7.9,12.95,3.3449840545654297,16.29498405456543,1
C.Lamb,2024,5,11.4,16.225,-3.7447423934936523,12.480257606506349,2
R.Dowdle,2024,5,19.4,8.95,-0.4275686740875244,8.522431325912475,1
J.Williams,2024,5,16.1,21.725,-3.6372201442718506,18.08777985572815,2
J.McLaughlin,2024,5,11.5,5.1,1.311794400215149,6.411794400215149,1
Z.Charbonnet,2024,5,6.0,16.125,-2.857855796813965,13.267144203186035,1
J.Jacobs,2024,5,16.4,10.775,2.346475124359131,13.121475124359131,1
Em.Wilson,2024,5,2.5000000000000004,6.7250000000000005,-0.2989611029624939,6.426038897037507,1
J.Reed,2024,5,13.7,19.425,-2.649287462234497,16.775712537765504,2
T.Dell,2024,5,7.300000000000001,7.466666666666666,1.5932676792144775,9.059934345881143,2
D.Achane,2024,5,2.7,16.8,-1.0209839344024658,15.779016065597535,1
T.Etienne,2024,5,12.0,11.55,0.3052441477775574,11.855244147777558,1
T.Bigsby,2024,5,25.9,5.733333333333333,2.8356738090515137,8.569007142384848,1
J.Waddle,2024,5,8.600000000000001,9.725,1.350860595703125,11.075860595703125,2
D.Duvernay,2024,5,0.3,0.5333333333333333,1.87309992313385,2.4064332564671833,-1
A.Ingold,2024,5,6.3,1.8,1.4228731393814087,3.2228731393814085,-1
K.Williams,2024,5,15.5,20.4,-4.297825336456299,16.1021746635437,1
A.Mattison,2024,5,10.1,10.425,-3.497324228286743,6.9276757717132575,1
A.Jones,2024,5,6.300000000000001,18.1,-0.7245725393295288,17.375427460670473,1
E.Gray,2024,5,6.4,0.8666666666666667,1.5750969648361206,2.4417636315027873,-1
T.Tracy,2024,5,14.0,2.75,1.2861242294311523,4.036124229431152,2
W.Robinson,2024,5,16.0,13.2,-0.2865806221961975,12.913419377803802,2
Z.Moss,2024,5,8.200000000000001,14.575,-2.7956840991973877,11.779315900802612,1
R.Stevenson,2024,5,19.200000000000003,11.675,-0.73801189661026,10.93698810338974,1
A.Gibson,2024,5,6.6000000000000005,7.675000000000001,1.8733125925064087,9.54831259250641,1
C.Brown,2024,5,16.4,10.125,-0.1655433028936386,9.959456697106361,1
B.Hall,2024,5,6.7,16.200000000000003,-3.647674560546875,12.552325439453128,1
J.Mason,2024,5,8.8,18.575000000000003,-0.034453608095645905,18.540546391904357,1
B.Robinson,2024,5,24.5,30.1,-2.6177220344543457,27.482277965545656,1
T.Allgeier,2024,5,5.5,5.7,2.179898738861084,7.879898738861084,1
N.Harris,2024,5,9.7,10.3,3.2560033798217773,13.556003379821778,1
G.Pickens,2024,5,5.6,11.35,2.282975912094116,13.632975912094116,2
D.Swift,2024,5,20.0,12.225,1.516990303993225,13.741990303993225,1
R.White,2024,5,9.6,9.7,2.042851209640503,11.742851209640502,1
B.Irving,2024,5,5.6000000000000005,8.925,1.8445450067520142,10.769545006752015,1
A.Ekeler,2024,5,11.7,11.800000000000002,0.03289603069424629,11.832896030694249,2
R.McCloud,2024,5,12.6,8.4,1.4401047229766846,9.840104722976685,2
J.Wright,2024,5,8.6,1.7666666666666668,1.680565357208252,3.4472320238749186,1
D.Ogunbowale,2024,5,14.7,6.45,-0.5146076083183289,5.935392391681671,2
T.Kelce,2024,5,16.0,7.725,1.6430063247680664,9.368006324768066,2
D.Foreman,2024,5,7.0,2.766666666666667,1.853086233139038,4.619752899805706,1
D.Johnson,2024,5,3.0,1.2666666666666668,1.891109585762024,3.1577762524286905,1
T.Sermon,2024,5,18.3,3.366666666666667,0.01186511479318142,3.3785317814598486,1
E.Demercado,2024,5,1.0,3.325,1.2906643152236938,4.615664315223694,1
D.Turner,2024,5,2.7,3.3000000000000003,-0.2930784821510315,3.0069215178489688,-1
R.Shaheed,2024,5,18.6,13.725,-1.1730570793151855,12.551942920684814,2
C.Olave,2024,5,3.0,13.3,-0.45943427085876465,12.840565729141236,2
K.Turpin,2024,5,8.4,5.6000000000000005,-2.3598055839538574,3.240194416046143,2
G.Wilson,2024,5,29.1,10.9,-0.1845918893814087,10.715408110618592,2
J.Polk,2024,5,2.3,5.025,-0.3065088391304016,4.718491160869599,2
I.Guerendo,2024,5,2.2,0.6333333333333334,1.7047555446624756,2.338088877995809,-1
C.Otton,2024,5,7.4,5.5,1.441891074180603,6.941891074180603,2
R.Odunze,2024,5,9.0,8.2,-0.8219439387321472,7.378056061267852,2
C.Samuel,2024,5,0.9,3.375,1.4007989168167114,4.775798916816711,2
S.Perine,2024,5,1.9,4.425000000000001,0.9754619598388672,5.400461959838868,1
D.Douglas,2024,5,11.9,7.433333333333334,1.0873993635177612,8.520732696851095,2
X.Legette,2024,5,1.8,11.1,-0.9681296348571777,10.131870365142822,2
B.Bowers,2024,5,23.700000000000003,10.7,0.06877598911523819,10.768775989115237,2
T.Tucker,2024,5,4.6,11.375,-2.2974319458007812,9.077568054199219,2
H.Luepke,2024,5,3.4000000000000004,4.7,0.7780672311782837,5.478067231178284,2
B.Thomas,2024,5,23.200000000000003,14.45,-1.1831773519515991,13.2668226480484,2
T.McLaurin,2024,5,13.4,12.525,-0.9981464147567749,11.526853585243225,2
A.Dulin,2024,5,0.9,4.9,-0.9879094362258911,3.9120905637741092,2
M.Mims,2024,5,3.4000000000000004,1.2333333333333334,1.8339685201644897,3.067301853497823,-1
J.Smith,2024,5,11.1,4.2,1.3463431596755981,5.546343159675598,2
C.Godwin,2024,5,11.6,19.3,-3.250397205352783,16.049602794647218,2
T.Kraft,2024,5,24.8,7.75,-0.2700471580028534,7.479952841997147,2
T.Franklin,2024,5,3.0,1.6333333333333335,1.7010365724563599,3.3343699057896936,-1
J.Chase,2024,5,41.3,16.75,-2.2410788536071777,14.508921146392822,2
T.McBride,2024,5,11.3,8.733333333333334,1.4303040504455566,10.163637383778891,2
M.Burton,2024,5,1.5,1.2333333333333334,1.6317929029464722,2.8651262362798056,-1
D.Slayton,2024,5,26.200000000000003,5.550000000000001,1.2876615524291992,6.8376615524292,2
T.Conklin,2024,5,11.5,5.9,1.276990532875061,7.176990532875061,2
M.Andrews,2024,5,9.5,3.125,0.6951180100440979,3.820118010044098,2
J.Brooks,2024,5,2.0,2.733333333333333,0.6974778771400452,3.430811210473378,2
E.Moore,2024,5,4.1,5.025,1.3502694368362427,6.375269436836243,2
D.London,2024,5,33.4,13.0,-0.4153998792171478,12.584600120782852,2
Mi.Wilson,2024,5,12.8,7.95,-0.5751427412033081,7.374857258796692,2
O.Zaccheaus,2024,5,2.0,7.133333333333333,0.9089566469192505,8.042289980252583,2
K.Coleman,2024,5,11.9,6.65,-0.22607111930847168,6.423928880691529,2
N.Gray,2024,5,4.9,5.666666666666667,1.3836685419082642,7.050335208574931,2
J.Whittington,2024,5,15.9,7.400000000000001,1.077853798866272,8.477853798866274,2
M.Harrison,2024,5,5.6,15.825,-2.498140811920166,13.326859188079833,2
M.Hollins,2024,5,4.7,3.65,-0.397183358669281,3.252816641330719,2
E.Higgins,2024,5,7.2,4.325,-0.5919576287269592,3.733042371273041,2
D.Kincaid,2024,5,5.4,8.05,0.016967806965112686,8.066967806965113,2
I.Likely,2024,5,16.3,8.925,-0.13981491327285767,8.785185086727143,2
R.Bateman,2024,5,15.8,7.35,-0.8905317187309265,6.459468281269073,2
N.Agholor,2024,5,1.4,3.375,0.8648120760917664,4.239812076091766,2
J.Sanders,2024,5,4.3,1.95,0.8738933801651001,2.8238933801651003,-1
M.Tipton,2024,5,1.2,2.1,1.420634388923645,3.520634388923645,-1
A.Cooper,2024,5,10.0,10.7,0.641080379486084,11.341080379486083,2
J.Ferguson,2024,5,13.0,10.633333333333333,0.15566332638263702,10.78899665971597,2
J.Jeudy,2024,5,2.6,11.425,0.46912503242492676,11.894125032424927,2
J.Akins,2024,5,11.2,4.15,1.3502694368362427,5.500269436836243,2
J.Tolbert,2024,5,21.700000000000003,8.75,-1.233703374862671,7.516296625137329,2
T.Lockett,2024,5,11.5,9.475,0.9718390107154846,10.446839010715484,2
N.Fant,2024,5,5.4,5.525,1.0330164432525635,6.558016443252564,2
D.Metcalf,2024,5,7.5,17.65,-2.7504866123199463,14.899513387680052,2
L.Humphrey,2024,5,6.800000000000001,4.675000000000001,1.4403314590454102,6.115331459045411,2
J.Reynolds,2024,5,7.9,7.1000000000000005,1.389377474784851,8.489377474784852,2
D.Wicks,2024,5,4.0,9.1,-2.9402880668640137,6.159711933135986,2
M.Pittman,2024,5,14.7,9.275,2.4609122276306152,11.735912227630616,2
A.Pierce,2024,5,22.4,11.35,-2.0035240650177,9.3464759349823,2
D.Schultz,2024,5,7.4,4.550000000000001,1.6861451864242554,6.236145186424256,2
N.Collins,2024,5,15.8,22.725,-2.453618288040161,20.27138171195984,2
X.Hutchinson,2024,5,5.1,0.4333333333333333,2.133270502090454,2.5666038354237872,-1
M.Alie-Cox,2024,5,11.7,1.0666666666666669,1.3297417163848877,2.3964083830515546,-1
G.Davis,2024,5,4.800000000000001,5.45,1.4464925527572632,6.896492552757263,2
C.Kirk,2024,5,12.8,9.975,0.5763412117958069,10.551341211795807,2
D.Smythe,2024,5,0.0,1.0333333333333334,1.7901642322540283,2.8234975655873615,-1
D.Robinson,2024,5,11.8,6.275,1.142791509628296,7.417791509628296,2
C.Parkinson,2024,5,12.2,5.825,1.2211226224899292,7.046122622489929,2
T.Johnson,2024,5,9.8,7.15,1.0327106714248657,8.182710671424866,2
J.Mundt,2024,5,5.1,4.35,-0.3981676697731018,3.951832330226898,2
M.Gesicki,2024,5,5.1,7.425000000000001,1.0174510478973389,8.44245104789734,2
H.Henry,2024,5,5.2,7.2,2.2524564266204834,9.452456426620483,2
A.Hooper,2024,5,1.9,4.7,-0.3327285051345825,4.367271494865418,2
A.Iosivas,2024,5,4.9,10.1,-2.126537322998047,7.973462677001953,2
G.Kittle,2024,5,20.4,14.366666666666667,-3.3837122917175293,10.982954374949138,2
B.Aiyuk,2024,5,22.700000000000003,7.3,1.4113675355911255,8.711367535591126,2
J.Jennings,2024,5,2.3,18.85,-5.545389652252197,13.304610347747804,2
V.Jefferson,2024,5,5.6,2.8666666666666667,1.3092173337936401,4.175884000460307,2
P.Freiermuth,2024,5,11.4,9.65,-0.2793404757976532,9.370659524202347,2
K.Pitts,2024,5,15.8,6.125,-0.29662030935287476,5.828379690647125,2
C.Austin,2024,5,1.6,6.375,-0.7762435674667358,5.598756432533264,2
D.Washington,2024,5,1.5,4.7,-0.8348351716995239,3.8651648283004763,2
G.Everett,2024,5,4.2,1.0,1.1146819591522217,2.1146819591522217,-1
C.Kmet,2024,5,8.7,10.05,-0.5361870527267456,9.513812947273255,2
M.Evans,2024,5,23.2,14.35,-2.410261631011963,11.939738368988037,2
Z.Ertz,2024,5,3.0,8.0,1.377487063407898,9.377487063407898,2
L.McCaffrey,2024,5,4.9,4.966666666666667,1.3106063604354858,6.277273027102153,2
E.All,2024,5,3.0,6.733333333333334,0.8497851490974426,7.583118482430777,2
B.Strange,2024,5,12.4,7.866666666666667,-0.6378424763679504,7.228824190298717,2
L.Farrell,2024,5,3.7,1.4666666666666668,1.6062878370285034,3.07295450369517,-1
M.Williams,2024,5,4.5,6.666666666666667,1.143858551979065,7.810525218645732,2
N.Adkins,2024,5,1.8,0.8666666666666667,1.8869010210037231,2.75356768767039,-1
K.Murray,2024,6,11.96,18.316000000000003,2.35992693901062,20.675926939010623,0
J.Allen,2024,6,24.4,18.76,-2.123971700668335,16.636028299331667,0
L.Jackson,2024,6,18.92,24.908000000000005,0.3057197332382202,25.213719733238225,0
A.Dalton,2024,6,14.94,11.0,0.810451090335846,11.810451090335846,0
D.Prescott,2024,6,3.22,17.472,1.4085428714752197,18.88054287147522,0
D.Watson,2024,6,8.42,12.636,1.9252815246582031,14.561281524658202,0
G.Smith,2024,6,12.48,18.248,-0.7012509703636169,17.546749029636384,0
B.Nix,2024,6,20.74,13.707999999999998,0.15925592184066772,13.867255921840666,0
J.Love,2024,6,25.62,20.173333333333336,-2.5519165992736816,17.621416734059654,0
J.Hurts,2024,6,21.86,16.875,-0.10464805364608765,16.770351946353912,0
C.Stroud,2024,6,18.38,16.44,1.2499454021453857,17.689945402145387,0
T.Lawrence,2024,6,17.06,14.1,-0.07281532883644104,14.027184671163559,0
J.Goff,2024,6,25.1,15.475,0.33131566643714905,15.806315666437149,0
J.Herbert,2024,6,13.68,10.38,1.3988208770751953,11.778820877075196,0
D.Jones,2024,6,11.8,14.864,1.09384286403656,15.95784286403656,0
J.Burrow,2024,6,19.82,20.14,-3.670632839202881,16.46936716079712,0
A.Rodgers,2024,6,17.759999999999998,13.624,0.5098382234573364,14.133838223457337,0
B.Purdy,2024,6,24.1,15.552,-0.12903228402137756,15.422967715978622,0
D.Samuel,2024,6,20.700000000000003,12.475,0.9103667140007019,13.385366714000702,2
K.Cousins,2024,6,12.5,15.344,-1.2675127983093262,14.076487201690673,0
J.Fields,2024,6,23.7,17.928,0.09670933336019516,18.024709333360196,0
W.Levis,2024,6,7.300000000000001,7.814999999999999,2.432015895843506,10.247015895843504,0
C.Williams,2024,6,28.64,13.388,1.0422782897949219,14.430278289794922,0
B.Mayfield,2024,6,25.9,21.852,-3.4801571369171143,18.371842863082886,0
J.Daniels,2024,6,20.96,22.68,-0.9158033728599548,21.764196627140045,0
S.Diggs,2024,6,19.7,16.444,-0.21722851693630219,16.226771483063697,2
J.Johnson,2024,6,7.800000000000001,7.346666666666667,0.37537166476249695,7.722038331429164,2
A.St. Brown,2024,6,13.7,18.62,-3.261780023574829,15.358219976425172,2
K.Allen,2024,6,21.1,6.286666666666666,1.5748975276947021,7.861564194361368,2
A.Mitchell,2024,6,2.9,3.072,1.5932865142822266,4.665286514282227,2
D.Mooney,2024,6,6.800000000000001,15.0,-2.120131731033325,12.879868268966675,2
J.Smith-Njigba,2024,6,10.3,12.14,-0.6592801809310913,11.48071981906891,2
C.Sutton,2024,6,15.3,9.080000000000002,1.282069206237793,10.362069206237795,2
D.Montgomery,2024,6,21.0,17.375,-0.8499940633773804,16.52500593662262,1
D.Moore,2024,6,9.7,16.18,-1.9377565383911133,14.242243461608886,2
B.Allen,2024,6,0.8,8.280000000000001,-0.5507437586784363,7.729256241321565,1
T.Boyd,2024,6,4.9,5.2,1.5131547451019287,6.713154745101929,2
S.Barkley,2024,6,7.4,24.5,-3.5849833488464355,20.915016651153564,1
A.Lazard,2024,6,23.4,13.6,-1.150903344154358,12.449096655845642,2
D.Brown,2024,6,2.1,5.6,-0.7845197319984436,4.815480268001556,2
Ja.Williams,2024,6,0.7000000000000001,4.340000000000001,1.7419978380203247,6.0819978380203255,1
J.Conner,2024,6,6.6000000000000005,14.9,-2.2866015434265137,12.613398456573487,1
T.Benson,2024,6,2.6,2.825,1.7634055614471436,4.588405561447144,1
Ty.Johnson,2024,6,3.4000000000000004,5.26,-0.19145020842552185,5.068549791574478,2
R.Davis,2024,6,18.200000000000003,3.86,1.3955450057983398,5.255545005798339,1
G.Dortch,2024,6,4.6,6.040000000000001,1.5336970090866089,7.57369700908661,2
D.Henry,2024,6,25.200000000000003,22.02,-4.572065353393555,17.447934646606445,1
Z.Flowers,2024,6,22.4,11.9,0.378883957862854,12.278883957862854,2
J.Hill,2024,6,1.4,10.94,0.3050678074359894,11.245067807435989,2
A.Kamara,2024,6,17.4,23.84,-2.497457265853882,21.342542734146118,1
C.Hubbard,2024,6,15.3,16.1,-3.2967276573181152,12.803272342681886,1
M.Sanders,2024,6,2.3000000000000003,6.32,0.6845679879188538,7.004567987918854,1
J.Mingo,2024,6,1.1,4.3,0.974971354007721,5.274971354007721,2
E.Elliott,2024,6,1.7000000000000002,5.08,1.0734374523162842,6.153437452316284,1
J.Ford,2024,6,1.4,11.94,3.5545411109924316,15.494541110992431,1
C.Lamb,2024,6,16.1,15.260000000000002,-0.1723463386297226,15.087653661370279,2
R.Dowdle,2024,6,10.5,11.04,0.6664451956748962,11.706445195674895,1
P.Strong,2024,6,9.8,2.2333333333333334,1.5016112327575684,3.7349445660909018,2
J.Williams,2024,6,22.3,20.6,-0.38986578583717346,20.210134214162828,2
K.Walker,2024,6,20.9,22.366666666666664,-2.733633041381836,19.633033625284828,1
J.McLaughlin,2024,6,4.5,6.38,-0.15138207376003265,6.228617926239967,1
Z.Charbonnet,2024,6,4.5,14.1,-2.5562877655029297,11.54371223449707,1
J.Jacobs,2024,6,12.0,11.9,1.4153940677642822,13.315394067764283,1
Em.Wilson,2024,6,8.3,5.880000000000001,0.4524588882923126,6.332458888292313,1
J.Reed,2024,6,14.8,18.28,-1.6100635528564453,16.669936447143556,2
K.Gainwell,2024,6,2.3000000000000003,1.725,1.2307668924331665,2.9557668924331666,-1
T.Dell,2024,6,18.7,7.425000000000001,1.5484840869903564,8.973484086990357,2
T.Etienne,2024,6,-0.1,11.64,-0.6759979724884033,10.964002027511597,1
T.Bigsby,2024,6,2.4000000000000004,10.775,-0.40424343943595886,10.370756560564041,1
J.Gibbs,2024,6,12.1,15.775,-0.057311177253723145,15.717688822746277,1
K.Raymond,2024,6,11.3,2.9333333333333336,1.1015697717666626,4.034903105099996,2
J.Dobbins,2024,6,18.200000000000003,15.15,-2.255427122116089,12.894572877883911,1
A.Mattison,2024,6,17.5,10.36,-2.954864740371704,7.405135259628295,1
E.Gray,2024,6,1.3,2.25,0.46485716104507446,2.7148571610450745,2
T.Tracy,2024,6,22.7,5.0,0.8463813066482544,5.846381306648254,1
W.Robinson,2024,6,10.0,13.76,-0.4300588071346283,13.329941192865371,2
Z.Moss,2024,6,0.5,13.3,-2.0883543491363525,11.211645650863648,1
A.Gibson,2024,6,7.300000000000001,7.460000000000001,1.8249648809432983,9.2849648809433,1
C.Brown,2024,6,14.4,11.38,-1.0863869190216064,10.293613080978394,1
B.Hall,2024,6,21.9,14.3,-0.9460598826408386,13.353940117359162,1
J.Mason,2024,6,9.2,16.619999999999997,-1.4633759260177612,15.156624073982236,1
B.Robinson,2024,6,25.5,28.98,-1.9282817840576172,27.051718215942383,1
T.Allgeier,2024,6,19.8,5.66,1.104280710220337,6.764280710220337,1
N.Harris,2024,6,20.200000000000003,10.18,2.8778178691864014,13.057817869186401,1
J.Warren,2024,6,4.800000000000001,4.4,0.7145154476165771,5.1145154476165775,1
G.Pickens,2024,6,8.3,10.2,0.840231716632843,11.040231716632842,2
T.Pollard,2024,6,17.8,14.575,0.7880124449729919,15.363012444972991,1
D.Swift,2024,6,21.9,13.78,0.16178952157497406,13.941789521574973,1
T.Burks,2024,6,2.0,1.375,1.5302695035934448,2.905269503593445,-1
T.Spears,2024,6,2.7,8.575,1.2313185930252075,9.806318593025207,1
B.Irving,2024,6,18.5,8.260000000000002,1.9891412258148193,10.249141225814821,1
A.Ekeler,2024,6,10.8,11.775,0.12215754389762878,11.89715754389763,1
R.McCloud,2024,6,4.3,9.24,0.40899360179901123,9.648993601799011,2
K.Shakir,2024,6,3.9,13.3,-2.028773307800293,11.271226692199708,2
D.Ogunbowale,2024,6,0.8,8.1,-0.42452138662338257,7.675478613376617,2
D.Foreman,2024,6,6.7,3.825,2.0176408290863037,5.842640829086304,1
D.Johnson,2024,6,6.4,1.7000000000000002,1.1948331594467163,2.8948331594467165,1
B.Melton,2024,6,4.300000000000001,2.2666666666666666,1.6201437711715698,3.8868104378382364,2
T.Sermon,2024,6,2.9000000000000004,7.1,-0.05999814718961716,7.0400018528103825,1
E.Demercado,2024,6,11.4,2.8600000000000003,1.6096844673156738,4.469684467315674,1
A.Abdullah,2024,6,4.800000000000001,6.533333333333334,-1.3537626266479492,5.179570706685385,1
D.Turner,2024,6,5.7,3.15,0.6074948906898499,3.7574948906898498,1
R.Shaheed,2024,6,2.3,14.7,1.2204910516738892,15.920491051673888,2
C.Olave,2024,6,-0.5,11.24,1.545262098312378,12.785262098312378,2
K.Turpin,2024,6,5.0,6.3,0.25518128275871277,6.555181282758713,2
C.Ridley,2024,6,0.9,9.275,-0.14183571934700012,9.133164280653,2
G.Wilson,2024,6,24.700000000000003,14.54,-0.6670405268669128,13.872959473133086,2
J.Polk,2024,6,1.4,4.48,0.12843680381774902,4.6084368038177494,2
J.Hasty,2024,6,3.1,0.7333333333333334,1.6424466371536255,2.375779970486959,-1
I.Guerendo,2024,6,9.9,1.025,1.6559529304504395,2.6809529304504394,1
C.Otton,2024,6,9.5,5.88,1.751057505607605,7.631057505607605,2
R.Johnson,2024,6,5.3,11.1,-1.3777252435684204,9.72227475643158,1
R.Odunze,2024,6,6.0,8.36,0.34267687797546387,8.702676877975463,2
C.Samuel,2024,6,7.4,2.88,1.5252935886383057,4.405293588638306,2
D.Douglas,2024,6,21.200000000000003,8.55,1.1524074077606201,9.70240740776062,2
J.McNichols,2024,6,0.9,10.3,-1.6451025009155273,8.654897499084473,1
X.Legette,2024,6,11.3,8.775,0.14035342633724213,8.915353426337242,2
B.Bowers,2024,6,16.1,13.3,-1.046042799949646,12.253957200050355,2
T.Tucker,2024,6,0.0,10.02,-0.8466303944587708,9.173369605541229,2
B.Thomas,2024,6,5.7,16.2,-2.6490652561187744,13.550934743881225,2
Q.Johnston,2024,6,5.2,10.9,-3.032862424850464,7.8671375751495365,2
Di.Johnson,2024,6,19.8,11.8,-0.8003037571907043,10.999696242809296,2
T.McLaurin,2024,6,23.3,12.7,-0.47022533416748047,12.229774665832519,2
A.Dulin,2024,6,0.0,3.9,-0.3863411843776703,3.5136588156223296,2
M.Mims,2024,6,0.0,1.775,1.3548798561096191,3.129879856109619,2
C.Godwin,2024,6,35.5,17.76,-3.221674919128418,14.538325080871584,2
T.Kraft,2024,6,3.5,11.16,-2.6158058643341064,8.544194135665894,2
J.Dotson,2024,6,3.3,1.875,1.0283621549606323,2.9033621549606323,-1
J.Downs,2024,6,19.5,14.433333333333332,-1.5204970836639404,12.912836249669391,2
T.Franklin,2024,6,11.6,1.975,1.3733924627304077,3.348392462730408,-1
K.Juszczyk,2024,6,10.6,3.675,1.1750156879425049,4.850015687942505,2
J.McMillan,2024,6,0.0,4.966666666666667,-0.6104232668876648,4.356243399779002,2
J.Chase,2024,6,12.2,21.660000000000004,-5.5615620613098145,16.09843793869019,2
C.Watson,2024,6,15.8,6.333333333333333,-0.6897282600402832,5.64360507329305,2
T.McBride,2024,6,17.6,9.375,1.3071130514144897,10.68211305141449,2
D.Slayton,2024,6,11.7,9.68,-0.12353631854057312,9.556463681459427,2
T.Conklin,2024,6,3.0,7.0200000000000005,0.7223959565162659,7.742395956516266,2
M.Andrews,2024,6,15.6,4.4,1.2740758657455444,5.674075865745545,2
J.Brooks,2024,6,2.5,2.55,1.2463995218276978,3.7963995218276976,2
E.Moore,2024,6,1.3,4.840000000000001,1.5967313051223755,6.436731305122376,2
D.London,2024,6,19.4,17.080000000000002,-2.8653364181518555,14.214663581848146,2
D.Smith,2024,6,15.4,16.96666666666667,-1.5405566692352295,15.426109997431439,2
Mi.Wilson,2024,6,10.1,8.92,0.1286969780921936,9.048696978092194,2
O.Zaccheaus,2024,6,6.7,5.85,0.6339645385742188,6.483964538574218,2
C.Okonkwo,2024,6,4.0,4.775,-0.08716428279876709,4.687835717201233,2
K.Coleman,2024,6,5.6,7.7,-0.6175926327705383,7.082407367229462,2
D.Goedert,2024,6,0.0,13.525,0.09544439613819122,13.620444396138192,2
M.Harrison,2024,6,0.0,13.78,-1.6350479125976562,12.144952087402343,2
M.Hollins,2024,6,7.8,3.86,0.08817825466394424,3.948178254663944,2
D.Knox,2024,6,8.2,2.0,1.4359863996505737,3.4359863996505737,2
D.Kincaid,2024,6,11.1,7.52,0.49326905608177185,8.013269056081771,2
I.Likely,2024,6,4.7,10.4,-0.6941849589347839,9.705815041065216,2
R.Bateman,2024,6,11.1,9.04,-0.25011441111564636,8.789885588884353,2
N.Agholor,2024,6,3.5,2.98,1.306287169456482,4.286287169456482,2
F.Moreau,2024,6,7.4,8.266666666666667,0.03110790066421032,8.297774567330878,2
J.Sanders,2024,6,9.9,2.4200000000000004,1.1478848457336426,3.567884845733643,-1
M.Tipton,2024,6,2.5,1.875,1.9097095727920532,3.7847095727920532,-1
A.Cooper,2024,6,8.2,10.56,1.1024783849716187,11.66247838497162,2
J.Ferguson,2024,6,4.1,11.225,0.7569876313209534,11.981987631320953,2
J.Jeudy,2024,6,4.5,9.66,1.011480450630188,10.671480450630188,2
J.Tolbert,2024,6,8.3,11.34,0.3344130218029022,11.674413021802902,2
T.Lockett,2024,6,16.5,9.88,0.6137657761573792,10.49376577615738,2
N.Fant,2024,6,12.3,5.5,0.8525625467300415,6.3525625467300415,2
D.Metcalf,2024,6,7.800000000000001,15.62,-1.6975347995758057,13.922465200424194,2
L.Humphrey,2024,6,1.8,5.1,1.5432755947113037,6.643275594711303,2
R.Doubs,2024,6,19.9,7.225,1.4682718515396118,8.693271851539611,2
D.Wicks,2024,6,1.9,8.08,-1.9704445600509644,6.109555439949036,2
G.Calcaterra,2024,6,10.7,3.2000000000000006,0.8759521245956421,4.075952124595643,2
M.Pittman,2024,6,12.5,10.36,0.4774998426437378,10.837499842643737,2
A.Pierce,2024,6,0.0,13.560000000000002,-4.7718610763549805,8.788138923645022,2
D.Schultz,2024,6,6.7,5.12,1.5829899311065674,6.7029899311065675,2
K.Granson,2024,6,0.0,2.3000000000000003,1.468553900718689,3.7685539007186892,2
X.Hutchinson,2024,6,0.0,1.6,1.8456141948699951,3.445614194869995,-1
M.Alie-Cox,2024,6,8.100000000000001,3.725,0.19238848984241486,3.917388489842415,2
G.Davis,2024,6,21.5,5.32,0.9829941391944885,6.302994139194489,2
C.Kirk,2024,6,6.9,10.54,-0.28073281049728394,10.259267189502715,2
S.LaPorta,2024,6,12.2,6.675000000000001,1.1035491228103638,7.7785491228103645,2
B.Wright,2024,6,0.0,3.966666666666667,1.1874160766601562,5.154082743326823,2
T.Johnson,2024,6,6.0,7.6800000000000015,0.3774339556694031,8.057433955669405,2
W.Dissly,2024,6,6.6,4.375,1.3726587295532227,5.747658729553223,2
L.McConkey,2024,6,8.3,11.15,-1.4670400619506836,9.682959938049317,2
J.Palmer,2024,6,5.800000000000001,4.666666666666667,1.5148134231567383,6.181480089823405,2
J.Hyatt,2024,6,1.6,0.0,1.6568235158920288,1.6568235158920288,-1
H.Henry,2024,6,13.1,6.8,1.5307021141052246,8.330702114105225,2
A.Hooper,2024,6,-0.5,4.14,0.39164113998413086,4.5316411399841305,2
A.Iosivas,2024,6,5.6,9.06,-2.2308743000030518,6.829125699996949,2
G.Kittle,2024,6,22.8,15.875,-3.347968101501465,12.527031898498535,2
B.Aiyuk,2024,6,5.7,10.38,1.660875678062439,12.04087567806244,2
J.Jennings,2024,6,5.7,15.54,-2.5800669193267822,12.959933080673217,2
P.Freiermuth,2024,6,3.6,10.0,-0.8016305565834045,9.198369443416595,2
K.Pitts,2024,6,10.0,8.059999999999999,-0.6032536625862122,7.456746337413787,2
C.Austin,2024,6,5.6,5.42,-0.4819931089878082,4.938006891012192,2
D.Washington,2024,6,1.9,3.9,-0.920280933380127,2.979719066619873,2
G.Everett,2024,6,0.0,1.8,1.170120120048523,2.9701201200485228,-1
C.Kmet,2024,6,24.0,9.78,0.14549385011196136,9.92549385011196,2
M.Evans,2024,6,5.4,16.119999999999997,-3.2367937564849854,12.883206243515012,2
Z.Ertz,2024,6,10.8,7.0,1.1416409015655518,8.141640901565552,2
L.McCaffrey,2024,6,1.5,4.95,0.6995729804039001,5.6495729804039,2
C.Stover,2024,6,0.0,3.0333333333333337,1.3936105966567993,4.4269439299901325,2
E.All,2024,6,3.0,5.800000000000001,1.2725273370742798,7.0725273370742805,2
B.Strange,2024,6,2.1,9.0,-1.966935157775879,7.033064842224121,2
A.Ogletree,2024,6,4.4,4.066666666666666,-0.859042227268219,3.2076244393984474,2
N.Brown,2024,6,9.8,6.7,0.564958393573761,7.264958393573761,2
J.Whyle,2024,6,1.2,4.366666666666667,1.4561330080032349,5.822799674669902,2
J.Ruckert,2024,6,2.7,2.1666666666666665,0.9314910173416138,3.0981576840082803,-1
M.Williams,2024,6,0.0,6.125,0.6331104040145874,6.758110404014587,2
N.Adkins,2024,6,1.5,1.1,1.6486543416976929,2.748654341697693,-1
J.Bobo,2024,6,3.8,3.6,0.7871520519256592,4.387152051925659,2
T.Patrick,2024,6,9.8,4.066666666666666,1.0712729692459106,5.137939635912577,2
A.Barner,2024,6,2.3,5.766666666666667,-1.4512133598327637,4.315453306833903,2
K.Boutte,2024,6,14.9,2.9,1.1250274181365967,4.025027418136597,2
T.Higgins,2024,6,14.7,16.066666666666666,-2.4676764011383057,13.59899026552836,2
K.Murray,2024,7,20.2,17.256666666666664,0.6645250916481018,17.921191758314766,0
J.Allen,2024,7,21.02,19.7,-2.938520669937134,16.761479330062866,0
L.Jackson,2024,7,34.44,23.91,1.8413264751434326,25.751326475143433,0
P.Mahomes,2024,7,12.06,14.18,2.043102979660034,16.223102979660034,0
J.Haener,2024,7,5.52,0.4933333333333333,2.3079915046691895,2.8013248380025226,-1
A.Dalton,2024,7,0.0200000000000004,11.788,1.9999951124191284,13.787995112419129,0
D.Watson,2024,7,5.12,11.933333333333335,1.565500020980835,13.49883335431417,0
G.Smith,2024,7,17.78,17.286666666666665,-0.7787857055664062,16.50788096110026,0
B.Nix,2024,7,14.06,14.88,1.8193778991699219,16.699377899169924,0
J.Love,2024,7,16.8,21.535,-2.822086811065674,18.712913188934326,0
J.Hurts,2024,7,22.76,17.872,0.15762794017791748,18.029627940177917,0
A.Richardson,2024,7,8.760000000000002,11.565,1.176687240600586,12.741687240600585,0
C.Stroud,2024,7,5.34,16.763333333333332,0.3530104160308838,17.116343749364216,0
T.Lawrence,2024,7,15.02,14.593333333333334,0.5625214576721191,15.155854791005453,0
M.Stafford,2024,7,3.96,10.284,1.5796955823898315,11.863695582389832,0
J.Goff,2024,7,18.8,17.4,-0.6745171546936035,16.725482845306395,0
J.Herbert,2024,7,14.760000000000002,11.04,1.7403018474578857,12.780301847457885,0
G.Minshew,2024,7,-1.6399999999999997,10.072,1.8769276142120361,11.948927614212035,0
D.Jones,2024,7,5.96,14.353333333333332,2.1095972061157227,16.462930539449054,0
S.Darnold,2024,7,16.259999999999998,16.508,-0.7205256819725037,15.787474318027495,0
J.Burrow,2024,7,14.94,20.08666666666667,-1.1819536685943604,18.90471299807231,0
A.Rodgers,2024,7,13.04,14.313333333333333,1.105600118637085,15.418933451970418,0
B.Purdy,2024,7,17.18,16.976666666666667,-0.15705712139606476,16.819609545270602,0
K.Cousins,2024,7,7.18,14.87,0.18588975071907043,15.05588975071907,0
B.Mayfield,2024,7,27.0,22.526666666666667,-3.719463348388672,18.807203318277995,0
J.Daniels,2024,7,5.24,22.39333333333333,0.015401922166347504,22.40873525549968,0
T.Chandler,2024,7,0.4,4.98,1.2943837642669678,6.274383764266968,1
A.O'Connell,2024,7,2.08,6.706666666666667,2.1380717754364014,8.844738442103068,0
S.Diggs,2024,7,7.300000000000001,16.986666666666668,-0.8695085644721985,16.11715810219447,2
M.Nabers,2024,7,8.100000000000001,22.9,-4.604856967926025,18.295143032073973,2
T.Atwell,2024,7,11.1,11.45,0.6258308291435242,12.075830829143523,2
J.Johnson,2024,7,4.8,7.46,-0.3593158721923828,7.100684127807617,2
A.St. Brown,2024,7,25.200000000000003,17.636000000000003,0.04851416125893593,17.68451416125894,2
J.Winston,2024,7,8.68,0.28,2.4767098426818848,2.756709842681885,-1
A.Mitchell,2024,7,5.0,3.043333333333333,1.9222439527511597,4.965577286084493,2
D.Mooney,2024,7,9.6,13.633333333333336,-1.5393856763839722,12.093947656949364,2
J.Smith-Njigba,2024,7,5.300000000000001,11.833333333333334,-0.13282999396324158,11.700503339370092,2
T.Hill,2024,7,2.3,16.52,-1.0680724382400513,15.451927561759948,2
D.Montgomery,2024,7,8.0,18.1,-4.717803001403809,13.382196998596193,1
J.Mixon,2024,7,26.4,20.666666666666668,-5.147562503814697,15.51910416285197,1
J.Jefferson,2024,7,21.4,19.0,-6.456778526306152,12.543221473693848,2
B.Allen,2024,7,1.6,7.033333333333334,0.04013364389538765,7.073466977228722,1
T.Boyd,2024,7,9.3,5.140000000000001,1.36533784866333,6.505337848663331,2
S.Barkley,2024,7,26.700000000000003,21.08,-3.177633285522461,17.902366714477537,1
J.Coker,2024,7,2.0,5.6000000000000005,0.858988344669342,6.458988344669343,2
A.Lazard,2024,7,9.8,15.233333333333334,-2.2686986923217773,12.964634641011557,2
D.Brown,2024,7,3.3000000000000003,4.9,-0.7705503106117249,4.1294496893882755,2
Ja.Williams,2024,7,1.7000000000000002,3.733333333333333,1.2572078704833984,4.990541203816731,1
J.Conner,2024,7,17.200000000000003,13.516666666666667,-0.5950244069099426,12.921642259756725,1
J.Cook,2024,7,9.2,16.84,-3.4308831691741943,13.409116830825806,1
Ty.Johnson,2024,7,7.4,4.95,0.3046175241470337,5.254617524147034,1
R.Davis,2024,7,11.7,6.25,1.466240644454956,7.716240644454956,1
G.Dortch,2024,7,7.5,5.8,1.4261877536773682,7.226187753677368,2
D.Henry,2024,7,25.200000000000003,22.55,-4.1076178550720215,18.44238214492798,1
X.Worthy,2024,7,5.4,11.62,-1.8462333679199219,9.773766632080077,2
Z.Flowers,2024,7,4.0,13.65,1.2413647174835205,14.89136471748352,2
J.Hill,2024,7,15.2,9.35,1.1298084259033203,10.47980842590332,2
C.Steele,2024,7,1.7000000000000002,1.98,1.7337534427642822,3.713753442764282,1
A.Kamara,2024,7,8.4,22.76666666666667,-3.5431017875671387,19.22356487909953,1
C.Hubbard,2024,7,11.2,15.966666666666669,-1.8202204704284668,14.146446196238202,1
M.Sanders,2024,7,3.8,5.650000000000001,1.1483389139175415,6.798338913917543,1
P.Strong,2024,7,2.5,4.125,0.984900712966919,5.109900712966919,2
J.Williams,2024,7,26.700000000000003,20.883333333333336,-3.4651639461517334,17.418169387181603,2
K.Walker,2024,7,23.3,22.0,-0.5136339068412781,21.486366093158722,1
J.McLaughlin,2024,7,3.5,6.066666666666667,0.6847907900810242,6.7514574567476915,1
Z.Charbonnet,2024,7,1.9,12.5,-1.4921107292175293,11.00788927078247,1
J.Jacobs,2024,7,20.200000000000003,11.916666666666666,1.8386129140853882,13.755279580752054,1
Em.Wilson,2024,7,1.1,6.283333333333334,0.5845789909362793,6.867912324269613,1
J.Reed,2024,7,3.0,17.7,-2.1238937377929688,15.57610626220703,2
K.Gainwell,2024,7,7.700000000000001,1.84,1.5414204597473145,3.3814204597473143,1
T.Dell,2024,7,0.0,9.68,0.42189672589302063,10.10189672589302,2
D.Achane,2024,7,10.5,13.98,0.04958973452448845,14.029589734524489,1
T.Bigsby,2024,7,23.8,9.1,0.5620734095573425,9.662073409557342,1
J.Waddle,2024,7,2.1,9.5,1.6477843523025513,11.147784352302551,2
A.Ingold,2024,7,1.4,2.925,1.6676291227340698,4.59262912273407,-1
K.Williams,2024,7,19.6,19.42,-1.8851879835128784,17.534812016487123,1
J.Gibbs,2024,7,32.0,15.04,-1.0782235860824585,13.96177641391754,1
K.Raymond,2024,7,12.9,5.025,1.2423274517059326,6.267327451705933,2
Z.White,2024,7,3.7,4.45,2.6402604579925537,7.090260457992554,1
J.Dobbins,2024,7,9.6,15.760000000000002,-1.0539625883102417,14.70603741168976,1
A.Mattison,2024,7,15.3,11.55,-2.399165153503418,9.150834846496583,1
D.Singletary,2024,7,3.1,11.825,0.0772724598646164,11.902272459864616,1
A.Jones,2024,7,20.6,15.74,0.77367103099823,16.513671030998232,1
E.Gray,2024,7,1.9,2.06,1.406585454940796,3.466585454940796,2
T.Tracy,2024,7,6.2,7.95,1.6543340682983398,9.60433406829834,1
W.Robinson,2024,7,8.3,13.133333333333333,-0.23026756942272186,12.903065763910611,2
Z.Moss,2024,7,7.0,11.166666666666666,-1.171504259109497,9.995162407557169,1
R.Stevenson,2024,7,4.5,13.18,-1.266824722290039,11.91317527770996,1
A.Gibson,2024,7,2.3,7.433333333333334,2.2669172286987305,9.700250562032064,1
C.Brown,2024,7,7.300000000000001,11.883333333333333,0.019529052078723907,11.902862385412057,1
B.Hall,2024,7,26.1,15.566666666666668,-1.7648296356201172,13.801837031046551,1
J.Mason,2024,7,8.9,15.383333333333336,-1.6974842548370361,13.6858490784963,1
B.Robinson,2024,7,36.400000000000006,28.4,-1.9658585786819458,26.434141421318053,1
T.Allgeier,2024,7,5.5,8.016666666666667,2.034247398376465,10.050914065043132,1
N.Harris,2024,7,16.200000000000003,11.85,2.828665256500244,14.678665256500244,1
J.Warren,2024,7,7.9,4.5,1.1657460927963257,5.665746092796326,1
G.Pickens,2024,7,22.1,9.883333333333336,2.2333948612213135,12.11672819455465,2
T.Pollard,2024,7,8.5,15.22,1.2648366689682007,16.4848366689682,1
R.White,2024,7,29.1,9.68,1.9559534788131714,11.635953478813171,1
B.Irving,2024,7,16.700000000000003,9.966666666666669,-0.6415453553199768,9.325121311346692,1
A.Ekeler,2024,7,4.0,11.580000000000002,-0.30444616079330444,11.275553839206697,1
R.McCloud,2024,7,2.9,8.416666666666666,1.1122831106185913,9.528949777285257,2
K.Shakir,2024,7,13.5,11.42,-1.1793097257614136,10.240690274238586,2
J.Wright,2024,7,3.3000000000000003,3.475,2.3712453842163086,5.846245384216308,1
D.Ogunbowale,2024,7,0.6000000000000001,6.883333333333333,0.3717986047267914,7.255131938060124,2
T.Kelce,2024,7,5.7,9.38,0.5143628716468811,9.894362871646882,2
D.Foreman,2024,7,0.5,4.4,1.4320663213729858,5.832066321372986,1
D.Johnson,2024,7,10.0,2.64,1.2874417304992676,3.9274417304992677,1
B.Melton,2024,7,1.7000000000000002,2.7750000000000004,1.7193818092346191,4.4943818092346195,2
T.Sermon,2024,7,5.9,6.26,0.0031499098986387253,6.2631499098986385,1
E.Demercado,2024,7,1.4,4.283333333333334,0.9182323813438416,5.201565714677176,1
D.Turner,2024,7,3.7,3.66,0.7413573265075684,4.4013573265075685,2
C.Ridley,2024,7,7.2,7.6,0.844235897064209,8.444235897064209,2
G.Wilson,2024,7,13.1,16.233333333333334,-1.6301325559616089,14.603200777371725,2
J.Polk,2024,7,0.0,3.966666666666667,0.5090718269348145,4.475738493601481,2
J.Hasty,2024,7,15.7,1.3250000000000002,1.7937285900115967,3.118728590011597,1
I.Guerendo,2024,7,1.7,2.8,1.597470760345459,4.397470760345459,1
C.Otton,2024,7,18.0,6.483333333333333,0.7624812126159668,7.2458145459493,2
S.Tucker,2024,7,4.800000000000001,12.433333333333332,-3.60164475440979,8.831688578923542,1
J.Nailor,2024,7,11.6,10.0,-2.1306724548339844,7.869327545166016,2
C.Samuel,2024,7,0.0,3.633333333333333,1.407151222229004,5.040484555562337,2
S.Perine,2024,7,3.8,3.92,1.0287352800369263,4.948735280036926,1
D.Douglas,2024,7,3.4000000000000004,11.08,0.4484878182411194,11.52848781824112,2
J.McNichols,2024,7,4.2,7.95,-0.5209690928459167,7.429030907154083,1
X.Legette,2024,7,2.9000000000000004,9.28,-0.5157626271247864,8.764237372875213,2
B.Bowers,2024,7,19.3,13.766666666666667,-0.7263824939727783,13.04028417269389,2
T.Tucker,2024,7,7.7,8.35,-0.8557570576667786,7.494242942333221,2
B.Thomas,2024,7,22.1,14.45,-1.5273622274398804,12.922637772560119,2
J.Addison,2024,7,9.6,12.0,-0.7796680927276611,11.220331907272339,2
C.Kolar,2024,7,2.4000000000000004,7.0,-0.3626624643802643,6.637337535619736,2
Di.Johnson,2024,7,2.7,13.8,-0.9411311149597168,12.858868885040284,2
T.McLaurin,2024,7,15.8,14.466666666666669,-1.833953857421875,12.632712809244794,2
T.Goodson,2024,7,11.1,6.8,1.2768491506576538,8.076849150657655,1
A.Dulin,2024,7,1.2000000000000002,3.12,0.3413481116294861,3.461348111629486,2
M.Mims,2024,7,3.8,1.4200000000000002,2.141047716140747,3.561047716140747,-1
J.Smith,2024,7,22.6,5.58,1.9242578744888306,7.504257874488831,2
C.Godwin,2024,7,13.5,20.71666666666667,-4.467604160308838,16.24906250635783,2
T.Kraft,2024,7,12.3,9.883333333333333,-1.9559872150421143,7.927346118291219,2
C.Tillman,2024,7,18.1,0.85,2.0579586029052734,2.9079586029052735,-1
J.Dotson,2024,7,0.0,2.16,1.5278337001800537,3.687833700180054,-1
J.Downs,2024,7,1.3,15.7,-1.3554449081420898,14.34455509185791,2
T.Franklin,2024,7,10.0,3.9,0.43220892548561096,4.332208925485611,2
K.Juszczyk,2024,7,1.4,5.0600000000000005,0.8646789789199829,5.924678978919983,2
S.Shepard,2024,7,4.5,7.966666666666666,-1.02363121509552,6.943035451571146,2
J.McMillan,2024,7,5.6,3.725,-0.5541219115257263,3.1708780884742738,2
J.Chase,2024,7,17.6,20.08333333333333,-6.240076065063477,13.843257268269852,2
C.Watson,2024,7,1.5,8.7,-2.016461133956909,6.68353886604309,2
T.McBride,2024,7,10.1,11.02,0.44113606214523315,11.461136062145233,2
D.Slayton,2024,7,2.1,10.016666666666667,0.479753315448761,10.496419982115428,2
T.Conklin,2024,7,10.7,6.3500000000000005,1.143937110900879,7.493937110900879,2
M.Andrews,2024,7,20.1,6.266666666666667,1.1310875415802002,7.397754208246867,2
E.Moore,2024,7,10.1,4.25,1.0640350580215454,5.314035058021545,2
D.London,2024,7,18.3,17.46666666666667,-3.9177753925323486,13.54889127413432,2
D.Smith,2024,7,0.8,16.575,-1.5254355669021606,15.049564433097839,2
Mi.Wilson,2024,7,2.5,9.116666666666667,-0.4003443121910095,8.716322354475658,2
O.Zaccheaus,2024,7,6.5,6.0200000000000005,-0.0022874847054481506,6.017712515294552,2
C.Okonkwo,2024,7,9.0,4.62,0.024355405941605568,4.644355405941606,2
K.Coleman,2024,7,16.5,7.35,-0.5067470073699951,6.8432529926300045,2
N.Gray,2024,7,10.6,5.475,1.294999361038208,6.769999361038208,2
M.Harrison,2024,7,5.1,11.483333333333334,-2.3023672103881836,9.18096612294515,2
M.Hollins,2024,7,0.0,4.516666666666667,-0.37374112010002136,4.142925546566645,2
E.Higgins,2024,7,1.1,4.9,-1.0320388078689575,3.867961192131043,2
D.Knox,2024,7,1.5,3.55,-0.5652445554733276,2.984755444526672,2
D.Kincaid,2024,7,8.2,8.116666666666667,0.703549861907959,8.820216528574626,2
I.Likely,2024,7,3.7,9.45,0.5553938150405884,10.005393815040588,2
R.Bateman,2024,7,22.1,9.383333333333333,0.3501955568790436,9.733528890212376,2
Ju.Watson,2024,7,1.8,3.675,1.1971023082733154,4.872102308273315,2
N.Agholor,2024,7,3.0,3.0666666666666664,1.7289166450500488,4.795583311716715,2
F.Moreau,2024,7,5.800000000000001,8.05,-2.5667200088500977,5.483279991149903,2
J.Sanders,2024,7,12.1,3.6666666666666665,1.1041852235794067,4.770851890246073,2
M.Tipton,2024,7,10.5,2.0,1.1624451875686646,3.1624451875686646,-1
D.Njoku,2024,7,23.6,6.3,1.010957956314087,7.310957956314087,2
J.Jeudy,2024,7,2.8,8.799999999999999,0.9855103492736816,9.78551034927368,2
J.Akins,2024,7,8.2,5.5600000000000005,-0.10891319066286087,5.45108680933714,2
T.Lockett,2024,7,8.5,10.983333333333334,-0.23740607500076294,10.745927258332571,2
N.Fant,2024,7,10.5,6.633333333333333,0.3176702558994293,6.951003589232762,2
D.Metcalf,2024,7,19.9,14.316666666666668,-2.356111764907837,11.960554901758831,2
L.Humphrey,2024,7,3.2,4.55,1.5702531337738037,6.1202531337738035,2
A.Trautman,2024,7,0.0,1.7333333333333334,1.7838544845581055,3.517187817891439,2
R.Doubs,2024,7,17.4,9.76,-0.4453679025173187,9.314632097482681,2
D.Wicks,2024,7,13.8,7.05,-1.4743483066558838,5.575651693344116,2
G.Calcaterra,2024,7,1.5,5.075,1.0101653337478638,6.085165333747864,2
M.Pittman,2024,7,9.3,10.716666666666669,0.5345134139060974,11.251180080572766,2
A.Pierce,2024,7,3.5,11.300000000000002,-2.1721255779266357,9.127874422073367,2
D.Schultz,2024,7,3.8,5.383333333333333,1.4637601375579834,6.847093470891316,2
K.Granson,2024,7,0.0,1.725,1.6493639945983887,3.3743639945983888,2
X.Hutchinson,2024,7,2.1,1.28,1.6298770904541016,2.909877090454102,-1
M.Alie-Cox,2024,7,0.0,4.6,0.2737163007259369,4.8737163007259365,2
G.Davis,2024,7,2.3,8.016666666666667,-0.2811674177646637,7.735499248902004,2
C.Kirk,2024,7,3.4000000000000004,9.933333333333334,0.6004202961921692,10.533753629525503,2
D.Robinson,2024,7,1.9,7.380000000000001,-0.48818808794021606,6.891811912059785,2
C.Parkinson,2024,7,5.2,7.1,0.9388269186019897,8.03882691860199,2
S.LaPorta,2024,7,3.5,7.780000000000001,-0.12069866806268692,7.659301331937314,2
W.Dissly,2024,7,16.1,4.82,1.1779731512069702,5.9979731512069705,2
D.Adams,2024,7,6.0,14.966666666666669,-0.9551793932914734,14.011487273375195,2
L.McConkey,2024,7,9.6,10.580000000000002,-0.2516861855983734,10.328313814401628,2
J.Palmer,2024,7,10.3,4.95,1.3031678199768066,6.253167819976807,2
J.Oliver,2024,7,1.5,4.566666666666666,-0.7286097407341003,3.838056925932566,2
J.Mundt,2024,7,4.8,4.5,-0.14434145390987396,4.355658546090126,2
J.Hyatt,2024,7,0.0,0.4,1.799591302871704,2.199591302871704,-1
M.Gesicki,2024,7,1.2,6.959999999999999,1.0250202417373657,7.985020241737365,2
H.Henry,2024,7,17.200000000000003,7.85,0.9479416012763977,8.797941601276397,2
K.Osborn,2024,7,10.6,2.7,1.5196118354797363,4.2196118354797365,2
A.Hooper,2024,7,7.2,3.366666666666667,0.742619514465332,4.109286181131999,2
A.Iosivas,2024,7,0.0,8.483333333333334,-1.8977636098861694,6.585569723447165,2
G.Kittle,2024,7,15.2,17.259999999999998,-3.18868350982666,14.071316490173338,2
B.Aiyuk,2024,7,4.300000000000001,9.6,1.954323410987854,11.554323410987854,2
V.Jefferson,2024,7,9.5,3.55,1.2996790409088135,4.849679040908813,2
P.Freiermuth,2024,7,7.1000000000000005,8.933333333333334,-0.6218318343162537,8.31150149901708,2
K.Pitts,2024,7,13.5,8.383333333333333,0.07623180001974106,8.459565133353074,2
C.Austin,2024,7,4.6,5.45,-0.0070349653251469135,5.442965034674853,2
D.Washington,2024,7,7.6,3.5,-0.31239742040634155,3.1876025795936584,2
M.Evans,2024,7,9.5,14.333333333333334,-1.979413628578186,12.353919704755148,2
T.Palmer,2024,7,2.6,4.833333333333333,-1.3684632778167725,3.4648700555165606,2
Z.Ertz,2024,7,14.0,7.633333333333333,0.21176782250404358,7.845101155837376,2
C.Stover,2024,7,2.5,2.2750000000000004,1.2940739393234253,3.5690739393234256,2
E.All,2024,7,0.0,5.24,1.2786433696746826,6.518643369674683,2
A.Ogletree,2024,7,0.0,4.15,-0.352706640958786,3.7972933590412143,2
H.Bryant,2024,7,3.9,3.1666666666666665,0.7659879922866821,3.9326546589533486,2
N.Brown,2024,7,2.6,7.475,-0.04700937867164612,7.4279906213283535,2
J.Whyle,2024,7,6.4,3.575,1.1783162355422974,4.7533162355422975,2
M.Williams,2024,7,2.5,4.9,1.121299386024475,6.0212993860244755,2
J.Bobo,2024,7,0.0,3.65,0.4302309453487396,4.08023094534874,2
T.Patrick,2024,7,4.5,5.5,1.1723942756652832,6.672394275665283,2
A.Barner,2024,7,1.5,4.9,-1.1388649940490723,3.761135005950928,2
K.Boutte,2024,7,4.300000000000001,5.9,-0.2680242359638214,5.631975764036179,2
T.Higgins,2024,7,18.200000000000003,15.725,-1.392731785774231,14.332268214225769,2
K.Murray,2024,8,22.18,17.677142857142858,1.70475435256958,19.381897209712438,0
J.Allen,2024,8,19.82,19.888571428571428,-1.0799516439437866,18.80861978462764,0
L.Jackson,2024,8,24.16,25.414285714285715,-1.1085264682769775,24.305759246008737,0
P.Mahomes,2024,8,18.18,13.826666666666668,1.6378138065338135,15.464480473200481,0
B.Young,2024,8,13.56,3.64,1.671560287475586,5.3115602874755865,0
J.Haener,2024,8,5.88,1.75,2.2646703720092773,4.014670372009277,0
D.Prescott,2024,8,13.62,15.096666666666666,-0.902558445930481,14.194108220736185,0
G.Smith,2024,8,8.08,17.357142857142858,0.2650434672832489,17.622186324426107,0
B.Nix,2024,8,29.76,14.762857142857143,0.11384361237287521,14.876700755230019,0
J.Love,2024,8,5.74,20.588,0.4132680594921112,21.001268059492112,0
J.Hurts,2024,8,35.14,18.686666666666667,0.17568224668502808,18.862348913351696,0
M.Willis,2024,8,8.540000000000001,12.786666666666669,1.669481635093689,14.456148301760358,0
A.Richardson,2024,8,11.5,11.004,1.7995107173919678,12.803510717391967,0
C.Stroud,2024,8,12.4,15.131428571428572,2.0873911380767822,17.218819709505354,0
T.Lawrence,2024,8,23.32,14.654285714285717,1.127102017402649,15.781387731688366,0
M.Stafford,2024,8,24.76,9.23,2.4302031993865967,11.660203199386597,0
J.Goff,2024,8,15.5,17.633333333333336,-1.481133222579956,16.15220011075338,0
J.Herbert,2024,8,24.06,11.660000000000002,2.536646604537964,14.196646604537966,0
G.Minshew,2024,8,14.96,8.12,1.2641761302947998,9.384176130294799,0
D.Jones,2024,8,6.66,13.154285714285717,1.425205111503601,14.579490825789318,0
S.Darnold,2024,8,18.2,16.46666666666667,-1.5376447439193726,14.929021922747296,0
J.Burrow,2024,8,12.86,19.351428571428567,-0.7439537048339844,18.607474866594583,0
J.Brissett,2024,8,8.38,7.388,2.4526829719543457,9.840682971954346,0
A.Rodgers,2024,8,17.32,14.131428571428572,1.0097070932388306,15.141135664667402,0
B.Purdy,2024,8,26.0,17.005714285714287,0.642478346824646,17.648192632538933,0
D.Samuel,2024,8,12.6,14.12,-0.7592751383781433,13.360724861621856,2
K.Cousins,2024,8,28.64,13.771428571428572,2.198774814605713,15.970203386034285,0
C.Williams,2024,8,9.94,15.93,1.419252634048462,17.34925263404846,0
B.Mayfield,2024,8,22.3,23.165714285714284,-2.9506020545959473,20.215112231118336,0
J.Daniels,2024,8,22.24,19.942857142857143,0.6559560298919678,20.59881317274911,0
S.Diggs,2024,8,12.7,15.602857142857143,-0.06658683717250824,15.536270305684635,2
D.Maye,2024,8,11.52,14.146666666666668,-1.0627410411834717,13.083925625483197,0
M.Nabers,2024,8,14.1,19.94,-4.912015914916992,15.027984085083009,2
T.Atwell,2024,8,2.8,11.38,0.8516066670417786,12.23160666704178,2
J.Johnson,2024,8,7.800000000000001,6.928,0.0066957841627299786,6.93469578416273,2
A.St. Brown,2024,8,8.7,18.896666666666665,-4.359964847564697,14.536701819101967,2
J.Winston,2024,8,23.56,2.38,2.460733413696289,4.840733413696289,0
K.Allen,2024,8,5.9,9.99,-0.49146416783332825,9.498535832166672,2
A.Mitchell,2024,8,1.9,3.322857142857143,2.262540578842163,5.585397721699306,2
D.Mooney,2024,8,18.6,13.05714285714286,1.3730905055999756,14.430233362742836,2
J.Smith-Njigba,2024,8,12.9,10.900000000000002,0.45015817880630493,11.350158178806307,2
C.Sutton,2024,8,17.12,10.116666666666667,0.44186463952064514,10.558531306187312,2
T.Hill,2024,8,19.42,14.15,-1.2103830575942993,12.939616942405701,2
D.Montgomery,2024,8,14.92,16.416666666666668,-2.1372761726379395,14.279390494028728,1
J.Mixon,2024,8,23.4,22.1,-4.060703277587891,18.03929672241211,1
J.Jefferson,2024,8,19.5,19.4,-6.203558921813965,13.196441078186034,2
D.Moore,2024,8,13.3,15.1,-1.2131109237670898,13.88688907623291,2
K.Bourne,2024,8,0.0,2.3000000000000003,1.229107141494751,3.5291071414947512,-1
B.Allen,2024,8,9.2,6.257142857142857,-0.19360452890396118,6.063538328238896,1
T.Boyd,2024,8,4.4,5.833333333333333,1.3313076496124268,7.16464098294576,2
J.Meyers,2024,8,17.2,12.12,-1.027809500694275,11.092190499305724,2
S.Barkley,2024,8,12.1,22.016666666666666,-3.0024917125701904,19.014174954096475,1
J.Coker,2024,8,17.8,4.7,1.216335415840149,5.916335415840149,2
D.Brown,2024,8,1.6,4.633333333333334,0.6651113629341125,5.298444696267446,2
Ja.Williams,2024,8,0.4,3.442857142857143,1.215716004371643,4.658573147228786,1
J.Conner,2024,8,14.9,14.042857142857144,-0.9920403361320496,13.050816806725095,1
J.Cook,2024,8,28.3,15.566666666666668,-1.2219178676605225,14.344748799006146,1
T.Benson,2024,8,1.0,2.78,1.5028538703918457,4.282853870391845,1
Ty.Johnson,2024,8,0.0,5.3,-0.07200464606285095,5.227995353937149,1
R.Davis,2024,8,2.9000000000000004,7.028571428571429,1.0100865364074707,8.0386579649789,1
G.Dortch,2024,8,1.9,6.042857142857143,0.3948681354522705,6.437725278309413,2
D.Henry,2024,8,14.7,22.928571428571427,-4.773216247558594,18.155355181012833,1
X.Worthy,2024,8,13.7,10.583333333333334,-1.6887288093566895,8.894604523976644,2
Z.Flowers,2024,8,18.5,12.271428571428572,-0.569420337677002,11.70200823375157,2
J.Hill,2024,8,7.0,10.185714285714289,0.19175903499126434,10.377473320705553,2
C.Steele,2024,8,2.4000000000000004,1.933333333333333,1.6485893726348877,3.5819227059682204,1
A.Kamara,2024,8,18.2,20.714285714285715,-5.308476448059082,15.405809266226633,1
C.Hubbard,2024,8,9.1,15.285714285714286,-2.5130562782287598,12.772658007485527,1
M.Sanders,2024,8,11.5,5.385714285714286,1.3000820875167847,6.685796373231071,1
J.Mingo,2024,8,0.0,3.766666666666667,1.2683345079421997,5.035001174608867,2
E.Elliott,2024,8,10.8,4.516666666666667,0.8772283792495728,5.393895045916239,1
C.Lamb,2024,8,39.6,15.4,-1.3427704572677612,14.05722954273224,2
P.Strong,2024,8,1.3,3.8,1.4385249614715576,5.238524961471557,2
J.Williams,2024,8,9.2,21.714285714285715,-1.5226414203643799,20.191644293921335,2
K.Walker,2024,8,8.5,22.26,-3.270562171936035,18.989437828063966,1
J.McLaughlin,2024,8,12.6,5.700000000000001,0.28630533814430237,5.986305338144303,1
Z.Charbonnet,2024,8,11.4,10.985714285714286,-0.8207907676696777,10.164923518044608,1
A.Estime,2024,8,0.4,1.2000000000000002,1.5962876081466675,2.7962876081466677,1
L.Shenault,2024,8,2.0,1.675,1.1694388389587402,2.84443883895874,-1
J.Jacobs,2024,8,25.5,13.1,2.395252227783203,15.495252227783203,1
Em.Wilson,2024,8,2.3,5.542857142857143,1.0237847566604614,6.566641899517604,1
J.Reed,2024,8,7.5,15.6,1.4200804233551025,17.020080423355104,2
K.Gainwell,2024,8,1.9,2.816666666666667,1.8927104473114014,4.709377113978068,1
J.Taylor,2024,8,18.7,19.175,-1.9473541975021362,17.227645802497864,1
D.Pierce,2024,8,0.4,5.5,0.4989071488380432,5.998907148838043,1
T.Dell,2024,8,13.5,8.066666666666668,0.7452800273895264,8.811946694056195,2
R.Mostert,2024,8,16.0,6.233333333333333,2.3829643726348877,8.616297705968222,1
D.Achane,2024,8,26.700000000000003,13.4,1.4635813236236572,14.863581323623658,1
T.Bigsby,2024,8,10.6,11.55,-0.6138107180595398,10.936189281940461,1
J.Waddle,2024,8,8.5,8.266666666666667,1.5137358903884888,9.780402557055156,2
A.Ingold,2024,8,5.2,2.62,1.1585577726364136,3.7785577726364137,2
K.Williams,2024,8,22.6,19.45,-4.121142387390137,15.328857612609863,1
J.Gibbs,2024,8,20.3,17.866666666666667,-2.3999738693237305,15.466692797342937,1
K.Raymond,2024,8,9.4,6.6,-0.10860146582126617,6.4913985341787335,2
J.Dobbins,2024,8,16.8,14.733333333333334,0.4899918735027313,15.223325206836066,1
A.Mattison,2024,8,9.4,12.085714285714284,-2.4680638313293457,9.617650454384938,1
D.Singletary,2024,8,4.300000000000001,10.080000000000002,-0.4296339750289917,9.65036602497101,1
A.Jones,2024,8,11.5,16.55,-1.0845768451690674,15.465423154830933,1
E.Gray,2024,8,1.3,2.0333333333333337,0.9161586761474609,2.9494920094807946,2
T.Tracy,2024,8,23.0,7.700000000000001,1.3736191987991333,9.073619198799134,1
W.Robinson,2024,8,8.0,12.44285714285714,-0.061617784202098846,12.38123935865504,2
Z.Moss,2024,8,7.9,10.571428571428571,-0.299606591463089,10.271821979965482,1
R.Stevenson,2024,8,23.5,11.733333333333334,0.26467689871788025,11.998010232051215,1
A.Gibson,2024,8,0.7000000000000001,6.7,1.3432756662368774,8.043275666236877,1
C.Brown,2024,8,11.4,11.228571428571428,-1.2758800983428955,9.952691330228532,1
B.Hall,2024,8,9.9,17.071428571428573,-1.9371415376663208,15.134287033762252,1
J.Mason,2024,8,1.8,14.457142857142856,-1.0554096698760986,13.401733187266757,1
B.Robinson,2024,8,32.2,29.542857142857144,-2.3030478954315186,27.239809247425626,1
T.Allgeier,2024,8,3.3000000000000003,7.6571428571428575,2.1929728984832764,9.850115755626135,1
N.Harris,2024,8,16.1,12.471428571428572,1.3550294637680054,13.826458035196577,1
J.Warren,2024,8,7.9,5.18,1.6390199661254883,6.819019966125488,1
G.Pickens,2024,8,11.4,11.62857142857143,2.018799304962158,13.647370733533588,2
T.Pollard,2024,8,14.7,14.1,-0.40147915482521057,13.698520845174789,1
D.Swift,2024,8,18.9,15.133333333333333,0.14852343499660492,15.281856768329938,1
R.White,2024,8,15.7,12.916666666666666,-0.030412528663873672,12.886254138002792,1
B.Irving,2024,8,15.4,10.928571428571429,-0.4655793607234955,10.462992067847933,1
A.Ekeler,2024,8,7.800000000000001,10.316666666666668,1.1756271123886108,11.492293779055279,1
R.McCloud,2024,8,5.6,7.628571428571429,1.492612600326538,9.121184028897968,2
K.Shakir,2024,8,19.9,11.766666666666666,-0.3716851770877838,11.394981489578882,2
J.Wright,2024,8,1.8,3.44,2.0780627727508545,5.518062772750854,1
D.Ogunbowale,2024,8,0.4,5.985714285714286,0.8544256091117859,6.840139894826072,2
T.Kelce,2024,8,25.0,8.766666666666667,0.7569260597229004,9.523592726389568,2
D.Foreman,2024,8,2.6,3.75,2.1284985542297363,5.878498554229736,1
D.Johnson,2024,8,3.3,3.866666666666666,1.1529000997543335,5.019566766420999,1
B.Melton,2024,8,0.0,2.56,1.9497956037521362,4.509795603752137,2
T.Sermon,2024,8,2.4000000000000004,6.2,0.05229406803846359,6.252294068038464,1
E.Demercado,2024,8,0.0,3.871428571428571,1.0114299058914185,4.8828584773199895,1
B.Corum,2024,8,2.8,2.733333333333333,1.513615369796753,4.246948703130085,1
A.Abdullah,2024,8,2.1,6.1,0.38581690192222595,6.485816901922226,1
D.Turner,2024,8,13.2,3.6666666666666665,0.6813910603523254,4.3480577270189915,2
C.Olave,2024,8,18.700000000000003,9.283333333333331,-1.349671483039856,7.9336618502934755,2
K.Turpin,2024,8,3.7,6.040000000000001,-0.23983733355998993,5.800162666440011,2
C.Ridley,2024,8,22.6,7.533333333333334,0.5263157486915588,8.059649082024894,2
G.Wilson,2024,8,16.3,15.785714285714286,-0.420802503824234,15.364911781890052,2
I.Guerendo,2024,8,19.2,2.6166666666666667,1.5181881189346313,4.1348547856012985,1
C.Otton,2024,8,29.1,8.12857142857143,0.9232109785079956,9.051782407079425,2
R.Johnson,2024,8,6.6,9.65,-0.8081769943237305,8.84182300567627,1
R.Odunze,2024,8,8.4,7.966666666666666,0.27517229318618774,8.241838959852853,2
S.Tucker,2024,8,2.5,10.525,-2.0544040203094482,8.470595979690552,1
J.Nailor,2024,8,3.6,10.32,-2.732736587524414,7.587263412475586,2
S.Perine,2024,8,5.0,3.9,0.7747064232826233,4.674706423282624,2
D.Douglas,2024,8,3.2,9.8,0.0036166184581816196,9.803616618458182,2
X.Legette,2024,8,13.4,8.216666666666667,-0.3413670063018799,7.875299660364787,2
B.Bowers,2024,8,10.8,14.55714285714286,-0.3677770793437958,14.189365777799065,2
T.Tucker,2024,8,5.300000000000001,8.257142857142856,-0.03184837847948074,8.225294478663375,2
B.Thomas,2024,8,15.0,15.542857142857144,-2.735645055770874,12.80721208708627,2
K.Hunt,2024,8,13.3,17.166666666666668,-0.7052364349365234,16.461430231730144,1
J.Addison,2024,8,4.2,11.4,-0.7571826577186584,10.642817342281342,2
C.Kolar,2024,8,1.9,5.85,-0.43018075823783875,5.419819241762161,2
T.McLaurin,2024,8,17.5,14.657142857142858,-1.0039942264556885,13.65314863068717,2
T.Goodson,2024,8,0.0,7.875,0.6357728242874146,8.510772824287415,1
M.Mims,2024,8,1.8,1.8166666666666669,1.5253535509109497,3.3420202175776166,-1
J.Smith,2024,8,6.0,8.416666666666666,0.8258094787597656,9.242476145426432,2
T.Kraft,2024,8,16.8,10.228571428571428,0.010234871879220009,10.238806300450648,2
C.Tillman,2024,8,28.9,4.3,2.3129630088806152,6.612963008880615,2
J.Downs,2024,8,20.9,12.82,-1.013413429260254,11.806586570739746,2
T.Franklin,2024,8,1.9,4.916666666666667,0.3386695981025696,5.2553362647692365,2
K.Juszczyk,2024,8,1.7000000000000002,4.45,0.8923630714416504,5.342363071441651,2
S.Shepard,2024,8,4.8,7.1,-0.3341389000415802,6.7658610999584194,2
J.McMillan,2024,8,9.2,4.1,-0.15995556116104126,3.9400444388389584,2
J.Chase,2024,8,20.4,19.728571428571428,-4.227963447570801,15.500607981000627,2
C.Watson,2024,8,7.9,7.26,0.90976881980896,8.16976881980896,2
T.McBride,2024,8,21.4,10.866666666666667,1.0150306224822998,11.881697289148967,2
M.Burton,2024,8,3.8,1.3,1.4784795045852661,2.778479504585266,-1
D.Slayton,2024,8,14.8,8.885714285714286,0.359777569770813,9.245491855485099,2
T.Conklin,2024,8,13.2,6.971428571428571,0.3919737637042999,7.363402335132871,2
M.Andrews,2024,8,14.6,8.242857142857144,0.08079762756824493,8.323654770425389,2
J.Brooks,2024,8,0.0,2.54,0.9223142862319946,3.4623142862319947,2
E.Moore,2024,8,16.5,5.085714285714286,1.6692343950271606,6.754948680741447,2
D.London,2024,8,7.4,17.585714285714285,-0.2047596275806427,17.380954658133643,2
D.Smith,2024,8,20.5,13.419999999999998,-0.4963853359222412,12.923614664077757,2
Mi.Wilson,2024,8,14.1,8.171428571428573,-0.24069352447986603,7.930735046948707,2
C.Okonkwo,2024,8,1.4,5.3500000000000005,0.15254463255405426,5.502544632554055,2
K.Coleman,2024,8,18.0,8.657142857142857,0.06685509532690048,8.723997952469757,2
N.Gray,2024,8,5.300000000000001,6.5,1.076336145401001,7.576336145401001,2
X.Gipson,2024,8,7.1,1.7333333333333334,1.3228012323379517,3.056134565671285,-1
M.Harrison,2024,8,23.1,10.571428571428571,-2.0586986541748047,8.512729917253766,2
E.Higgins,2024,8,3.3,4.266666666666667,-0.7288308143615723,3.5378358523050943,-1
D.Knox,2024,8,7.0,3.14,0.3652511537075043,3.5052511537075044,-1
D.Kincaid,2024,8,13.1,8.12857142857143,0.7111613750457764,8.839732803617206,2
I.Likely,2024,8,8.7,8.62857142857143,1.088035225868225,9.716606654439655,2
R.Bateman,2024,8,3.8,11.2,-0.34700798988342285,10.852992010116576,2
Ju.Watson,2024,8,6.300000000000001,3.3,0.8374340534210205,4.13743405342102,2
N.Agholor,2024,8,12.6,3.057142857142857,1.342821717262268,4.399964574405125,2
F.Moreau,2024,8,0.0,7.6,-1.0733656883239746,6.526634311676025,2
J.Sanders,2024,8,1.7000000000000002,4.871428571428572,1.4652283191680908,6.336656890596663,2
M.Tipton,2024,8,3.4000000000000004,3.4166666666666665,1.0961087942123413,4.512775460879007,2
B.Means,2024,8,4.6,7.400000000000001,-1.3904958963394165,6.009504103660585,2
D.Njoku,2024,8,17.1,10.625,0.17426429688930511,10.799264296889305,2
J.Ferguson,2024,8,8.3,9.8,0.1561688631772995,9.9561688631773,2
J.Jeudy,2024,8,12.9,7.942857142857143,1.078140377998352,9.020997520855495,2
J.Akins,2024,8,0.0,6.0,0.18913152813911438,6.189131528139114,2
J.Tolbert,2024,8,7.4,10.833333333333334,-0.7311815619468689,10.102151771386465,2
T.Lockett,2024,8,1.9,10.62857142857143,0.0857221707701683,10.714293599341598,2
N.Fant,2024,8,5.2,7.185714285714285,0.9155344367027283,8.101248722417013,2
D.Vele,2024,8,5.800000000000001,8.9,0.7787631154060364,9.678763115406037,2
L.Humphrey,2024,8,4.2,4.357142857142857,1.0610827207565308,5.4182255778993875,2
A.Trautman,2024,8,18.5,1.3,1.5050513744354248,2.8050513744354246,-1
R.Doubs,2024,8,10.2,11.033333333333331,0.6245541572570801,11.657887490590412,2
A.Brown,2024,8,13.4,22.133333333333336,-6.220102310180664,15.913231023152672,2
D.Wicks,2024,8,3.1,8.014285714285714,-0.6542869210243225,7.359998793261392,2
G.Calcaterra,2024,8,8.8,4.36,1.3202756643295288,5.680275664329529,2
M.Pittman,2024,8,2.6,10.514285714285714,0.6963101029396057,11.21059581722532,2
A.Pierce,2024,8,2.1,10.185714285714289,-1.9988843202590942,8.186829965455194,2
D.Schultz,2024,8,9.2,5.1571428571428575,1.601020097732544,6.758162954875401,2
K.Granson,2024,8,1.4,1.38,1.7264810800552368,3.1064810800552367,-1
X.Hutchinson,2024,8,2.9000000000000004,1.4166666666666667,1.9040300846099854,3.3206967512766523,-1
M.Alie-Cox,2024,8,0.0,3.8333333333333335,0.4126130938529968,4.245946427186331,2
E.Engram,2024,8,13.6,9.4,0.19003833830356598,9.590038338303566,2
C.Kirk,2024,8,7.9,9.0,0.48066094517707825,9.480660945177078,2
P.Washington,2024,8,7.6,1.7,1.2326207160949707,2.932620716094971,-1
D.Robinson,2024,8,17.5,6.466666666666666,0.4597923457622528,6.926459012428919,2
C.Parkinson,2024,8,3.7,6.783333333333334,1.643128514289856,8.426461847623191,2
S.LaPorta,2024,8,16.8,7.066666666666667,0.23944948613643646,7.306116152803104,2
B.Wright,2024,8,7.8,2.975,1.2612487077713013,4.236248707771301,2
T.Johnson,2024,8,8.100000000000001,7.728571428571429,0.8870716094970703,8.615643038068498,2
W.Dissly,2024,8,9.1,6.7,1.884274959564209,8.584274959564208,2
D.Adams,2024,8,9.4,12.725,-0.8621903657913208,11.862809634208679,2
L.McConkey,2024,8,29.1,10.416666666666666,1.0724685192108154,11.489135185877482,2
J.Palmer,2024,8,9.2,6.0200000000000005,1.9927358627319336,8.012735862731933,2
J.Oliver,2024,8,11.0,3.8,-0.24417725205421448,3.5558227479457853,2
J.Mundt,2024,8,2.0,4.55,0.29725182056427,4.84725182056427,2
M.Gesicki,2024,8,12.3,6.0,1.2060251235961914,7.206025123596191,2
H.Henry,2024,8,9.5,9.185714285714283,0.9960289001464844,10.181743185860768,2
K.Osborn,2024,8,0.0,4.675,-0.32828131318092346,4.346718686819076,2
A.Hooper,2024,8,4.5,3.914285714285714,0.4594743549823761,4.373760069268091,2
T.Thornton,2024,8,4.0,1.5666666666666669,1.5005073547363281,3.067174021402995,-1
A.Iosivas,2024,8,0.0,7.271428571428572,-0.021886778995394707,7.2495417924331775,2
G.Kittle,2024,8,24.8,16.916666666666668,-3.35615611076355,13.560510555903118,2
V.Jefferson,2024,8,10.2,4.74,0.5364639759063721,5.276463975906372,2
P.Freiermuth,2024,8,3.9,8.671428571428573,0.25275740027427673,8.92418597170285,2
K.Pitts,2024,8,25.1,9.114285714285716,1.0968174934387207,10.211103207724436,2
C.Austin,2024,8,14.4,5.328571428571428,0.3822471499443054,5.710818578515734,2
D.Washington,2024,8,3.9,4.183333333333334,0.3288356363773346,4.512168969710668,2
G.Everett,2024,8,1.3,1.44,1.5039786100387573,2.9439786100387573,-1
N.Vannett,2024,8,0.0,6.166666666666667,-0.567619800567627,5.59904686609904,2
D.Carter,2024,8,1.7000000000000002,4.333333333333333,0.9601789712905884,5.293512304623921,2
C.Kmet,2024,8,4.4,12.15,-1.1297739744186401,11.02022602558136,2
D.Hopkins,2024,8,4.9,6.516666666666667,-0.048105012625455856,6.468561654041211,2
T.Palmer,2024,8,4.9,4.275,-0.43800950050354004,3.8369904994964603,2
Z.Ertz,2024,8,14.7,8.542857142857143,1.188251256942749,9.731108399799892,2
L.McCaffrey,2024,8,1.8,4.26,1.6050803661346436,5.865080366134643,2
J.Bates,2024,8,3.0,1.1333333333333335,2.073268175125122,3.206601508458456,-1
C.Stover,2024,8,3.9,2.3200000000000003,1.5358569622039795,3.8558569622039798,2
E.All,2024,8,5.2,4.366666666666667,1.2519526481628418,5.618619314829509,2
B.Strange,2024,8,10.9,7.62,-0.47900018095970154,7.140999819040299,2
T.Tremble,2024,8,3.3,3.633333333333333,1.1454071998596191,4.778740533192952,2
N.Brown,2024,8,16.3,6.5,1.4354490041732788,7.935449004173279,2
J.Whyle,2024,8,5.300000000000001,4.140000000000001,1.0945055484771729,5.234505548477173,2
J.Ruckert,2024,8,4.4,2.3,1.2670236825942993,3.567023682594299,-1
M.Williams,2024,8,0.0,4.5,1.112305760383606,5.612305760383606,2
N.Adkins,2024,8,7.3,1.1800000000000002,1.6476383209228516,2.8276383209228517,-1
J.Bobo,2024,8,2.5,2.9200000000000004,0.9653521776199341,3.8853521776199345,2
T.Sherfield,2024,8,8.0,2.1,1.319182276725769,3.419182276725769,2
C.Conley,2024,8,0.0,0.4666666666666666,1.743635654449463,2.2103023211161297,-1
T.Patrick,2024,8,0.0,5.3,1.2909812927246094,6.590981292724609,2
S.Fehoko,2024,8,0.0,5.533333333333334,1.6732313632965088,7.206564696629843,2
A.Barner,2024,8,5.4,4.220000000000001,-0.5524342060089111,3.6675657939910895,2
K.Boutte,2024,8,7.6,5.58,-0.48417022824287415,5.095829771757126,2
W.Mallory,2024,8,0.0,1.0666666666666669,1.8760294914245605,2.9426961580912274,-1
L.Krull,2024,8,3.8,3.9,0.8846243023872375,4.784624302387238,2
K.Murray,2024,9,4.76,18.24,0.7748194336891174,19.014819433689116,0
J.Allen,2024,9,22.1,19.880000000000003,-1.8339744806289673,18.046025519371035,0
L.Jackson,2024,9,23.6,25.2575,-2.3724682331085205,22.88503176689148,0
P.Mahomes,2024,9,24.54,14.44857142857143,2.131870746612549,16.58044217518398,0
D.Carr,2024,9,13.44,14.352,-0.7036221027374268,13.648377897262574,0
B.Young,2024,9,9.74,5.6240000000000006,1.9589711427688599,7.58297114276886,0
D.Prescott,2024,9,12.32,14.885714285714286,0.35261988639831543,15.238334172112602,0
G.Smith,2024,9,22.12,16.197499999999998,0.0351887084543705,16.23268870845437,0
B.Nix,2024,9,17.72,16.637500000000003,1.1640621423721313,17.801562142372134,0
J.Love,2024,9,10.92,18.113333333333333,0.8691652417182922,18.982498575051626,0
J.Hurts,2024,9,29.9,21.037142857142857,-0.25187596678733826,20.78526689035552,0
C.Stroud,2024,9,11.54,14.79,1.560159683227539,16.350159683227538,0
T.Tagovailoa,2024,9,17.54,12.926666666666668,1.8476314544677734,14.774298121134441,0
T.Lawrence,2024,9,19.56,15.7375,1.0460736751556396,16.78357367515564,0
M.Stafford,2024,9,17.92,11.448571428571428,2.5775063037872314,14.02607773235866,0
J.Goff,2024,9,9.6,17.32857142857143,0.2181534767150879,17.546724905286517,0
J.Herbert,2024,9,19.48,13.43142857142857,1.072798728942871,14.504227300371442,0
G.Minshew,2024,9,2.96,9.097142857142858,1.6194531917572021,10.71659604890006,0
D.Jones,2024,9,24.36,12.3425,1.3321104049682617,13.674610404968261,0
S.Darnold,2024,9,19.0,16.714285714285715,-0.5134471654891968,16.20083854879652,0
J.Burrow,2024,9,29.14,18.54,-0.5853281617164612,17.954671838283538,0
A.Rodgers,2024,9,20.34,14.53,0.911212146282196,15.441212146282195,0
K.Cousins,2024,9,17.78,15.63,-0.2274293750524521,15.402570624947549,0
C.Williams,2024,9,9.18,15.074285714285717,2.346447706222534,17.42073342050825,0
B.Mayfield,2024,9,18.0,23.0575,-3.77036190032959,19.28713809967041,0
J.Daniels,2024,9,19.86,20.23,1.1337597370147705,21.36375973701477,0
C.Rush,2024,9,11.0,0.06,1.8816134929656982,1.9416134929656983,0
D.Maye,2024,9,15.740000000000002,13.49,0.014431793242692947,13.504431793242693,0
M.Nabers,2024,9,14.9,18.96666666666667,-1.4032312631607056,17.563435403505963,2
T.Atwell,2024,9,2.6,9.95,1.0250964164733887,10.975096416473388,2
J.Johnson,2024,9,6.300000000000001,7.073333333333333,0.17482414841651917,7.248157481749852,2
J.Flacco,2024,9,3.0600000000000005,18.41333333333333,0.29429954290390015,18.70763287623723,0
A.St. Brown,2024,9,18.6,17.44,-2.0532870292663574,15.386712970733644,2
M.Rudolph,2024,9,17.5,10.946666666666667,0.7462137341499329,11.6928804008166,0
J.Winston,2024,9,10.1,6.616,-0.5412156581878662,6.0747843418121334,0
K.Allen,2024,9,7.6,9.172,0.8577415347099304,10.029741534709931,2
A.Mitchell,2024,9,3.2,3.145,2.3083102703094482,5.453310270309448,2
D.Mooney,2024,9,19.8,13.75,-1.0308988094329834,12.719101190567017,2
J.Smith-Njigba,2024,9,37.0,11.15,0.35726091265678406,11.507260912656784,2
C.Sutton,2024,9,23.28,11.117142857142856,1.5500433444976807,12.667186201640536,2
T.Hill,2024,9,28.0,14.902857142857144,0.6240034103393555,15.5268605531965,2
D.Montgomery,2024,9,12.6,16.202857142857145,-1.399354100227356,14.803503042629789,1
J.Mixon,2024,9,16.6,22.360000000000003,-5.070523262023926,17.289476737976077,1
J.Jefferson,2024,9,21.58,19.414285714285715,-5.606777667999268,13.807508046286447,2
D.Moore,2024,9,11.3,14.842857142857143,0.12941841781139374,14.972275560668537,2
K.Bourne,2024,9,8.100000000000001,1.725,1.3942558765411377,3.119255876541138,-1
B.Allen,2024,9,0.9,6.625,-0.40560203790664673,6.219397962093353,1
T.Boyd,2024,9,0.3,5.628571428571429,1.6790845394134521,7.307655967984881,2
J.Meyers,2024,9,18.5,12.966666666666669,-1.5644499063491821,11.402216760317486,2
C.Wilson,2024,9,5.4,7.933333333333334,-1.1238136291503906,6.809519704182943,2
S.Barkley,2024,9,32.9,20.6,-1.4320271015167236,19.167972898483278,1
J.Coker,2024,9,5.6,7.32,0.2555020749568939,7.575502074956894,2
D.Brown,2024,9,3.4000000000000004,4.2,0.5592095851898193,4.7592095851898195,2
J.Conner,2024,9,14.900000000000002,14.15,-1.0440776348114014,13.105922365188599,1
J.Cook,2024,9,11.9,17.385714285714286,-2.7613234519958496,14.624390833718437,1
T.Benson,2024,9,12.5,2.483333333333334,1.581731915473938,4.065065248807272,1
Ty.Johnson,2024,9,2.3000000000000003,4.6375,-0.26704761385917664,4.3704523861408235,1
R.Davis,2024,9,17.0,6.5125,0.8457181453704834,7.358218145370484,1
G.Dortch,2024,9,0.0,5.525,0.5534406900405884,6.078440690040589,2
D.Henry,2024,9,26.3,21.9,-6.71336555480957,15.186634445190428,1
X.Worthy,2024,9,-1.0,11.028571428571428,-0.14205767214298248,10.886513756428446,2
Z.Flowers,2024,9,29.700000000000003,13.05,0.4520878195762634,13.502087819576264,2
J.Hill,2024,9,8.8,9.7875,0.46532297134399414,10.252822971343994,2
C.Steele,2024,9,0.9,2.0,1.7822966575622559,3.782296657562256,1
A.Kamara,2024,9,27.5,20.4,-2.9320404529571533,17.467959547042845,1
C.Hubbard,2024,9,21.2,14.5125,-1.7341281175613403,12.778371882438659,1
M.Sanders,2024,9,1.0,6.15,1.4020512104034424,7.552051210403443,1
J.Mingo,2024,9,0.0,3.2285714285714286,1.3873223066329956,4.615893735204424,2
J.Ford,2024,9,1.7,10.183333333333334,1.9763109683990479,12.159644301732381,1
C.Lamb,2024,9,16.2,18.857142857142858,-2.888812780380249,15.968330076762609,2
R.Dowdle,2024,9,21.7,10.95,-0.14016775786876678,10.809832242131233,1
P.Strong,2024,9,0.8,3.3833333333333333,0.9227299094200134,4.306063242753346,2
J.Williams,2024,9,10.4,20.15,-0.9441930055618286,19.20580699443817,2
K.Walker,2024,9,13.7,19.966666666666665,-1.735864520072937,18.230802146593728,1
J.McLaughlin,2024,9,5.0,6.5625,0.15449979901313782,6.716999799013138,1
Z.Charbonnet,2024,9,5.3,11.0375,-1.4578592777252197,9.57964072227478,1
A.Estime,2024,9,3.5,1.0,1.4077003002166748,2.407700300216675,1
J.Jacobs,2024,9,12.8,14.65,-1.0723743438720703,13.57762565612793,1
Em.Wilson,2024,9,9.9,5.1375,0.8277543187141418,5.965254318714142,1
J.Reed,2024,9,16.3,14.5875,0.7394606471061707,15.326960647106171,2
K.Gainwell,2024,9,2.0,2.685714285714286,1.9776743650436401,4.663388650757926,1
J.Taylor,2024,9,11.2,19.08,-2.057046890258789,17.02295310974121,1
T.Dell,2024,9,18.6,8.842857142857143,0.2443876713514328,9.087244814208576,2
R.Mostert,2024,9,8.8,8.675,-0.7537751793861389,7.921224820613862,1
D.Achane,2024,9,32.1,15.3,-1.2821593284606934,14.017840671539307,1
T.Etienne,2024,9,5.0,9.683333333333334,-0.12889531254768372,9.55443802078565,1
T.Bigsby,2024,9,2.2,11.414285714285716,0.7304185032844543,12.14470421757017,1
J.Waddle,2024,9,9.9,8.3,1.0263590812683105,9.326359081268311,2
K.Williams,2024,9,10.5,19.9,-1.8330087661743164,18.066991233825682,1
J.Gibbs,2024,9,14.6,18.214285714285715,-2.720085620880127,15.494200093405588,1
C.Kupp,2024,9,21.4,18.6,-2.962608814239502,15.6373911857605,2
K.Raymond,2024,9,1.0,7.066666666666666,-0.38738685846328735,6.679279808203379,2
Z.White,2024,9,7.0,3.566666666666667,1.7258517742156982,5.292518440882365,1
J.Dobbins,2024,9,23.5,15.028571428571428,-1.2351644039154053,13.793407024656023,1
A.Mattison,2024,9,3.6,11.75,-2.083857536315918,9.666142463684082,1
D.Singletary,2024,9,3.3000000000000003,9.116666666666667,-0.04940449818968773,9.06726216847698,1
A.Jones,2024,9,12.2,15.828571428571433,0.8575963377952576,16.68616776636669,1
T.Tracy,2024,9,7.9,9.6125,1.8619909286499023,11.474490928649903,1
W.Robinson,2024,9,4.0,11.8875,-0.1212163195014,11.7662836804986,2
R.Stevenson,2024,9,22.4,13.414285714285716,-0.2641026973724365,13.15018301691328,1
A.Gibson,2024,9,2.1,5.95,1.5224997997283936,7.472499799728394,1
C.Brown,2024,9,26.7,11.25,-1.181763768196106,10.068236231803894,1
B.Hall,2024,9,10.5,16.175,-1.4147957563400269,14.760204243659974,1
B.Robinson,2024,9,21.5,29.875,-2.5704293251037598,27.30457067489624,1
T.Allgeier,2024,9,7.8,7.112500000000001,1.8854620456695557,8.997962045669556,1
T.Pollard,2024,9,18.4,14.185714285714289,0.15829353034496307,14.344007816059252,1
D.Swift,2024,9,14.2,15.671428571428573,0.964836597442627,16.636265168871198,1
R.White,2024,9,12.5,13.314285714285717,0.17289884388446808,13.487184558170185,1
B.Irving,2024,9,6.4,11.4875,-0.9236479997634888,10.563852000236512,1
A.Ekeler,2024,9,17.3,9.957142857142856,1.4998914003372192,11.457034257480075,1
R.McCloud,2024,9,12.5,7.375,1.4179468154907227,8.792946815490723,2
K.Shakir,2024,9,11.0,12.928571428571429,-0.8590230941772461,12.069548334394183,2
J.Wright,2024,9,1.8,3.1666666666666665,1.336818814277649,4.503485480944315,1
C.Akers,2024,9,7.300000000000001,6.0600000000000005,-0.17743076384067535,5.882569236159325,1
D.Ogunbowale,2024,9,-0.1,5.2875,0.5746210217475891,5.862121021747589,2
T.Kelce,2024,9,22.0,11.085714285714284,0.5727236866950989,11.658437972409383,2
D.Johnson,2024,9,0.6000000000000001,3.7857142857142856,1.2780041694641113,5.063718455178397,1
B.Melton,2024,9,2.9000000000000004,2.1333333333333333,1.8293588161468506,3.962692149480184,2
T.Sermon,2024,9,2.3,5.6571428571428575,0.5070595145225525,6.16420237166541,1
E.Demercado,2024,9,16.0,3.3875,1.2604389190673828,4.647938919067383,1
A.Abdullah,2024,9,5.6000000000000005,5.3,0.24534760415554047,5.54534760415554,1
C.Olave,2024,9,2.3,10.62857142857143,-0.38535869121551514,10.243212737355915,2
K.Turpin,2024,9,6.6,5.65,-0.18292054533958435,5.467079454660416,2
C.Ridley,2024,9,12.3,9.685714285714289,-0.38932591676712036,9.296388368947168,2
G.Wilson,2024,9,30.0,15.85,-0.6276931166648865,15.222306883335113,2
J.Polk,2024,9,0.0,3.4,0.5340442061424255,3.9340442061424254,2
J.Hasty,2024,9,0.7,4.2,-0.2606000006198883,3.939399999380112,2
C.Otton,2024,9,21.7,10.75,0.10769984871149063,10.85769984871149,2
R.Johnson,2024,9,4.1,9.04,-0.6056631803512573,8.434336819648742,1
R.Odunze,2024,9,15.4,8.028571428571428,0.6195233464241028,8.648094774995531,2
S.Tucker,2024,9,2.7,8.92,-2.341829299926758,6.578170700073242,1
C.Brooks,2024,9,7.1000000000000005,1.7,1.9695204496383667,3.669520449638367,1
J.Nailor,2024,9,7.7,9.2,-1.0834912061691284,8.11650879383087,2
C.Samuel,2024,9,0.0,3.1142857142857143,1.1666170358657837,4.280902750151498,2
S.Perine,2024,9,13.5,4.057142857142857,0.9297168254852295,4.986859682628086,2
D.Douglas,2024,9,10.5,8.857142857142858,0.022697478532791138,8.879840335675649,2
J.McNichols,2024,9,2.0,5.983333333333334,0.9217959642410278,6.905129297574362,1
X.Legette,2024,9,13.9,8.957142857142857,0.46529293060302734,9.422435787745885,2
B.Bowers,2024,9,15.5,14.0875,-0.45196330547332764,13.635536694526673,2
T.Tucker,2024,9,2.5,7.8875,-0.07700562477111816,7.810494375228882,2
H.Luepke,2024,9,2.9,3.5,0.5124731659889221,4.012473165988922,2
B.Thomas,2024,9,6.2,15.475,-1.4591461420059204,14.01585385799408,2
Q.Johnston,2024,9,22.0,9.76,-2.896789789199829,6.863210210800171,2
K.Hunt,2024,9,18.700000000000003,16.2,-0.8960272669792175,15.303972733020782,1
J.Addison,2024,9,16.1,9.96,-0.39317405223846436,9.566825947761536,2
T.McLaurin,2024,9,15.9,15.0125,-2.067445993423462,12.945054006576537,2
A.Dulin,2024,9,1.7000000000000002,2.8000000000000003,0.2597636878490448,3.059763687849045,2
M.Mims,2024,9,1.4,1.8142857142857145,1.287909746170044,3.1021954604557584,-1
J.Smith,2024,9,9.6,8.071428571428571,0.31128448247909546,8.382713053907667,2
T.Kraft,2024,9,7.6,11.05,-0.22574415802955627,10.824255841970444,2
C.Tillman,2024,9,19.5,8.4,-1.6288899183273315,6.771110081672669,2
J.Dotson,2024,9,4.6,1.8,1.9593409299850464,3.759340929985046,-1
J.Chestnut,2024,9,2.2,2.266666666666667,1.9074808359146118,4.174147502581279,1
J.Downs,2024,9,12.0,14.166666666666666,-1.0158812999725342,13.150785366694132,2
T.Franklin,2024,9,2.9000000000000004,4.485714285714286,0.3831014931201935,4.868815778834479,2
K.Vidal,2024,9,0.7000000000000001,5.866666666666667,-1.5323127508163452,4.334353915850322,2
S.Shepard,2024,9,10.9,6.640000000000001,-0.4666559100151062,6.173344089984894,2
J.Chase,2024,9,11.3,19.8125,-4.314093589782715,15.498406410217285,2
C.Watson,2024,9,8.7,7.366666666666667,0.8886260986328125,8.25529276529948,2
M.Hardman,2024,9,4.7,7.2,-0.017708733677864075,7.182291266322136,2
T.McBride,2024,9,12.7,12.37142857142857,1.1162842512130737,13.487712822641644,2
D.Slayton,2024,9,9.0,9.625,0.16747385263442993,9.79247385263443,2
D.Sample,2024,9,11.4,2.266666666666667,1.1665879487991333,3.4332546154658004,-1
T.Conklin,2024,9,0.7,7.75,0.022308586165308952,7.772308586165309,2
M.Andrews,2024,9,4.6,9.0375,-1.9695156812667847,7.067984318733215,2
J.Brooks,2024,9,4.6,2.1166666666666667,0.9377540349960327,3.0544207016626994,2
E.Moore,2024,9,5.800000000000001,6.5125,1.255942463874817,7.768442463874817,2
D.London,2024,9,10.7,16.3125,-2.496917724609375,13.815582275390625,2
D.Smith,2024,9,18.700000000000003,14.6,-0.6951110363006592,13.90488896369934,2
M.Valdes-Scantling,2024,9,1.5,0.92,1.5102183818817139,2.430218381881714,-1
Mi.Wilson,2024,9,0.0,8.9125,-0.004056996200233698,8.908443003799766,2
O.Zaccheaus,2024,9,6.800000000000001,6.1000000000000005,1.5291953086853027,7.629195308685303,2
C.Okonkwo,2024,9,6.800000000000001,4.785714285714286,0.6551130414009094,5.440827327115195,2
K.Coleman,2024,9,5.1,9.825,-0.48028725385665894,9.34471274614334,2
N.Gray,2024,9,0.0,6.3,1.3191922903060913,7.619192290306091,2
M.Harrison,2024,9,3.4000000000000004,12.1375,-3.1318647861480713,9.005635213851928,2
M.Hollins,2024,9,14.0,3.871428571428571,0.07406096905469894,3.94548954048327,2
E.Higgins,2024,9,5.4,4.128571428571428,0.08392446488142014,4.212495893452848,-1
D.Knox,2024,9,1.5,3.7833333333333337,0.3469401001930237,4.130273433526357,2
D.Kincaid,2024,9,7.2,8.75,0.2171688824892044,8.967168882489204,2
I.Likely,2024,9,0.0,8.6375,0.672827959060669,9.310327959060668,2
R.Bateman,2024,9,5.5,10.275,-0.008863341063261032,10.26613665893674,2
Ju.Watson,2024,9,7.3,3.8,1.1044121980667114,4.904412198066711,2
N.Agholor,2024,9,3.9,4.25,0.37528109550476074,4.625281095504761,2
F.Moreau,2024,9,8.7,6.333333333333333,-0.6379407644271851,5.695392568906148,2
J.Sanders,2024,9,12.7,4.475,1.572503685951233,6.0475036859512326,2
M.Tipton,2024,9,0.0,3.414285714285714,0.921841561794281,4.336127276079996,2
D.Njoku,2024,9,7.9,11.92,-1.2306689023971558,10.689331097602844,2
J.Ferguson,2024,9,14.1,9.55,-0.4208697974681854,9.129130202531815,2
J.Jeudy,2024,9,14.3,8.5625,0.5355228781700134,9.098022878170013,2
J.Akins,2024,9,6.2,5.142857142857143,0.021164042875170708,5.164021185732314,2
J.Tolbert,2024,9,10.9,10.342857142857143,-0.7344668507575989,9.608390292099545,2
T.Lockett,2024,9,15.3,9.5375,0.18058699369430542,9.718086993694305,2
D.Vele,2024,9,3.1,8.125,0.7951814532279968,8.920181453227997,2
L.Humphrey,2024,9,3.1,4.3375,1.1793121099472046,5.516812109947205,2
A.Trautman,2024,9,1.4,4.74,0.2297426015138626,4.969742601513863,2
R.Doubs,2024,9,6.800000000000001,10.914285714285716,1.293294072151184,12.2075797864369,2
A.Brown,2024,9,5.6,19.950000000000003,-3.914846658706665,16.035153341293338,2
D.Wicks,2024,9,0.0,7.4,0.37279072403907776,7.772790724039078,2
G.Calcaterra,2024,9,8.0,5.1000000000000005,1.574355125427246,6.674355125427247,2
M.Pittman,2024,9,2.4000000000000004,9.525,0.9546286463737488,10.47962864637375,2
A.Pierce,2024,9,7.1000000000000005,9.175,-0.6180837750434875,8.556916224956513,2
D.Schultz,2024,9,5.1,5.6625,1.42353355884552,7.08603355884552,2
K.Granson,2024,9,3.2,1.3833333333333335,1.3750205039978027,2.7583538373311365,-1
X.Hutchinson,2024,9,0.0,1.6285714285714286,1.6846469640731812,3.3132183926446097,-1
E.Engram,2024,9,11.5,10.45,-0.6821914911270142,9.767808508872985,2
D.Smythe,2024,9,1.4,0.775,1.4448151588439941,2.219815158843994,-1
P.Washington,2024,9,7.1000000000000005,3.175,1.1306346654891968,4.305634665489197,2
D.Robinson,2024,9,27.4,8.042857142857143,-0.21682649850845337,7.826030644348689,2
S.LaPorta,2024,9,4.800000000000001,8.457142857142857,0.15051305294036865,8.607655910083226,2
B.Wright,2024,9,1.1,3.94,0.32919326424598694,4.269193264245986,2
T.Johnson,2024,9,20.9,7.775,0.8369291424751282,8.611929142475129,2
W.Dissly,2024,9,2.9,7.042857142857143,1.2699962854385376,8.31285342829568,2
H.Hurst,2024,9,1.6,2.975,0.9339115023612976,3.9089115023612977,2
D.Adams,2024,9,22.1,12.06,-0.639454185962677,11.420545814037323,2
L.McConkey,2024,9,12.0,13.085714285714284,-1.8641808032989502,11.221533482415333,2
J.Palmer,2024,9,13.4,6.55,1.1987366676330566,7.7487366676330565,2
J.Oliver,2024,9,16.8,5.24,-0.15863677859306335,5.081363221406937,2
J.Mundt,2024,9,0.0,4.185714285714286,0.6253131628036499,4.811027448517936,2
M.Gesicki,2024,9,27.0,6.9,1.1448132991790771,8.044813299179078,2
H.Henry,2024,9,12.6,9.225,0.6471614241600037,9.872161424160003,2
A.Hooper,2024,9,1.8,3.9875,0.5233581066131592,4.510858106613159,2
A.Iosivas,2024,9,8.0,6.362500000000001,-0.22968779504299164,6.132812204957009,2
T.Irwin,2024,9,0.0,1.5,1.4970906972885132,2.997090697288513,-1
K.Pitts,2024,9,2.1,11.1125,0.08908092230558395,11.201580922305585,2
G.Everett,2024,9,1.5,1.4166666666666667,1.6331725120544434,3.0498391787211103,-1
N.Vannett,2024,9,11.3,4.625,-0.0810137391090393,4.543986260890961,2
D.Hopkins,2024,9,28.6,6.285714285714286,0.24116134643554688,6.5268756321498325,2
T.Palmer,2024,9,5.300000000000001,4.4,-0.6694616079330444,3.730538392066956,2
Z.Ertz,2024,9,1.5,9.3125,1.0019553899765015,10.314455389976501,2
C.Stover,2024,9,0.0,2.583333333333333,1.2998181581497192,3.8831514914830523,2
E.All,2024,9,4.4,4.485714285714286,1.0945099592208862,5.580224244935172,2
L.Farrell,2024,9,1.5,2.025,1.3419784307479858,3.3669784307479858,-1
E.Tomlinson,2024,9,1.2,0.5666666666666668,1.5463048219680786,2.1129714886347455,-1
H.Bryant,2024,9,4.2,3.35,0.8502358794212341,4.200235879421234,2
N.Brown,2024,9,11.0,8.133333333333333,0.27354103326797485,8.406874366601308,2
J.Whyle,2024,9,2.2,4.333333333333333,1.3944164514541626,5.727749784787496,2
J.Ruckert,2024,9,1.4,2.72,1.328715205192566,4.048715205192567,-1
M.Williams,2024,9,1.6,3.857142857142857,1.4097639322280884,5.266906789370946,2
J.Bobo,2024,9,0.0,2.85,1.016432285308838,3.866432285308838,2
T.Sherfield,2024,9,1.7000000000000002,3.575,0.11298567056655884,3.687985670566559,2
B.Powell,2024,9,1.9,1.9666666666666668,1.749608039855957,3.716274706522624,-1
T.Patrick,2024,9,3.2,4.416666666666667,1.3075037002563477,5.724170366923015,2
R.Woods,2024,9,6.4,3.2000000000000006,1.2522302865982056,4.452230286598207,2
S.Fehoko,2024,9,0.0,4.15,1.0427982807159424,5.192798280715943,2
A.Barner,2024,9,6.7,4.416666666666667,-0.2562347650527954,4.1604319016138716,2
K.Boutte,2024,9,3.8,5.916666666666667,0.06504593789577484,5.981712604562442,2
H.Long,2024,9,1.4,2.6333333333333333,1.1789438724517822,3.8122772057851155,2
L.Krull,2024,9,0.0,3.875,0.8364928960800171,4.711492896080017,2
N.Westbrook-Ikhine,2024,9,16.0,9.6,-4.087785243988037,5.5122147560119625,2
K.Murray,2024,10,28.74,16.742222222222225,1.3020689487457275,18.044291170967952,0
J.Allen,2024,10,18.200000000000003,20.12666666666667,-1.3187470436096191,18.80791962305705,0
L.Jackson,2024,10,32.9,25.07333333333333,-1.5502203702926636,23.523112963040667,0
P.Mahomes,2024,10,16.54,15.71,1.5979193449020386,17.30791934490204,0
D.Carr,2024,10,20.46,14.2,1.2902308702468872,15.490230870246886,0
B.Young,2024,10,12.04,6.31,2.4008305072784424,8.710830507278441,0
B.Nix,2024,10,16.1,16.757777777777775,-1.22141432762146,15.536363450156315,0
J.Hurts,2024,10,29.68,22.145000000000003,-1.8733642101287842,20.27163578987122,0
C.Stroud,2024,10,9.78,14.42888888888889,2.510798454284668,16.93968734317356,0
T.Tagovailoa,2024,10,8.18,14.08,1.5879719257354736,15.667971925735474,0
M.Stafford,2024,10,9.72,12.2575,1.9685394763946533,14.226039476394654,0
J.Goff,2024,10,7.799999999999999,16.3625,0.3626817762851715,16.725181776285172,0
J.Herbert,2024,10,19.76,14.1875,1.613179087638855,15.800679087638855,0
D.Jones,2024,10,12.2,13.67777777777778,1.0649081468582153,14.742685924635996,0
S.Darnold,2024,10,6.440000000000001,17.0,0.08888404071331024,17.08888404071331,0
J.Burrow,2024,10,33.72,19.71777777777778,1.1654354333877563,20.883213211165536,0
A.Rodgers,2024,10,4.04,15.175555555555556,0.1696189045906067,15.345174460146163,0
B.Purdy,2024,10,23.82,18.130000000000003,1.4130545854568481,19.54305458545685,0
D.Samuel,2024,10,12.6,13.866666666666667,0.5237910747528076,14.390457741419475,2
K.Cousins,2024,10,10.24,15.868888888888888,1.572601318359375,17.441490207248265,0
W.Levis,2024,10,19.1,7.712000000000001,1.9838286638259888,9.695828663825989,0
C.Williams,2024,10,6.3,14.3375,1.427649736404419,15.76514973640442,0
B.Mayfield,2024,10,8.94,22.495555555555555,-1.7861911058425903,20.709364449712965,0
J.Daniels,2024,10,8.58,20.188888888888886,-0.3343203365802765,19.85456855230861,0
C.Rush,2024,10,-2.0,2.795,1.7421209812164307,4.537120981216431,0
T.Chandler,2024,10,1.8,4.216666666666667,1.6296894550323486,5.846356121699015,1
D.Maye,2024,10,11.760000000000002,13.94,0.6797544956207275,14.619754495620727,0
M.Nabers,2024,10,10.8,18.385714285714283,-2.1285650730133057,16.257149212700977,2
T.Atwell,2024,10,1.6,8.9,1.1008988618850708,10.000898861885071,2
J.Johnson,2024,10,4.2,6.962857142857142,0.24006256461143494,7.202919707468577,2
J.Flacco,2024,10,10.88,14.575,0.1206454262137413,14.69564542621374,0
A.St. Brown,2024,10,18.0,17.585,-2.5442652702331543,15.040734729766847,2
K.Allen,2024,10,9.4,8.910000000000002,0.5297084450721741,9.439708445072176,2
A.Mitchell,2024,10,13.1,3.151111111111111,1.9944489002227783,5.14556001133389,2
D.Mooney,2024,10,14.6,14.422222222222224,-0.80999356508255,13.612228657139674,2
C.Sutton,2024,10,19.0,12.6375,1.0658191442489624,13.703319144248962,2
T.Hill,2024,10,18.7,16.54,-2.0389318466186523,14.501068153381347,2
D.Montgomery,2024,10,12.6,15.7525,-0.3770851492881775,15.375414850711822,1
J.Mixon,2024,10,17.0,21.4,-4.556550025939941,16.843449974060057,1
J.Jefferson,2024,10,9.8,19.685,-3.6030688285827637,16.081931171417235,2
D.Moore,2024,10,9.5,14.4,-0.1327783465385437,14.267221653461457,2
B.Allen,2024,10,4.4,5.988888888888889,0.16914618015289307,6.158035069041782,1
S.Barkley,2024,10,8.8,22.1375,-2.620431900024414,19.517068099975585,1
J.Coker,2024,10,7.1000000000000005,7.033333333333334,0.4646765887737274,7.4980099221070615,2
D.Brown,2024,10,0.7,4.1,0.251335084438324,4.351335084438324,2
J.Conner,2024,10,22.3,14.233333333333336,-1.7145723104476929,12.518761022885643,1
J.Cook,2024,10,15.5,16.7,-1.4900330305099487,15.20996696949005,1
T.Benson,2024,10,10.7,3.914285714285714,1.3932665586471558,5.30755227293287,1
Ty.Johnson,2024,10,6.2,4.377777777777777,-0.026304272934794426,4.351473504842983,1
R.Davis,2024,10,0.6000000000000001,7.677777777777777,-0.7138991355895996,6.9638786421881775,1
G.Dortch,2024,10,0.9,4.911111111111111,0.4659251272678375,5.377036238378949,2
D.Henry,2024,10,14.1,22.38888888888889,-4.719063758850098,17.66982513003879,1
X.Worthy,2024,10,2.1,9.525,-0.4562712609767914,9.068728739023209,2
Z.Flowers,2024,10,7.4,14.900000000000002,-0.8919697999954224,14.00803020000458,2
J.Hill,2024,10,1.8,9.677777777777775,0.30953338742256165,9.987311165200337,2
C.Steele,2024,10,0.3,1.8625,1.800924301147461,3.6634243011474608,1
A.Kamara,2024,10,15.9,21.188888888888886,-3.290614128112793,17.898274760776093,1
C.Hubbard,2024,10,24.9,15.255555555555556,-1.973939061164856,13.2816164943907,1
M.Sanders,2024,10,0.5,5.577777777777778,1.9029762744903564,7.480754052268135,1
J.Mims,2024,10,2.4,3.233333333333334,0.8673620820045471,4.100695415337881,2
E.Elliott,2024,10,0.2000000000000001,5.414285714285714,0.20813296735286713,5.622418681638581,1
C.Lamb,2024,10,8.4,18.525,-2.1571755409240723,16.367824459075926,2
R.Dowdle,2024,10,8.600000000000001,12.485714285714286,1.0483614206314087,13.534075706345694,1
J.Williams,2024,10,11.0,19.06666666666667,-0.7924051880836487,18.27426147858302,2
J.McLaughlin,2024,10,1.2000000000000002,6.388888888888889,-0.07860460132360458,6.310284287565285,1
A.Estime,2024,10,5.300000000000001,1.5,1.4691596031188965,2.9691596031188965,1
K.Gainwell,2024,10,4.9,2.6,1.4848781824111938,4.0848781824111935,1
J.Taylor,2024,10,14.2,17.766666666666666,-1.7701793909072876,15.996487275759378,1
T.Dell,2024,10,8.3,10.0625,0.9693039059638977,11.031803905963898,2
R.Mostert,2024,10,5.4,8.7,-0.4645061492919922,8.235493850708007,1
D.Achane,2024,10,10.2,17.4,-1.4994145631790161,15.900585436820982,1
T.Etienne,2024,10,5.300000000000001,9.014285714285714,0.43042147159576416,9.444707185881478,1
T.Bigsby,2024,10,0.4,10.2625,0.6737126708030701,10.93621267080307,1
J.Waddle,2024,10,8.600000000000001,8.5,0.2918506860733032,8.791850686073303,2
K.Williams,2024,10,11.2,18.725,-2.486419439315796,16.238580560684206,1
J.Gibbs,2024,10,12.8,17.762500000000003,-1.320138931274414,16.44236106872559,1
P.Nacua,2024,10,18.8,9.466666666666669,0.6579234004020691,10.124590067068738,2
C.Kupp,2024,10,15.0,19.3,-4.179808139801025,15.120191860198975,2
G.Edwards,2024,10,5.5,3.125,1.804273009300232,4.929273009300232,1
J.Dobbins,2024,10,8.5,16.0875,-1.206709861755371,14.880790138244627,1
D.Davis,2024,10,3.3000000000000003,1.6333333333333335,1.7649085521697998,3.3982418855031336,1
D.Singletary,2024,10,5.5,8.285714285714286,0.3000936508178711,8.585807936532158,1
A.Jones,2024,10,12.1,15.375,1.2582260370254517,16.63322603702545,1
T.Tracy,2024,10,15.4,9.422222222222224,1.7178614139556885,11.140083636177913,1
W.Robinson,2024,10,10.1,11.011111111111113,-0.6055628657341003,10.405548245377013,2
R.Stevenson,2024,10,8.7,14.5375,-1.5337679386138916,13.003732061386108,1
A.Gibson,2024,10,2.6,5.522222222222222,1.2561359405517578,6.77835816277398,1
C.Brown,2024,10,22.4,12.966666666666669,-0.7929803133010864,12.173686353365582,1
B.Hall,2024,10,12.3,15.544444444444444,-0.4783965051174164,15.066047939327028,1
J.Mason,2024,10,0.5,12.875,-0.45761623978614807,12.417383760213852,1
B.Robinson,2024,10,29.4,28.944444444444443,-2.014648914337158,26.929795530107285,1
T.Allgeier,2024,10,5.9,7.188888888888889,1.8772450685501099,9.066133957439,1
N.Harris,2024,10,11.3,12.925,1.4713798761367798,14.39637987613678,1
C.Patterson,2024,10,1.4,4.4,1.2179814577102661,5.6179814577102665,1
J.Warren,2024,10,9.5,5.633333333333333,1.3975777626037598,7.030911095937093,1
G.Pickens,2024,10,20.5,11.6,1.3741059303283691,12.974105930328369,2
T.Pollard,2024,10,10.3,14.7125,-1.269315242767334,13.443184757232666,1
D.Swift,2024,10,7.5,15.4875,0.8340457677841187,16.32154576778412,1
T.Spears,2024,10,8.100000000000001,7.4,0.39432424306869507,7.794324243068695,1
R.White,2024,10,19.0,13.2125,-0.2982633113861084,12.914236688613892,1
B.Irving,2024,10,17.700000000000003,10.922222222222224,-0.07270784676074982,10.849514375461474,1
A.Ekeler,2024,10,18.1,10.875,0.531385600566864,11.406385600566864,1
R.McCloud,2024,10,6.6,7.944444444444445,0.8885970115661621,8.833041456010607,2
K.Shakir,2024,10,11.8,12.6875,-0.75449138879776,11.93300861120224,2
J.Wright,2024,10,0.3,2.9714285714285715,1.4736891984939575,4.445117769922529,1
C.Akers,2024,10,5.7,6.266666666666667,0.6076859831809998,6.874352649847666,1
D.Ogunbowale,2024,10,1.1,4.688888888888889,0.8152090907096863,5.504097979598575,2
T.Kelce,2024,10,20.4,12.45,0.8059325814247131,13.255932581424712,2
T.Sermon,2024,10,1.4,5.237500000000001,0.649752140045166,5.887252140045167,1
H.Haskins,2024,10,6.4,0.45,1.868715524673462,2.318715524673462,-1
E.Demercado,2024,10,2.2,4.788888888888889,1.3390820026397705,6.127970891528659,1
B.Corum,2024,10,2.5,2.18,1.6508941650390625,3.8308941650390627,1
C.Ridley,2024,10,25.4,10.0125,0.09911203384399414,10.111612033843993,2
G.Wilson,2024,10,9.1,17.422222222222224,-2.2608835697174072,15.161338652504817,2
J.Polk,2024,10,7.2,2.975,0.5243291854858398,3.49932918548584,-1
J.Hasty,2024,10,3.4,3.616666666666666,-0.015780743211507797,3.600885923455158,2
C.Otton,2024,10,8.5,11.966666666666669,-1.221124291419983,10.745542375246686,2
R.Johnson,2024,10,1.1,8.216666666666667,-1.008428692817688,7.208237973848979,1
R.Odunze,2024,10,5.300000000000001,8.95,0.3652798533439636,9.315279853343963,2
J.Nailor,2024,10,1.4,8.985714285714286,-1.1672240495681763,7.8184902361461095,2
C.Samuel,2024,10,7.5,2.725,1.1701529026031494,3.8951529026031495,2
S.Perine,2024,10,5.7,5.2375,-0.03044409677386284,5.207055903226137,2
D.Douglas,2024,10,9.0,9.0625,-0.054956261068582535,9.007543738931417,2
J.McNichols,2024,10,6.7,5.414285714285716,-0.10782642662525177,5.306459287660465,1
X.Legette,2024,10,7.0,9.575,-0.6566997766494751,8.918300223350524,2
H.Luepke,2024,10,0.0,3.4,0.656514585018158,4.056514585018158,2
B.Thomas,2024,10,3.2,14.444444444444445,-1.1341865062713623,13.310257938173082,2
Q.Johnston,2024,10,10.4,11.800000000000002,-3.3514978885650635,8.448502111434939,2
K.Hunt,2024,10,17.0,16.7,-3.610633611679077,13.089366388320922,1
J.Addison,2024,10,4.9,10.983333333333334,0.12652835249900818,11.109861685832342,2
C.Kolar,2024,10,1.4,5.0600000000000005,-0.11459556221961975,4.945404437780381,2
T.McLaurin,2024,10,16.3,15.11111111111111,-0.9098493456840515,14.20126176542706,2
T.Goodson,2024,10,8.9,6.3,0.40987253189086914,6.709872531890869,1
A.Dulin,2024,10,0.7000000000000001,2.642857142857143,0.20518894493579865,2.8480460877929414,2
M.Mims,2024,10,7.0,1.7625000000000002,1.3740084171295166,3.136508417129517,-1
J.Smith,2024,10,7.5,8.2625,0.5401669144630432,8.802666914463043,2
J.Dotson,2024,10,3.7,2.2,1.1715724468231201,3.3715724468231203,2
J.Downs,2024,10,14.2,13.857142857142858,-0.11434680223464966,13.742796054908208,2
T.Franklin,2024,10,1.9,4.2875,0.2624537944793701,4.54995379447937,2
S.Shepard,2024,10,2.0,7.35,0.4468975365161896,7.796897536516189,2
J.Chase,2024,10,55.400000000000006,18.866666666666667,-0.9165289402008057,17.95013772646586,2
M.Hardman,2024,10,1.3,6.575,0.5892737507820129,7.164273750782013,2
J.Reagor,2024,10,-0.2,3.1666666666666665,1.784083366394043,4.950750033060709,2
T.McBride,2024,10,11.1,12.4125,0.5534645318984985,12.965964531898498,2
M.Washington,2024,10,10.5,1.8666666666666665,1.3263919353485107,3.193058602015177,-1
T.Hudson,2024,10,16.3,1.7333333333333334,1.543281078338623,3.2766144116719564,2
T.Conklin,2024,10,1.8,6.966666666666667,0.2833242118358612,7.249990878502528,2
M.Andrews,2024,10,18.8,8.544444444444444,-0.8511373996734619,7.693307044770982,2
J.Brooks,2024,10,1.4,2.4714285714285715,0.8741132020950317,3.3455417735236033,2
D.London,2024,10,17.700000000000003,15.688888888888888,-1.7612347602844238,13.927654128604464,2
D.Smith,2024,10,3.4000000000000004,15.185714285714289,-3.6285693645477295,11.55714492116656,2
M.Valdes-Scantling,2024,10,25.9,1.0166666666666666,1.4981591701507568,2.5148258368174234,-1
Mi.Wilson,2024,10,5.4,7.922222222222222,-0.23221909999847412,7.6900031222237475,2
O.Zaccheaus,2024,10,1.8,6.200000000000001,0.9243362545967102,7.124336254596711,2
C.Okonkwo,2024,10,2.4000000000000004,5.0375,0.6891526579856873,5.726652657985687,2
N.Gray,2024,10,3.8,5.4,1.5105829238891602,6.9105829238891605,2
X.Gipson,2024,10,0.0,3.075,0.2358851581811905,3.3108851581811907,-1
D.Goedert,2024,10,10.5,10.82,0.8252328634262085,11.645232863426209,2
M.Harrison,2024,10,16.4,11.166666666666666,-3.582138776779175,7.584527889887491,2
M.Hollins,2024,10,12.6,5.1375,-0.31654202938079834,4.820957970619202,2
E.Higgins,2024,10,3.3,4.2875,-0.10755568742752075,4.179944312572479,2
D.Knox,2024,10,6.0,3.4571428571428577,0.24024508893489838,3.697387946077756,2
D.Kincaid,2024,10,4.4,8.577777777777778,0.24125055968761444,8.819028337465392,2
R.Bateman,2024,10,17.4,9.744444444444444,0.16348153352737427,9.907925977971818,2
Ju.Watson,2024,10,2.6,4.3,1.1786577701568604,5.47865777015686,2
N.Agholor,2024,10,7.6,4.211111111111112,0.3880463242530823,4.599157435364194,2
F.Moreau,2024,10,0.0,6.671428571428572,-0.6037760972976685,6.067652474130903,2
J.Sanders,2024,10,8.8,5.388888888888889,1.7761589288711548,7.165047817760044,2
J.Ferguson,2024,10,4.4,10.2,-0.1751217246055603,10.024878275394439,2
J.Tolbert,2024,10,4.4,10.4125,-0.9835554361343384,9.428944563865661,2
D.Vele,2024,10,13.9,7.12,0.9010448455810547,8.021044845581056,2
L.Humphrey,2024,10,4.300000000000001,4.199999999999999,1.243321180343628,5.443321180343627,2
A.Trautman,2024,10,4.4,4.183333333333334,0.2599480152130127,4.443281348546346,2
A.Brown,2024,10,15.9,17.080000000000002,-6.623984336853027,10.456015663146975,2
G.Calcaterra,2024,10,0.0,5.514285714285714,1.1065466403961182,6.620832354681832,2
A.Pierce,2024,10,18.1,8.944444444444445,-0.756404459476471,8.188039984967974,2
D.Schultz,2024,10,9.6,5.6000000000000005,1.7453969717025757,7.345396971702576,2
K.Granson,2024,10,3.5,1.6428571428571428,1.406325101852417,3.04918224470956,2
X.Hutchinson,2024,10,2.6,1.425,1.9138615131378174,3.338861513137817,-1
E.Engram,2024,10,10.0,10.66,-0.7004525661468506,9.95954743385315,2
G.Davis,2024,10,2.9000000000000004,7.200000000000001,0.27453112602233887,7.47453112602234,2
D.Smythe,2024,10,1.6,0.9,1.5735926628112793,2.473592662811279,-1
D.Robinson,2024,10,3.3000000000000003,10.4625,-2.0111258029937744,8.451374197006226,2
D.Allen,2024,10,8.4,0.5,1.8900439739227295,2.3900439739227295,-1
S.LaPorta,2024,10,15.6,8.0,0.28694790601730347,8.286947906017303,2
T.Johnson,2024,10,13.2,9.233333333333333,-0.11962835490703583,9.113704978426297,2
W.Dissly,2024,10,8.0,6.525,1.8944817781448364,8.419481778144837,2
H.Hurst,2024,10,0.0,2.7,1.2533549070358276,3.953354907035828,2
D.Adams,2024,10,9.1,13.733333333333334,-0.6883573532104492,13.044975980122885,2
L.McConkey,2024,10,7.2,12.95,-1.0950729846954346,11.854927015304565,2
J.Palmer,2024,10,4.6,7.528571428571429,0.6361641883850098,8.164735616956438,2
J.Oliver,2024,10,9.2,7.166666666666667,-0.797883927822113,6.368782738844554,2
J.Hyatt,2024,10,7.9,0.32,1.494735836982727,1.8147358369827271,-1
M.Gesicki,2024,10,7.0,9.4125,0.8389104604721069,10.251410460472107,2
H.Henry,2024,10,2.4000000000000004,9.6,0.5511798858642578,10.151179885864257,2
K.Osborn,2024,10,0.0,3.74,-0.2981081008911133,3.441891899108887,2
A.Hooper,2024,10,9.4,3.744444444444445,0.4394984841346741,4.183942928579119,2
A.Iosivas,2024,10,4.9,6.544444444444445,0.11680050194263458,6.66124494638708,2
G.Kittle,2024,10,14.7,18.042857142857144,-1.476355791091919,16.566501351765226,2
J.Jennings,2024,10,16.3,13.9,-0.2854595184326172,13.614540481567383,2
V.Jefferson,2024,10,0.0,5.65,0.5906625986099243,6.240662598609925,2
P.Freiermuth,2024,10,10.7,8.075,0.07434410601854324,8.149344106018543,2
K.Pitts,2024,10,9.5,10.11111111111111,0.43229445815086365,10.543405569261974,2
C.Austin,2024,10,4.0,6.4625,-0.28748536109924316,6.175014638900757,2
D.Washington,2024,10,1.6,4.142857142857143,0.01383243314921856,4.156689576006362,2
D.Carter,2024,10,1.5,3.675,1.2634669542312622,4.938466954231262,2
C.Kmet,2024,10,3.3,11.042857142857144,0.22588816285133362,11.268745305708478,2
D.Hopkins,2024,10,9.6,9.075,-0.15105396509170532,8.923946034908294,2
T.Palmer,2024,10,0.0,4.55,-0.03193872794508934,4.5180612720549105,2
Z.Ertz,2024,10,7.1,8.444444444444445,0.7997235655784607,9.244168010022905,2
L.McCaffrey,2024,10,3.3000000000000003,3.85,1.1042898893356323,4.954289889335632,2
C.Stover,2024,10,1.2,2.2142857142857144,1.5385169982910156,3.75280271257673,2
B.Strange,2024,10,4.5,8.166666666666666,-0.5019106864929199,7.664755980173746,2
L.Farrell,2024,10,3.6,1.92,0.8547772765159607,2.7747772765159606,-1
A.Ogletree,2024,10,1.2,3.3200000000000003,-0.1996336132287979,3.1203663867712024,2
L.Schoonmaker,2024,10,0.0,4.533333333333334,0.6485873460769653,5.181920679410299,2
N.Brown,2024,10,6.300000000000001,8.542857142857143,0.27509039640426636,8.817947539261409,2
J.Whyle,2024,10,0.0,4.028571428571429,1.4007716178894043,5.429343046460834,2
J.Ruckert,2024,10,3.7,2.5,1.5205087661743164,4.020508766174316,-1
T.Sherfield,2024,10,2.1,3.2,0.3044033646583557,3.504403364658356,2
R.Woods,2024,10,1.1,4.0,1.4243850708007812,5.424385070800781,2
K.Boutte,2024,10,8.7,5.614285714285714,0.35040998458862305,5.964695698874337,2
J.Metchie,2024,10,18.4,2.533333333333333,1.5704013109207153,4.1037346442540485,2
W.Mallory,2024,10,2.0,0.8,1.645544171333313,2.445544171333313,-1
L.Krull,2024,10,4.1,3.1,0.9070063829421997,4.007006382942199,2
O.Beckham,2024,10,3.7,1.5,1.3553922176361084,2.8553922176361084,-1
N.Westbrook-Ikhine,2024,10,6.1,11.2,-3.549107074737549,7.6508929252624505,2
R.Miller,2024,10,2.1,5.633333333333333,-0.8344881534576416,4.798845179875691,2
J.Allen,2024,11,23.98,19.934,-1.5848008394241333,18.349199160575868,0
L.Jackson,2024,11,14.88,25.856,-2.624764919281006,23.231235080718996,0
P.Mahomes,2024,11,15.84,15.802222222222223,2.0519280433654785,17.854150265587702,0
D.Carr,2024,11,18.72,15.094285714285714,0.4616672694683075,15.555952983754022,0
G.Smith,2024,11,15.74,16.855555555555554,0.35253143310546875,17.208086988661023,0
B.Nix,2024,11,28.78,16.692,-0.17470437288284302,16.517295627117157,0
J.Love,2024,11,20.24,17.085714285714285,-1.6316763162612915,15.454037969452994,0
J.Hurts,2024,11,18.74,22.982222222222223,0.06985470652580261,23.052076928748026,0
A.Richardson,2024,11,28.08,11.086666666666668,2.2259366512298584,13.312603317896526,0
C.Stroud,2024,11,10.88,13.964,1.4410070180892944,15.405007018089295,0
T.Tagovailoa,2024,11,23.52,12.9,1.4135626554489136,14.313562655448914,0
M.Stafford,2024,11,27.8,11.975555555555555,2.289851665496826,14.265407221052381,0
J.Goff,2024,11,34.58,15.41111111111111,0.54278564453125,15.95389675564236,0
J.Herbert,2024,11,24.380000000000003,14.806666666666665,2.4746079444885254,17.28127461115519,0
G.Minshew,2024,11,17.979999999999997,8.33,0.5616113543510437,8.891611354351044,0
S.Darnold,2024,11,23.64,15.826666666666666,-0.6498255729675293,15.176841093699137,0
J.Burrow,2024,11,29.04,21.118,-2.8804237842559814,18.237576215744017,0
A.Rodgers,2024,11,16.060000000000002,14.062,1.4426698684692383,15.504669868469238,0
B.Purdy,2024,11,18.36,18.762222222222224,-0.2179774045944214,18.544244817627803,0
D.Samuel,2024,11,6.1,13.685714285714289,0.08314985036849976,13.768864136082788,2
K.Cousins,2024,11,4.92,15.306,-0.8944398760795593,14.41156012392044,0
J.Fields,2024,11,1.7000000000000002,18.89,0.4497232735157013,19.339723273515702,0
W.Levis,2024,11,15.6,9.61,1.0826019048690796,10.692601904869079,0
C.Williams,2024,11,16.240000000000002,13.444444444444445,1.7402781248092651,15.18472256925371,0
J.Daniels,2024,11,13.44,19.028,-0.2729240953922272,18.75507590460777,0
C.Rush,2024,11,14.36,1.836,1.7545368671417236,3.590536867141724,0
M.Jones,2024,11,4.720000000000001,1.4533333333333331,0.33069321513175964,1.7840265484650928,0
D.Maye,2024,11,17.98,13.576666666666668,1.9494177103042603,15.526084376970928,0
T.Atwell,2024,11,3.1,7.987500000000001,1.071390986442566,9.058890986442567,2
J.Johnson,2024,11,12.0,6.6175,0.05988200008869171,6.677382000088691,2
A.St. Brown,2024,11,38.7,17.63111111111111,-0.4879125654697418,17.14319854564137,2
J.Winston,2024,11,26.6,7.196666666666668,2.1963114738464355,9.392978140513105,0
K.Allen,2024,11,8.100000000000001,8.98,1.293092966079712,10.273092966079712,2
A.Mitchell,2024,11,4.5,4.146,1.656337022781372,5.802337022781372,2
D.Mooney,2024,11,4.7,14.44,-1.3560916185379028,13.083908381462097,2
R.Wilson,2024,11,6.299999999999999,18.926666666666662,-0.3230719566345215,18.60359471003214,0
J.Smith-Njigba,2024,11,21.8,14.022222222222222,1.3089401721954346,15.331162394417657,2
C.Sutton,2024,11,14.8,13.344444444444443,1.8092682361602783,15.153712680604722,2
T.Hill,2024,11,60.620000000000005,16.78,-1.3000298738479614,15.47997012615204,2
D.Montgomery,2024,11,24.5,15.402222222222225,0.7714920043945312,16.173714226616756,1
J.Mixon,2024,11,35.3,20.77142857142857,-4.877974510192871,15.893454061235698,1
J.Jefferson,2024,11,14.1,18.58666666666667,-4.280230522155762,14.306436144510908,2
D.Moore,2024,11,13.7,13.855555555555556,0.3705326318740845,14.22608818742964,2
K.Bourne,2024,11,18.0,3.0,1.1386277675628662,4.138627767562866,2
B.Allen,2024,11,0.6000000000000001,5.83,-0.10745618492364883,5.722543815076351,1
T.Boyd,2024,11,5.4,4.9625,1.33258056640625,6.29508056640625,2
J.Meyers,2024,11,8.8,13.757142857142856,-1.001827597618103,12.755315259524753,2
S.Barkley,2024,11,33.8,20.655555555555555,-2.9638240337371826,17.691731521818372,1
R.Pearsall,2024,11,0.0,11.366666666666667,-0.3845646381378174,10.98210202852885,2
D.Brown,2024,11,1.4,3.7222222222222223,0.43561720848083496,4.157839430703057,2
J.Cook,2024,11,19.7,16.566666666666666,-2.884974241256714,13.681692425409953,1
Ty.Johnson,2024,11,1.8,4.5600000000000005,0.22824148833751678,4.788241488337517,1
R.Davis,2024,11,1.1,6.970000000000001,-0.7366630434989929,6.233336956501008,1
D.Henry,2024,11,10.5,21.56,-5.2879180908203125,16.272081909179686,1
X.Worthy,2024,11,16.8,8.7,-1.0266984701156616,7.673301529884338,2
Z.Flowers,2024,11,11.9,14.15,0.7988423705101013,14.948842370510102,2
J.Hill,2024,11,12.9,8.89,0.10740064829587936,8.99740064829588,2
C.Steele,2024,11,1.7,1.688888888888889,1.8055602312088013,3.4944491200976904,1
A.Kamara,2024,11,12.9,20.66,-1.7282910346984863,18.931708965301514,1
J.Mims,2024,11,0.3,3.0250000000000004,0.8737294673919678,3.898729467391968,1
E.Elliott,2024,11,5.4,4.7625,0.8074853420257568,5.569985342025757,1
J.Ford,2024,11,7.9,8.971428571428572,2.6209826469421387,11.59241121837071,1
C.Lamb,2024,11,18.6,17.400000000000002,-0.70469731092453,16.695302689075472,2
R.Dowdle,2024,11,5.4,12.0,1.181792974472046,13.181792974472046,1
D.Vaughn,2024,11,2.7,1.8,1.5002837181091309,3.3002837181091307,1
P.Strong,2024,11,0.5,3.0142857142857147,1.5536531209945679,4.567938835280282,1
J.Williams,2024,11,40.400000000000006,18.26,-1.2231667041778564,17.036833295822145,2
K.Walker,2024,11,13.9,19.071428571428573,-1.9217833280563354,17.149645243372238,1
J.McLaughlin,2024,11,1.9,5.87,0.2143031805753708,6.084303180575371,1
Z.Charbonnet,2024,11,2.5,10.4,-1.7014416456222534,8.698558354377747,1
A.Estime,2024,11,5.5,2.1333333333333333,1.7478963136672974,3.8812296470006307,1
J.Jacobs,2024,11,23.4,14.444444444444445,-2.3018293380737305,12.142615106370714,1
Em.Wilson,2024,11,1.7000000000000002,5.666666666666667,0.4287089705467224,6.095375637213389,1
J.Reed,2024,11,9.8,14.77777777777778,-0.9918046593666077,13.785973118411173,2
K.Gainwell,2024,11,5.9,2.855555555555556,1.7194318771362305,4.5749874326917865,1
J.Taylor,2024,11,7.0,17.257142857142856,-1.4690260887145996,15.788116768428257,1
D.Pierce,2024,11,0.2,4.225,1.2519524097442627,5.476952409744262,1
T.Dell,2024,11,9.8,9.866666666666667,-0.22682932019233704,9.63983734647433,2
D.Achane,2024,11,20.5,16.6,-2.8172285556793213,13.78277144432068,1
T.Etienne,2024,11,6.300000000000001,8.55,0.34973281621932983,8.89973281621933,1
J.Waddle,2024,11,5.7,8.511111111111111,0.15813234448432922,8.66924345559544,2
D.Duvernay,2024,11,0.0,0.475,1.3355768918991089,1.810576891899109,-1
K.Williams,2024,11,8.6,17.88888888888889,-1.2692087888717651,16.619680100017124,1
J.Gibbs,2024,11,19.3,17.211111111111112,0.06329295039176941,17.27440406150288,1
P.Nacua,2024,11,25.3,11.8,-0.21134823560714722,11.588651764392853,2
C.Kupp,2024,11,28.6,18.44,-2.6414597034454346,15.798540296554567,2
K.Raymond,2024,11,5.0,6.200000000000001,0.11212944984436035,6.312129449844361,2
G.Edwards,2024,11,2.7,3.6,2.0948781967163086,5.694878196716308,1
Z.White,2024,11,0.9,4.057142857142858,1.116104006767273,5.173246863910131,1
J.Dobbins,2024,11,18.9,15.244444444444444,0.1161523312330246,15.360596775677468,1
A.Mattison,2024,11,9.9,10.844444444444443,-1.899970531463623,8.94447391298082,1
D.Davis,2024,11,3.0,2.05,1.824677586555481,3.874677586555481,1
A.Jones,2024,11,5.300000000000001,15.011111111111113,0.5362070202827454,15.547318131393858,1
R.Stevenson,2024,11,12.9,13.88888888888889,0.21544410288333893,14.104332991772228,1
A.Gibson,2024,11,3.0,5.23,1.1287415027618408,6.358741502761841,1
C.Brown,2024,11,19.3,13.91,-0.9563032984733582,12.953696701526642,1
B.Hall,2024,11,31.1,15.220000000000002,0.2578587234020233,15.477858723402026,1
J.Mason,2024,11,1.3,11.5,-0.42974260449409485,11.070257395505905,1
B.Robinson,2024,11,24.5,28.99,-4.768794059753418,24.22120594024658,1
T.Allgeier,2024,11,0.9,7.0600000000000005,1.1585402488708496,8.21854024887085,1
N.Harris,2024,11,13.3,12.744444444444444,-0.26606816053390503,12.478376283910539,1
C.Patterson,2024,11,1.0,3.8,1.4630070924758911,5.263007092475891,1
J.Warren,2024,11,10.8,6.185714285714286,1.5894556045532227,7.775169890267509,1
G.Pickens,2024,11,16.9,12.58888888888889,2.109644651412964,14.698533540301854,2
T.Pollard,2024,11,4.9,14.22222222222222,-0.6176100373268127,13.604612184895407,1
D.Swift,2024,11,16.4,14.6,-0.1448887139558792,14.45511128604412,1
T.Spears,2024,11,2.8,7.516666666666667,0.740840494632721,8.257507161299387,1
A.Ekeler,2024,11,17.6,11.677777777777775,-0.29407745599746704,11.383700321780308,1
R.McCloud,2024,11,10.6,7.81,0.4534960687160492,8.263496068716048,2
K.Shakir,2024,11,15.0,12.58888888888889,-0.43410205841064453,12.154786830478246,2
J.Wright,2024,11,1.6,2.6375,1.3974542617797852,4.034954261779785,1
C.Akers,2024,11,11.6,6.185714285714285,0.3612140119075775,6.546928297621863,1
D.Ogunbowale,2024,11,2.1,4.33,0.302110493183136,4.632110493183136,2
T.Kelce,2024,11,2.8,13.333333333333334,0.9376968145370483,14.271030147870382,2
D.Johnson,2024,11,0.3,3.188888888888889,1.0925629138946533,4.281451802783542,1
T.Sermon,2024,11,1.3,4.811111111111111,0.6628515720367432,5.473962683147854,1
H.Haskins,2024,11,0.1,1.64,1.6423276662826538,3.2823276662826535,-1
B.Corum,2024,11,3.8,2.2333333333333334,1.8079408407211304,4.041274174054464,1
A.Abdullah,2024,11,10.7,5.3500000000000005,0.5024986267089844,5.852498626708985,1
D.Turner,2024,11,5.9,5.028571428571429,-0.08929644525051117,4.939274983320918,2
K.Turpin,2024,11,17.6,5.785714285714286,0.21244114637374878,5.998155432088034,2
C.Ridley,2024,11,9.8,11.72222222222222,0.32485365867614746,12.047075880898367,2
G.Wilson,2024,11,5.8,16.59,-0.8603925704956055,15.729607429504394,2
J.Hasty,2024,11,0.2,3.585714285714286,0.20838521420955658,3.7940994999238424,1
R.Johnson,2024,11,11.1,7.2,-0.8317713141441345,6.368228685855866,1
R.Odunze,2024,11,12.5,8.544444444444444,0.283701628446579,8.828146072891023,2
C.Brooks,2024,11,3.3,3.0500000000000003,1.2135043144226074,4.263504314422608,1
J.Nailor,2024,11,0.0,8.037500000000001,-1.2819850444793701,6.755514955520631,2
C.Samuel,2024,11,16.8,3.2555555555555555,1.3684117794036865,4.623967334959242,2
S.Perine,2024,11,2.8,5.288888888888889,0.3060055375099182,5.594894426398807,2
D.Douglas,2024,11,9.9,9.055555555555555,0.18357163667678833,9.239127192232344,2
J.McNichols,2024,11,1.6,5.575,0.24953368306159973,5.8245336830616,1
B.Bowers,2024,11,31.3,14.244444444444444,-0.9278724789619446,13.316571965482499,2
T.Tucker,2024,11,6.5,7.288888888888888,0.02021806873381138,7.309106957622699,2
B.Thomas,2024,11,13.6,13.32,-0.5231929421424866,12.796807057857514,2
Q.Johnston,2024,11,12.8,11.6,-1.3429300785064697,10.25706992149353,2
K.Hunt,2024,11,6.0,16.75,-1.6613444089889526,15.088655591011047,1
J.Addison,2024,11,15.1,10.114285714285714,-0.1565602868795395,9.957725427406174,2
T.McLaurin,2024,11,2.0,15.23,-2.225527286529541,13.00447271347046,2
M.Mims,2024,11,13.3,2.344444444444445,1.201183557510376,3.545628001954821,2
J.Smith,2024,11,28.1,8.177777777777777,0.5034351348876953,8.681212912665472,2
T.Kraft,2024,11,0.0,10.666666666666666,-2.1545650959014893,8.512101570765177,2
C.Tillman,2024,11,7.7,9.985714285714286,1.4526927471160889,11.438407032830375,2
J.Dotson,2024,11,1.8,2.3875,1.1749732494354248,3.562473249435425,2
J.Downs,2024,11,19.4,13.9,-0.18833819031715393,13.711661809682846,2
T.Franklin,2024,11,9.5,4.022222222222222,0.38155490159988403,4.403777123822106,2
K.Juszczyk,2024,11,3.2,4.057142857142857,0.9881120324134827,5.04525488955634,2
N.Chubb,2024,11,5.0,6.633333333333333,1.245128870010376,7.878462203343709,1
J.Chase,2024,11,26.5,22.52,-6.094022274017334,16.425977725982666,2
C.Watson,2024,11,19.0,7.557142857142858,0.3258286714553833,7.882971528598241,2
M.Hardman,2024,11,4.1,5.5200000000000005,0.6459716558456421,6.1659716558456426,2
J.Reagor,2024,11,0.0,2.325,2.508057117462158,4.833057117462158,2
M.Burton,2024,11,1.0,1.4833333333333334,2.101193904876709,3.5845272382100424,-1
M.Corley,2024,11,2.0,0.8000000000000002,1.8593199253082275,2.659319925308228,-1
M.Washington,2024,11,4.800000000000001,4.025,0.4618874192237854,4.486887419223786,2
T.Hudson,2024,11,3.3,5.375,-0.012735217809677124,5.362264782190323,2
D.Sample,2024,11,1.5,4.55,-0.36917275190353394,4.180827248096466,2
T.Conklin,2024,11,1.7000000000000002,6.45,0.1397794634103775,6.589779463410378,2
M.Andrews,2024,11,4.2,9.57,-1.1217968463897705,8.44820315361023,2
E.Moore,2024,11,18.6,6.433333333333334,1.8525341749191284,8.285867508252462,2
D.London,2024,11,9.1,15.89,-1.7964110374450684,14.093588962554932,2
D.Smith,2024,11,6.9,13.7125,-2.805065393447876,10.907434606552124,2
M.Valdes-Scantling,2024,11,16.700000000000003,4.571428571428571,-0.600490152835846,3.9709384185927252,2
O.Zaccheaus,2024,11,2.0,5.65,1.3810029029846191,7.0310029029846195,2
C.Okonkwo,2024,11,3.9,4.7444444444444445,0.32536017894744873,5.069804623391893,2
N.Gray,2024,11,18.3,5.2,1.5127882957458496,6.71278829574585,2
X.Gipson,2024,11,2.7,2.46,0.5457503795623779,3.005750379562378,-1
D.Goedert,2024,11,11.1,10.766666666666666,0.5773462653160095,11.344012931982675,2
M.Hollins,2024,11,4.7,5.966666666666667,-0.31200626492500305,5.654660401741664,2
D.Knox,2024,11,8.0,3.775,0.34776055812835693,4.122760558128357,2
I.Likely,2024,11,9.5,7.677777777777777,-0.039490118622779846,7.638287659154997,2
J.Smith-Schuster,2024,11,1.8,9.9,0.0007018181495368481,9.900701818149537,2
R.Bateman,2024,11,5.0,10.51,-0.09442011266946793,10.415579887330532,2
Ju.Watson,2024,11,4.6,4.0875,1.1012629270553589,5.188762927055359,2
N.Agholor,2024,11,0.0,4.55,0.05292946472764015,4.60292946472764,2
F.Moreau,2024,11,8.0,5.8375,-0.7277675867080688,5.1097324132919315,2
D.Njoku,2024,11,19.1,11.25,0.4161755442619324,11.666175544261932,2
J.Ferguson,2024,11,2.1,9.475,0.655159592628479,10.130159592628479,2
J.Jeudy,2024,11,26.200000000000003,9.2,1.3933374881744385,10.593337488174438,2
J.Akins,2024,11,2.9000000000000004,5.275,0.7161927819252014,5.991192781925202,2
J.Tolbert,2024,11,4.1,9.744444444444444,-0.6143978238105774,9.130046620633866,2
T.Lockett,2024,11,3.9,10.177777777777775,-0.14405637979507446,10.033721397982701,2
D.Metcalf,2024,11,14.0,15.114285714285716,-0.9472610950469971,14.167024619238719,2
D.Vele,2024,11,10.6,8.25,0.037720754742622375,8.287720754742622,2
L.Humphrey,2024,11,15.2,4.21,1.324353814125061,5.534353814125061,2
A.Trautman,2024,11,0.0,4.214285714285714,0.37999826669692993,4.594283980982644,2
R.Doubs,2024,11,2.7,10.4,-0.20779891312122345,10.192201086878777,2
A.Brown,2024,11,11.5,16.883333333333336,-5.125217437744141,11.758115895589196,2
D.Wicks,2024,11,0.0,6.577777777777778,-0.4078468978404999,6.1699308799372785,2
M.Pittman,2024,11,9.6,8.733333333333333,-0.08734797686338425,8.645985356469948,2
A.Pierce,2024,11,10.4,9.86,-0.9716248512268066,8.888375148773193,2
D.Schultz,2024,11,8.3,6.0,1.1554473638534546,7.155447363853455,2
N.Collins,2024,11,9.4,21.34,-6.594794273376465,14.745205726623535,2
K.Granson,2024,11,1.4,1.875,1.4864755868911743,3.3614755868911743,2
M.Alie-Cox,2024,11,3.7,3.2857142857142856,0.21076065301895142,3.496474938733237,2
E.Engram,2024,11,7.800000000000001,10.55,-0.14142075181007385,10.408579248189927,2
G.Davis,2024,11,1.3,6.6625,-0.039604343473911285,6.622895656526088,2
D.Smythe,2024,11,1.3,1.0166666666666666,1.5618654489517212,2.578532115618388,-1
P.Washington,2024,11,2.0,3.96,0.6723309755325317,4.632330975532532,2
D.Robinson,2024,11,3.9,9.666666666666666,-1.470199465751648,8.196467200915018,2
C.Parkinson,2024,11,8.9,6.342857142857143,1.5361416339874268,7.87899877684457,2
B.Wright,2024,11,7.5,3.466666666666667,1.0838806629180908,4.550547329584758,-1
W.Dissly,2024,11,18.0,6.688888888888889,1.8476265668869019,8.536515455775792,2
D.Adams,2024,11,13.2,13.071428571428571,-0.28754112124443054,12.78388745018414,2
L.McConkey,2024,11,18.3,12.311111111111112,0.9238628149032593,13.234973926014371,2
M.Mayer,2024,11,1.5,2.033333333333333,0.682805597782135,2.7161389311154682,-1
J.Palmer,2024,11,4.300000000000001,7.1625000000000005,0.7689979672431946,7.931497967243195,2
J.Oliver,2024,11,6.4,7.457142857142857,-0.17465761303901672,7.282485244103841,2
J.Mundt,2024,11,2.3,3.6625,0.6178835034370422,4.280383503437042,2
M.Gesicki,2024,11,0.0,9.144444444444446,0.1923048198223114,9.336749264266757,2
H.Henry,2024,11,12.3,8.88,0.6230587363243103,9.503058736324311,2
A.Hooper,2024,11,7.5,4.3100000000000005,0.5274710655212402,4.837471065521241,2
A.Iosivas,2024,11,7.6,6.38,-0.10587451606988907,6.274125483930111,2
J.Jennings,2024,11,25.1,14.242857142857144,-0.7790870666503906,13.463770076206753,2
E.Saubert,2024,11,1.7000000000000002,3.0,0.9644520878791809,3.964452087879181,2
V.Jefferson,2024,11,0.0,4.842857142857143,0.8452519178390503,5.688109060696194,2
P.Freiermuth,2024,11,3.4000000000000004,8.366666666666667,0.252933144569397,8.619599811236064,2
K.Pitts,2024,11,1.9,10.05,-0.18461190164089203,9.865388098359109,2
C.Austin,2024,11,0.9,6.188888888888889,0.47225117683410645,6.6611400657229956,2
D.Washington,2024,11,6.2,3.825,0.21452723443508148,4.039527234435082,2
N.Vannett,2024,11,1.6,5.96,-0.6650123000144958,5.294987699985504,2
C.Kmet,2024,11,7.2,10.075,-0.045800965279340744,10.029199034720659,2
D.Hopkins,2024,11,5.9,9.133333333333333,0.17185401916503906,9.305187352498372,2
Z.Ertz,2024,11,18.7,8.309999999999999,0.7923356890678406,9.10233568906784,2
L.McCaffrey,2024,11,0.0,3.7714285714285714,1.2086907625198364,4.980119333948408,2
J.Bates,2024,11,3.7,1.6,1.555557370185852,3.155557370185852,-1
C.Stover,2024,11,3.5,2.0875000000000004,1.135733962059021,3.2232339620590214,2
J.Burton,2024,11,1.8,4.3,1.2348073720932007,5.5348073720932005,2
B.Strange,2024,11,1.6,7.642857142857143,-0.25604408979415894,7.386813053062984,2
L.Farrell,2024,11,1.3,2.2,1.004811406135559,3.2048114061355593,-1
A.Ogletree,2024,11,1.8,2.966666666666667,0.29543089866638184,3.2620975653330486,-1
P.Ricard,2024,11,1.5,2.433333333333333,0.0036407611332833767,2.4369740944666165,-1
L.Schoonmaker,2024,11,11.6,3.4000000000000004,0.9241110682487488,4.324111068248749,2
B.Spann-Ford,2024,11,8.2,1.3333333333333333,1.5067964792251587,2.8401298125584917,-1
N.Brown,2024,11,1.4,8.2625,0.5443311333656311,8.80683113336563,2
J.Whyle,2024,11,1.6,3.5250000000000004,0.9925165176391602,4.5175165176391605,2
J.Ruckert,2024,11,1.6,2.671428571428572,1.5155208110809326,4.186949382509505,-1
N.Adkins,2024,11,8.2,2.2,0.9037579298019409,3.103757929801941,-1
T.Sherfield,2024,11,2.6,3.016666666666667,0.2880658805370331,3.3047325472037,2
B.Powell,2024,11,2.3,1.95,1.5219463109970093,3.4719463109970095,-1
T.Patrick,2024,11,5.6,4.242857142857143,1.2851229906082153,5.527980133465358,2
R.Woods,2024,11,3.3,3.4200000000000004,0.9477881789207458,4.367788178920746,2
A.Barner,2024,11,3.5,4.742857142857143,0.3405774235725403,5.083434566429683,2
K.Boutte,2024,11,7.300000000000001,6.0,0.5160294771194458,6.516029477119446,2
T.Higgins,2024,11,29.8,16.22,-2.8637945652008057,13.356205434799193,2
J.Metchie,2024,11,6.300000000000001,6.5,-0.08393221348524094,6.416067786514759,2
O.Beckham,2024,11,3.3,2.05,1.076312780380249,3.126312780380249,-1
A.Robinson,2024,11,1.7000000000000002,0.3999999999999999,2.1169207096099854,2.5169207096099853,-1
N.Westbrook-Ikhine,2024,11,19.700000000000003,10.18,-2.214315891265869,7.965684108734131,2
K.Murray,2024,12,10.3,17.942,1.062416434288025,19.004416434288025,0
L.Jackson,2024,12,22.58,24.85818181818182,-1.262444257736206,23.595737560445613,0
P.Mahomes,2024,12,28.76,15.806,1.8444098234176636,17.65040982341766,0
B.Young,2024,12,16.52,7.128571428571428,2.492210626602173,9.620782055173601,0
G.Smith,2024,12,12.36,16.744,0.407453328371048,17.151453328371048,0
B.Nix,2024,12,19.42,17.79090909090909,-0.06768304854631424,17.723226042362775,0
J.Love,2024,12,14.72,17.479999999999997,-0.29815220832824707,17.18184779167175,0
J.Hurts,2024,12,15.06,22.558,1.3860433101654053,23.944043310165405,0
A.Richardson,2024,12,12.98,13.514285714285716,1.0324784517288208,14.546764166014537,0
C.Stroud,2024,12,15.68,13.683636363636364,1.805315613746643,15.488951977383007,0
T.Tagovailoa,2024,12,28.48,14.67,1.8971868753433228,16.567186875343324,0
M.Stafford,2024,12,19.22,13.557999999999998,1.867284893989563,15.425284893989561,0
J.Goff,2024,12,10.76,17.328000000000003,0.43296530842781067,17.760965308427814,0
J.Herbert,2024,12,17.62,15.764,2.378021717071533,18.142021717071533,0
G.Minshew,2024,12,11.7,9.402222222222225,1.1768431663513184,10.579065388573543,0
S.Darnold,2024,12,21.1,16.608,-2.0537357330322266,14.554264266967774,0
D.Samuel,2024,12,3.1,12.7375,0.4751541316509247,13.212654131650925,2
J.Fields,2024,12,2.6,16.434285714285714,-0.8244352340698242,15.60985048021589,0
W.Levis,2024,12,16.12,10.465714285714284,1.3389356136322021,11.804649899346487,0
C.Williams,2024,12,26.9,13.724,1.4037690162658691,15.12776901626587,0
B.Mayfield,2024,12,18.66,21.14,-2.386894464492798,18.753105535507203,0
J.Daniels,2024,12,30.4,18.52,-0.29693883657455444,18.223061163425445,0
C.Rush,2024,12,17.98,3.923333333333333,1.3314330577850342,5.254766391118367,0
D.Maye,2024,12,13.48,14.205714285714285,1.5201735496520996,15.725887835366384,0
M.Nabers,2024,12,12.4,17.4375,0.3009258806705475,17.738425880670547,2
T.Atwell,2024,12,6.0,7.444444444444445,0.8702892661094666,8.314733710553911,2
A.St. Brown,2024,12,12.2,19.738,-0.9788244366645813,18.75917556333542,2
J.Winston,2024,12,13.46,9.968571428571428,2.0304174423217773,11.998988870893205,0
K.Allen,2024,12,23.6,8.870000000000001,0.17606675624847412,9.046066756248475,2
A.Mitchell,2024,12,2.0,4.178181818181819,1.3090415000915527,5.487223318273371,2
R.Wilson,2024,12,13.8,15.77,0.24475295841693878,16.01475295841694,0
J.Smith-Njigba,2024,12,19.7,14.8,1.1084073781967163,15.908407378196717,2
C.Sutton,2024,12,29.700000000000003,13.49,0.9932995438575745,14.483299543857575,2
T.Hill,2024,12,9.8,21.164,-1.6665434837341309,19.49745651626587,2
D.Montgomery,2024,12,16.3,16.312,0.3542698621749878,16.66626986217499,1
J.Mixon,2024,12,9.5,22.5875,-4.8590826988220215,17.728417301177977,1
J.Jefferson,2024,12,4.7,18.138,-3.4570398330688477,14.680960166931154,2
D.Moore,2024,12,47.0,13.84,0.7686038017272949,14.608603801727295,2
K.Bourne,2024,12,6.0,5.5,-0.16511964797973633,5.334880352020264,2
T.Boyd,2024,12,11.5,5.011111111111111,1.3109666109085083,6.322077722019619,2
J.Meyers,2024,12,22.1,13.1375,-0.9831198453903198,12.15438015460968,2
S.Barkley,2024,12,46.2,21.97,-2.146101713180542,19.823898286819457,1
D.Brown,2024,12,5.6000000000000005,3.49,0.45187124609947205,3.9418712460994723,2
J.Conner,2024,12,9.9,15.04,-0.48665809631347656,14.553341903686523,1
T.Benson,2024,12,1.8,4.7625,1.4628968238830566,6.225396823883057,1
G.Dortch,2024,12,1.5,4.51,0.6352344751358032,5.145234475135803,2
D.Henry,2024,12,14.0,20.55454545454545,-4.196285247802734,16.358260206742717,1
X.Worthy,2024,12,9.1,9.51,-1.1696643829345703,8.34033561706543,2
Z.Flowers,2024,12,11.2,13.945454545454544,1.0740995407104492,15.019554086164993,2
J.Hill,2024,12,16.0,9.254545454545456,0.7805172204971313,10.035062675042587,2
C.Steele,2024,12,2.3,1.69,1.7121647596359253,3.4021647596359252,1
C.Hubbard,2024,12,15.0,16.220000000000002,-3.071500062942505,13.148499937057498,1
E.Elliott,2024,12,0.6000000000000001,4.833333333333333,0.13070866465568542,4.9640419979890185,1
J.Ford,2024,12,3.7,8.8375,1.297690510749817,10.135190510749817,1
C.Lamb,2024,12,16.8,17.52,-0.4931051731109619,17.026894826889038,2
R.Dowdle,2024,12,10.8,11.266666666666667,0.8782221674919128,12.14488883415858,1
J.Williams,2024,12,14.2,20.27272727272728,-2.132197856903076,18.140529415824204,2
K.Walker,2024,12,13.3,18.425,-1.8359029293060303,16.58909707069397,1
J.McLaughlin,2024,12,4.4,5.509090909090909,0.37910735607147217,5.888198265162381,1
Z.Charbonnet,2024,12,2.2,9.61,-1.6830307245254517,7.926969275474548,1
A.Estime,2024,12,1.5,2.6142857142857143,1.3466438055038452,3.9609295197895595,1
J.Jacobs,2024,12,28.6,15.34,-2.552990198135376,12.787009801864624,1
Em.Wilson,2024,12,4.1000000000000005,5.2700000000000005,0.9027389287948608,6.172738928794861,1
J.Reed,2024,12,5.6,14.28,-0.07697451859712601,14.203025481402873,2
K.Gainwell,2024,12,8.2,3.16,2.01982045173645,5.17982045173645,1
J.Taylor,2024,12,3.5,15.975,-1.7741910219192505,14.20080897808075,1
T.Dell,2024,12,10.2,9.86,0.019819939509034157,9.879819939509034,2
R.Mostert,2024,12,1.2,6.957142857142857,0.2922200560569763,7.249362913199834,1
D.Achane,2024,12,20.6,16.990000000000002,-2.4659183025360107,14.524081697463991,1
J.Waddle,2024,12,28.4,8.23,0.6117821335792542,8.841782133579255,2
K.Williams,2024,12,11.2,16.96,-2.0469467639923096,14.913053236007691,1
J.Gibbs,2024,12,24.9,17.42,0.4953949451446533,17.915394945144655,1
P.Nacua,2024,12,20.700000000000003,14.5,-0.8134064674377441,13.686593532562256,2
C.Kupp,2024,12,20.0,20.133333333333336,-3.4717140197753906,16.661619313557946,2
K.Raymond,2024,12,0.0,6.050000000000001,0.13079315423965454,6.180793154239655,2
G.Edwards,2024,12,7.1,3.45,2.060544967651367,5.510544967651367,1
J.Dobbins,2024,12,8.9,15.610000000000005,-0.087765172123909,15.522234827876096,1
D.Davis,2024,12,2.4,2.24,1.9368975162506104,4.176897516250611,1
D.Singletary,2024,12,9.0,7.937500000000001,0.8260857462882996,8.7635857462883,1
A.Jones,2024,12,19.9,14.04,0.6280879974365234,14.668087997436523,1
E.Gray,2024,12,2.6,1.9285714285714288,1.3142893314361572,3.242860760007586,2
T.Tracy,2024,12,9.0,10.02,1.6924787759780884,11.712478775978088,1
W.Robinson,2024,12,9.7,10.92,0.6172724962234497,11.53727249622345,2
R.Stevenson,2024,12,3.3,13.79,-1.9414855241775513,11.848514475822448,1
A.Gibson,2024,12,5.5,5.027272727272727,0.7302518486976624,5.75752457597039,1
J.Mason,2024,12,2.3,10.48,1.0632221698760986,11.543222169876099,1
N.Harris,2024,12,7.4,12.8,0.48413851857185364,13.284138518571854,1
C.Patterson,2024,12,-0.2,3.333333333333333,1.3565751314163208,4.689908464749654,1
J.Warren,2024,12,15.4,6.7625,1.4314571619033813,8.19395716190338,1
G.Pickens,2024,12,8.8,13.02,-0.24034494161605835,12.779655058383941,2
T.Pollard,2024,12,21.9,13.29,0.18595318496227264,13.475953184962272,1
D.Swift,2024,12,9.5,14.78,-0.2661241292953491,14.51387587070465,1
R.White,2024,12,11.7,13.855555555555556,-0.4064352214336395,13.449120334121917,1
B.Irving,2024,12,27.200000000000003,11.6,-0.2879648506641388,11.31203514933586,1
A.Ekeler,2024,12,4.4,12.27,-0.5856015682220459,11.684398431777954,1
J.Wright,2024,12,0.8000000000000003,2.522222222222222,1.792790412902832,4.315012635125054,1
C.Akers,2024,12,3.5,6.862500000000001,-0.4477245807647705,6.41477541923523,1
T.Kelce,2024,12,12.2,12.28,0.7341470122337341,13.014147012233733,2
B.Melton,2024,12,0.5,2.242857142857143,1.5854302644729614,3.8282874073301043,2
H.Haskins,2024,12,0.3,1.3833333333333335,1.9574456214904785,3.3407789548238123,-1
E.Demercado,2024,12,1.4,4.53,1.421891212463379,5.951891212463379,1
B.Corum,2024,12,0.5,2.4571428571428577,1.4404757022857666,3.8976185594286243,1
A.Abdullah,2024,12,17.5,6.114285714285714,-0.4319315254688263,5.682354188816888,1
D.Turner,2024,12,2.5,5.1375,-0.08518753200769424,5.052312467992306,2
K.Turpin,2024,12,1.8,7.2625,-0.551245927810669,6.711254072189331,2
C.Ridley,2024,12,14.3,11.53,0.9553829431533813,12.48538294315338,2
J.Polk,2024,12,1.7000000000000002,3.4444444444444446,0.09465581178665161,3.5391002562310963,-1
J.Hasty,2024,12,3.5,3.1625,-0.04135313630104065,3.1211468636989594,1
C.Otton,2024,12,4.0,11.62,0.7073674201965332,12.327367420196532,2
R.Johnson,2024,12,8.2,7.6875,-0.9267122745513916,6.760787725448608,1
R.Odunze,2024,12,8.9,8.940000000000001,0.5643362402915955,9.504336240291597,2
S.Tucker,2024,12,8.0,7.883333333333334,0.5200910568237305,8.403424390157063,1
C.Brooks,2024,12,3.6,3.1,1.3931515216827393,4.493151521682739,1
J.Nailor,2024,12,7.5,7.144444444444446,-0.4277593195438385,6.716685124900607,2
S.Perine,2024,12,4.4,5.04,0.5594940781593323,5.599494078159332,2
D.Douglas,2024,12,11.3,9.14,-0.13729630410671234,9.002703695893288,2
J.McNichols,2024,12,2.2,5.133333333333334,0.4333471953868866,5.56668052872022,1
X.Legette,2024,12,9.6,9.288888888888888,-0.3344165086746216,8.954472380214266,2
B.Bowers,2024,12,7.800000000000001,15.95,-0.41302478313446045,15.536975216865539,2
T.Tucker,2024,12,15.2,7.209999999999999,-0.04339234530925751,7.166607654690742,2
H.Luepke,2024,12,2.0,2.914285714285714,0.4876088500022888,3.401894564288003,2
Q.Johnston,2024,12,0.0,11.75,0.1468411684036255,11.896841168403625,2
K.Hunt,2024,12,11.7,15.214285714285714,-1.140647292137146,14.073638422148568,1
J.Addison,2024,12,30.2,10.7375,-0.531574010848999,10.205925989151002,2
C.Kolar,2024,12,1.6,4.45,0.0017608762718737125,4.451760876271874,2
T.McLaurin,2024,12,21.200000000000003,14.02727272727273,-1.6911067962646484,12.33616593100808,2
A.Dulin,2024,12,0.0,2.4,-0.10935236513614655,2.2906476348638534,2
M.Mims,2024,12,7.2,3.4400000000000004,0.14629334211349487,3.5862933421134953,2
J.Smith,2024,12,23.700000000000003,10.17,0.24988533556461334,10.419885335564613,2
T.Kraft,2024,12,10.6,9.6,-1.0505768060684204,8.54942319393158,2
C.Tillman,2024,12,2.8000000000000003,9.7,0.3323010802268982,10.032301080226897,2
J.Dotson,2024,12,1.4,2.3222222222222224,1.551331877708435,3.8735540999306575,2
C.Reynolds,2024,12,0.6000000000000001,1.5,1.9255582094192505,3.4255582094192505,1
J.Chestnut,2024,12,1.5,2.25,1.5425013303756714,3.7925013303756714,1
J.Downs,2024,12,5.7,14.511111111111113,-0.6506429314613342,13.860468179649779,2
T.Franklin,2024,12,5.1,4.57,-0.10897504538297653,4.461024954617024,2
K.Juszczyk,2024,12,2.4000000000000004,3.95,0.9837818741798401,4.93378187417984,2
S.Shepard,2024,12,6.6,6.585714285714286,0.7247734665870667,7.310487752301353,2
J.McMillan,2024,12,2.1,4.95,0.5946138501167297,5.54461385011673,2
N.Chubb,2024,12,19.0,6.2250000000000005,0.7645770311355591,6.98957703113556,1
C.Watson,2024,12,0.4,8.9875,0.6865077614784241,9.674007761478425,2
M.Hardman,2024,12,1.5,5.283333333333333,1.0599058866500854,6.343239219983419,2
J.Reagor,2024,12,4.0,1.86,3.071113109588623,4.931113109588623,2
T.McBride,2024,12,25.3,12.266666666666667,1.5090292692184448,13.775695935885112,2
M.Burton,2024,12,2.1,1.4142857142857144,1.4465306997299194,2.860816414015634,-1
M.Washington,2024,12,1.3,4.18,0.5441727042198181,4.724172704219818,2
D.Slayton,2024,12,0.0,9.555555555555555,1.1487008333206177,10.704256388876173,2
M.Andrews,2024,12,15.6,9.081818181818182,-0.04184093698859215,9.03997724482959,2
J.Brooks,2024,12,5.800000000000001,2.3375000000000004,0.8400428891181946,3.177542889118195,2
E.Moore,2024,12,5.1,7.65,0.33092740178108215,7.9809274017810825,2
Mi.Wilson,2024,12,7.4,7.67,0.06690395623445511,7.736903956234455,2
O.Zaccheaus,2024,12,1.8,5.2444444444444445,1.4950354099273682,6.739479854371813,2
C.Okonkwo,2024,12,14.0,4.66,0.2544412612915039,4.914441261291504,2
N.Gray,2024,12,22.6,6.655555555555556,0.22183552384376526,6.877391079399321,2
D.Goedert,2024,12,5.9,10.814285714285717,0.7682883739471436,11.58257408823286,2
M.Harrison,2024,12,7.7,11.69,-2.2135283946990967,9.476471605300903,2
E.Higgins,2024,12,1.5,4.177777777777778,-0.02065526321530342,4.157122514562475,2
J.Smith-Schuster,2024,12,1.6,7.875,-0.5107617974281311,7.364238202571869,2
R.Bateman,2024,12,12.3,10.009090909090908,0.009744659997522831,10.01883556908843,2
Ju.Watson,2024,12,2.5,4.144444444444444,0.9456068277359009,5.090051272180345,2
A.Thielen,2024,12,8.7,8.299999999999999,-1.0621217489242554,7.237878251075744,2
J.Sanders,2024,12,7.9,5.73,0.5652256011962891,6.2952256011962895,2
D.Njoku,2024,12,3.9,12.37142857142857,-0.6988834142684937,11.672545157160076,2
J.Jeudy,2024,12,14.5,10.9,0.43845388293266296,11.338453882932663,2
J.Akins,2024,12,6.800000000000001,5.011111111111111,0.28497305512428284,5.296084166235394,2
J.Tolbert,2024,12,10.2,9.18,-0.6590913534164429,8.520908646583557,2
T.Lockett,2024,12,4.0,9.55,-0.026666367426514626,9.523333632573486,2
D.Metcalf,2024,12,9.9,14.975,-1.0938072204589844,13.881192779541015,2
D.Vele,2024,12,14.0,8.585714285714285,0.09084062278270721,8.676554908496993,2
L.Humphrey,2024,12,2.4,5.209090909090909,0.5088359713554382,5.717926880446347,2
A.Trautman,2024,12,1.3,3.6875,0.23375441133975983,3.92125441133976,2
R.Doubs,2024,12,8.4,9.544444444444444,0.07325523346662521,9.61769967791107,2
A.Brown,2024,12,22.9,16.114285714285717,-0.8012120127677917,15.313073701517926,2
D.Wicks,2024,12,3.5,5.92,0.026449888944625854,5.946449888944626,2
G.Calcaterra,2024,12,0.0,4.825,1.5541268587112427,6.379126858711243,2
M.Pittman,2024,12,15.6,8.82,0.03004964254796505,8.850049642547965,2
A.Pierce,2024,12,4.9,9.909090909090908,-0.3928056061267853,9.516285302964123,2
D.Schultz,2024,12,4.0,6.20909090909091,1.4978113174438477,7.7069022265347575,2
N.Collins,2024,12,20.200000000000003,19.35,-4.604127883911133,14.745872116088869,2
K.Granson,2024,12,0.0,1.822222222222222,1.282052993774414,3.104275215996636,2
X.Hutchinson,2024,12,0.0,1.5555555555555556,1.7345268726348877,3.290082428190443,-1
D.Smythe,2024,12,1.8,1.0571428571428572,1.9678982496261597,3.0250411067690166,-1
D.Robinson,2024,12,9.5,9.09,-1.8268848657608032,7.263115134239197,2
C.Parkinson,2024,12,2.0,6.6625,0.3597017526626587,7.022201752662658,2
D.Allen,2024,12,0.0,2.475,1.3624154329299927,3.8374154329299928,-1
S.LaPorta,2024,12,4.9,8.844444444444443,0.29031431674957275,9.134758761194016,2
B.Wright,2024,12,4.4,4.042857142857143,0.5087807178497314,4.551637860706874,-1
T.Johnson,2024,12,9.0,9.63,0.4257545471191406,10.055754547119141,2
W.Dissly,2024,12,8.7,7.82,1.188228964805603,9.008228964805603,2
L.McConkey,2024,12,14.3,12.91,1.7919940948486328,14.701994094848633,2
M.Mayer,2024,12,3.1,1.9,1.0922701358795166,2.9922701358795165,-1
J.Palmer,2024,12,6.800000000000001,6.844444444444445,1.1716670989990234,8.016111543443468,2
J.Mundt,2024,12,1.7000000000000002,3.511111111111111,0.3182438611984253,3.8293549723095364,2
H.Henry,2024,12,9.4,9.19090909090909,0.8643216490745544,10.055230739983644,2
A.Hooper,2024,12,15.9,4.6000000000000005,0.5189380645751953,5.118938064575196,2
G.Kittle,2024,12,20.200000000000003,17.625,-3.16804838180542,14.45695161819458,2
J.Jennings,2024,12,9.0,15.6,-2.3227360248565674,13.277263975143432,2
E.Saubert,2024,12,0.0,2.675,0.9796410799026489,3.6546410799026487,2
V.Jefferson,2024,12,5.9,4.2375,0.4463699460029602,4.68386994600296,2
P.Freiermuth,2024,12,9.9,7.87,-0.15611177682876587,7.713888223171234,2
C.Austin,2024,12,16.8,5.66,-0.03343450278043747,5.626565497219563,2
D.Washington,2024,12,4.4,4.088888888888889,0.13779664039611816,4.226685529285007,2
N.Vannett,2024,12,0.0,5.233333333333333,-0.8087554574012756,4.424577875932058,2
C.Kmet,2024,12,13.4,9.755555555555556,-0.06673324108123779,9.688822314474319,2
D.Hopkins,2024,12,14.5,8.809999999999999,0.0741482749581337,8.884148274958132,2
M.Evans,2024,12,11.8,13.642857142857142,-2.6445271968841553,10.998329945972987,2
T.Palmer,2024,12,2.8,3.9,0.33442726731300354,4.234427267313004,2
Z.Ertz,2024,12,15.8,9.254545454545456,1.223425269126892,10.477970723672348,2
L.McCaffrey,2024,12,1.8,3.3,1.2990995645523071,4.599099564552307,2
J.Bates,2024,12,0.3,2.0200000000000005,1.3433436155319214,3.363343615531922,2
C.Stover,2024,12,11.6,2.244444444444445,1.1736738681793213,3.418118312623766,2
A.Ogletree,2024,12,0.0,2.8000000000000003,0.09701348096132278,2.897013480961323,-1
T.Tremble,2024,12,1.5,3.55,1.008736491203308,4.558736491203308,2
L.Schoonmaker,2024,12,14.5,5.040000000000001,0.44949615001678467,5.489496150016786,2
B.Spann-Ford,2024,12,4.4,3.05,0.5293318629264832,3.579331862926483,2
N.Brown,2024,12,13.1,7.5,0.5801641941070557,8.080164194107056,2
J.Bobo,2024,12,1.8,2.442857142857143,1.0156526565551758,3.458509799412319,2
C.Conley,2024,12,0.0,0.35,1.8511983156204224,2.2011983156204225,-1
T.Patrick,2024,12,9.5,4.4125,1.4627280235290527,5.875228023529052,2
R.Woods,2024,12,1.8,3.4,1.0216565132141113,4.421656513214112,2
A.Barner,2024,12,4.9,4.5875,0.2902507781982422,4.8777507781982425,2
P.Brown,2024,12,3.9,1.6333333333333335,1.4040277004241943,3.037361033757528,-1
K.Boutte,2024,12,1.6,6.144444444444444,0.2745325565338135,6.418977000978257,2
J.Metchie,2024,12,1.6,6.459999999999999,0.1544804871082306,6.61448048710823,2
T.Wallace,2024,12,2.5,9.133333333333333,-1.1453450918197632,7.98798824151357,2
O.Beckham,2024,12,0.0,2.3,1.6566535234451294,3.956653523445129,-1
N.Westbrook-Ikhine,2024,12,12.8,11.766666666666666,-2.8498435020446777,8.916823164621988,2
R.Miller,2024,12,2.4000000000000004,4.75,-0.40243151783943176,4.347568482160568,2
R.Jarrett,2024,12,4.0,4.566666666666666,1.3236135244369507,5.890280191103617,2
T.Hockenson,2024,12,18.4,8.066666666666668,0.63519686460495,8.701863531271618,2
K.Murray,2024,13,15.2,17.247272727272726,1.0709552764892578,18.318228003761984,0
J.Allen,2024,13,21.72,20.30181818181818,-0.5474130511283875,19.754405130689793,0
L.Jackson,2024,13,25.380000000000003,24.668333333333333,-1.9086313247680664,22.759702008565267,0
P.Mahomes,2024,13,16.64,16.983636363636364,0.7738324403762817,17.757468804012646,0
D.Carr,2024,13,14.56,15.5475,0.6895289421081543,16.237028942108154,0
B.Young,2024,13,23.62,8.3025,2.1836276054382324,10.486127605438233,0
G.Smith,2024,13,12.44,16.345454545454547,0.8511366248130798,17.196591170267627,0
B.Nix,2024,13,12.16,17.926666666666666,-0.11873626708984375,17.807930399576822,0
J.Love,2024,13,18.96,17.173333333333332,-1.1156598329544067,16.057673500378925,0
J.Hurts,2024,13,17.62,21.87636363636364,-0.1607983261346817,21.715565310228957,0
A.Richardson,2024,13,21.16,13.4475,0.8486822843551636,14.296182284355163,0
C.Stroud,2024,13,14.38,13.85,2.106489419937134,15.956489419937133,0
T.Tagovailoa,2024,13,25.2,16.642857142857142,-0.46277302503585815,16.180084117821284,0
T.Lawrence,2024,13,0.2400000000000002,16.16222222222222,-0.026597686111927032,16.135624536110292,0
M.Stafford,2024,13,15.62,14.072727272727274,2.0690035820007324,16.141730854728007,0
J.Goff,2024,13,16.939999999999998,16.730909090909094,-0.7182272672653198,16.012681823643774,0
J.Herbert,2024,13,7.979999999999999,15.932727272727272,1.7162845134735107,17.64901178620078,0
S.Darnold,2024,13,19.6,17.016363636363636,-1.2105110883712769,15.805852547992359,0
J.Burrow,2024,13,19.26,21.83818181818182,-3.6684300899505615,18.169751728231258,0
A.Rodgers,2024,13,14.0,14.243636363636364,0.5584732294082642,14.802109593044628,0
B.Purdy,2024,13,2.16,18.722,0.8588651418685913,19.580865141868593,0
D.Samuel,2024,13,6.0,11.666666666666666,0.42595577239990234,12.092622439066568,2
K.Cousins,2024,13,2.1000000000000014,14.361818181818183,0.4112740159034729,14.773092197721656,0
J.Fields,2024,13,0.7000000000000001,14.705,0.0720859095454216,14.777085909545422,0
W.Levis,2024,13,16.18,11.1725,0.5309787392616272,11.703478739261627,0
C.Williams,2024,13,26.14,14.92181818181818,1.6273210048675537,16.549139186685736,0
B.Mayfield,2024,13,10.2,20.91454545454545,-2.03413987159729,18.88040558294816,0
J.Daniels,2024,13,27.64,19.51,1.5882070064544678,21.09820700645447,0
C.Rush,2024,13,11.8,5.931428571428572,2.5525078773498535,8.483936448778426,0
T.Chandler,2024,13,0.2,3.871428571428571,1.5410975217819214,5.412526093210492,1
A.O'Connell,2024,13,19.6,5.55,2.2709059715270996,7.820905971527099,0
M.Trubisky,2024,13,-0.14,-0.1,2.937803030014038,2.837803030014038,-1
M.Jones,2024,13,20.0,2.27,1.2038321495056152,3.4738321495056153,0
D.Maye,2024,13,19.42,14.115,1.6498899459838867,15.764889945983887,0
M.Nabers,2024,13,15.3,16.87777777777778,-0.9987595677375793,15.8790182100402,2
T.Atwell,2024,13,5.9,7.3,1.300483226776123,8.600483226776124,2
J.Johnson,2024,13,8.6,7.2155555555555555,0.07992540299892426,7.29548095855448,2
A.St. Brown,2024,13,12.3,19.05272727272727,0.28351226449012756,19.3362395372174,2
J.Winston,2024,13,32.980000000000004,10.405,1.857901930809021,12.26290193080902,0
K.Allen,2024,13,24.3,10.506666666666668,0.2836066782474518,10.79027334491412,2
A.Mitchell,2024,13,0.0,3.9966666666666666,1.4495872259140015,5.446253892580668,2
D.Mooney,2024,13,5.0,13.554545454545456,-0.07750055938959122,13.477044895155865,2
R.Wilson,2024,13,26.86,15.376,1.360751986503601,16.7367519865036,0
J.Smith-Njigba,2024,13,11.9,15.245454545454544,1.302699327468872,16.548153872923415,2
C.Sutton,2024,13,16.200000000000003,14.963636363636368,0.09097331762313843,15.054609681259507,2
T.Hill,2024,13,30.0,20.13090909090909,-2.167480230331421,17.963428860577668,2
D.Montgomery,2024,13,15.4,16.310909090909092,-1.368924617767334,14.941984473141758,1
J.Mixon,2024,13,21.9,21.133333333333336,-1.7673084735870361,19.3660248597463,1
J.Jefferson,2024,13,16.9,16.916363636363638,-1.6954253911972046,15.220938245166433,2
D.Moore,2024,13,32.7,16.854545454545455,0.006904791109263897,16.86145024565472,2
K.Bourne,2024,13,7.5,5.571428571428571,0.08694208413362503,5.658370655562196,2
B.Allen,2024,13,4.7,5.613333333333333,1.290250539779663,6.903583873112996,1
T.Boyd,2024,13,6.7,5.66,1.063875675201416,6.723875675201416,2
J.Meyers,2024,13,15.7,14.133333333333333,-0.7920845150947571,13.341248818238576,2
C.Wilson,2024,13,2.9000000000000004,7.300000000000001,-0.6927861571311951,6.607213842868806,2
S.Barkley,2024,13,19.700000000000003,24.17272727272728,-2.7811148166656494,21.39161245606163,1
R.Pearsall,2024,13,0.0,8.525,0.05061431974172592,8.575614319741726,2
D.Brown,2024,13,7.9,3.6818181818181817,0.8243585824966431,4.506176764314825,2
Ja.Williams,2024,13,1.7000000000000002,3.0625,1.5512075424194336,4.613707542419434,1
J.Conner,2024,13,11.1,14.572727272727274,-0.8866722583770752,13.686055014350199,1
J.Cook,2024,13,19.0,16.880000000000003,-1.587851881980896,15.292148118019107,1
T.Benson,2024,13,2.0,4.433333333333334,1.3117433786392212,5.745076711972555,1
Ty.Johnson,2024,13,4.7,4.3090909090909095,0.6955491304397583,5.004640039530668,1
R.Davis,2024,13,13.7,6.436363636363637,0.32286202907562256,6.75922566543926,1
G.Dortch,2024,13,2.7,4.236363636363636,0.8378496766090393,5.074213312972676,2
D.Henry,2024,13,14.1,20.008333333333333,-3.337085008621216,16.671248324712117,1
X.Worthy,2024,13,10.4,9.472727272727273,-0.4706946313381195,9.002032641389153,2
Z.Flowers,2024,13,10.1,13.716666666666669,1.3400464057922363,15.056713072458905,2
J.Hill,2024,13,7.6,9.816666666666668,1.0357954502105713,10.85246211687724,2
A.Kamara,2024,13,15.9,19.954545454545453,-0.02525348775088787,19.929291966794565,1
C.Hubbard,2024,13,2.3,16.10909090909091,-1.2139707803726196,14.89512012871829,1
E.Elliott,2024,13,0.4,4.41,1.119497537612915,5.529497537612915,1
J.Ford,2024,13,7.200000000000001,8.266666666666667,1.0708122253417969,9.337478892008464,1
C.Lamb,2024,13,5.9,17.454545454545453,0.24829398095607758,17.70283943550153,2
R.Dowdle,2024,13,21.3,11.22,1.6509438753128052,12.870943875312806,1
B.Cooks,2024,13,10.6,6.074999999999999,-0.5217458009719849,5.553254199028014,2
J.Williams,2024,13,17.0,19.76666666666667,-2.121598720550537,17.645067946116132,2
K.Walker,2024,13,6.6000000000000005,17.855555555555554,-1.2979683876037598,16.557587167951795,1
J.McLaughlin,2024,13,9.4,5.416666666666667,0.4546787440776825,5.8713454107443495,1
Z.Charbonnet,2024,13,12.1,8.936363636363636,-1.0208977460861206,7.915465890277515,1
A.Estime,2024,13,1.2000000000000002,2.475,1.3709710836410522,3.8459710836410523,1
J.Jacobs,2024,13,21.7,16.545454545454547,-2.650068759918213,13.895385785536334,1
Em.Wilson,2024,13,2.0,5.163636363636364,0.9844591021537781,6.148095465790142,1
J.Reed,2024,13,19.700000000000003,13.490909090909092,-0.3383171558380127,13.15259193507108,2
J.Taylor,2024,13,17.3,14.58888888888889,-1.6523910760879517,12.936497812800939,1
D.Pierce,2024,13,1.1,3.4200000000000004,1.2756117582321167,4.695611758232117,1
T.Dell,2024,13,3.3000000000000003,9.89090909090909,0.7231558561325073,10.614064947041598,2
R.Mostert,2024,13,5.4,6.237500000000001,0.10534986853599548,6.342849868535996,1
D.Achane,2024,13,21.0,17.318181818181817,-0.9498767852783203,16.368305032903496,1
T.Etienne,2024,13,8.8,8.3,0.6118153929710388,8.91181539297104,1
T.Bigsby,2024,13,4.5,9.166666666666666,0.6188747882843018,9.785541454950968,1
J.Waddle,2024,13,11.3,10.063636363636364,0.24253274500370026,10.306169108640065,2
D.Duvernay,2024,13,4.300000000000001,0.38,1.67686128616333,2.05686128616333,-1
A.Ingold,2024,13,3.5,3.0500000000000003,0.9284850358963013,3.9784850358963015,2
K.Williams,2024,13,18.3,16.436363636363637,0.4123503267765045,16.848713963140142,1
J.Gibbs,2024,13,10.400000000000002,18.1,-3.2003979682922363,14.899602031707765,1
P.Nacua,2024,13,17.3,15.533333333333331,0.2588675916194916,15.792200924952823,2
C.Kupp,2024,13,4.7,20.11428571428572,-2.219853639602661,17.89443207468306,2
G.Edwards,2024,13,4.300000000000001,3.971428571428572,1.6846688985824585,5.65609747001103,1
D.Davis,2024,13,1.6,2.2666666666666666,1.5128774642944336,3.7795441309611,1
D.Singletary,2024,13,2.3000000000000003,8.055555555555555,-0.21099674701690674,7.844558808538649,1
A.Jones,2024,13,9.8,14.572727272727274,0.05096283555030823,14.623690108277582,1
T.Tracy,2024,13,14.5,9.927272727272728,1.535345435142517,11.462618162415245,1
W.Robinson,2024,13,2.6,10.80909090909091,0.8765830397605896,11.6856739488515,2
R.Stevenson,2024,13,12.4,12.836363636363636,0.4626530110836029,13.299016647447239,1
A.Gibson,2024,13,12.2,5.066666666666667,0.9305205941200256,5.997187260786693,1
C.Brown,2024,13,19.0,14.4,-0.41349151730537415,13.986508482694626,1
B.Hall,2024,13,6.0,16.663636363636364,-0.7314645051956177,15.932171858440746,1
J.Mason,2024,13,7.800000000000001,9.736363636363636,1.4276807308197021,11.164044367183338,1
B.Robinson,2024,13,43.4,26.48333333333333,-4.827628135681152,21.65570519765218,1
T.Allgeier,2024,13,3.2,6.5,1.8549076318740845,8.354907631874084,1
N.Harris,2024,13,24.9,12.30909090909091,0.8990669250488281,13.208157834139739,1
C.Patterson,2024,13,8.3,2.8285714285714287,1.8558870553970337,4.684458483968463,1
J.Warren,2024,13,10.4,7.722222222222222,1.7361146211624146,9.458336843384636,1
G.Pickens,2024,13,16.4,12.636363636363637,2.07004451751709,14.706408153880727,2
T.Pollard,2024,13,8.8,14.072727272727274,-0.7628825306892395,13.309844742038035,1
D.Swift,2024,13,9.4,14.3,-0.0076277535408735275,14.292372246459127,1
T.Spears,2024,13,0.3,6.842857142857143,0.6153367161750793,7.458193859032223,1
K.Herbert,2024,13,1.4,3.333333333333333,0.4682033360004425,3.8015366693337755,-1
R.White,2024,13,8.8,13.64,-0.6562206745147705,12.98377932548523,1
B.Irving,2024,13,27.5,13.018181818181818,0.022078242152929306,13.040260060334747,1
R.McCloud,2024,13,13.3,8.063636363636364,0.6210693120956421,8.684705675732006,2
K.Shakir,2024,13,7.0,12.830000000000002,-0.0032099110540002584,12.826790088946002,2
C.Akers,2024,13,2.2,6.488888888888889,-0.006156980991363525,6.482731907897525,1
T.Kelce,2024,13,13.8,12.272727272727272,1.2259496450424194,13.498676917769691,2
E.Demercado,2024,13,2.5,4.245454545454546,1.4210057258605957,5.666460271315142,1
B.Corum,2024,13,4.2,2.2125000000000004,1.9235146045684814,4.136014604568482,1
A.Abdullah,2024,13,7.300000000000001,7.5375,-0.5604339838027954,6.977066016197204,1
D.Turner,2024,13,3.5,4.844444444444445,0.1735864281654358,5.018030872609881,2
K.Turpin,2024,13,9.5,6.655555555555555,0.12326942384243011,6.778824979397985,2
C.Ridley,2024,13,6.5,11.781818181818185,1.1543693542480469,12.936187536066232,2
G.Wilson,2024,13,9.1,15.609090909090908,-0.40705323219299316,15.202037676897914,2
J.Polk,2024,13,0.0,3.2700000000000005,0.3793182075023651,3.6493182075023656,-1
I.Guerendo,2024,13,8.6,4.362500000000001,1.7429546117782593,6.10545461177826,1
C.Otton,2024,13,6.0,10.927272727272728,1.3198200464248657,12.247092773697593,2
R.Odunze,2024,13,4.5,8.936363636363637,0.8953189253807068,9.831682561744344,2
C.Brooks,2024,13,4.9,3.1833333333333336,1.2999156713485718,4.483249004681905,1
J.Nailor,2024,13,2.8,7.1800000000000015,-0.9403886198997498,6.239611380100252,2
C.Samuel,2024,13,0.7000000000000001,4.61,0.5951051712036133,5.205105171203614,2
S.Perine,2024,13,1.5,4.9818181818181815,0.7952376008033752,5.777055782621557,2
D.Douglas,2024,13,6.0,9.336363636363636,0.2794836163520813,9.615847252715717,2
I.Davis,2024,13,12.2,1.2666666666666666,1.6216638088226318,2.8883304754892984,-1
J.McNichols,2024,13,3.2,4.840000000000001,0.5681880116462708,5.4081880116462715,1
X.Legette,2024,13,9.3,9.32,-0.12650179862976074,9.19349820137024,2
B.Bowers,2024,13,30.2,15.20909090909091,-0.5643680691719055,14.644722839919005,2
T.Tucker,2024,13,13.9,7.936363636363637,0.6363980770111084,8.572761713374746,2
H.Luepke,2024,13,0.4,2.8,1.348518967628479,4.148518967628479,2
B.Thomas,2024,13,18.700000000000003,13.345454545454546,-0.28164032101631165,13.063814224438234,2
Q.Johnston,2024,13,3.2,10.444444444444445,-2.061614990234375,8.38282945421007,2
K.Hunt,2024,13,3.5,14.775,-0.9198498129844666,13.855150187015534,1
J.Addison,2024,13,9.4,12.9,-0.617272138595581,12.28272786140442,2
T.McLaurin,2024,13,27.3,14.625,-2.646418571472168,11.978581428527832,2
M.Mims,2024,13,19.9,3.7818181818181817,0.4849039912223816,4.266722173040563,2
J.Smith,2024,13,21.3,11.4,0.6064861416816711,12.006486141681671,2
T.Kraft,2024,13,13.8,9.69090909090909,-1.293685793876648,8.397223297032442,2
J.Dotson,2024,13,1.7000000000000002,2.23,1.4260025024414062,3.6560025024414062,2
T.Franklin,2024,13,4.800000000000001,4.618181818181818,0.24055452644824982,4.858736344630068,2
K.Vidal,2024,13,2.0,4.575,-0.41675668954849243,4.158243310451508,1
S.Shepard,2024,13,8.2,6.5875,0.5412972569465637,7.128797256946564,2
J.McMillan,2024,13,4.5,4.542857142857143,0.4629807472229004,5.005837890080043,2
N.Chubb,2024,13,12.5,8.780000000000001,0.2666724920272827,9.046672492027284,1
J.Chase,2024,13,20.6,22.88181818181818,-6.429301738739014,16.452516443079165,2
C.Watson,2024,13,8.7,8.033333333333335,0.20528936386108398,8.238622697194419,2
W.Shipley,2024,13,0.4,1.5333333333333334,1.9096906185150146,3.443023951848348,1
T.McBride,2024,13,21.6,13.57,1.8219211101531982,15.391921110153199,2
M.Burton,2024,13,6.1,1.5,1.3703453540802002,2.8703453540802,-1
M.Corley,2024,13,0.8,1.1,1.700473427772522,2.800473427772522,-1
M.Washington,2024,13,2.8,3.7000000000000006,0.7667675614356995,4.4667675614357005,2
D.Slayton,2024,13,2.8,8.6,0.6510930061340332,9.251093006134033,2
T.Hudson,2024,13,6.800000000000001,4.96,0.17529654502868652,5.1352965450286865,2
C.McCaffrey,2024,13,8.700000000000001,13.033333333333331,1.9053887128829956,14.938722046216327,1
D.Sample,2024,13,2.8,3.94,0.4021227955818176,4.342122795581817,-1
T.Conklin,2024,13,7.2,6.0181818181818185,0.2889665365219116,6.30714835470373,2
M.Andrews,2024,13,18.9,9.625,-1.6981079578399658,7.926892042160034,2
J.Brooks,2024,13,8.100000000000001,2.7222222222222223,1.651717185974121,4.373939408196343,2
E.Moore,2024,13,19.200000000000003,7.418181818181818,0.5472065210342407,7.965388339216059,2
D.London,2024,13,17.299999999999997,15.272727272727272,-1.6302608251571655,13.642466447570106,2
M.Valdes-Scantling,2024,13,11.6,6.0875,-0.7357312440872192,5.351768755912781,2
Mi.Wilson,2024,13,10.5,7.645454545454545,0.001120902132242918,7.6465754475867875,2
O.Zaccheaus,2024,13,4.4,4.9,1.5939449071884155,6.493944907188416,2
C.Okonkwo,2024,13,5.7,5.509090909090909,0.11772505193948746,5.626815961030396,2
N.Gray,2024,13,9.8,8.25,-0.03389880433678627,8.216101195663214,2
X.Gipson,2024,13,0.9,2.5,0.5850235223770142,3.085023522377014,-1
D.Goedert,2024,13,12.5,10.2,1.9762998819351196,12.176299881935119,2
M.Harrison,2024,13,17.0,11.327272727272726,0.8051630854606628,12.13243581273339,2
M.Hollins,2024,13,7.7,5.840000000000001,-0.0770903155207634,5.762909684479237,2
E.Higgins,2024,13,4.300000000000001,3.91,0.07915284484624863,3.9891528448462488,2
D.Knox,2024,13,7.6,4.2444444444444445,0.5023790597915649,4.746823504236009,2
I.Likely,2024,13,14.8,7.859999999999999,0.13890042901039124,7.998900429010391,2
J.Smith-Schuster,2024,13,2.0,6.62,0.20226213335990906,6.822262133359909,2
Ju.Watson,2024,13,7.6,3.98,0.9581571221351624,4.938157122135163,2
N.Agholor,2024,13,0.0,4.136363636363637,0.41238564252853394,4.548749278892171,2
F.Moreau,2024,13,2.6,6.077777777777778,-0.4721548557281494,5.605622922049629,2
A.Thielen,2024,13,23.9,8.4,-0.7140554189682007,7.6859445810318,2
D.Njoku,2024,13,26.2,11.3125,-0.4423288106918335,10.870171189308167,2
J.Jeudy,2024,13,40.5,11.227272727272728,0.7148354053497314,11.94210813262246,2
J.Akins,2024,13,0.0,5.19,0.3075101673603058,5.497510167360306,2
J.Tolbert,2024,13,6.1000000000000005,9.272727272727272,-0.29908621311187744,8.973641059615394,2
T.Lockett,2024,13,4.6,9.045454545454543,0.26755058765411377,9.313005133108657,2
N.Fant,2024,13,5.6,6.9375,1.1213663816452026,8.058866381645203,2
D.Metcalf,2024,13,10.6,14.41111111111111,-0.708709716796875,13.702401394314235,2
D.Vele,2024,13,2.6,9.2625,0.23399649560451508,9.496496495604514,2
A.Trautman,2024,13,0.0,3.4222222222222225,0.330356240272522,3.7525784624947445,2
A.Brown,2024,13,11.6,16.9625,-1.146506905555725,15.815993094444273,2
D.Wicks,2024,13,7.0,5.7,-0.0903608426451683,5.609639157354832,2
M.Pittman,2024,13,9.2,9.436363636363636,0.22390557825565338,9.660269214619289,2
A.Pierce,2024,13,9.6,9.491666666666667,-0.9232373833656311,8.568429283301036,2
D.Schultz,2024,13,17.1,6.025000000000001,1.567539095878601,7.592539095878602,2
N.Collins,2024,13,19.9,19.47142857142857,-4.054861545562744,15.416567025865827,2
K.Granson,2024,13,0.0,1.64,1.570428490638733,3.2104284906387326,-1
M.Alie-Cox,2024,13,3.5,3.3375000000000004,0.19721725583076477,3.534717255830765,2
E.Engram,2024,13,11.1,10.157142857142857,-0.25726935267448425,9.899873504468372,2
D.Smythe,2024,13,1.8,1.15,1.6704174280166626,2.8204174280166625,-1
P.Washington,2024,13,24.3,3.633333333333333,0.9354361295700073,4.56876946290334,2
D.Robinson,2024,13,12.9,9.127272727272729,-0.7781524658203125,8.349120261452416,2
C.Parkinson,2024,13,2.3,6.144444444444444,0.8679956793785095,7.0124401238229535,2
S.LaPorta,2024,13,15.6,8.45,-0.08312608301639557,8.366873916983604,2
B.Wright,2024,13,2.3,4.0875,-0.16197967529296875,3.9255203247070316,2
T.Johnson,2024,13,10.4,9.572727272727274,0.7004857659339905,10.273213038661265,2
W.Dissly,2024,13,0.0,7.9,0.6363251805305481,8.536325180530548,2
D.Adams,2024,13,17.6,13.0875,-0.7763803601264954,12.311119639873505,2
L.McConkey,2024,13,20.700000000000003,13.036363636363635,0.6606363654136658,13.697000001777301,2
M.Mayer,2024,13,1.5,2.14,1.2690094709396362,3.4090094709396364,-1
J.Palmer,2024,13,4.1,6.840000000000001,0.3944176733493805,7.234417673349381,2
S.Matlock,2024,13,1.2,1.2,1.9424797296524048,3.142479729652405,-1
J.Mundt,2024,13,10.2,3.33,0.5580590963363647,3.888059096336365,2
J.Hyatt,2024,13,2.8,1.5833333333333333,1.8316128253936768,3.41494615872701,-1
M.Gesicki,2024,13,10.3,8.23,0.44470110535621643,8.674701105356217,2
H.Henry,2024,13,14.5,9.208333333333334,1.5773104429244995,10.785643776257833,2
A.Hooper,2024,13,14.2,5.541666666666667,0.4476270377635956,5.9892937044302625,2
A.Iosivas,2024,13,12.5,6.490909090909091,-0.1385236531496048,6.352385437759486,2
G.Kittle,2024,13,1.7000000000000002,17.91111111111111,-0.5577952265739441,17.353315884537167,2
J.Jennings,2024,13,8.600000000000001,14.866666666666667,-0.22172212600708008,14.644944540659587,2
V.Jefferson,2024,13,5.3,4.422222222222222,0.704567015171051,5.126789237393273,2
P.Freiermuth,2024,13,18.8,8.054545454545455,0.1263909637928009,8.180936418338256,2
C.Woerner,2024,13,1.5,1.2333333333333334,1.7714974880218506,3.004830821355184,-1
K.Pitts,2024,13,0.0,9.30909090909091,-0.12249968200922012,9.18659122708169,2
C.Austin,2024,13,10.9,6.672727272727273,0.2952149510383606,6.967942223765633,2
M.Pruitt,2024,13,4.1,1.3,1.9139758348464966,3.2139758348464964,-1
D.Washington,2024,13,2.0,4.12,0.4000650644302368,4.520065064430237,2
N.Vannett,2024,13,1.6,4.485714285714286,-0.4434133470058441,4.042300938708442,2
C.Kmet,2024,13,5.6,10.12,-0.02301439829170704,10.096985601708292,2
D.Hopkins,2024,13,13.0,9.327272727272726,0.10346699506044388,9.43073972233317,2
M.Evans,2024,13,25.8,13.4125,-2.3454651832580566,11.067034816741943,2
T.Palmer,2024,13,0.0,3.7625,0.17227934300899506,3.9347793430089952,2
Z.Ertz,2024,13,12.5,9.8,0.35796862840652466,10.157968628406525,2
L.McCaffrey,2024,13,3.3,3.1333333333333337,1.4505332708358765,4.58386660416921,2
C.Stover,2024,13,1.4,3.18,0.663332998752594,3.843332998752594,2
B.Strange,2024,13,2.4000000000000004,6.8875,-0.24768781661987305,6.639812183380127,2
L.Farrell,2024,13,0.0,2.071428571428572,1.2829680442810059,3.354396615709578,-1
A.Ogletree,2024,13,3.2,2.45,0.6554998159408569,3.105499815940857,-1
T.Tremble,2024,13,12.7,3.14,0.993928849697113,4.133928849697114,2
L.Schoonmaker,2024,13,8.3,6.616666666666667,-0.0910709947347641,6.525595671931903,2
N.Brown,2024,13,5.7,8.059999999999999,0.6085812449455261,8.668581244945525,2
J.Whyle,2024,13,1.3,3.311111111111112,0.701699435710907,4.012810546822019,2
J.Ruckert,2024,13,1.3,2.5375,1.3432039022445679,3.880703902244568,-1
N.Adkins,2024,13,2.6,3.057142857142857,0.06161922216415405,3.118762079307011,-1
B.Powell,2024,13,1.8,2.0200000000000005,1.3769654035568237,3.396965403556824,2
T.Patrick,2024,13,6.800000000000001,4.977777777777778,1.3292889595031738,6.307066737280952,2
R.Woods,2024,13,0.0,3.171428571428572,1.082093358039856,4.2535219294684286,2
A.Barner,2024,13,9.4,4.622222222222223,0.290628582239151,4.912850804461374,2
P.Brown,2024,13,0.0,2.2,1.4674599170684814,3.6674599170684816,-1
K.Boutte,2024,13,9.1,5.69,0.4689323902130127,6.158932390213013,2
P.Campbell,2024,13,0.0,5.0,-0.3832522928714752,4.616747707128525,2
T.Higgins,2024,13,17.9,18.48333333333333,-2.7636420726776123,15.719691260655718,2
J.Metchie,2024,13,3.6,5.65,0.6823768615722656,6.332376861572266,2
T.Wallace,2024,13,3.4000000000000004,7.475,-0.4659936726093292,7.00900632739067,2
H.Long,2024,13,0.0,2.325,1.3723341226577759,3.697334122657776,2
W.Mallory,2024,13,1.7000000000000002,1.04,1.6346209049224854,2.6746209049224854,-1
L.Krull,2024,13,5.4,3.266666666666667,0.7491582632064819,4.015824929873149,2
O.Beckham,2024,13,1.9,1.9166666666666667,1.422379732131958,3.339046398798625,-1
N.Westbrook-Ikhine,2024,13,21.1,11.914285714285716,-2.9339966773986816,8.980289036887035,2
T.Hockenson,2024,13,5.800000000000001,10.65,0.9622912406921387,11.612291240692139,2
K.Murray,2024,14,17.96,17.076666666666668,0.7645614147186279,17.841228081385296,0
J.Allen,2024,14,51.88,20.42,-0.8395885825157166,19.580411417484285,0
P.Mahomes,2024,14,14.1,16.955,0.08140616118907928,17.036406161189078,0
D.Carr,2024,14,11.96,15.437777777777775,0.18124058842658997,15.619018366204365,0
B.Young,2024,14,12.54,10.004444444444443,2.543480396270752,12.547924840715195,0
G.Smith,2024,14,13.32,16.02,0.056201670318841934,16.07620167031884,0
J.Love,2024,14,14.54,17.351999999999997,-1.9238803386688232,15.428119661331174,0
J.Hurts,2024,14,24.22,21.521666666666665,0.20844604074954987,21.730112707416215,0
T.Tagovailoa,2024,14,23.54,17.7125,-0.09428070485591888,17.61821929514408,0
M.Stafford,2024,14,20.8,14.201666666666668,1.295849084854126,15.497515751520794,0
J.Goff,2024,14,22.02,16.748333333333335,-0.3607526421546936,16.38758069117864,0
J.Herbert,2024,14,13.72,15.27,1.9147577285766602,17.18475772857666,0
S.Darnold,2024,14,34.58,17.231666666666666,-0.2153140902519226,17.016352576414743,0
J.Burrow,2024,14,24.56,21.62333333333333,-1.9187068939208984,19.704626439412433,0
A.Rodgers,2024,14,17.560000000000002,14.223333333333334,0.1866120994091034,14.409945432742438,0
B.Purdy,2024,14,22.1,17.216363636363635,-0.7442412972450256,16.47212233911861,0
D.Samuel,2024,14,5.5,11.1,0.4584810435771942,11.558481043577194,2
K.Cousins,2024,14,9.76,13.339999999999998,2.877559185028076,16.217559185028072,0
W.Levis,2024,14,7.02,11.72888888888889,0.4246382713317871,12.153527160220676,0
C.Williams,2024,14,14.060000000000002,15.856666666666667,1.2893784046173096,17.14604507128398,0
B.Mayfield,2024,14,19.0,20.021666666666665,-1.1930980682373047,18.82856859842936,0
C.Rush,2024,14,13.82,6.665,3.292682647705078,9.957682647705077,0
A.O'Connell,2024,14,6.76,8.36,3.7703440189361572,12.130344018936157,0
M.Jones,2024,14,5.100000000000001,5.816000000000001,2.079634189605713,7.895634189605714,0
M.Nabers,2024,14,14.9,16.72,-1.0455087423324585,15.67449125766754,2
T.Atwell,2024,14,7.5,7.172727272727273,0.9212140440940857,8.093941316821358,2
J.Johnson,2024,14,15.0,7.353999999999999,0.203364759683609,7.557364759683608,2
A.St. Brown,2024,14,10.3,18.49,-1.954872727394104,16.535127272605894,2
J.Winston,2024,14,15.28,12.913333333333334,0.6740765571594238,13.587409890492758,0
K.Allen,2024,14,6.0,11.886,-0.2517741024494171,11.634225897550582,2
D.Mooney,2024,14,20.200000000000003,12.841666666666669,0.833681046962738,13.675347713629407,2
R.Wilson,2024,14,16.02,17.290000000000003,-1.5801068544387817,15.709893145561221,0
D.Lock,2024,14,14.98,5.493333333333333,2.0323028564453125,7.525636189778646,0
J.Smith-Njigba,2024,14,19.6,14.966666666666669,0.8865296840667725,15.853196350733441,2
T.Hill,2024,14,28.1,20.953333333333333,-0.6586825251579285,20.294650808175405,2
D.Montgomery,2024,14,19.4,16.235,-1.5309112071990967,14.704088792800903,1
J.Jefferson,2024,14,32.2,16.915000000000003,-0.2360600233078003,16.678939976692202,2
D.Moore,2024,14,15.4,18.175,-1.309327244758606,16.865672755241395,2
B.Allen,2024,14,10.1,5.543076923076924,1.5854058265686035,7.128482749645528,1
T.Boyd,2024,14,1.7000000000000002,5.754545454545454,1.4348070621490479,7.189352516694502,2
J.Meyers,2024,14,13.7,14.29,-0.5540782809257507,13.735921719074248,2
C.Wilson,2024,14,2.8,6.42,-0.6524520516395569,5.767547948360443,2
S.Barkley,2024,14,14.4,23.8,0.8393650054931641,24.639365005493165,1
R.Pearsall,2024,14,1.5,6.82,-0.04793370142579079,6.7720662985742095,2
A.Lazard,2024,14,2.8,14.457142857142856,-2.9413726329803467,11.515770224162509,2
Ja.Williams,2024,14,16.5,2.9111111111111114,1.2259554862976074,4.137066597408719,1
J.Conner,2024,14,22.2,14.283333333333331,-1.082916259765625,13.200417073567706,1
J.Cook,2024,14,4.9,17.072727272727274,-0.26386407017707825,16.808863202550196,1
T.Benson,2024,14,2.9,4.19,1.228359580039978,5.418359580039978,1
Ty.Johnson,2024,14,13.5,4.341666666666667,0.5632563233375549,4.904922990004222,1
G.Dortch,2024,14,1.5,4.108333333333333,1.1473685503005981,5.2557018836339315,2
I.Pacheco,2024,14,8.1,12.6,-0.333616703748703,12.266383296251297,1
X.Worthy,2024,14,9.6,9.55,-0.3150477409362793,9.234952259063721,2
A.Kamara,2024,14,12.9,19.616666666666667,-1.1301450729370117,18.486521593729655,1
C.Hubbard,2024,14,20.700000000000003,14.958333333333334,-2.193561553955078,12.764771779378256,1
E.Elliott,2024,14,1.6,4.045454545454546,1.7027820348739624,5.748236580328508,1
J.Ford,2024,14,7.7,8.16,0.784430980682373,8.944430980682373,1
C.Lamb,2024,14,21.4,16.491666666666667,0.11323843151330948,16.604905098179977,2
R.Dowdle,2024,14,15.1,12.136363636363637,2.3246757984161377,14.461039434779774,1
P.Strong,2024,14,2.9,2.7,1.0431197881698608,3.743119788169861,1
B.Cooks,2024,14,7.3,6.98,-0.4297389090061188,6.550261090993882,2
Z.Charbonnet,2024,14,38.3,9.2,-1.0788578987121582,8.121142101287841,1
J.Jacobs,2024,14,24.6,16.974999999999998,-2.3458149433135986,14.6291850566864,1
Em.Wilson,2024,14,0.7000000000000001,4.9,1.009533166885376,5.909533166885376,1
J.Reed,2024,14,0.0,14.008333333333333,-1.4396520853042603,12.568681248029073,2
K.Gainwell,2024,14,5.300000000000001,3.6181818181818186,1.6124449968338013,5.23062681501562,1
D.Achane,2024,14,18.9,17.625,-3.5421454906463623,14.082854509353638,1
T.Etienne,2024,14,11.0,8.35,1.0932226181030273,9.443222618103027,1
T.Bigsby,2024,14,13.2,8.7,0.7106149196624756,9.410614919662475,1
J.Waddle,2024,14,20.9,10.166666666666666,0.729663074016571,10.896329740683237,2
D.Duvernay,2024,14,3.1,1.0333333333333334,1.7082716226577759,2.741604955991109,-1
J.Wilson,2024,14,2.1,2.766666666666667,1.3364753723144531,4.103142038981121,1
K.Williams,2024,14,23.700000000000003,16.59166666666667,-3.0507619380950928,13.540904728571576,1
J.Gibbs,2024,14,19.3,17.458333333333332,-2.1130568981170654,15.345276435216267,1
P.Nacua,2024,14,41.8,15.785714285714286,-0.45181459188461304,15.333899693829673,2
C.Kupp,2024,14,20.200000000000003,18.1875,-2.2846615314483643,15.902838468551636,2
G.Edwards,2024,14,9.6,4.0125,1.4827568531036377,5.495256853103638,1
D.Davis,2024,14,2.1,2.171428571428572,1.3385570049285889,3.509985576357161,1
D.Singletary,2024,14,0.8,7.479999999999999,0.36811909079551697,7.848119090795516,1
A.Jones,2024,14,16.4,14.175,0.22126354277133942,14.39626354277134,1
T.Tracy,2024,14,19.3,10.308333333333334,1.151139259338379,11.459472592671712,1
W.Robinson,2024,14,7.800000000000001,10.125,1.1713446378707886,11.296344637870789,2
C.Brown,2024,14,24.3,14.783333333333331,0.4686641991138458,15.251997532447177,1
B.Robinson,2024,14,20.1,27.784615384615385,-2.042630672454834,25.74198471216055,1
T.Allgeier,2024,14,12.3,6.2250000000000005,2.1039628982543945,8.328962898254396,1
N.Harris,2024,14,11.3,13.358333333333334,-0.3025147020816803,13.055818631251654,1
C.Patterson,2024,14,-0.8999999999999999,3.5125,1.0135751962661743,4.5260751962661745,1
J.Warren,2024,14,9.2,7.99,1.3329943418502808,9.322994341850281,1
T.Pollard,2024,14,14.400000000000002,13.633333333333333,0.350060373544693,13.983393706878026,1
D.Swift,2024,14,5.0,13.891666666666666,0.38352370262145996,14.275190369288126,1
T.Spears,2024,14,3.3000000000000003,6.025,0.8964262008666992,6.9214262008667,1
K.Herbert,2024,14,2.1,2.85,1.4469901323318481,4.296990132331848,-1
R.White,2024,14,24.9,13.2,-0.052276503294706345,13.147723496705293,1
B.Irving,2024,14,2.8,14.225,-0.13139142096042633,14.093608579039573,1
R.McCloud,2024,14,18.1,8.5,1.4875622987747192,9.98756229877472,2
K.Shakir,2024,14,21.6,12.3,0.9098219275474548,13.209821927547456,2
J.Wright,2024,14,3.3000000000000003,2.35,1.9740084409713745,4.324008440971374,1
C.Akers,2024,14,3.7,6.0600000000000005,-0.16130679845809937,5.898693201541901,1
T.Kelce,2024,14,9.5,12.4,1.2127798795700073,13.612779879570008,2
E.Demercado,2024,14,5.5,4.1000000000000005,0.97699373960495,5.0769937396049505,1
B.Corum,2024,14,3.4000000000000004,2.4333333333333336,1.491430401802063,3.9247637351353966,1
A.Abdullah,2024,14,0.7999999999999999,7.51111111111111,0.034237172454595566,7.545348283565706,1
K.Turpin,2024,14,4.1,6.94,0.33524712920188904,7.275247129201889,2
C.Ridley,2024,14,12.9,11.341666666666669,0.6398940086364746,11.981560675303143,2
G.Wilson,2024,14,18.4,15.066666666666668,-0.3388506770133972,14.727815989653271,2
I.Guerendo,2024,14,26.8,4.833333333333333,0.8199377059936523,5.653271039326985,1
C.Otton,2024,14,10.0,10.516666666666667,0.3243505656719208,10.841017232338588,2
R.Odunze,2024,14,20.2,8.566666666666668,1.4132760763168335,9.979942742983502,2
S.Tucker,2024,14,4.7,7.9,-0.7005799412727356,7.199420058727265,1
C.Brooks,2024,14,0.3,3.4285714285714284,0.8356384634971619,4.264209892068591,1
C.Samuel,2024,14,3.6,4.254545454545454,0.9248613715171814,5.179406826062635,2
S.Perine,2024,14,2.9000000000000004,4.691666666666666,1.1566646099090576,5.848331276575724,2
I.Davis,2024,14,15.7,4.0,-0.71340411901474,3.28659588098526,2
X.Legette,2024,14,5.9,9.318181818181818,-0.36914438009262085,8.949037438089197,2
B.Bowers,2024,14,8.2,16.458333333333332,-0.5362123250961304,15.922121008237202,2
T.Tucker,2024,14,2.7,8.433333333333334,0.5082691311836243,8.941602464516958,2
H.Luepke,2024,14,1.5,2.533333333333333,1.3002674579620361,3.8336007912953693,2
B.Thomas,2024,14,16.6,13.791666666666666,-1.2562414407730103,12.535425225893656,2
Q.Johnston,2024,14,15.8,9.72,-0.6877051591873169,9.032294840812684,2
K.Hunt,2024,14,3.9,13.522222222222222,-1.0888745784759521,12.43334764374627,1
J.Addison,2024,14,39.3,12.55,-0.10446671396493912,12.445533286035062,2
J.Smith,2024,14,13.4,12.225,0.6929855942726135,12.917985594272613,2
T.Kraft,2024,14,13.1,10.033333333333331,-1.5919737815856934,8.441359551747638,2
J.Dotson,2024,14,1.5,2.1818181818181817,1.1905933618545532,3.372411543672735,2
K.Vidal,2024,14,3.4000000000000004,4.0600000000000005,-0.23363816738128662,3.826361832618714,1
K.Juszczyk,2024,14,1.3,3.19,0.8550402522087097,4.045040252208709,2
S.Shepard,2024,14,10.3,6.766666666666668,0.541086733341217,7.307753400007885,2
J.McMillan,2024,14,21.9,4.5375,0.41982755064964294,4.957327550649643,2
N.Chubb,2024,14,4.800000000000001,9.4,-0.6027923226356506,8.79720767736435,1
J.Chase,2024,14,45.1,22.691666666666663,-3.149503231048584,19.54216343561808,2
C.Watson,2024,14,13.4,8.1,0.06081665679812431,8.160816656798124,2
J.Reagor,2024,14,1.4,2.216666666666667,2.094867706298828,4.311534372965495,2
T.McBride,2024,14,14.0,14.3,2.063472270965576,16.363472270965577,2
M.Washington,2024,14,0.0,3.571428571428572,1.356007695198059,4.927436266626631,2
D.Slayton,2024,14,4.7,8.072727272727274,1.0470128059387207,9.119740078665995,2
T.Hudson,2024,14,2.9000000000000004,5.266666666666667,0.6229894161224365,5.889656082789103,2
D.Sample,2024,14,3.3,3.75,0.5421951413154602,4.29219514131546,-1
T.Conklin,2024,14,6.300000000000001,6.116666666666667,0.26133009791374207,6.377996764580409,2
E.Moore,2024,14,6.4,8.4,1.1029751300811768,9.502975130081177,2
D.London,2024,14,12.0,15.441666666666668,0.250485897064209,15.692152563730877,2
K.Austin,2024,14,1.5,5.133333333333334,0.7119008302688599,5.845234163602194,2
D.Smith,2024,14,13.7,12.955555555555556,0.3341715931892395,13.289727148744795,2
M.Valdes-Scantling,2024,14,9.1,6.699999999999999,-0.9692918062210083,5.730708193778991,2
Mi.Wilson,2024,14,13.7,7.883333333333333,0.08175835013389587,7.965091683467229,2
C.Okonkwo,2024,14,3.8,5.525,0.5975966453552246,6.122596645355225,2
N.Gray,2024,14,6.6,8.390909090909092,0.143507719039917,8.53441680994901,2
M.Harrison,2024,14,8.9,11.8,-1.5172556638717651,10.282744336128236,2
M.Hollins,2024,14,15.7,6.009090909090909,-0.17068983614444733,5.8384010729464615,2
D.Knox,2024,14,1.5,4.58,0.4422348141670227,5.022234814167023,2
J.Smith-Schuster,2024,14,5.1,5.8500000000000005,0.5276164412498474,6.377616441249848,2
F.Moreau,2024,14,6.0,5.73,-0.2115236222743988,5.518476377725602,2
A.Thielen,2024,14,19.200000000000003,11.5,-0.9648733735084534,10.535126626491547,2
J.Sanders,2024,14,0.0,5.927272727272728,0.9175016283988953,6.844774355671623,2
D.Njoku,2024,14,17.2,12.966666666666669,-1.1248713731765747,11.841795293490094,2
J.Ferguson,2024,14,6.2,8.655555555555557,1.373718023300171,10.029273578855728,2
J.Jeudy,2024,14,17.4,13.666666666666666,0.37341833114624023,14.040084997812906,2
J.Akins,2024,14,2.4000000000000004,4.718181818181819,0.6395836472511292,5.357765465432948,2
J.Tolbert,2024,14,0.0,9.008333333333333,0.28954118490219116,9.297874518235524,2
T.Lockett,2024,14,0.0,8.674999999999999,0.04042847082018852,8.715428470820187,2
N.Fant,2024,14,4.8,6.788888888888889,0.6957054138183594,7.484594302707248,2
D.Metcalf,2024,14,8.9,14.03,-1.514263391494751,12.515736608505248,2
A.Brown,2024,14,8.3,16.366666666666667,-1.871590495109558,14.495076171557109,2
D.Wicks,2024,14,8.9,5.808333333333334,-0.24043850600719452,5.567894827326139,2
G.Calcaterra,2024,14,10.6,4.288888888888889,0.9806737303733826,5.269562619262271,2
E.Engram,2024,14,7.300000000000001,10.275,0.13376089930534363,10.408760899305344,2
D.Smythe,2024,14,0.0,1.2222222222222223,2.1436707973480225,3.365893019570245,-1
P.Washington,2024,14,3.5,6.585714285714286,0.9066117405891418,7.492326026303428,2
D.Robinson,2024,14,0.0,9.441666666666668,-1.4182120561599731,8.023454610506695,2
C.Parkinson,2024,14,2.1,5.76,0.45969313383102417,6.219693133831024,2
S.LaPorta,2024,14,10.4,9.1,-0.23305267095565796,8.866947329044342,2
B.Wright,2024,14,0.0,3.888888888888889,-0.024110324680805206,3.8647785642080836,2
W.Dissly,2024,14,3.9,7.241666666666667,1.4507476091384888,8.692414275805156,2
D.Adams,2024,14,25.9,13.58888888888889,-0.9134527444839478,12.675436144404943,2
M.Mayer,2024,14,13.8,2.033333333333333,1.344360589981079,3.3776939233144123,-1
J.Palmer,2024,14,13.8,6.590909090909091,0.9679952263832092,7.5589043172923,2
D.Bellinger,2024,14,9.5,2.033333333333333,1.3177355527877808,3.351068886121114,2
J.Oliver,2024,14,3.6,7.325,-0.2931462228298187,7.0318537771701815,2
J.Hyatt,2024,14,0.0,1.7571428571428571,1.3636367321014404,3.1207795892442975,-1
M.Gesicki,2024,14,5.4,8.418181818181818,1.171295404434204,9.589477222616022,2
A.Iosivas,2024,14,8.100000000000001,6.991666666666667,0.1834249645471573,7.175091631213824,2
G.Kittle,2024,14,21.1,16.29,-3.135728120803833,13.154271879196166,2
J.Jennings,2024,14,28.0,14.24,0.09261802583932877,14.332618025839329,2
E.Saubert,2024,14,1.4,2.14,0.9754264950752258,3.115426495075226,2
V.Jefferson,2024,14,8.0,4.51,0.5949076414108276,5.104907641410827,2
P.Freiermuth,2024,14,13.8,8.950000000000001,-0.161163330078125,8.788836669921876,2
C.Woerner,2024,14,2.1,1.3,1.7701139450073242,3.070113945007324,-1
K.Pitts,2024,14,2.4000000000000004,8.533333333333333,0.668150007724762,9.201483341058095,2
C.Austin,2024,14,1.4,7.025000000000001,-0.12757758796215057,6.897422412037851,2
M.Pruitt,2024,14,0.9,2.0,1.1040637493133545,3.1040637493133545,2
D.Washington,2024,14,0.0,3.927272727272728,0.5476160645484924,4.47488879182122,2
N.Vannett,2024,14,1.4,4.125,-0.061764299869537354,4.063235700130463,2
C.Kmet,2024,14,0.0,9.70909090909091,0.16852734982967377,9.877618258920585,2
D.Hopkins,2024,14,13.2,9.633333333333333,0.1883290559053421,9.821662389238675,2
M.Evans,2024,14,10.9,14.788888888888888,-2.1858949661254883,12.6029939227634,2
B.Strange,2024,14,3.1,6.388888888888889,0.18959590792655945,6.578484796815449,2
T.Tremble,2024,14,7.3,4.733333333333333,1.037129282951355,5.770462616284688,2
L.Schoonmaker,2024,14,4.2,6.857142857142857,0.11684605479240417,6.973988911935261,2
J.Whyle,2024,14,5.1,3.1100000000000003,1.0455702543258667,4.155570254325867,2
J.Ruckert,2024,14,0.0,2.4000000000000004,1.0902022123336792,3.4902022123336796,-1
T.Patrick,2024,14,22.3,5.16,1.3086293935775757,6.468629393577576,2
A.Barner,2024,14,2.3,5.1,-0.39013421535491943,4.70986578464508,2
P.Brown,2024,14,1.6,1.7600000000000002,0.8754976987838745,2.6354976987838747,-1
T.Higgins,2024,14,4.300000000000001,18.4,-1.6180872917175293,16.78191270828247,2
B.Whiteheart,2024,14,0.0,4.733333333333333,-1.205795407295227,3.5275379260381063,2
T.Reiman,2024,14,2.4000000000000004,1.5,1.2848716974258423,2.7848716974258423,-1
H.Long,2024,14,0.0,1.86,1.1697484254837036,3.029748425483704,-1
O.Beckham,2024,14,1.1,1.9142857142857144,1.7437032461166382,3.6579889604023528,-1
B.Sims,2024,14,1.2,2.333333333333333,0.6576786637306213,2.9910119970639544,2
R.Flournoy,2024,14,0.0,2.1333333333333333,1.3048988580703735,3.438232191403707,2
N.Westbrook-Ikhine,2024,14,2.9000000000000004,13.0625,-2.958850622177124,10.103649377822876,2
S.Smartt,2024,14,8.4,2.466666666666667,1.1587766408920288,3.6254433075586956,2
T.Hockenson,2024,14,8.5,9.68,1.0152124166488647,10.695212416648864,2
D.Pettis,2024,14,0.0,2.4,0.9731401205062866,3.3731401205062865,-1
T.Fisk,2024,14,1.0,1.4666666666666668,1.5952038764953613,3.061870543162028,-1
K.Murray,2024,15,10.06,17.144615384615385,0.9991322159767151,18.1437476005921,0
J.Allen,2024,15,41.28,22.84,-2.0497565269470215,20.79024347305298,0
L.Jackson,2024,15,36.1,24.72307692307692,-0.35671162605285645,24.366365297024064,0
P.Mahomes,2024,15,15.760000000000002,16.735384615384614,1.4965506792068481,18.231935294591462,0
B.Young,2024,15,11.96,10.258,2.4879162311553955,12.745916231155395,0
J.Haener,2024,15,0.6600000000000001,1.7971428571428572,2.820665121078491,4.617807978221348,0
G.Smith,2024,15,4.46,15.812307692307693,0.8478265404701233,16.660134232777814,0
B.Nix,2024,15,13.5,17.483076923076922,1.007091999053955,18.490168922130877,0
J.Love,2024,15,17.560000000000002,17.096363636363638,-0.43927082419395447,16.657092812169683,0
J.Hurts,2024,15,28.1,21.72923076923077,-1.9331779479980469,19.796052821232724,0
A.Richardson,2024,15,14.38,14.304444444444446,1.2887369394302368,15.593181383874683,0
C.Stroud,2024,15,11.64,13.890769230769232,1.6448805332183838,15.535649763987616,0
T.Tagovailoa,2024,15,3.84,18.36,-1.349960207939148,17.01003979206085,0
M.Stafford,2024,15,8.200000000000001,14.70923076923077,2.0730528831481934,16.782283652378965,0
J.Goff,2024,15,41.06,17.153846153846153,-0.3379749357700348,16.81587121807612,0
J.Herbert,2024,15,13.8,15.150769230769232,2.189882755279541,17.340651986048773,0
S.Darnold,2024,15,11.24,18.56615384615385,-2.405961751937866,16.160192094215983,0
J.Burrow,2024,15,16.84,21.84923076923077,-2.6410105228424072,19.20822024638836,0
A.Rodgers,2024,15,30.06,14.48,1.6847881078720093,16.16478810787201,0
B.Purdy,2024,15,3.98,17.623333333333335,0.030402369797229767,17.653735703130565,0
D.Samuel,2024,15,4.9,10.590909090909092,1.1866517066955566,11.777560797604648,2
K.Cousins,2024,15,6.48,13.064615384615385,1.3425482511520386,14.407163635767423,0
J.Fields,2024,15,0.8,13.148888888888887,0.07377003133296967,13.222658920221857,0
W.Levis,2024,15,-4.44,11.258,1.5625637769699097,12.820563776969909,0
C.Williams,2024,15,9.94,15.718461538461538,1.4869381189346313,17.20539965739617,0
B.Mayfield,2024,15,28.02,19.943076923076923,-1.8268396854400635,18.11623723763686,0
J.Daniels,2024,15,23.64,20.135384615384616,2.126549243927002,22.26193385931162,0
C.Rush,2024,15,19.06,7.46,2.2460086345672607,9.706008634567262,0
T.Chandler,2024,15,0.4,3.4125,1.4781547784805298,4.890654778480529,1
M.Jones,2024,15,21.46,5.696666666666666,2.9540507793426514,8.650717446009317,0
D.Maye,2024,15,17.48,14.704444444444444,1.5349321365356445,16.23937658098009,0
M.Nabers,2024,15,24.200000000000003,16.55454545454546,-0.8470515012741089,15.70749395327135,2
T.Atwell,2024,15,1.6,7.2,1.144594430923462,8.344594430923461,2
J.Johnson,2024,15,3.1,8.049090909090909,0.01756894402205944,8.066659853112968,2
A.St. Brown,2024,15,37.3,17.86,-0.8158760070800781,17.04412399291992,2
M.Rudolph,2024,15,15.76,12.585,2.299541473388672,14.884541473388673,0
J.Winston,2024,15,-0.3600000000000003,13.15,1.987972378730774,15.137972378730774,0
K.Allen,2024,15,20.200000000000003,11.350909090909092,1.3879045248031616,12.738813615712253,2
A.Mitchell,2024,15,-3.0,3.689230769230769,2.310769557952881,6.00000032718365,2
D.Mooney,2024,15,0.0,13.407692307692308,-0.24926865100860596,13.158423656683702,2
S.Rattler,2024,15,9.4,8.313333333333334,1.9294689893722534,10.242802322705588,0
R.Wilson,2024,15,8.42,17.10857142857143,-0.16524389386177063,16.94332753470966,0
J.Smith-Njigba,2024,15,18.3,15.323076923076922,1.2174731492996216,16.540550072376544,2
C.Sutton,2024,15,12.2,15.066666666666668,0.8669371008872986,15.933603767553967,2
T.Hill,2024,15,5.6,21.503076923076925,-0.5383015275001526,20.964775395576773,2
D.Montgomery,2024,15,7.5,16.47846153846154,-1.2512032985687256,15.227258239892816,1
J.Mixon,2024,15,10.6,21.21,-2.8514561653137207,18.35854383468628,1
J.Jefferson,2024,15,20.3,18.09076923076924,-2.820511817932129,15.270257412837111,2
D.Ridder,2024,15,11.12,3.4533333333333336,3.0425922870635986,6.495925620396932,0
D.Moore,2024,15,18.9,17.96153846153846,1.0989367961883545,19.060475257726814,2
K.Bourne,2024,15,7.4,5.8125,0.4891187250614166,6.301618725061417,2
B.Allen,2024,15,0.5,5.868571428571428,2.427168130874634,8.295739559446062,1
T.Boyd,2024,15,5.9,5.416666666666667,1.6936818361282349,7.110348502794902,2
T.Bagent,2024,15,0.2,-0.1533333333333333,3.4149858951568604,3.261652561823527,-1
J.Meyers,2024,15,10.9,14.236363636363636,-0.37858620285987854,13.857777433503758,2
C.Tune,2024,15,0.22,-0.8333333333333334,2.2189784049987793,1.3856450716654458,-1
C.Wilson,2024,15,4.84,5.816666666666666,-0.31834471225738525,5.498321954409281,2
S.Barkley,2024,15,9.4,23.07692307692308,-1.8861331939697266,21.190789882953354,1
R.Pearsall,2024,15,2.6,5.933333333333334,0.37173134088516235,6.305064674218496,2
J.Coker,2024,15,21.0,7.042857142857143,0.3027539551258087,7.345611097982951,2
A.Lazard,2024,15,0.0,13.0,-1.2879724502563477,11.712027549743652,2
D.Brown,2024,15,6.0,4.033333333333334,1.6848641633987427,5.718197496732077,2
J.Conner,2024,15,30.8,14.892307692307694,-0.9467872381210327,13.945520454186662,1
J.Cook,2024,15,26.3,16.058333333333334,-1.4275263547897339,14.6308069785436,1
T.Benson,2024,15,2.2,4.072727272727273,1.4435114860534668,5.51623875878074,1
Ty.Johnson,2024,15,17.3,5.046153846153846,-0.18277759850025177,4.863376247653594,1
R.Davis,2024,15,10.9,7.041666666666667,0.17076194286346436,7.212428609530131,1
G.Dortch,2024,15,9.6,3.907692307692308,1.326071858406067,5.233764166098375,2
D.Henry,2024,15,6.7,19.553846153846155,-1.6781264543533325,17.875719699492823,1
I.Pacheco,2024,15,5.7,11.475,0.2538198232650757,11.728819823265075,1
X.Worthy,2024,15,19.6,9.553846153846154,-0.4176866412162781,9.136159512629876,2
Z.Flowers,2024,15,11.3,13.43846153846154,0.6743423938751221,14.112803932336663,2
J.Hill,2024,15,17.8,9.12857142857143,0.8767948150634766,10.005366243634906,2
A.Kamara,2024,15,17.0,19.1,-0.9284802079200745,18.171519792079927,1
C.Hubbard,2024,15,8.9,15.400000000000002,-1.162239909172058,14.237760090827944,1
E.Elliott,2024,15,5.1,3.841666666666667,1.4610662460327148,5.302732912699382,1
J.Ford,2024,15,18.4,8.118181818181819,1.3163248300552368,9.434506648237056,1
C.Lamb,2024,15,26.6,16.86923076923077,-1.1580227613449097,15.711208007885862,2
R.Dowdle,2024,15,14.9,12.383333333333336,2.21944260597229,14.602775939305626,1
B.Cooks,2024,15,6.4,7.033333333333334,-1.9041163921356201,5.129216941197714,2
J.Williams,2024,15,4.3,19.553846153846152,-0.10605435073375702,19.447791803112395,2
J.McLaughlin,2024,15,6.4,5.723076923076923,0.7515896558761597,6.474666578953083,1
Z.Charbonnet,2024,15,13.6,11.438461538461535,-0.5089031457901001,10.929558392671435,1
A.Estime,2024,15,2.8,2.333333333333333,1.5272787809371948,3.860612114270528,1
J.Jacobs,2024,15,21.6,17.56153846153846,-1.557163119316101,16.00437534222236,1
Em.Wilson,2024,15,0.9,4.576923076923077,1.4122025966644287,5.989125673587505,1
J.Reed,2024,15,11.1,12.930769230769233,-0.4892052114009857,12.441564019368247,2
K.Gainwell,2024,15,9.0,3.758333333333333,1.347822904586792,5.106156237920125,1
J.Taylor,2024,15,10.1,14.860000000000005,-2.634756565093994,12.22524343490601,1
T.Dell,2024,15,6.1,9.341666666666669,0.516427218914032,9.8580938855807,2
R.Mostert,2024,15,5.1,6.144444444444445,0.41113919019699097,6.555583634641436,1
D.Achane,2024,15,14.6,17.723076923076924,-1.4204566478729248,16.302620275204,1
T.Etienne,2024,15,12.5,8.590909090909092,1.5323306322097778,10.12323972311887,1
T.Bigsby,2024,15,4.2,9.10909090909091,0.9451440572738647,10.054234966364774,1
J.Waddle,2024,15,0.0,10.99230769230769,0.4374321699142456,11.429739862221936,2
D.Duvernay,2024,15,7.2,1.3285714285714287,1.9325422048568726,3.2611136334283013,-1
K.Williams,2024,15,13.2,17.138461538461538,-0.8938029408454895,16.24465859761605,1
J.Gibbs,2024,15,26.3,17.6,-2.4471724033355713,15.15282759666443,1
P.Nacua,2024,15,17.8,19.0375,-1.2089999914169312,17.82850000858307,2
C.Kupp,2024,15,0.0,18.41111111111111,-2.7253246307373047,15.685786480373807,2
G.Edwards,2024,15,2.3000000000000003,4.633333333333334,0.838743269443512,5.472076602776846,1
A.Mattison,2024,15,2.4000000000000004,10.75,-1.036480188369751,9.713519811630249,1
D.Singletary,2024,15,13.1,6.872727272727272,-0.09784641861915588,6.774880854108116,1
A.Jones,2024,15,18.6,14.346153846153848,0.12715424597263336,14.473308092126482,1
T.Tracy,2024,15,4.5,11.0,-0.10028392821550369,10.899716071784496,1
W.Robinson,2024,15,7.800000000000001,9.946153846153846,0.5595592260360718,10.505713072189918,2
R.Stevenson,2024,15,9.5,12.800000000000002,0.03737479820847511,12.837374798208478,1
A.Gibson,2024,15,8.4,5.615384615384615,1.1332314014434814,6.748616016828096,1
C.Brown,2024,15,26.3,15.515384615384615,-0.8345057368278503,14.680878878556765,1
B.Hall,2024,15,13.1,15.775,0.03180152177810669,15.806801521778107,1
B.Robinson,2024,15,26.2,27.235714285714288,-1.4351941347122192,25.80052015100207,1
T.Allgeier,2024,15,4.3,6.6923076923076925,0.8884574174880981,7.580765109795791,1
N.Harris,2024,15,3.1,13.2,-0.7357627749443054,12.464237225055694,1
C.Patterson,2024,15,1.8,3.0222222222222226,1.241814136505127,4.264036358727349,1
J.Warren,2024,15,2.5,8.1,1.5607609748840332,9.660760974884033,1
T.Pollard,2024,15,8.5,13.692307692307692,1.0199940204620361,14.712301712769728,1
D.Swift,2024,15,9.9,13.207692307692309,-0.21163180470466614,12.996060502987643,1
T.Spears,2024,15,27.200000000000003,5.722222222222222,1.3108056783676147,7.033027900589837,1
K.Herbert,2024,15,0.4,2.7,1.093961477279663,3.7939614772796633,-1
T.Homer,2024,15,0.7000000000000001,1.9,1.6840815544128418,3.5840815544128417,-1
R.White,2024,15,14.1,14.175000000000002,-0.592494010925293,13.58250598907471,1
B.Irving,2024,15,13.3,13.346153846153848,0.07856345921754837,13.424717305371397,1
R.McCloud,2024,15,2.4000000000000004,9.23846153846154,1.1259344816207886,10.364396020082328,2
K.Shakir,2024,15,15.9,13.075,0.8089852333068848,13.883985233306884,2
J.Wright,2024,15,0.3,2.4363636363636365,1.699065089225769,4.1354287255894056,1
C.Akers,2024,15,8.4,5.845454545454545,0.433371901512146,6.278826446966691,1
D.Ogunbowale,2024,15,3.5,4.127272727272728,0.5817950367927551,4.709067764065483,2
T.Kelce,2024,15,6.7,12.176923076923078,0.5330972671508789,12.710020344073957,2
T.Sermon,2024,15,3.2,4.46,0.32496073842048645,4.784960738420486,1
B.Corum,2024,15,4.0,2.53,1.74339759349823,4.273397593498229,1
A.Abdullah,2024,15,19.6,6.840000000000001,-0.18940788507461548,6.650592114925385,1
K.Turpin,2024,15,2.7,6.681818181818182,0.4384598433971405,7.120278025215322,2
C.Ridley,2024,15,9.0,11.461538461538462,1.2128669023513794,12.674405363889841,2
G.Wilson,2024,15,14.6,15.323076923076922,-0.0698905661702156,15.253186356906706,2
J.Polk,2024,15,0.0,2.972727272727273,0.7257876396179199,3.698514912345193,-1
I.Guerendo,2024,15,11.5,7.029999999999999,0.21537263691425323,7.245372636914253,1
C.Otton,2024,15,4.4,10.476923076923075,0.7929624319076538,11.269885508830729,2
R.Odunze,2024,15,5.9,9.461538461538462,0.9171996712684631,10.378738132806925,2
S.Tucker,2024,15,1.7000000000000002,7.5,-0.7204078435897827,6.779592156410217,1
C.Brooks,2024,15,2.5,3.0375,1.0831058025360107,4.12060580253601,1
J.Nailor,2024,15,1.5,6.781818181818181,-0.10840176045894623,6.673416421359235,2
C.Samuel,2024,15,1.1,4.2,1.0616263151168823,5.2616263151168825,2
S.Perine,2024,15,4.4,4.553846153846154,1.0644490718841553,5.618295225730309,2
K.McIntosh,2024,15,0.9,2.7000000000000006,1.268167495727539,3.9681674957275397,1
D.Douglas,2024,15,10.1,9.058333333333334,1.5559062957763672,10.6142396291097,2
I.Davis,2024,15,3.6000000000000005,6.34,-0.2614370882511139,6.078562911748886,1
J.McNichols,2024,15,1.4,4.690909090909091,1.3157318830490112,6.006640973958103,1
X.Legette,2024,15,2.9000000000000004,9.033333333333331,-0.20958393812179565,8.823749395211536,2
B.Bowers,2024,15,6.5,15.823076923076924,0.48611214756965637,16.309189070646582,2
T.Tucker,2024,15,3.8,7.992307692307692,0.3649994730949402,8.357307165402633,2
B.Thomas,2024,15,32.5,14.00769230769231,-0.2802596390247345,13.727432668667575,2
Q.Johnston,2024,15,15.5,10.272727272727272,-0.37297946214675903,9.899747810580513,2
K.Hunt,2024,15,5.9,12.56,-0.7547003030776978,11.805299696922303,1
J.Addison,2024,15,13.3,14.981818181818182,-1.1116256713867188,13.870192510431464,2
T.McLaurin,2024,15,26.3,15.6,-0.842271625995636,14.757728374004364,2
T.Goodson,2024,15,0.3,6.733333333333334,-0.07927371561527252,6.654059617718062,1
M.Mims,2024,15,6.0,5.125,0.5209799408912659,5.645979940891266,2
J.Smith,2024,15,19.8,12.315384615384618,0.239407479763031,12.554792095147649,2
T.Kraft,2024,15,5.4,10.26923076923077,-1.5934768915176392,8.675753877713131,2
J.Dotson,2024,15,0.0,2.125,0.8657650947570801,2.99076509475708,2
J.Downs,2024,15,6.2,13.63,0.4792340397834778,14.109234039783479,2
T.Franklin,2024,15,2.9,4.633333333333334,0.5312385559082031,5.164571889241537,2
K.Vidal,2024,15,4.2,3.9500000000000006,0.4004066586494446,4.350406658649446,1
S.Shepard,2024,15,2.6,7.12,0.6424484848976135,7.762448484897614,2
J.McMillan,2024,15,18.5,6.466666666666667,0.303663432598114,6.770330099264781,2
N.Chubb,2024,15,2.1000000000000005,8.742857142857144,-0.5951691269874573,8.147688015869686,1
J.Chase,2024,15,18.4,24.41538461538461,-4.513989448547363,19.901395166837247,2
K.Miller,2024,15,4.6000000000000005,5.5,-0.1980309933423996,5.3019690066576,1
C.Watson,2024,15,8.600000000000001,8.581818181818182,0.3494187593460083,8.93123694116419,2
T.McBride,2024,15,17.700000000000003,14.275,2.5694162845611572,16.844416284561156,2
M.Washington,2024,15,10.2,3.125,1.1080129146575928,4.233012914657593,2
D.Slayton,2024,15,2.6,7.791666666666667,1.0922834873199463,8.883950153986614,2
C.Rodriguez,2024,15,0.2,7.0,1.4656360149383545,8.465636014938354,1
T.Hudson,2024,15,1.9,4.928571428571429,0.4890110492706299,5.417582477842059,2
D.Sample,2024,15,1.8,3.685714285714286,0.565411388874054,4.25112567458834,-1
M.Andrews,2024,15,10.4,10.33846153846154,-1.1368108987808228,9.201650639680718,2
S.McCormick,2024,15,4.5,7.566666666666666,2.311906337738037,9.878573004404704,1
J.Brooks,2024,15,8.7,2.936363636363636,1.2967801094055176,4.233143745769153,2
E.Moore,2024,15,1.9,8.246153846153847,1.568657398223877,9.814811244377724,2
D.London,2024,15,14.3,15.176923076923078,0.2503499388694763,15.427273015792554,2
K.Austin,2024,15,1.8,4.225,0.7176133394241333,4.942613339424133,2
D.Smith,2024,15,28.0,13.03,-0.4106663167476654,12.619333683252334,2
M.Valdes-Scantling,2024,15,8.8,6.94,-0.9309952259063721,6.009004774093628,2
Mi.Wilson,2024,15,2.9,8.330769230769231,-0.08612152189016342,8.244647708879068,2
O.Zaccheaus,2024,15,6.6,4.854545454545455,1.7884337902069092,6.642979244752365,2
C.Okonkwo,2024,15,13.9,5.392307692307692,0.797596275806427,6.189903968114119,2
K.Coleman,2024,15,7.4,9.3,-0.1024262085556984,9.197573791444302,2
N.Gray,2024,15,10.1,8.241666666666667,-0.20404773950576782,8.0376189271609,2
M.Harrison,2024,15,5.2,11.576923076923077,-0.9344748258590698,10.642448251064007,2
M.Hollins,2024,15,1.7000000000000002,6.816666666666666,-0.08914805948734283,6.727518607179324,2
E.Higgins,2024,15,1.5,3.945454545454545,0.24976179003715515,4.1952163354917005,2
D.Knox,2024,15,6.2,4.3,0.5198305249214172,4.819830524921417,2
D.Kincaid,2024,15,9.3,8.16,0.0906853899359703,8.25068538993597,2
I.Likely,2024,15,3.7,8.490909090909092,0.39133745431900024,8.882246545228092,2
J.Smith-Schuster,2024,15,7.7,5.742857142857143,0.4277585446834564,6.170615687540599,2
R.Bateman,2024,15,23.0,10.2,-0.004855441395193338,10.195144558604806,2
Ju.Watson,2024,15,0.0,4.3090909090909095,0.6727226376533508,4.98181354674426,2
N.Agholor,2024,15,3.6,3.7916666666666665,0.4186275601387024,4.2102942268053685,2
F.Moreau,2024,15,13.9,5.754545454545454,-0.19010420143604279,5.564441253109411,2
A.Thielen,2024,15,10.1,12.783333333333331,-1.1469991207122803,11.636334212621051,2
J.Sanders,2024,15,0.0,5.433333333333334,1.0554722547531128,6.488805588086446,2
J.Ferguson,2024,15,4.300000000000001,8.41,1.2622218132019043,9.672221813201904,2
J.Jeudy,2024,15,21.8,13.953846153846154,0.5358986258506775,14.489744779696832,2
J.Akins,2024,15,6.0,4.525,1.4674636125564575,5.992463612556458,2
J.Tolbert,2024,15,8.1,8.315384615384614,0.06764731556177139,8.383031930946386,2
T.Lockett,2024,15,3.2,8.007692307692308,0.21959081292152405,8.227283120613832,2
N.Fant,2024,15,4.5,6.590000000000001,1.037703275680542,7.627703275680543,2
D.Metcalf,2024,15,5.800000000000001,13.563636363636364,-1.0658506155014038,12.49778574813496,2
D.Vele,2024,15,0.0,8.522222222222222,0.44361335039138794,8.96583557261361,2
L.Humphrey,2024,15,0.0,4.9750000000000005,1.2820568084716797,6.25705680847168,2
A.Trautman,2024,15,10.0,3.08,0.7171411514282227,3.7971411514282227,2
R.Doubs,2024,15,19.0,9.43,0.04379384219646454,9.473793842196464,2
A.Brown,2024,15,25.0,15.560000000000002,0.022513672709465027,15.582513672709467,2
D.Wicks,2024,15,3.4000000000000004,6.046153846153846,0.3770723044872284,6.423226150641074,2
G.Calcaterra,2024,15,3.2,4.92,-0.14188900589942932,4.778110994100571,2
M.Pittman,2024,15,9.8,9.416666666666666,0.9208878874778748,10.33755455414454,2
A.Pierce,2024,15,0.0,9.5,-0.6789277791976929,8.821072220802307,2
D.Schultz,2024,15,3.3,6.876923076923077,1.3852002620697021,8.26212333899278,2
N.Collins,2024,15,17.7,19.525,-4.458373546600342,15.066626453399657,2
K.Granson,2024,15,7.7,1.4909090909090907,1.5578675270080566,3.0487766179171474,-1
X.Hutchinson,2024,15,2.3,1.4,1.3639113903045654,2.7639113903045653,-1
D.Smythe,2024,15,1.8,1.1,1.9046648740768433,3.0046648740768434,-1
P.Washington,2024,15,8.4,6.2,1.089081048965454,7.289081048965454,2
D.Robinson,2024,15,0.0,8.715384615384616,-0.9426371455192566,7.77274746986536,2
C.Parkinson,2024,15,4.1,5.427272727272728,1.0552963018417358,6.4825690291144635,2
S.LaPorta,2024,15,18.1,9.208333333333334,-0.1795932650566101,9.028740068276724,2
D.Adams,2024,15,42.8,14.82,-0.906517505645752,13.913482494354248,2
L.McConkey,2024,15,16.8,13.675000000000002,0.5674098134040833,14.242409813404086,2
M.Mayer,2024,15,2.1,3.7142857142857135,1.0722291469573975,4.786514861243111,2
J.Palmer,2024,15,3.0,7.191666666666667,1.3230584859848022,8.514725152651469,2
D.Bellinger,2024,15,6.5,3.9,0.689965546131134,4.589965546131134,2
J.Mundt,2024,15,0.0,3.954545454545455,0.3008004128932953,4.25534586743875,2
M.Gesicki,2024,15,6.7,8.166666666666666,0.7644391655921936,8.93110583225886,2
H.Henry,2024,15,6.5,9.615384615384617,2.0948712825775146,11.710255897962131,2
A.Hooper,2024,15,6.800000000000001,6.207692307692308,0.31183332204818726,6.519525629740495,2
A.Iosivas,2024,15,1.5,7.076923076923077,-0.06509905308485031,7.011824023838226,2
G.Kittle,2024,15,10.1,16.727272727272727,-3.961597204208374,12.765675523064353,2
J.Jennings,2024,15,5.1,15.490909090909092,-1.03761887550354,14.453290215405552,2
V.Jefferson,2024,15,1.0,4.827272727272727,0.5864959955215454,5.413768722794273,2
P.Freiermuth,2024,15,11.2,9.323076923076924,-0.21663153171539307,9.10644539136153,2
C.Woerner,2024,15,2.7,1.4600000000000002,1.28043532371521,2.74043532371521,-1
K.Pitts,2024,15,6.800000000000001,8.061538461538463,0.11401108652353287,8.175549548061996,2
C.Austin,2024,15,11.5,6.592307692307693,0.1950034201145172,6.78731111242221,2
N.Vannett,2024,15,1.7000000000000002,3.822222222222222,0.2734847366809845,4.0957069589032065,2
C.Kmet,2024,15,2.4000000000000004,8.9,0.8240411281585693,9.72404112815857,2
D.Hopkins,2024,15,8.6,9.907692307692308,-0.35693711042404175,9.550755197268266,2
M.Evans,2024,15,36.9,14.4,-2.269216299057007,12.130783700942994,2
Z.Ertz,2024,15,4.5,10.007692307692308,1.206190824508667,11.213883132200975,2
L.McCaffrey,2024,15,1.0,3.15,1.5436140298843384,4.693614029884339,2
J.Bates,2024,15,1.6,1.7333333333333334,1.5211739540100098,3.254507287343343,2
B.Strange,2024,15,18.3,6.0600000000000005,0.3176344633102417,6.377634463310242,2
T.Tremble,2024,15,3.5,5.1000000000000005,0.21411214768886566,5.314112147688866,2
B.Spann-Ford,2024,15,1.2,3.3200000000000003,0.9839029312133789,4.303902931213379,2
J.Whyle,2024,15,14.7,3.290909090909091,1.2755084037780762,4.566417494687167,2
J.Ruckert,2024,15,2.2,2.16,1.3283079862594604,3.4883079862594606,-1
N.Adkins,2024,15,8.5,3.0,0.07863511145114899,3.078635111451149,-1
J.Bobo,2024,15,1.8,2.3625,0.7314842343330383,3.093984234333038,2
T.Sherfield,2024,15,1.6,2.957142857142857,-0.031033940613269806,2.926108916529587,2
B.Powell,2024,15,2.2,1.9833333333333327,1.1946966648101807,3.178029998143513,-1
T.Patrick,2024,15,13.0,6.718181818181819,0.6389905214309692,7.357172339612788,2
R.Woods,2024,15,3.2,2.7750000000000004,0.9058827757835388,3.680882775783539,2
S.Miller,2024,15,0.0,3.966666666666667,1.1045515537261963,5.071218220392863,2
A.Barner,2024,15,1.5,4.845454545454545,-0.001765808672644198,4.843688736781901,2
K.Boutte,2024,15,3.9,6.0,1.043577790260315,7.043577790260315,2
T.Higgins,2024,15,19.8,16.6375,-2.529378652572632,14.108121347427367,2
B.Whiteheart,2024,15,0.0,3.55,-0.09477084875106812,3.4552291512489317,2
J.Metchie,2024,15,3.7,5.357142857142857,0.2835124135017395,5.640655270644596,2
T.Reiman,2024,15,2.8,1.725,1.239424228668213,2.964424228668213,-1
T.Wallace,2024,15,1.8,6.659999999999999,-0.35697075724601746,6.303029242753982,2
H.Long,2024,15,3.7,1.55,1.614764928817749,3.164764928817749,-1
W.Mallory,2024,15,0.0,1.15,1.7837905883789062,2.933790588378906,-1
L.Krull,2024,15,2.8,3.571428571428572,0.9179121851921082,4.48934075662068,2
A.Robinson,2024,15,0.0,0.725,1.725555419921875,2.450555419921875,-1
N.Westbrook-Ikhine,2024,15,2.9,11.933333333333334,-0.4534219801425934,11.47991135319074,2
S.Smartt,2024,15,8.0,3.95,1.058540940284729,5.008540940284729,2
R.Miller,2024,15,1.1,4.279999999999999,-0.467359721660614,3.8126402783393853,2
B.Sinnott,2024,15,1.7000000000000002,4.033333333333333,-0.04421741142868996,3.9891159219046433,-1
Z.Jones,2024,15,1.3,1.2,1.738016963005066,2.938016963005066,-1
T.Hockenson,2024,15,10.2,9.483333333333334,1.118622064590454,10.601955397923788,2
D.Pettis,2024,15,4.4,1.8,1.5318716764450073,3.331871676445007,-1
B.Oliver,2024,15,1.8,3.733333333333333,1.2628378868103027,4.996171220143635,2
T.Fisk,2024,15,1.7000000000000002,1.35,1.5976066589355469,2.947606658935547,-1
K.Murray,2024,16,20.380000000000003,16.638571428571428,1.5440608263015747,18.182632254873003,0
J.Allen,2024,16,11.16,24.157142857142865,-1.5429364442825317,22.614206412860334,0
L.Jackson,2024,16,20.48,25.535714285714285,-0.45056217908859253,25.085152106625692,0
P.Mahomes,2024,16,23.700000000000003,16.665714285714284,0.8285343647003174,17.4942486504146,0
B.Young,2024,16,27.12,10.412727272727274,1.8752120733261108,12.287939346053385,0
G.Smith,2024,16,21.36,15.001428571428573,1.7371639013290405,16.738592472757613,0
B.Nix,2024,16,21.02,17.198571428571427,0.6315465569496155,17.830117985521042,0
J.Love,2024,16,11.68,17.135,1.2876684665679932,18.422668466567995,0
J.Hurts,2024,16,4.540000000000001,22.18428571428572,-0.47628775238990784,21.707997961895813,0
M.Willis,2024,16,1.16,11.725,1.9117300510406494,13.636730051040649,0
A.Richardson,2024,16,20.24,14.312,1.9399343729019165,16.251934372901914,0
C.Stroud,2024,16,16.060000000000002,13.730000000000002,1.944090723991394,15.674090723991396,0
T.Tagovailoa,2024,16,12.5,16.907999999999998,-1.171553134918213,15.736446865081785,0
M.Stafford,2024,16,6.0,14.244285714285716,2.3036820888519287,16.547967803137645,0
J.Goff,2024,16,25.34,18.86142857142857,-1.7281168699264526,17.133311701502116,0
J.Herbert,2024,16,22.16,15.054285714285712,1.6384735107421875,16.6927592250279,0
S.Darnold,2024,16,22.94,18.042857142857144,-1.043104648590088,16.999752494267057,0
J.Burrow,2024,16,21.98,21.49142857142857,-2.9985783100128174,18.492850261415754,0
A.Rodgers,2024,16,12.84,15.592857142857142,-0.5344468951225281,15.058410247734614,0
B.Purdy,2024,16,21.12,16.573846153846155,0.2896670401096344,16.86351319395579,0
D.Samuel,2024,16,25.1,10.116666666666667,1.5635621547698975,11.680228821436565,2
C.Williams,2024,16,22.76,15.305714285714286,1.3299297094345093,16.635643995148797,0
B.Mayfield,2024,16,22.32,20.52,-1.521506667137146,18.998493332862854,0
J.Daniels,2024,16,34.42,20.385714285714283,1.059346318244934,21.445060603959217,0
C.Rush,2024,16,15.28,8.620000000000001,2.352064847946167,10.972064847946168,0
A.O'Connell,2024,16,11.48,8.093333333333334,3.425549030303955,11.518882363637289,0
M.Jones,2024,16,13.88,7.948571428571428,2.68760347366333,10.636174902234758,0
D.Maye,2024,16,17.439999999999998,14.982,0.826492190361023,15.808492190361022,0
M.Nabers,2024,16,13.8,17.191666666666666,-1.2769737243652344,15.914692942301432,2
T.Atwell,2024,16,2.2,6.769230769230769,1.4776179790496826,8.246848748280453,2
J.Johnson,2024,16,4.7,7.636666666666667,0.08338981866836548,7.720056485335032,2
A.St. Brown,2024,16,19.0,19.24857142857143,-1.4452574253082275,17.803314003263203,2
M.Rudolph,2024,16,14.38,13.22,0.8442475199699402,14.06424751996994,0
K.Allen,2024,16,29.1,12.088333333333331,-0.08208505064249039,12.00624828269084,2
A.Mitchell,2024,16,4.6,3.211428571428572,2.464884042739868,5.67631261416844,2
D.Mooney,2024,16,13.2,12.45,0.3603672981262207,12.81036729812622,2
S.Rattler,2024,16,4.92,8.585,2.003838300704956,10.588838300704957,0
D.Thompson-Robinson,2024,16,7.18,1.3333333333333333,3.7237510681152344,5.057084401448567,0
R.Wilson,2024,16,15.38,16.0225,1.6456674337387085,17.66816743373871,0
D.Lock,2024,16,6.5,7.865,2.262749195098877,10.127749195098877,0
K.Pickett,2024,16,9.02,0.0333333333333333,3.2633137702941895,3.2966471036275227,-1
J.Smith-Njigba,2024,16,24.0,15.535714285714286,0.9323806762695312,16.468094961983816,2
C.Sutton,2024,16,10.0,14.846153846153848,0.3310839831829071,15.177237829336756,2
T.Hill,2024,16,11.9,20.367142857142856,-1.1468043327331543,19.2203385244097,2
J.Mixon,2024,16,8.100000000000001,20.245454545454542,-2.1033787727355957,18.142075772718947,1
J.Jefferson,2024,16,39.7,18.24857142857143,-3.2708051204681396,14.977766308103291,2
D.Moore,2024,16,25.9,18.02857142857143,1.3777741193771362,19.406345547948565,2
K.Bourne,2024,16,3.8,5.98888888888889,0.2582302391529083,6.247119128041798,2
B.Allen,2024,16,2.0,5.510666666666666,1.6882191896438599,7.198885856310526,1
T.Boyd,2024,16,4.0,5.453846153846154,1.2360421419143677,6.689888295760522,2
J.Meyers,2024,16,6.1000000000000005,13.958333333333334,-0.11070302873849869,13.847630304594835,2
C.Wilson,2024,16,2.3,5.677142857142857,0.8857353925704956,6.562878249713353,2
S.Barkley,2024,16,27.0,22.1,0.8668158650398254,22.966815865039827,1
R.Pearsall,2024,16,7.7,5.457142857142857,0.7236450910568237,6.180787948199681,2
J.Coker,2024,16,2.8,8.787500000000001,-0.2694004476070404,8.518099552392961,2
A.Lazard,2024,16,4.0,11.555555555555555,-1.5052244663238525,10.050331089231703,2
D.Brown,2024,16,7.6,4.184615384615385,1.6008875370025635,5.785502921617948,2
Ja.Williams,2024,16,26.8,5.036363636363636,0.6391870975494385,5.675550733913075,1
J.Conner,2024,16,26.6,16.02857142857143,0.2877577841281891,16.316329212699618,1
J.Cook,2024,16,27.6,16.846153846153847,-0.6469641327857971,16.19918971336805,1
Ty.Johnson,2024,16,3.0,5.921428571428572,-0.06136398762464523,5.8600645838039265,2
R.Davis,2024,16,3.9,7.338461538461539,-0.4081195592880249,6.930341979173514,1
G.Dortch,2024,16,3.7,4.314285714285715,1.3225923776626587,5.636878091948374,2
D.Henry,2024,16,20.9,18.635714285714283,-2.8383243083953857,15.797389977318897,1
I.Pacheco,2024,16,3.5,10.32,0.8329337239265442,11.152933723926544,1
X.Worthy,2024,16,20.5,10.271428571428572,-0.18793141841888428,10.083497153009688,2
Z.Flowers,2024,16,15.3,13.285714285714286,0.6425778865814209,13.928292172295707,2
J.Hill,2024,16,3.0,9.706666666666669,0.48281577229499817,10.189482438961667,2
C.Hubbard,2024,16,32.5,14.935714285714289,-1.5684725046157837,13.367241781098505,1
J.Mims,2024,16,8.2,2.48,0.9284180998802185,3.4084180998802185,1
E.Elliott,2024,16,6.1,3.938461538461538,1.4265216588974,5.364983197358938,1
J.Ford,2024,16,24.1,8.975,2.260643720626831,11.23564372062683,1
C.Lamb,2024,16,17.5,17.564285714285713,-0.3976556360721588,17.166630078213554,2
R.Dowdle,2024,16,8.100000000000001,12.576923076923077,1.8484361171722412,14.425359194095318,1
P.Strong,2024,16,2.9000000000000004,2.7222222222222223,1.4922258853912354,4.214448107613458,2
B.Cooks,2024,16,7.800000000000001,6.942857142857143,-0.5874230861663818,6.355434056690761,2
J.Williams,2024,16,12.3,18.464285714285715,-0.19297519326210022,18.271310521023615,2
K.Walker,2024,16,13.9,16.73,-1.6055147647857666,15.124485235214234,1
Z.Charbonnet,2024,16,3.3,11.592857142857143,-0.8151862621307373,10.777670880726406,1
A.Estime,2024,16,10.8,2.38,1.512436032295227,3.892436032295227,1
J.Jacobs,2024,16,20.700000000000003,17.85,0.20326849818229675,18.053268498182298,1
Em.Wilson,2024,16,12.6,4.314285714285715,1.6763592958450317,5.990645010130747,1
J.Reed,2024,16,11.1,12.8,0.23201356828212738,13.032013568282128,2
K.Gainwell,2024,16,2.3000000000000003,4.161538461538462,1.3202842473983765,5.481822708936838,1
J.Taylor,2024,16,39.8,14.427272727272726,-2.1276493072509766,12.29962342002175,1
D.Pierce,2024,16,0.4,3.033333333333333,1.624322533607483,4.657655866940816,1
T.Dell,2024,16,21.8,9.092307692307692,0.6627116799354553,9.755019372243147,2
R.Mostert,2024,16,6.6,6.040000000000001,0.6252787113189697,6.665278711318971,1
D.Achane,2024,16,31.0,17.5,-1.254272699356079,16.24572730064392,1
T.Etienne,2024,16,5.7,8.916666666666666,2.18403697013855,11.100703636805216,1
T.Bigsby,2024,16,10.1,8.700000000000001,0.5675237774848938,9.267523777484895,1
D.Duvernay,2024,16,1.3,2.0625,1.0027204751968384,3.0652204751968384,-1
J.Wilson,2024,16,1.2000000000000002,2.3375000000000004,1.0401939153671265,3.377693915367127,-1
A.Ingold,2024,16,0.4,3.1142857142857143,1.0548183917999268,4.169104106085641,2
K.Williams,2024,16,19.9,16.857142857142858,-0.2791855037212372,16.57795735342162,1
J.Gibbs,2024,16,25.4,18.22142857142857,-0.7683510184288025,17.45307755299977,1
P.Nacua,2024,16,13.6,18.9,-0.9738290905952454,17.926170909404753,2
C.Kupp,2024,16,5.4,16.57,-2.0703542232513428,14.499645776748658,2
G.Edwards,2024,16,20.1,4.4,0.5432458519935608,4.943245851993561,1
A.Mattison,2024,16,15.6,9.990909090909092,-0.3080485463142395,9.682860544594853,1
D.Davis,2024,16,10.8,2.1625,1.2485536336898804,3.4110536336898805,1
D.Singletary,2024,16,1.2000000000000002,7.391666666666667,-0.24850685894489288,7.143159807721774,1
A.Jones,2024,16,12.3,14.650000000000002,-0.5944191813468933,14.055580818653109,1
E.Gray,2024,16,1.2,2.0125,1.0927207469940186,3.1052207469940187,2
T.Tracy,2024,16,16.9,10.535714285714286,0.6269294619560242,11.16264374767031,1
W.Robinson,2024,16,13.2,9.792857142857144,0.5962570309638977,10.389114173821042,2
R.Stevenson,2024,16,12.3,12.546153846153846,0.1656341850757599,12.711788031229606,1
A.Gibson,2024,16,5.5,5.814285714285715,0.9288157224655151,6.74310143675123,1
C.Brown,2024,16,13.9,16.285714285714285,-1.2657191753387451,15.01999511037554,1
B.Hall,2024,16,14.0,15.569230769230767,-0.8962610960006714,14.672969673230096,1
B.Robinson,2024,16,26.4,27.166666666666668,1.3022993803024292,28.468966046969097,1
T.Allgeier,2024,16,4.1,6.521428571428572,0.925936222076416,7.447364793504988,1
N.Harris,2024,16,4.2,12.47857142857143,-0.5020632147789001,11.97650821379253,1
C.Patterson,2024,16,8.2,2.9,0.8807578682899475,3.7807578682899474,1
J.Warren,2024,16,14.2,7.633333333333333,1.298637866973877,8.93197120030721,1
T.Pollard,2024,16,8.0,13.321428571428571,-0.7310428023338318,12.59038576909474,1
D.Swift,2024,16,8.3,12.971428571428572,-0.4226752519607544,12.548753319467817,1
T.Spears,2024,16,21.6,7.87,-0.8325572609901428,7.037442739009857,1
R.White,2024,16,11.0,14.169230769230769,-0.7885122299194336,13.380718539311335,1
B.Irving,2024,16,18.200000000000003,13.342857142857143,0.019801143556833267,13.362658286413977,1
R.McCloud,2024,16,5.7,8.75,1.2845396995544434,10.034539699554443,2
K.Shakir,2024,16,4.2,13.292307692307691,0.6097247004508972,13.902032392758588,2
C.Akers,2024,16,0.3,6.058333333333334,0.4235675632953644,6.481900896628698,1
D.Ogunbowale,2024,16,0.0,4.075,1.1495407819747925,5.224540781974793,2
T.Kelce,2024,16,8.0,11.785714285714286,1.3327999114990234,13.11851419721331,2
D.Foreman,2024,16,-1.9,3.585714285714286,1.6912943124771118,5.277008598191397,1
D.Johnson,2024,16,1.8,2.636363636363636,1.241402506828308,3.877766143191944,1
B.Melton,2024,16,1.4,2.0250000000000004,1.417466640472412,3.4424666404724125,2
T.Sermon,2024,16,2.5,4.345454545454545,1.0370256900787354,5.38248023553328,1
H.Haskins,2024,16,11.9,0.825,1.6313059329986572,2.4563059329986574,-1
B.Corum,2024,16,1.4,2.663636363636364,2.0125315189361572,4.676167882572521,1
A.Abdullah,2024,16,19.5,8.0,0.3020845949649811,8.302084594964981,1
K.Turpin,2024,16,2.8000000000000003,6.3500000000000005,0.43920668959617615,6.789206689596177,2
C.Ridley,2024,16,16.8,11.285714285714286,0.8576890826225281,12.143403368336815,2
G.Wilson,2024,16,11.4,15.271428571428572,-0.4349669814109802,14.836461590017592,2
R.Johnson,2024,16,0.3,7.7444444444444445,-1.276208758354187,6.4682356860902575,1
R.Odunze,2024,16,9.7,9.207142857142856,0.7125418186187744,9.91968467576163,2
C.Brooks,2024,16,9.5,2.977777777777778,1.3679180145263672,4.345695792304145,1
J.Nailor,2024,16,1.5,6.341666666666666,0.007089721038937569,6.3487563877056035,2
S.Perine,2024,16,8.0,4.542857142857143,1.3777424097061157,5.920599552563258,2
K.McIntosh,2024,16,3.9,2.25,1.4842700958251953,3.7342700958251953,1
D.Douglas,2024,16,7.9,9.13846153846154,0.4891021251678467,9.627563663629386,2
I.Davis,2024,16,1.2000000000000002,5.883333333333333,-0.1768627166748047,5.706470616658528,1
J.McNichols,2024,16,7.8,4.416666666666667,0.5536458492279053,4.970312515894572,1
B.Bowers,2024,16,20.9,15.157142857142858,0.42052486538887024,15.577667722531729,2
T.Tucker,2024,16,5.300000000000001,7.692857142857143,0.8125324845314026,8.505389627388546,2
H.Luepke,2024,16,0.0,2.43,0.9091082215309143,3.3391082215309145,2
B.Thomas,2024,16,28.200000000000003,15.328571428571433,-1.6173168420791626,13.71125458649227,2
Q.Johnston,2024,16,4.8,10.708333333333334,-1.5184426307678223,9.189890702565512,2
K.Hunt,2024,16,15.9,11.954545454545457,-0.24880827963352203,11.705737174911935,1
J.Addison,2024,16,14.5,14.841666666666669,-1.6364760398864746,13.205190626780194,2
T.McLaurin,2024,16,17.0,16.364285714285717,-2.8031957149505615,13.561089999335156,2
T.Goodson,2024,16,2.2,5.814285714285715,0.1436830312013626,5.9579687454870776,1
M.Mims,2024,16,9.5,5.1923076923076925,0.434539258480072,5.6268469507877645,2
J.Smith,2024,16,12.2,12.85,-0.5272695422172546,12.322730457782745,2
C.Ham,2024,16,1.9,2.7,0.16282004117965698,2.862820041179657,-1
T.Kraft,2024,16,9.5,9.921428571428573,-0.831261157989502,9.09016741343907,2
C.Reynolds,2024,16,3.3,1.275,1.6792032718658447,2.9542032718658446,1
S.Vaki,2024,16,4.0,1.366666666666667,1.5570189952850342,2.9236856619517013,1
J.Downs,2024,16,15.1,12.954545454545457,-0.33524882793426514,12.619296626611192,2
T.Franklin,2024,16,4.5,4.5,0.47241246700286865,4.972412467002869,2
K.Vidal,2024,16,2.4000000000000004,3.985714285714286,0.22011210024356842,4.205826385957854,1
P.Taylor,2024,16,3.5000000000000004,4.4,0.04279265180230141,4.442792651802302,1
K.Juszczyk,2024,16,3.6,3.0181818181818185,1.0474320650100708,4.065613883191889,2
S.Shepard,2024,16,4.4,6.709090909090909,0.8766218423843384,7.585712751475247,2
J.McMillan,2024,16,16.7,7.67,-0.046079326421022415,7.6239206735789775,2
J.Chase,2024,16,22.4,23.985714285714288,-4.028194904327393,19.957519381386895,2
K.Miller,2024,16,5.1,5.275,0.3330596387386322,5.608059638738633,1
C.Watson,2024,16,2.3000000000000003,8.583333333333334,0.7701910734176636,9.353524406750997,2
T.McBride,2024,16,5.0,14.538461538461538,1.0902718305587769,15.628733369020315,2
D.Dallas,2024,16,7.1,0.9,1.7538862228393555,2.6538862228393554,-1
M.Burton,2024,16,10.9,2.011111111111111,1.4897891283035278,3.500900239414639,-1
M.Washington,2024,16,5.800000000000001,3.911111111111112,0.9476005434989929,4.858711654610104,2
D.Thompkins,2024,16,0.9,1.933333333333333,1.6444449424743652,3.577778275807698,-1
D.Slayton,2024,16,3.7,7.392307692307692,1.2550982236862183,8.647405915993911,2
C.Rodriguez,2024,16,0.5,5.300000000000001,1.210802435874939,6.51080243587494,1
D.Sample,2024,16,2.2,3.45,0.4545332193374634,3.9045332193374636,-1
T.Conklin,2024,16,10.9,6.130769230769231,0.30243003368377686,6.433199264453008,2
M.Andrews,2024,16,13.8,10.342857142857143,-1.371920108795166,8.970937034061977,2
E.Moore,2024,16,4.1,7.792857142857143,1.7686774730682373,9.56153461592538,2
D.London,2024,16,10.9,15.114285714285716,-0.531039297580719,14.583246416704997,2
K.Austin,2024,16,2.7,3.7400000000000007,0.6191533803939819,4.359153380393982,2
D.Smith,2024,16,11.1,14.390909090909092,-0.1911051720380783,14.199803918871014,2
Mi.Wilson,2024,16,6.4,7.942857142857143,0.0010142279788851738,7.943871370836028,2
O.Zaccheaus,2024,16,24.0,5.0,1.7192133665084839,6.719213366508484,2
C.Okonkwo,2024,16,19.1,6.0,0.39612144231796265,6.396121442317963,2
K.Coleman,2024,16,2.7,9.11,-0.05495617538690567,9.055043824613094,2
N.Gray,2024,16,2.0,8.384615384615385,0.1325722634792328,8.517187648094618,2
M.Harrison,2024,16,7.9,11.12142857142857,-0.4291103780269623,10.692318193401608,2
M.Hollins,2024,16,4.5,6.423076923076923,-0.07959633320569992,6.343480589871223,2
E.Higgins,2024,16,0.0,3.741666666666666,0.31367024779319763,4.055336914459863,2
D.Knox,2024,16,4.2,4.458333333333333,1.1978310346603394,5.656164367993672,2
D.Kincaid,2024,16,5.5,8.263636363636364,0.4922245442867279,8.755860907923092,2
I.Likely,2024,16,11.9,8.091666666666667,0.19623883068561554,8.287905497352282,2
J.Smith-Schuster,2024,16,0.0,5.987500000000001,0.11687365174293518,6.104373651742936,2
R.Bateman,2024,16,8.4,11.184615384615386,-1.297759771347046,9.88685561326834,2
Ju.Watson,2024,16,0.0,3.9500000000000006,1.3257741928100586,5.27577419281006,2
F.Moreau,2024,16,5.300000000000001,6.433333333333334,-0.3526808023452759,6.080652530988058,2
A.Thielen,2024,16,15.3,12.400000000000002,-0.36775654554367065,12.032243454456331,2
M.Tipton,2024,16,0.0,2.9875,0.6890044212341309,3.6765044212341307,2
D.Njoku,2024,16,14.6,13.39,-0.5187069177627563,12.871293082237244,2
J.Ferguson,2024,16,10.0,8.036363636363637,1.1226215362548828,9.15898517261852,2
J.Jeudy,2024,16,4.0,14.514285714285714,0.8806901574134827,15.394975871699197,2
J.Akins,2024,16,1.8,4.638461538461538,1.6953657865524292,6.333827325013967,2
J.Tolbert,2024,16,10.0,8.3,0.08782529830932617,8.387825298309327,2
T.Lockett,2024,16,3.9,7.6642857142857155,0.32567542791366577,7.989961142199381,2
N.Fant,2024,16,8.0,6.4,1.313298225402832,7.713298225402832,2
D.Metcalf,2024,16,14.7,12.916666666666666,0.32027360796928406,13.23694027463595,2
D.Vele,2024,16,10.1,7.67,0.4013844430446625,8.071384443044662,2
A.Trautman,2024,16,1.5,3.709090909090909,0.1904900074005127,3.8995809164914217,2
R.Doubs,2024,16,4.0,10.3,0.44062623381614685,10.740626233816148,2
A.Brown,2024,16,23.700000000000003,16.41818181818182,-0.9558420777320862,15.462339740449735,2
D.Wicks,2024,16,10.3,5.857142857142857,0.6304603815078735,6.48760323865073,2
L.Musgrave,2024,16,0.0,1.8,1.5758498907089233,3.375849890708923,-1
M.Pittman,2024,16,3.9,9.446153846153846,0.8089583516120911,10.255112197765937,2
D.Schultz,2024,16,15.5,6.621428571428572,1.5116015672683716,8.133030138696943,2
N.Collins,2024,16,13.0,19.322222222222223,-3.6557140350341797,15.666508187188043,2
X.Hutchinson,2024,16,1.8,1.481818181818182,1.5864508152008057,3.0682689970189876,-1
M.Alie-Cox,2024,16,2.5,3.355555555555556,0.5008834600448608,3.856439015600417,2
D.Smythe,2024,16,1.5,1.1636363636363638,1.8171192407608032,2.9807556043971672,-1
P.Washington,2024,16,11.4,6.444444444444445,1.0411275625228882,7.485572006967333,2
D.Robinson,2024,16,0.0,8.092857142857143,-0.6835969686508179,7.4092601742063255,2
C.Parkinson,2024,16,0.0,5.316666666666666,1.7239121198654175,7.040578786532084,2
S.LaPorta,2024,16,14.3,9.892307692307693,-0.0993247702717781,9.792982922035915,2
H.Hurst,2024,16,1.8,2.25,1.2293552160263062,3.479355216026306,2
D.Adams,2024,16,19.8,17.363636363636363,-2.5357611179351807,14.827875245701183,2
L.McConkey,2024,16,14.7,13.915384615384616,0.459316223859787,14.374700839244403,2
M.Mayer,2024,16,0.0,3.5125,1.4274502992630005,4.939950299263001,2
J.Palmer,2024,16,9.1,6.86923076923077,1.3369479179382324,8.206178687169002,2
S.Matlock,2024,16,2.0,1.2,1.7089587450027466,2.9089587450027468,-1
D.Bellinger,2024,16,1.5,4.42,0.8987933397293091,5.318793339729309,2
J.Oliver,2024,16,0.0,6.911111111111111,-0.42106249928474426,6.490048611826367,2
J.Hyatt,2024,16,1.9,1.5375,1.4867279529571533,3.0242279529571534,-1
M.Gesicki,2024,16,3.4000000000000004,8.053846153846154,0.6656619906425476,8.719508144488701,2
H.Henry,2024,16,13.9,9.392857142857142,1.734174370765686,11.127031513622828,2
A.Hooper,2024,16,9.5,6.25,0.2049236297607422,6.454923629760742,2
A.Iosivas,2024,16,14.3,6.678571428571429,-0.10136716812849045,6.577204260442938,2
G.Kittle,2024,16,18.6,16.175,-1.931159496307373,14.243840503692628,2
J.Jennings,2024,16,9.1,14.625,-1.4496170282363892,13.17538297176361,2
E.Saubert,2024,16,7.2,2.016666666666667,1.2530373334884644,3.2697040001551314,2
V.Jefferson,2024,16,4.7,4.508333333333334,0.5841677188873291,5.092501052220663,2
P.Freiermuth,2024,16,4.6,9.457142857142856,0.07481621950864792,9.531959076651503,2
C.Woerner,2024,16,0.0,1.6666666666666667,1.127072811126709,2.793739477793376,-1
K.Pitts,2024,16,1.7000000000000002,7.971428571428571,0.2505359649658203,8.221964536394392,2
C.Austin,2024,16,10.5,6.942857142857143,0.12243387848138809,7.065291021338531,2
M.Pruitt,2024,16,7.1,1.78,1.0476831197738647,2.827683119773865,-1
G.Everett,2024,16,1.6,1.4285714285714286,1.4477638006210327,2.8763352291924615,-1
C.Kmet,2024,16,8.9,8.4,0.3629850447177887,8.762985044717789,2
D.Hopkins,2024,16,7.7,9.814285714285717,0.14782950282096863,9.962115217106685,2
M.Evans,2024,16,11.9,16.445454545454545,-1.9048298597335815,14.540624685720964,2
T.Palmer,2024,16,5.1,3.344444444444445,0.11729836463928223,3.4617428090837272,2
Z.Ertz,2024,16,2.2,9.614285714285714,0.8197386860847473,10.434024400370461,2
L.McCaffrey,2024,16,2.3,2.9545454545454546,1.4103672504425049,4.36491270498796,2
J.Bates,2024,16,0.0,1.7142857142857142,1.4016716480255127,3.115957362311227,2
B.Strange,2024,16,2.2,7.172727272727273,0.45371025800704956,7.626437530734322,2
L.Farrell,2024,16,2.8,1.8125,1.0799784660339355,2.8924784660339355,-1
A.Ogletree,2024,16,0.0,2.533333333333333,0.7767977118492126,3.310131045182546,-1
T.Tremble,2024,16,6.2,4.9,0.1392933428287506,5.039293342828751,2
L.Schoonmaker,2024,16,1.3,6.525,-0.09030984342098236,6.434690156579018,2
J.Ruckert,2024,16,3.2,2.163636363636364,1.0424877405166626,3.2061241041530266,-1
N.Adkins,2024,16,3.8,3.611111111111111,-0.27547958493232727,3.335631526178784,-1
J.Bobo,2024,16,1.6,2.3000000000000003,1.0329244136810303,3.3329244136810305,2
T.Patrick,2024,16,0.0,7.241666666666667,0.46741577982902527,7.709082446495692,2
R.Woods,2024,16,4.9,2.822222222222222,1.1724499464035034,3.9946721686257254,2
Co.Heyward,2024,16,1.3,4.3,-0.8972634077072144,3.4027365922927855,-1
A.Barner,2024,16,9.3,4.566666666666666,0.21931849420070648,4.785985160867373,2
P.Brown,2024,16,2.7,1.7333333333333334,1.1506608724594116,2.883994205792745,-1
K.Boutte,2024,16,20.5,5.825,1.2056117057800293,7.0306117057800295,2
T.Higgins,2024,16,19.8,16.98888888888889,-2.7647545337677,14.22413435512119,2
L.Krull,2024,16,5.1,3.475,0.8507459163665771,4.325745916366577,2
R.Flournoy,2024,16,7.1000000000000005,1.6,0.9839076399803162,2.5839076399803163,2
N.Westbrook-Ikhine,2024,16,9.7,11.03,-2.0068252086639404,9.023174791336059,2
S.Smartt,2024,16,6.7,4.76,0.959091067314148,5.719091067314148,2
R.Miller,2024,16,9.7,3.75,-0.08647234737873077,3.6635276526212692,2
R.Jarrett,2024,16,1.6,4.425000000000001,0.8402569890022278,5.2652569890022285,2
K.Yeboah,2024,16,0.0,3.9,-1.0060076713562012,2.8939923286437987,-1
T.Hockenson,2024,16,4.7,9.585714285714284,1.138916015625,10.724630301339284,2
D.Pettis,2024,16,5.1,2.3200000000000003,0.8969457745552063,3.2169457745552066,-1
B.Skowronek,2024,16,4.5,2.466666666666667,0.9048852324485779,3.3715518991152447,2
T.Fisk,2024,16,2.0,1.42,1.5340017080307007,2.9540017080307006,-1
J.Thrash,2024,16,0.0,1.7333333333333334,1.7059913873672485,3.439324720700582,-1
M.Woods,2024,16,0.0,4.066666666666666,1.3238898515701294,5.390556518236796,2
T.Marshall,2024,16,0.0,1.1,2.003373622894287,3.103373622894287,-1
K.Murray,2024,17,16.04,16.888,0.8134543895721436,17.701454389572145,0
J.Allen,2024,17,22.98,23.290666666666667,-0.4579325020313263,22.83273416463534,0
L.Jackson,2024,17,29.42,25.198666666666668,-0.10798852890729904,25.09067813775937,0
P.Mahomes,2024,17,26.0,17.134666666666664,1.7458099126815796,18.880476579348244,0
B.Young,2024,17,16.92,11.805,1.859549641609192,13.664549641609192,0
G.Smith,2024,17,8.3,15.425333333333333,0.9950466752052307,16.420380008538565,0
B.Nix,2024,17,21.86,17.453333333333333,1.555468201637268,19.0088015349706,0
J.Love,2024,17,14.0,16.715384615384615,0.4423033893108368,17.15768800469545,0
C.Stroud,2024,17,6.1,13.885333333333334,1.5110409259796143,15.396374259312948,0
M.Stafford,2024,17,9.16,13.694666666666668,1.6871720552444458,15.381838721911114,0
J.Goff,2024,17,25.82,19.293333333333333,-1.0611413717269897,18.232191961606343,0
J.Herbert,2024,17,24.44,15.528,1.3432583808898926,16.87125838088989,0
S.Darnold,2024,17,24.78,18.36933333333333,-1.3218448162078857,17.047488517125444,0
J.Burrow,2024,17,36.98,21.524,-2.2294623851776123,19.29453761482239,0
A.Rodgers,2024,17,0.4800000000000004,15.409333333333333,1.137900471687317,16.54723380502065,0
B.Purdy,2024,17,30.28,16.898571428571426,0.7160241007804871,17.614595529351913,0
D.Samuel,2024,17,9.1,11.26923076923077,0.5418993234634399,11.81113009269421,2
C.Williams,2024,17,6.58,15.802666666666669,0.66287761926651,16.465544285933177,0
B.Mayfield,2024,17,34.56,20.64,-0.8375462889671326,19.802453711032868,0
J.Daniels,2024,17,31.78,21.32133333333333,1.442577838897705,22.763911172231037,0
C.Rush,2024,17,6.08,9.225454545454545,2.3806259632110596,11.606080508665604,0
T.Chandler,2024,17,0.7000000000000001,3.077777777777777,1.2483104467391968,4.326088224516974,1
A.O'Connell,2024,17,17.58,8.577142857142857,3.022508382797241,11.599651239940098,0
M.Trubisky,2024,17,6.66,-0.1066666666666666,2.7133865356445312,2.606719868977865,-1
M.Jones,2024,17,17.16,8.69,2.7569117546081543,11.446911754608154,0
T.Heinicke,2024,17,0.8,0.7733333333333334,2.8180203437805176,3.591353677113851,0
D.Maye,2024,17,9.88,15.205454545454543,0.7703263163566589,15.975780861811202,0
M.Nabers,2024,17,36.1,16.930769230769233,-1.4013453722000122,15.52942385856922,2
J.Johnson,2024,17,13.24,7.410769230769231,0.02885812148451805,7.4396273522537495,2
J.Flacco,2024,17,15.3,13.836000000000002,0.1898309588432312,14.025830958843233,0
A.St. Brown,2024,17,26.0,19.232000000000003,-1.0894038677215576,18.142596132278445,2
T.Huntley,2024,17,24.2,9.26,0.689743161201477,9.949743161201477,0
M.Rudolph,2024,17,12.02,13.413333333333334,1.3179594278335571,14.731292761166891,0
K.Allen,2024,17,7.5,13.39692307692308,-0.058854129165410995,13.33806894775767,2
A.Mitchell,2024,17,4.2,3.3040000000000003,2.0789589881896973,5.3829589881896975,2
D.Mooney,2024,17,5.7,12.5,0.48491957783699036,12.98491957783699,2
S.Rattler,2024,17,13.32,7.851999999999999,2.4679644107818604,10.31996441078186,0
D.Thompson-Robinson,2024,17,3.8,2.795,2.6222739219665527,5.417273921966553,0
R.Wilson,2024,17,17.7,15.95111111111111,0.5692399144172668,16.520351025528377,0
D.Lock,2024,17,34.36,7.592,2.48488712310791,10.076887123107909,0
K.Pickett,2024,17,16.02,2.28,2.9184467792510986,5.198446779251098,0
J.Smith-Njigba,2024,17,6.2,16.1,0.7648122906684875,16.86481229066849,2
M.Penix,2024,17,11.22,2.6333333333333333,2.559704065322876,5.193037398656209,0
C.Sutton,2024,17,16.5,14.5,1.6334656476974487,16.13346564769745,2
T.Hill,2024,17,19.5,19.802666666666667,-3.1548025608062744,16.647864105860393,2
J.Mixon,2024,17,5.9,19.23333333333333,-2.757826089859009,16.475507243474322,1
J.Jefferson,2024,17,18.1,19.67866666666667,-2.1060378551483154,17.572628811518353,2
D.Moore,2024,17,14.9,18.55333333333333,-1.505397081375122,17.04793625195821,2
K.Bourne,2024,17,4.2,5.7700000000000005,0.1737176775932312,5.943717677593232,2
B.Allen,2024,17,2.6,5.29125,1.823258399963379,7.114508399963379,1
T.Boyd,2024,17,3.4000000000000004,5.3500000000000005,1.149741291999817,6.499741291999817,2
J.Meyers,2024,17,17.1,13.353846153846156,0.8794990181922913,14.233345172038447,2
C.Wilson,2024,17,4.7,5.255,0.8448886871337891,6.099888687133789,2
S.Barkley,2024,17,18.9,22.426666666666662,-0.003249283879995346,22.423417382786667,1
R.Pearsall,2024,17,28.700000000000003,5.7375,0.5422545671463013,6.279754567146301,2
J.Coker,2024,17,5.5,8.122222222222222,-0.1656619906425476,7.956560231579674,2
A.Lazard,2024,17,1.9,10.8,-0.6664295196533203,10.13357048034668,2
Ja.Williams,2024,17,17.8,6.8500000000000005,0.4752087891101837,7.325208789110184,2
J.Conner,2024,17,2.8,16.733333333333334,0.9112985134124756,17.64463184674581,1
J.Cook,2024,17,11.3,17.614285714285717,-0.682905375957489,16.93138033832823,1
Ty.Johnson,2024,17,3.5,5.726666666666668,0.009520540945231915,5.7361872076119,2
R.Davis,2024,17,2.3,7.092857142857143,-0.1946079134941101,6.898249229363033,1
G.Dortch,2024,17,4.8,4.2733333333333325,1.123943567276001,5.3972769006093335,2
D.Henry,2024,17,24.5,18.78666666666667,-1.7624393701553345,17.024227296511334,1
I.Pacheco,2024,17,1.8,9.183333333333334,1.2040694952011108,10.387402828534444,1
X.Worthy,2024,17,22.9,10.953333333333337,-0.010455864481627941,10.942877468851709,2
Z.Flowers,2024,17,5.1,13.42,1.057998776435852,14.477998776435852,2
M.Boone,2024,17,1.1,0.7333333333333334,1.5553654432296753,2.2886987765630087,-1
E.Elliott,2024,17,0.2,4.092857142857143,0.3692321181297302,4.462089260986874,1
J.Ford,2024,17,2.2,10.13846153846154,0.9159613251686096,11.05442286363015,1
R.Dowdle,2024,17,9.8,12.257142857142858,0.9683958292007446,13.225538686343603,1
P.Strong,2024,17,7.800000000000001,2.74,1.038668155670166,3.7786681556701662,1
B.Cooks,2024,17,9.2,7.050000000000001,-0.7304399609565735,6.319560039043427,2
J.Williams,2024,17,2.0,18.05333333333333,-0.6197217106819153,17.433611622651416,2
J.McLaughlin,2024,17,9.6,5.771428571428572,0.5294806957244873,6.3009092671530595,1
Z.Charbonnet,2024,17,10.6,11.04,-0.25861304998397827,10.78138695001602,1
A.Estime,2024,17,4.7,3.145454545454545,1.515784502029419,4.661239047483964,1
J.Jacobs,2024,17,10.9,18.040000000000003,-1.9826946258544922,16.05730537414551,1
Em.Wilson,2024,17,8.9,4.866666666666666,1.5489743947982788,6.415641061464945,1
J.Reed,2024,17,1.6,12.686666666666667,0.20281684398651123,12.889483510653179,2
K.Gainwell,2024,17,1.9,4.028571428571429,1.473908543586731,5.50247997215816,1
J.Taylor,2024,17,27.6,16.541666666666668,-0.7552222013473511,15.786444465319317,1
D.Pierce,2024,17,1.3,2.657142857142857,1.3372867107391357,3.9944295678819928,1
R.Mostert,2024,17,3.9,6.090909090909091,0.7472692131996155,6.838178304108706,1
D.Achane,2024,17,5.8,18.4,-1.4184134006500244,16.981586599349974,1
T.Etienne,2024,17,8.5,8.669230769230769,2.073613166809082,10.74284393603985,1
T.Bigsby,2024,17,3.3000000000000003,8.807692307692308,0.6930546760559082,9.500746983748217,1
D.Duvernay,2024,17,1.4,1.9777777777777776,1.0674357414245605,3.0452135192023384,-1
J.Wilson,2024,17,0.5,2.211111111111111,0.7892389893531799,3.0003501004642907,-1
K.Williams,2024,17,16.200000000000003,17.06,-1.4514540433883667,15.608545956611632,1
J.Gibbs,2024,17,26.3,18.7,-0.7820003032684326,17.917999696731567,1
P.Nacua,2024,17,22.9,18.37,-1.7574474811553955,16.612552518844605,2
C.Kupp,2024,17,3.9,15.554545454545456,-1.0820385217666626,14.472506932778794,2
J.Dobbins,2024,17,15.3,15.0,-0.46750617027282715,14.532493829727173,1
A.Mattison,2024,17,4.800000000000001,10.458333333333334,0.2769022285938263,10.73523556192716,1
D.Davis,2024,17,10.6,3.1222222222222222,-0.023746121674776077,3.098476100547446,2
D.Singletary,2024,17,4.0,6.915384615384616,0.2742721736431122,7.189656789027728,1
A.Jones,2024,17,11.7,14.493333333333334,-0.6658893823623657,13.827443950970968,1
T.Tracy,2024,17,9.3,10.96,0.8529658317565918,11.812965831756593,1
W.Robinson,2024,17,18.1,10.02,0.8052427172660828,10.825242717266082,2
R.Stevenson,2024,17,0.1,12.528571428571428,1.9625684022903442,14.491139830861773,1
A.Gibson,2024,17,6.300000000000001,5.793333333333334,1.00530207157135,6.798635404904684,1
C.Brown,2024,17,13.1,16.12666666666667,-0.17343184351921082,15.953234823147458,1
B.Hall,2024,17,6.3,15.457142857142856,0.019244616851210594,15.476387473994066,1
B.Robinson,2024,17,33.7,27.11875,-1.7618860006332397,25.35686399936676,1
T.Allgeier,2024,17,1.9,6.36,1.0849497318267822,7.4449497318267825,1
N.Harris,2024,17,10.1,11.926666666666668,0.7746396064758301,12.701306273142498,1
C.Patterson,2024,17,0.2,3.3818181818181823,0.682537317276001,4.064355499094184,1
J.Warren,2024,17,16.200000000000003,8.13846153846154,1.3741716146469116,9.512633153108451,1
G.Pickens,2024,17,8.0,12.95,0.3111448884010315,13.26114488840103,2
D.Swift,2024,17,12.1,12.66,0.0737697184085846,12.733769718408585,1
T.Spears,2024,17,13.3,9.11818181818182,0.05595981702208519,9.174141635203906,1
K.Herbert,2024,17,2.3000000000000003,2.316666666666667,1.797148585319519,4.1138152519861855,-1
R.White,2024,17,4.4,13.942857142857145,0.665505051612854,14.608362194469999,1
B.Irving,2024,17,23.0,13.666666666666666,0.8809756636619568,14.547642330328623,1
R.McCloud,2024,17,3.7,8.546666666666665,1.0867812633514404,9.633447930018106,2
K.Shakir,2024,17,5.5,12.642857142857142,0.49573129415512085,13.138588437012263,2
C.Akers,2024,17,11.3,5.615384615384615,0.1302277147769928,5.745612330161608,1
D.Ogunbowale,2024,17,2.8000000000000003,3.761538461538462,0.8630653023719788,4.624603763910441,2
T.Kelce,2024,17,22.4,11.533333333333331,0.6338087916374207,12.167142124970752,2
D.Foreman,2024,17,4.9,2.9000000000000004,1.4608207941055298,4.36082079410553,1
D.Johnson,2024,17,3.1,2.566666666666667,1.3916165828704834,3.9582832495371503,1
B.Melton,2024,17,4.8,1.955555555555556,1.40730619430542,3.3628617498609756,2
T.Sermon,2024,17,2.0,4.191666666666666,0.7622810006141663,4.953947667280833,1
H.Haskins,2024,17,5.0,2.055555555555556,0.509876549243927,2.565432104799483,-1
A.Abdullah,2024,17,17.7,8.958333333333334,0.46237051486968994,9.420703848203024,1
K.Turpin,2024,17,4.4,6.076923076923077,0.08772280067205429,6.164645877595131,2
C.Ridley,2024,17,14.1,11.653333333333334,0.5912765860557556,12.24460991938909,2
G.Wilson,2024,17,17.6,15.013333333333332,0.47162488102912903,15.484958214362461,2
J.Polk,2024,17,0.0,2.725,0.46488210558891296,3.189882105588913,-1
I.Guerendo,2024,17,13.9,7.436363636363637,-0.11204148083925247,7.324322155524385,1
R.Johnson,2024,17,0.5,7.0,-1.4462800025939941,5.553719997406006,1
R.Odunze,2024,17,2.5,9.240000000000002,0.7237849235534668,9.963784923553469,2
S.Tucker,2024,17,5.4,6.855555555555556,0.2560500204563141,7.11160557601187,1
J.Nailor,2024,17,19.1,5.9692307692307685,-0.1625095009803772,5.806721268250391,2
S.Perine,2024,17,4.9,4.7733333333333325,0.8720778822898865,5.645411215623219,2
K.McIntosh,2024,17,4.6000000000000005,2.58,1.255562424659729,3.835562424659729,1
D.Douglas,2024,17,14.6,9.05,0.42699092626571655,9.476990926265717,2
I.Davis,2024,17,5.3,5.214285714285714,0.7321651577949524,5.946450872080667,1
J.McNichols,2024,17,3.0,4.676923076923076,0.8820703625679016,5.558993439490978,1
X.Legette,2024,17,7.800000000000001,8.561538461538463,-0.1444782018661499,8.417060259672313,2
B.Bowers,2024,17,14.6,15.54,0.841119647026062,16.38111964702606,2
T.Tucker,2024,17,10.9,7.533333333333333,0.902296781539917,8.43563011487325,2
H.Luepke,2024,17,1.1,2.209090909090909,0.5374316573143005,2.7465225664052095,2
B.Thomas,2024,17,23.9,16.186666666666667,-1.8285281658172607,14.358138500849407,2
Q.Johnston,2024,17,9.8,10.253846153846156,-2.2232937812805176,8.030552372565639,2
K.Hunt,2024,17,8.0,12.283333333333331,0.12939663231372833,12.41272996564706,1
J.Addison,2024,17,18.9,14.815384615384618,-1.404614806175232,13.410769809209386,2
T.McLaurin,2024,17,1.5,16.40666666666667,-1.2632126808166504,15.14345398585002,2
M.Mims,2024,17,30.200000000000003,5.5,0.4361000955104828,5.936100095510483,2
J.Smith,2024,17,11.6,12.806666666666668,-0.8593394756317139,11.947327191034955,2
C.Ham,2024,17,3.5,2.5,0.6564719676971436,3.1564719676971436,-1
T.Kraft,2024,17,7.300000000000001,9.893333333333334,-0.33661210536956787,9.556721227963767,2
C.Reynolds,2024,17,8.6,1.6800000000000002,1.7953999042510986,3.475399904251099,1
J.Chestnut,2024,17,1.7000000000000002,2.1,1.4495514631271362,3.5495514631271363,1
J.Downs,2024,17,5.2,13.133333333333336,-0.6219329833984375,12.511400349934899,2
T.Franklin,2024,17,0.9,4.5,0.34152284264564514,4.841522842645645,2
K.Vidal,2024,17,2.4000000000000004,3.7875,0.25505033135414124,4.042550331354141,1
K.Juszczyk,2024,17,7.9,3.0666666666666664,0.958508312702179,4.025174979368845,2
J.McMillan,2024,17,23.0,8.490909090909092,0.23378080129623413,8.724689892205326,2
J.Chase,2024,17,19.200000000000003,23.88,-1.639103651046753,22.240896348953246,2
K.Miller,2024,17,2.9000000000000004,5.24,0.7383422255516052,5.978342225551605,1
T.McBride,2024,17,30.3,13.857142857142858,1.229533314704895,15.086676171847753,2
D.Dallas,2024,17,1.5,2.45,-0.017427170649170876,2.4325728293508293,-1
M.Washington,2024,17,7.0,4.1,0.6739556193351746,4.773955619335174,2
D.Slayton,2024,17,10.2,7.128571428571429,1.2408647537231445,8.369436182294574,2
C.Rodriguez,2024,17,9.8,4.340000000000001,1.271644949913025,5.611644949913026,1
D.Sample,2024,17,1.3,3.311111111111112,0.4591268301010132,3.770237941212125,-1
T.Conklin,2024,17,21.7,6.471428571428571,0.4242285490036011,6.895657120432172,2
M.Andrews,2024,17,14.8,10.573333333333332,-0.7966701984405518,9.77666313489278,2
J.Brooks,2024,17,2.2,3.4166666666666665,0.5739947557449341,3.9906614224116006,2
E.Moore,2024,17,1.1,7.546666666666667,1.344284176826477,8.890950843493144,2
D.London,2024,17,17.6,14.833333333333334,0.008051532320678234,14.841384865654012,2
K.Austin,2024,17,3.3000000000000003,3.5666666666666664,0.6205343008041382,4.187200967470805,2
D.Smith,2024,17,30.0,14.116666666666664,-0.35204577445983887,13.764620892206825,2
M.Valdes-Scantling,2024,17,0.0,7.109090909090909,-1.0500693321228027,6.059021576968107,2
Mi.Wilson,2024,17,6.9,7.84,-0.19441434741020203,7.645585652589798,2
O.Zaccheaus,2024,17,23.3,6.461538461538462,0.7229716777801514,7.184510139318613,2
C.Okonkwo,2024,17,10.9,6.873333333333333,0.3435348868370056,7.216868220170339,2
K.Coleman,2024,17,11.7,8.52727272727273,0.019011057913303375,8.546283785186032,2
N.Gray,2024,17,1.6,7.928571428571429,0.2467462420463562,8.175317670617785,2
J.Whittington,2024,17,1.6,9.525,0.9262875318527222,10.451287531852723,2
M.Harrison,2024,17,15.6,10.906666666666668,0.09664539247751236,11.00331205914418,2
M.Hollins,2024,17,5.300000000000001,6.285714285714286,0.08190716058015823,6.367621446294444,2
E.Higgins,2024,17,4.300000000000001,3.4538461538461536,0.1353883445262909,3.5892344983724445,2
D.Knox,2024,17,1.4,4.438461538461539,1.1728299856185913,5.61129152408013,2
D.Kincaid,2024,17,4.4,8.033333333333333,0.4580453932285309,8.491378726561864,2
I.Likely,2024,17,7.9,8.384615384615385,0.5042094588279724,8.888824843443357,2
J.Smith-Schuster,2024,17,3.8,5.322222222222223,-0.07920634746551514,5.243015874756708,2
R.Bateman,2024,17,2.2,10.985714285714286,-0.4965410530567169,10.489173232657569,2
Ju.Watson,2024,17,14.0,3.646153846153848,0.8221575617790222,4.46831140793287,2
F.Moreau,2024,17,13.7,6.346153846153846,-0.18567128479480743,6.160482561359038,2
A.Thielen,2024,17,28.0,12.7625,-0.5656099915504456,12.196890008449554,2
J.Sanders,2024,17,1.5,5.015384615384615,1.0316511392593384,6.047035754643954,2
J.Ferguson,2024,17,2.8,8.200000000000001,0.6701478958129883,8.87014789581299,2
J.Jeudy,2024,17,21.4,13.813333333333333,1.1414777040481567,14.95481103738149,2
J.Akins,2024,17,10.9,4.435714285714286,1.2520520687103271,5.687766354424613,2
J.Tolbert,2024,17,12.0,8.413333333333334,-0.5605971217155457,7.852736211617788,2
T.Lockett,2024,17,5.0,7.413333333333333,0.010797551833093166,7.424130885166426,2
N.Fant,2024,17,8.3,6.533333333333334,0.874525249004364,7.407858582337698,2
D.Metcalf,2024,17,7.2,13.053846153846154,-0.4421719014644623,12.611674252381691,2
D.Vele,2024,17,4.7,7.8909090909090915,0.0012906715273857117,7.892199762436477,2
A.Trautman,2024,17,1.5,3.525,0.1804439127445221,3.705443912744522,2
R.Doubs,2024,17,14.8,9.775,0.1295374035835266,9.904537403583527,2
A.Brown,2024,17,12.6,17.025000000000002,-1.7017353773117065,15.323264622688296,2
D.Wicks,2024,17,8.3,6.153333333333334,0.45840150117874146,6.611734834512076,2
L.Musgrave,2024,17,1.4,1.44,1.4238686561584473,2.863868656158447,-1
G.Calcaterra,2024,17,4.4,4.763636363636365,0.3538318872451782,5.117468250881543,2
M.Pittman,2024,17,25.9,9.05,0.3585747480392456,9.408574748039246,2
A.Pierce,2024,17,24.200000000000003,8.821428571428571,-0.20783796906471252,8.613590602363859,2
D.Schultz,2024,17,4.1,7.213333333333334,0.45470771193504333,7.668041045268377,2
N.Collins,2024,17,8.9,18.69,-2.7341434955596924,15.955856504440309,2
K.Granson,2024,17,6.4,2.0083333333333333,1.2854669094085693,3.2938002427419026,2
X.Hutchinson,2024,17,4.1,1.5083333333333335,1.257878065109253,2.7662113984425867,-1
M.Alie-Cox,2024,17,0.0,3.2700000000000005,0.07923372834920883,3.3492337283492093,2
P.Washington,2024,17,12.1,6.94,0.44483017921447754,7.384830179214478,2
D.Robinson,2024,17,0.0,7.553333333333334,-0.20125021040439606,7.352083122928938,2
C.Parkinson,2024,17,0.0,4.907692307692307,1.3598124980926514,6.2675048057849585,2
D.Allen,2024,17,0.0,1.98,1.266280174255371,3.246280174255371,-1
S.LaPorta,2024,17,18.4,10.207142857142856,0.30420607328414917,10.511348930427005,2
W.Dissly,2024,17,4.1,6.984615384615386,1.0545860528945923,8.039201437509977,2
D.Adams,2024,17,9.7,17.566666666666666,-1.3314226865768433,16.235243980089823,2
L.McConkey,2024,17,29.4,13.971428571428572,-0.5773953199386597,13.394033251489912,2
M.Mayer,2024,17,2.4000000000000004,3.1222222222222222,1.4934048652648926,4.615627087487114,2
J.Palmer,2024,17,8.100000000000001,7.028571428571429,1.0213665962219238,8.049938024793352,2
J.Mundt,2024,17,1.7000000000000002,3.625,-0.0013318106066435575,3.6236681893933564,2
M.Gesicki,2024,17,18.6,7.721428571428571,0.5812920928001404,8.302720664228712,2
H.Henry,2024,17,0.0,9.693333333333332,0.6560319662094116,10.349365299542743,2
A.Hooper,2024,17,4.9,6.466666666666667,0.22738823294639587,6.694054899613063,2
A.Iosivas,2024,17,8.9,7.186666666666667,0.25011929869651794,7.436785965363185,2
G.Kittle,2024,17,19.200000000000003,16.361538461538462,-1.5202844142913818,14.84125404724708,2
J.Jennings,2024,17,13.7,14.2,1.037036418914795,15.237036418914794,2
V.Jefferson,2024,17,0.0,4.523076923076923,0.5241279006004333,5.047204823677356,2
P.Freiermuth,2024,17,11.0,9.133333333333333,0.034507859498262405,9.167841192831595,2
C.Woerner,2024,17,1.6,1.4285714285714286,1.5197937488555908,2.9483651774270196,-1
K.Pitts,2024,17,14.4,7.553333333333334,0.1385134607553482,7.691846794088682,2
C.Austin,2024,17,7.1,7.180000000000001,0.09082763642072678,7.270827636420727,2
D.Washington,2024,17,1.8,3.6,0.9177891612052917,4.517789161205291,2
G.Everett,2024,17,0.0,1.45,1.135251522064209,2.585251522064209,-1
N.Vannett,2024,17,7.8,3.61,0.00827051978558302,3.618270519785583,2
D.Hopkins,2024,17,2.7,9.673333333333334,0.15367184579372406,9.827005179127058,2
M.Evans,2024,17,29.700000000000003,16.066666666666666,-1.5481641292572021,14.518502537409464,2
Z.Ertz,2024,17,25.2,9.12,0.6500315070152283,9.770031507015227,2
J.Bates,2024,17,2.4000000000000004,1.5,1.60942804813385,3.10942804813385,-1
J.Crowder,2024,17,5.5,7.566666666666666,-1.804311752319336,5.7623549143473305,2
C.Stover,2024,17,1.1,3.0181818181818185,0.4668772518634796,3.485059070045298,2
B.Strange,2024,17,0.0,6.758333333333333,0.4513731598854065,7.209706493218739,2
A.Prentice,2024,17,0.0,0.0,1.5401805639266968,1.5401805639266968,-1
J.Whyle,2024,17,0.0,4.241666666666667,1.0581434965133667,5.299810163180034,2
N.Adkins,2024,17,1.7000000000000002,3.63,0.0309873279184103,3.66098732791841,-1
C.Conley,2024,17,2.3,0.2799999999999999,1.7378437519073486,2.0178437519073484,-1
T.Patrick,2024,17,2.0,6.684615384615385,0.4786749482154846,7.1632903328308695,2
P.Durham,2024,17,11.6,4.433333333333334,1.050286054611206,5.48361938794454,2
R.Woods,2024,17,4.1,3.03,0.7993274331092834,3.8293274331092833,2
Co.Heyward,2024,17,1.8,3.55,-0.268474817276001,3.281525182723999,-1
P.Brown,2024,17,-0.6000000000000001,1.871428571428572,0.8259982466697693,2.697426818098341,-1
K.Boutte,2024,17,6.800000000000001,6.953846153846154,0.2830159664154053,7.236862120261559,2
T.Higgins,2024,17,40.1,17.27,-1.2511794567108154,16.018820543289184,2
B.Whiteheart,2024,17,1.8,2.84,0.2157324105501175,3.0557324105501174,-1
J.Metchie,2024,17,9.8,5.15,0.2690204679965973,5.419020467996598,2
M.Heath,2024,17,7.3,5.366666666666667,-0.8199917674064636,4.5466748992602035,2
T.Wallace,2024,17,1.2,5.8500000000000005,-0.03008819743990898,5.8199118025600916,2
L.Krull,2024,17,1.3,3.655555555555555,0.8345276117324829,4.490083167288038,2
K.Hodge,2024,17,1.9,6.933333333333334,-1.124382734298706,5.8089505990346275,2
R.Flournoy,2024,17,1.3,2.7,0.39845025539398193,3.098450255393982,2
A.Robinson,2024,17,3.1,0.58,1.9134905338287354,2.4934905338287354,-1
N.Westbrook-Ikhine,2024,17,6.7,10.909090909090908,-2.189638614654541,8.719452294436367,2
S.Smartt,2024,17,4.300000000000001,5.083333333333333,0.8101431727409363,5.893476506074269,2
R.Miller,2024,17,4.6,4.6000000000000005,-0.2474423497915268,4.352557650208474,2
Z.Jones,2024,17,2.9000000000000004,1.225,1.520850419998169,2.745850419998169,-1
R.Jarrett,2024,17,2.1,3.86,1.050286054611206,4.9102860546112055,2
K.Yeboah,2024,17,0.0,2.925,0.005271047353744507,2.9302710473537443,-1
T.Hockenson,2024,17,11.8,8.975000000000001,0.9323305487632751,9.907330548763277,2
Q.Morris,2024,17,0.0,3.2,-0.06993292272090912,3.130067077279091,-1
D.Pettis,2024,17,5.7,2.783333333333333,0.7406318187713623,3.5239651521046955,2
T.Fisk,2024,17,1.8,1.5166666666666666,1.253354549407959,2.7700212160746256,-1
J.Thrash,2024,17,0.0,1.3,1.6273267269134521,2.927326726913452,-1
M.Woods,2024,17,1.3,3.05,0.890950620174408,3.940950620174408,2
T.Marshall,2024,17,3.8,0.825,2.066617012023926,2.891617012023926,-1
K.Murray,2025,4,16.1,15.46,1.9120845794677734,17.372084579467774,0
S.Rattler,2025,4,13.94,14.953333333333331,1.0335651636123657,15.986898496945697,0
J.Allen,2025,4,24.86,24.53333333333333,-2.1166837215423584,22.416649611790973,0
L.Jackson,2025,4,10.68,27.56,-3.0656518936157227,24.494348106384276,0
T.Lawrence,2025,4,11.66,12.446666666666667,1.2791942358016968,13.725860902468364,0
B.Young,2025,4,10.3,13.706666666666669,-0.5447090864181519,13.161957580248517,0
D.Prescott,2025,4,30.96,14.0,0.722672700881958,14.722672700881958,0
J.Hurts,2025,4,19.4,21.62,-1.9199258089065552,19.700074191093446,0
J.Love,2025,4,26.28,15.973333333333334,1.4806588888168335,17.45399222215017,0
J.Goff,2025,4,12.72,19.180000000000003,-3.5917930603027344,15.588206939697269,0
C.Stroud,2025,4,18.42,11.353333333333332,2.669661283493042,14.022994616826374,0
M.Stafford,2025,4,27.4,14.920000000000002,0.573811411857605,15.493811411857607,0
P.Mahomes,2025,4,27.3,20.42,1.7269415855407715,22.146941585540773,0
J.Herbert,2025,4,12.52,20.433333333333334,0.21724963188171387,20.650582965215047,0
G.Smith,2025,4,9.78,15.58,-1.0310944318771362,14.548905568122864,0
D.Maye,2025,4,23.22,20.433333333333334,-0.7514889240264893,19.681844409306844,0
D.Jones,2025,4,10.38,22.71333333333333,-2.2514069080352783,20.461926425298053,0
T.Tagovailoa,2025,4,15.68,12.233333333333334,-0.06589151918888092,12.167441814144453,0
C.Williams,2025,4,11.78,23.433333333333337,-1.6794036626815796,21.753929670651758,0
R.Wilson,2025,4,0.32,16.073333333333334,2.0915441513061523,18.164877484639486,0
A.Rodgers,2025,4,12.8,15.913333333333334,-2.514591932296753,13.398741401036581,0
S.Darnold,2025,4,16.08,12.64,2.483903408050537,15.123903408050538,0
M.Penix,2025,4,18.72,11.033333333333331,0.7280858755111694,11.7614192088445,0
B.Mayfield,2025,4,18.86,20.066666666666663,-0.04549318179488182,20.02117348487178,0
C.Ward,2025,4,4.5200000000000005,8.08,3.2201645374298096,11.30016453742981,0
B.Nix,2025,4,25.74,13.5,0.37401488423347473,13.874014884233475,0
D.Henry,2025,4,7.800000000000001,14.066666666666668,-4.198939323425293,9.867727343241375,1
C.Olave,2025,4,9.0,13.166666666666666,0.9328705668449402,14.099537233511606,2
D.Montgomery,2025,4,1.2000000000000002,16.933333333333334,-3.035176992416382,13.898156340916952,1
T.Warren,2025,4,18.3,11.2,2.2568132877349854,13.456813287734985,2
J.Waddle,2025,4,7.800000000000001,13.233333333333334,-2.2829461097717285,10.950387223561606,2
C.Kupp,2025,4,6.6,8.200000000000001,1.6399612426757812,9.839961242675782,2
B.Hall,2025,4,16.1,10.5,3.6675336360931396,14.16753363609314,1
C.Kmet,2025,4,7.6,5.666666666666667,-0.30502384901046753,5.361642817656199,2
D.Moore,2025,4,9.0,11.133333333333333,-0.5503707528114319,10.582962580521901,2
K.Allen,2025,4,8.5,18.8,-1.2864429950714111,17.51355700492859,2
C.Sutton,2025,4,19.1,14.5,-2.2227017879486084,12.277298212051392,2
R.Harvey,2025,4,19.8,5.3,1.2833881378173828,6.583388137817383,1
C.McCaffrey,2025,4,24.1,23.3,-0.25941118597984314,23.040588814020158,1
J.Johnson,2025,4,5.800000000000001,14.2,-0.23934948444366455,13.960650515556335,2
D.Singletary,2025,4,2.8000000000000003,1.0000000000000002,1.6845622062683105,2.6845622062683105,-1
T.Benson,2025,4,10.4,8.333333333333334,1.8764474391937256,10.20978077252706,1
A.Kamara,2025,4,11.2,12.1,0.47353360056877136,12.573533600568771,1
K.Miller,2025,4,12.5,3.333333333333333,1.433174729347229,4.766508062680562,1
J.Cook,2025,4,22.5,22.83333333333333,-3.0035319328308105,19.829801400502518,1
J.Hill,2025,4,31.6,5.433333333333334,1.9530389308929443,7.386372264226278,2
Z.Flowers,2025,4,14.4,15.433333333333332,-3.3490960597991943,12.084237273534137,2
R.Davis,2025,4,0.3,1.1666666666666667,1.5701121091842651,2.736778775850932,-1
T.Etienne,2025,4,22.8,16.233333333333334,-2.59285831451416,13.640475018819174,1
C.Hubbard,2025,4,9.9,15.4,-1.2835028171539307,14.11649718284607,1
L.Allen,2025,4,1.7000000000000002,1.7666666666666666,1.660491704940796,3.4271583716074625,1
B.Tuten,2025,4,3.2,8.200000000000001,-2.3925929069519043,5.807407093048097,1
B.Thomas,2025,4,10.6,8.466666666666667,0.5043565034866333,8.9710231701533,2
R.Dowdle,2025,4,4.0,5.766666666666667,-0.6548060178756714,5.111860648790995,1
C.Brown,2025,4,10.1,9.2,0.9342203736305237,10.134220373630523,1
D.Sampson,2025,4,-0.2,9.466666666666669,0.5493814945220947,10.016048161188763,2
J.Ford,2025,4,1.3,5.633333333333333,1.6232988834381104,7.256632216771443,1
H.Fannin,2025,4,4.5,9.633333333333336,0.9550570845603943,10.58839041789373,2
J.Williams,2025,4,24.700000000000003,29.766666666666666,-5.394514083862305,24.37215258280436,1
K.Turpin,2025,4,6.4,9.6,-0.9712863564491272,8.628713643550872,2
S.Barkley,2025,4,17.4,15.1,-0.42061424255371094,14.679385757446289,1
M.Sanders,2025,4,4.5,7.400000000000001,-0.36808469891548157,7.03191530108452,1
J.Jacobs,2025,4,31.7,13.6,0.40841472148895264,14.008414721488952,1
J.Gibbs,2025,4,17.7,20.433333333333334,-2.847158193588257,17.586175139745077,1
T.Kraft,2025,4,10.6,13.4,-0.31601324677467346,13.083986753225327,2
N.Chubb,2025,4,8.2,9.4,0.7909010648727417,10.190901064872742,1
K.Williams,2025,4,10.2,15.7,-2.675888776779175,13.024111223220824,1
P.Nacua,2025,4,36.0,24.5,-0.7758180499076843,23.724181950092316,2
W.Marks,2025,4,27.9,3.6666666666666665,1.8684159517288208,5.535082618395487,1
J.Whittington,2025,4,1.7000000000000002,3.366666666666667,0.7435530424118042,4.110219709078471,2
B.Corum,2025,4,3.6,6.1000000000000005,0.11266559362411499,6.2126655936241155,1
X.Hutchinson,2025,4,3.7,5.0,1.4929518699645996,6.4929518699646,2
I.Pacheco,2025,4,12.8,4.833333333333334,3.246216058731079,8.079549392064413,1
O.Hampton,2025,4,27.5,12.166666666666666,1.4886049032211304,13.655271569887796,1
K.Hunt,2025,4,5.7,6.8,0.8237549662590027,7.6237549662590025,1
A.Jeanty,2025,4,33.5,8.566666666666668,0.8415619730949402,9.408228639761608,1
R.Stevenson,2025,4,5.1000000000000005,10.166666666666666,0.7377949357032776,10.904461602369944,2
T.Henderson,2025,4,12.6,8.266666666666667,1.014324426651001,9.280991093317668,1
A.Gibson,2025,4,8.7,1.6333333333333335,1.295310378074646,2.9286437114079797,1
J.Taylor,2025,4,14.6,25.03333333333333,-4.039368152618408,20.993965180714923,1
D.Achane,2025,4,17.1,19.366666666666667,-3.061664342880249,16.305002323786418,1
O.Gordon,2025,4,1.0,4.466666666666667,-0.8362249135971069,3.63044175306956,1
M.Washington,2025,4,4.1,4.866666666666667,1.3330060243606567,6.199672691027324,1
D.Swift,2025,4,16.0,11.4,0.44539523124694824,11.845395231246949,1
J.Jefferson,2025,4,22.6,12.8,0.5276481509208679,13.327648150920869,2
J.Mason,2025,4,10.2,12.633333333333336,0.378471702337265,13.011805035670601,1
C.Skattebo,2025,4,13.0,13.633333333333336,-0.941757321357727,12.69157601197561,1
J.Croskey-Merritt,2025,4,7.7,8.666666666666666,-1.408618450164795,7.258048216501871,1
D.Samuel,2025,4,20.1,14.966666666666669,-2.947078227996826,12.019588438669842,2
K.Gainwell,2025,4,31.4,7.166666666666667,-0.33967962861061096,6.826987038056056,1
K.Walker,2025,4,12.0,14.066666666666668,-1.9459831714630127,12.120683495203656,1
B.Robinson,2025,4,30.200000000000003,23.366666666666664,-0.48857560753822327,22.87809105912844,1
A.Barner,2025,4,12.2,5.1000000000000005,-0.18856684863567352,4.911433151364327,2
T.Allgeier,2025,4,11.1,6.266666666666667,0.07481975108385086,6.3414864177505175,1
B.Irving,2025,4,25.5,15.5,0.9694322943687439,16.469432294368744,1
R.White,2025,4,8.600000000000001,6.533333333333334,0.6265347003936768,7.159868033727011,1
E.Egbuka,2025,4,20.1,17.0,-3.803558111190796,13.196441888809204,2
T.Pollard,2025,4,10.6,10.333333333333334,0.864380419254303,11.197713752587637,1
J.Dobbins,2025,4,11.500000000000002,15.2,-1.6035194396972656,13.596480560302734,1
O.Zaccheaus,2025,4,9.1,6.3,1.527208924293518,7.827208924293518,2
A.St. Brown,2025,4,26.0,22.8,-5.285323143005371,17.51467685699463,2
K.Raymond,2025,4,3.3,2.766666666666667,0.9017960429191589,3.668462709585826,2
K.Monangai,2025,4,1.8,3.233333333333334,1.3464059829711914,4.579739316304526,1
M.Andrews,2025,4,10.0,10.0,-2.873392343521118,7.126607656478882,2
I.Bond,2025,4,8.8,2.533333333333333,1.2475463151931763,3.7808796485265095,2
T.Franklin,2025,4,9.5,11.733333333333334,0.5467877388000488,12.280121072133383,2
T.Tucker,2025,4,4.2,19.73333333333333,-2.804415464401245,16.928917868932086,2
Q.Johnston,2025,4,23.8,18.566666666666663,-2.0936760902404785,16.472990576426184,2
R.Pearsall,2025,4,8.600000000000001,14.566666666666668,0.349882572889328,14.916549239555996,2
M.Golden,2025,4,11.3,5.066666666666667,1.5296529531478882,6.5963196198145555,2
S.Williams,2025,4,5.300000000000001,1.1333333333333335,1.9066444635391235,3.0399777968724573,-1
G.Dortch,2025,4,7.9,1.9,1.2745747566223145,3.1745747566223144,-1
J.Chase,2025,4,7.300000000000001,16.666666666666668,-2.635003089904785,14.031663576761883,2
L.Burden,2025,4,1.6,7.333333333333333,-0.3721267879009247,6.961206545432408,2
M.Mims,2025,4,20.5,5.333333333333333,-0.4333285391330719,4.900004794200261,2
R.Shaheed,2025,4,9.2,10.9,-0.4818415343761444,10.418158465623856,2
S.Shepard,2025,4,4.0,8.766666666666667,0.9297716021537781,9.696438268820446,2
T.Johnson,2025,4,13.0,7.066666666666667,1.2283672094345093,8.295033876101176,2
J.Smith-Njigba,2025,4,13.0,19.433333333333334,-2.740981101989746,16.692352231343587,2
N.Collins,2025,4,11.9,14.033333333333331,-1.2212656736373901,12.812067659695941,2
J.Nailor,2025,4,9.2,5.533333333333334,2.117506980895996,7.65084031422933,2
K.Shakir,2025,4,17.9,9.7,0.030616216361522675,9.730616216361522,2
W.Robinson,2025,4,4.4,14.433333333333332,-0.8914715647697449,13.541861768563587,2
K.Juszczyk,2025,4,6.2,4.6000000000000005,-0.462900847196579,4.1370991528034216,2
J.Lane,2025,4,3.8,1.3666666666666665,1.0782673358917236,2.44493400255839,-1
J.Smith,2025,4,2.6,8.166666666666666,-1.390485167503357,6.776181499163309,2
T.Hunter,2025,4,7.2,5.866666666666667,1.4026031494140625,7.26926981608073,2
M.Hollins,2025,4,7.4,5.266666666666667,-0.7246806621551514,4.541986004511515,2
B.Bowers,2025,4,9.6,11.300000000000002,1.3235065937042236,12.623506593704226,2
T.Kelce,2025,4,9.8,9.8,0.7676471471786499,10.56764714717865,2
T.Hockenson,2025,4,7.9,7.533333333333334,0.90376877784729,8.437102111180625,2
J.Ferguson,2025,4,17.0,15.1,2.2865498065948486,17.38654980659485,2
D.Metcalf,2025,4,23.6,11.833333333333334,-3.8139281272888184,8.019405206044516,2
D.Wicks,2025,4,3.9,5.833333333333333,1.656589388847351,7.489922722180684,2
T.Harris,2025,4,0.0,2.5,1.9988470077514648,4.498847007751465,2
J.Downs,2025,4,6.4,6.566666666666667,1.362626314163208,7.929292980829875,2
J.Jeudy,2025,4,7.800000000000001,7.8,1.3534847497940063,9.153484749794007,2
T.McBride,2025,4,12.2,13.733333333333334,-0.25804027915000916,13.475293054183325,2
Mi.Wilson,2025,4,4.5,3.7,-0.27268269658088684,3.4273173034191133,-1
B.Cooks,2025,4,5.2,5.2,1.224793553352356,6.424793553352356,2
M.Harrison,2025,4,18.6,10.066666666666668,-0.04177727922797203,10.024889387438696,2
D.Kincaid,2025,4,9.8,13.366666666666667,-1.0177052021026611,12.348961464564006,2
R.Bateman,2025,4,3.4000000000000004,7.933333333333334,-0.4058406949043274,7.527492638429006,2
K.Coleman,2025,4,7.5,11.933333333333332,-1.0570532083511353,10.876280124982197,2
J.Palmer,2025,4,4.5,6.433333333333334,1.107558012008667,7.540891345342001,2
D.Hopkins,2025,4,0.0,9.4,-2.793738603591919,6.606261396408081,2
J.Hawes,2025,4,2.5,4.3,-0.7352384328842163,3.5647615671157835,2
B.Strange,2025,4,10.5,8.9,1.0192328691482544,9.919232869148255,2
T.Tremble,2025,4,15.2,3.266666666666667,0.6335113048553467,3.9001779715220137,2
T.McMillan,2025,4,10.2,11.866666666666667,0.033821143209934235,11.900487809876601,2
H.Renfrow,2025,4,3.0,9.833333333333334,-1.2255362272262573,8.607797106107077,2
T.Higgins,2025,4,6.2,7.8,-0.93840092420578,6.86159907579422,2
C.Tillman,2025,4,1.6,10.666666666666666,-1.6065783500671387,9.060088316599527,2
M.Gesicki,2025,4,1.8,2.9333333333333336,1.2523354291915894,4.185668762524923,2
D.Njoku,2025,4,3.1,7.900000000000001,1.229546308517456,9.129546308517458,2
G.Pickens,2025,4,33.4,13.866666666666667,0.24520783126354218,14.11187449793021,2
J.Tolbert,2025,4,10.1,4.0,1.4933481216430664,5.493348121643066,2
D.Smith,2025,4,4.9,11.3,0.5802729725837708,11.880272972583771,2
L.Schoonmaker,2025,4,2.8,0.5,1.830895185470581,2.330895185470581,-1
A.Brown,2025,4,2.7,10.8,0.8766387701034546,11.676638770103455,2
R.Doubs,2025,4,29.8,8.366666666666667,0.47229263186454773,8.838959298531215,2
S.LaPorta,2025,4,6.9,8.933333333333334,1.3074979782104492,10.240831311543783,2
D.Adams,2025,4,15.6,15.433333333333332,-2.6033811569213867,12.829952176411945,2
D.Schultz,2025,4,8.0,6.866666666666667,1.8322932720184326,8.6989599386851,2
J.Higgins,2025,4,9.4,3.5,1.2994630336761475,4.7994630336761475,2
D.Allen,2025,4,1.0,5.8,-2.60341739654541,3.1965826034545897,-1
T.Atwell,2025,4,15.8,0.4666666666666666,1.649923324584961,2.1165899912516277,-1
L.McConkey,2025,4,2.1,10.433333333333334,2.0245285034179688,12.457861836751302,2
J.Smith-Schuster,2025,4,13.6,7.166666666666667,1.6715848445892334,8.838251511255901,2
T.Thornton,2025,4,8.1,12.7,-0.4906940758228302,12.209305924177169,2
M.Brown,2025,4,12.8,12.033333333333331,2.272003173828125,14.305336507161456,2
N.Gray,2025,4,1.1,2.3666666666666667,2.269014596939087,4.635681263605754,-1
D.Thornton,2025,4,0.0,4.8,1.2708498239517212,6.070849823951721,2
H.Henry,2025,4,11.9,13.833333333333334,-1.7757560014724731,12.05757733186086,2
K.Boutte,2025,4,2.8,9.9,-1.161187767982483,8.738812232017517,2
A.Hooper,2025,4,3.4000000000000004,4.533333333333334,0.7893213033676147,5.322654636700949,2
S.Diggs,2025,4,16.1,8.066666666666668,0.7281597256660461,8.794826392332714,2
M.Pittman,2025,4,15.1,15.766666666666666,-2.2296133041381836,13.537053362528482,2
R.Odunze,2025,4,16.9,20.9,-5.119913101196289,15.78008689880371,2
A.Thielen,2025,4,3.1,2.2,1.976251482963562,4.176251482963562,-1
Z.Ertz,2025,4,6.1,12.266666666666666,-3.7009143829345703,8.565752283732095,2
M.Nabers,2025,4,4.0,17.7,-4.913942337036133,12.786057662963866,2
D.Slayton,2025,4,7.4,5.033333333333333,1.2188817262649536,6.252215059598287,2
G.Wilson,2025,4,20.200000000000003,18.633333333333336,-3.159759044647217,15.47357428868612,2
C.Austin,2025,4,3.3,10.866666666666667,-4.09197998046875,6.774686686197917,2
M.Taylor,2025,4,11.5,3.4333333333333336,1.532187581062317,4.9655209143956505,2
E.Arroyo,2025,4,6.4,2.266666666666667,1.4997081756591797,3.7663748423258467,2
J.Tonges,2025,4,14.8,7.233333333333333,-0.2736063003540039,6.9597270329793295,2
R.McCloud,2025,4,0.2999999999999999,4.033333333333334,1.1678203344345093,5.201153667767843,2
D.London,2025,4,25.0,9.966666666666669,1.1995958089828491,11.166262475649518,2
K.Pitts,2025,4,18.0,9.5,0.9267808794975281,10.426780879497528,2
G.Helm,2025,4,2.2,3.733333333333333,1.3711568117141724,5.104490145047505,2
C.Okonkwo,2025,4,1.4,8.0,1.1782149076461792,9.17821490764618,2
E.Ayomanor,2025,4,6.4,10.9,-1.9372817277908325,8.962718272209168,2
C.Ridley,2025,4,5.0,6.366666666666667,1.6632416248321533,8.02990829149882,2
K.Murray,2025,5,15.3,15.62,1.9080100059509277,17.528010005950925,0
S.Rattler,2025,5,16.1,14.7,2.034041404724121,16.73404140472412,0
J.Allen,2025,5,19.42,24.615,-0.9395174980163574,23.67548250198364,0
T.Lawrence,2025,5,26.24,12.25,1.9151417016983032,14.165141701698303,0
B.Young,2025,5,12.02,12.855,0.8542416095733643,13.709241609573365,0
D.Prescott,2025,5,28.28,18.24,-1.0821506977081299,17.15784930229187,0
J.Hurts,2025,5,19.5,21.065,-0.9400116205215454,20.124988379478456,0
J.Goff,2025,5,20.12,17.565,1.5716291666030884,19.13662916660309,0
C.Stroud,2025,5,28.76,13.12,2.5937674045562744,15.713767404556274,0
M.Stafford,2025,5,25.56,18.04,-1.8736628293991089,16.16633717060089,0
P.Mahomes,2025,5,26.72,22.14,-0.5231284499168396,21.61687155008316,0
J.Herbert,2025,5,14.64,18.455,1.2009985446929932,19.65599854469299,0
G.Smith,2025,5,5.920000000000002,14.13,1.4173439741134644,15.547343974113465,0
D.Maye,2025,5,12.12,21.130000000000003,0.15418140590190887,21.28418140590191,0
D.Jones,2025,5,16.68,19.63,-0.9904501438140869,18.639549856185912,0
T.Tagovailoa,2025,5,22.74,13.095,0.49717143177986145,13.592171431779862,0
J.Fields,2025,5,25.92,20.21333333333333,-1.5292632579803467,18.684070075352984,0
S.Darnold,2025,5,27.64,13.5,1.2832053899765015,14.783205389976501,0
B.Mayfield,2025,5,26.66,19.765,-1.3208236694335938,18.444176330566407,0
C.Ward,2025,5,8.0,7.190000000000001,3.31455135345459,10.504551353454591,0
B.Nix,2025,5,17.88,16.56,-0.22473222017288208,16.335267779827117,0
J.Browning,2025,5,19.14,9.68,1.794840693473816,11.474840693473816,0
D.Henry,2025,5,9.3,12.5,-2.1709210872650146,10.329078912734985,1
J.Dart,2025,5,15.579999999999998,6.613333333333333,-0.017174018546938896,6.596159314786394,0
C.Olave,2025,5,12.9,12.125,0.4379068911075592,12.56290689110756,2
D.Montgomery,2025,5,18.22,13.0,-0.4375099241733551,12.562490075826645,1
T.Warren,2025,5,14.4,12.975,0.6905099153518677,13.665509915351867,2
T.Hill,2025,5,0.66,13.375,-0.38823917508125305,12.986760824918747,2
J.Waddle,2025,5,23.0,11.875,-1.1706218719482422,10.704378128051758,2
C.Kupp,2025,5,11.9,7.8,1.1772555112838745,8.977255511283875,2
B.Hall,2025,5,17.5,11.9,3.464669704437256,15.364669704437256,1
K.Allen,2025,5,10.8,16.225,-1.6957489252090454,14.529251074790956,2
C.Sutton,2025,5,17.9,15.65,-3.845604419708252,11.804395580291748,2
R.Harvey,2025,5,6.0,8.925,-0.25551363825798035,8.66948636174202,1
C.McCaffrey,2025,5,27.9,23.5,-1.1649566888809204,22.33504331111908,2
Q.Judkins,2025,5,13.8,16.033333333333335,-1.9788256883621216,14.054507644971213,1
J.Johnson,2025,5,3.7,12.1,0.5353404879570007,12.635340487957,2
D.Singletary,2025,5,3.4,1.45,1.4713319540023804,2.9213319540023805,1
A.Kamara,2025,5,9.5,11.875,1.6913185119628906,13.56631851196289,1
K.Miller,2025,5,5.9,5.625,1.656875491142273,7.281875491142273,1
J.Cook,2025,5,4.9,22.75,-3.2048821449279785,19.54511785507202,1
Ty.Johnson,2025,5,1.0,1.525,1.3751753568649292,2.900175356864929,1
J.Hill,2025,5,8.4,11.975,-1.7938439846038818,10.181156015396118,2
Z.Flowers,2025,5,12.2,15.175,-2.1419694423675537,13.033030557632447,2
R.Davis,2025,5,0.1,0.95,1.5045416355133057,2.454541635513306,-1
T.Etienne,2025,5,12.7,17.875,-1.8594591617584229,16.015540838241577,1
D.Brown,2025,5,3.5,9.7,-0.45481932163238525,9.245180678367614,2
B.Tuten,2025,5,2.1,6.95,-0.6223351955413818,6.327664804458618,1
B.Thomas,2025,5,12.0,9.0,1.1528408527374268,10.152840852737427,2
R.Dowdle,2025,5,32.400000000000006,5.325,0.32774868607521057,5.652748686075211,1
C.Brown,2025,5,11.8,9.425,1.8590816259384155,11.284081625938416,1
D.Sampson,2025,5,1.2000000000000002,7.05,-1.0112956762313843,6.0387043237686155,2
J.Ford,2025,5,5.8,4.550000000000001,1.265304684638977,5.815304684638978,1
H.Fannin,2025,5,11.3,8.35,0.8148848414421082,9.164884841442108,2
J.Williams,2025,5,28.9,28.5,-3.106731653213501,25.3932683467865,1
S.Barkley,2025,5,17.8,15.675,-0.7372634410858154,14.937736558914185,1
A.Dillon,2025,5,1.2000000000000002,1.5333333333333334,1.7642266750335693,3.2975600083669026,1
J.Gibbs,2025,5,16.700000000000003,19.75,-0.44013938307762146,19.30986061692238,1
N.Chubb,2025,5,12.1,9.1,1.6808557510375977,10.780855751037597,1
K.Williams,2025,5,31.1,14.325,-1.1021981239318848,13.222801876068115,1
P.Nacua,2025,5,24.5,27.375,-2.8924834728240967,24.482516527175903,2
W.Marks,2025,5,2.4000000000000004,9.725,0.5002386569976807,10.22523865699768,1
J.Whittington,2025,5,5.300000000000001,2.95,1.02245032787323,3.97245032787323,2
B.Corum,2025,5,1.3,5.475,0.9344589114189148,6.409458911418914,1
X.Hutchinson,2025,5,16.8,4.675000000000001,1.3673495054244995,6.0423495054245,2
I.Pacheco,2025,5,8.6,6.825,0.660322368144989,7.485322368144989,1
O.Hampton,2025,5,13.0,16.0,0.4496426284313202,16.44964262843132,1
K.Hunt,2025,5,18.7,6.525,0.5438541769981384,7.068854176998139,1
T.Conklin,2025,5,5.0,2.833333333333333,0.8583548665046692,3.6916881998380022,2
A.Jeanty,2025,5,15.9,14.8,-5.017676830291748,9.782323169708253,1
R.Stevenson,2025,5,14.7,8.9,2.5104451179504395,11.41044511795044,1
T.Henderson,2025,5,4.7,9.35,0.7484652400016785,10.098465240001678,1
D.Douglas,2025,5,3.7,4.233333333333333,0.2946077883243561,4.5279411216576895,-1
A.Gibson,2025,5,3.6,3.4,1.1416785717010498,4.54167857170105,1
J.Taylor,2025,5,31.6,22.425,-2.8609774112701416,19.56402258872986,1
D.Achane,2025,5,16.6,18.8,-3.795071840286255,15.004928159713746,1
D.Giddens,2025,5,2.2,1.4666666666666668,1.495937466621399,2.9626041332880657,1
M.Washington,2025,5,4.0,4.675,1.3866095542907715,6.061609554290771,1
J.Jefferson,2025,5,19.3,15.25,-0.5891860127449036,14.660813987255096,2
J.Mason,2025,5,12.6,12.025,-0.6160332560539246,11.408966743946076,1
C.Skattebo,2025,5,14.4,13.475,0.10625272989273071,13.58125272989273,1
J.Croskey-Merritt,2025,5,27.0,8.425,0.1545500010251999,8.5795500010252,1
J.McNichols,2025,5,2.8000000000000003,5.866666666666667,0.11069189757108688,5.977358564237754,1
D.Samuel,2025,5,23.6,16.25,-4.8072052001953125,11.442794799804688,2
I.Davis,2025,5,6.300000000000001,2.7000000000000006,1.3522251844406128,4.052225184440614,1
K.Walker,2025,5,9.6,13.55,-1.8679081201553345,11.682091879844666,1
Z.Charbonnet,2025,5,11.8,8.033333333333333,-1.5149604082107544,6.518372925122579,1
A.Barner,2025,5,24.3,6.875,-2.4870822429656982,4.387917757034302,2
R.White,2025,5,23.1,7.050000000000001,-0.2604191303253174,6.789580869674683,1
E.Egbuka,2025,5,31.3,17.775,-3.7164642810821533,14.058535718917845,2
T.Pollard,2025,5,14.8,10.4,1.9906145334243774,12.390614533424378,1
J.Dobbins,2025,5,15.4,14.275,-1.9768511056900024,12.298148894309998,1
C.Dike,2025,5,3.7,1.7000000000000002,2.011425018310547,3.711425018310547,-1
J.Chestnut,2025,5,0.3,0.9333333333333336,2.1105480194091797,3.0438813527425133,-1
A.St. Brown,2025,5,18.0,23.6,-1.9184356927871704,21.68156430721283,2
M.Andrews,2025,5,4.2,10.0,-2.8076303005218506,7.192369699478149,2
I.Bond,2025,5,4.9,4.1,1.0898425579071045,5.189842557907104,2
T.Franklin,2025,5,8.5,11.175,0.37369319796562195,11.548693197965623,2
T.Badie,2025,5,2.6,3.3000000000000003,1.0890676975250244,4.389067697525025,2
T.Tucker,2025,5,11.1,15.85,-4.281227111816406,11.568772888183593,2
Q.Johnston,2025,5,6.9,19.875,-4.456777095794678,15.418222904205322,2
B.Smith,2025,5,6.6,2.7000000000000006,0.8662505745887756,3.5662505745887763,1
G.Dortch,2025,5,3.2,3.4000000000000004,1.1766526699066162,4.576652669906617,2
J.Chase,2025,5,29.0,14.325,-0.6923433542251587,13.63265664577484,2
S.Perine,2025,5,4.9,1.0333333333333334,1.5957022905349731,2.6290356238683064,1
M.Mims,2025,5,3.9,9.125,-1.0967210531234741,8.028278946876526,2
P.Washington,2025,5,9.6,6.633333333333333,1.7707291841506958,8.404062517484029,2
R.Shaheed,2025,5,21.4,10.475,0.7181744575500488,11.193174457550048,2
S.Shepard,2025,5,11.9,7.575,0.5583376288414001,8.1333376288414,2
T.Johnson,2025,5,31.200000000000003,8.55,-0.28799858689308167,8.262001413106919,2
J.Smith-Njigba,2025,5,27.200000000000003,17.825000000000003,-3.045447826385498,14.779552173614505,2
J.Noel,2025,5,9.8,1.3666666666666665,1.7359883785247803,3.1026550451914465,-1
C.Moore,2025,5,0.0,3.266666666666667,0.7736638188362122,4.04033048550288,2
N.Collins,2025,5,16.0,13.5,-0.36209917068481445,13.137900829315186,2
J.Nailor,2025,5,7.2,6.45,0.27661988139152527,6.7266198813915254,2
K.Shakir,2025,5,11.0,11.75,-1.1250355243682861,10.624964475631714,2
W.Robinson,2025,5,8.2,11.925,-0.9164024591445923,11.008597540855408,2
K.Juszczyk,2025,5,5.0,5.0,0.07198306173086166,5.071983061730862,2
J.Lane,2025,5,2.6,1.975,1.2741822004318237,3.249182200431824,-1
E.Engram,2025,5,13.3,4.733333333333333,1.0558797121047974,5.789213045438131,2
T.Hunter,2025,5,9.4,6.2,1.7277910709381104,7.9277910709381105,2
T.Kelce,2025,5,19.1,9.8,-0.24137212336063385,9.558627876639367,2
T.Hockenson,2025,5,9.8,7.625,0.2008553147315979,7.825855314731598,2
J.Ferguson,2025,5,23.9,15.575,-1.4959865808486938,14.079013419151305,2
D.Sample,2025,5,0.9,3.9,-0.6304723620414734,3.2695276379585265,-1
J.Downs,2025,5,11.4,6.525,1.259857177734375,7.784857177734375,2
J.Jeudy,2025,5,3.5,7.8,1.2469340562820435,9.046934056282044,2
D.Goedert,2025,5,10.9,13.8,-4.296263694763184,9.503736305236817,2
T.McBride,2025,5,9.1,13.35,-0.6784654259681702,12.67153457403183,2
Mi.Wilson,2025,5,3.6,3.9,-0.10919615626335144,3.7908038437366485,-1
E.Higgins,2025,5,3.0,3.1666666666666665,0.8064922094345093,3.973158876101176,2
B.Cooks,2025,5,1.5,5.2,1.6520498991012573,6.8520498991012575,2
M.Harrison,2025,5,13.8,12.2,-1.826249599456787,10.373750400543212,2
D.Knox,2025,5,3.5,2.6333333333333333,0.9954867959022522,3.6288201292355855,2
D.Kincaid,2025,5,16.8,12.475,-1.424570918083191,11.050429081916809,2
R.Bateman,2025,5,0.0,6.800000000000001,-0.506760835647583,6.293239164352418,2
K.Coleman,2025,5,10.3,10.825,0.7583890557289124,11.583389055728912,2
J.Palmer,2025,5,5.6,5.95,1.1712011098861694,7.12120110988617,2
D.Hopkins,2025,5,6.6000000000000005,7.050000000000001,-2.927598237991333,4.122401762008668,2
B.Strange,2025,5,3.2,9.3,1.0318913459777832,10.331891345977784,2
T.Tremble,2025,5,1.7000000000000002,6.25,-0.22171743214130402,6.028282567858696,2
T.McMillan,2025,5,13.3,11.45,0.7099602222442627,12.159960222244262,2
H.Renfrow,2025,5,1.7000000000000002,8.125,-1.4129986763000488,6.712001323699951,2
H.Long,2025,5,1.3,7.366666666666667,-2.5898361206054688,4.776830546061198,2
J.Mundt,2025,5,1.7000000000000002,0.5666666666666668,2.2313170433044434,2.7979837099711102,-1
T.Higgins,2025,5,11.2,7.4,0.1400025486946106,7.540002548694611,2
M.Gesicki,2025,5,3.5,2.6500000000000004,1.2986234426498413,3.9486234426498417,2
D.Njoku,2025,5,18.7,6.7,1.1124333143234253,7.8124333143234255,2
J.Thrash,2025,5,3.2,1.933333333333333,1.1258537769317627,3.0591871102650954,-1
G.Pickens,2025,5,13.7,18.75,-3.8495187759399414,14.900481224060059,2
J.Tolbert,2025,5,0.0,5.525,1.0046902894973755,6.529690289497376,2
D.Smith,2025,5,19.4,9.7,0.4358102083206177,10.135810208320617,2
J.Dotson,2025,5,3.4000000000000004,4.0,1.261900782585144,5.261900782585144,2
L.Schoonmaker,2025,5,1.3,1.075,1.5059471130371094,2.5809471130371096,-1
A.Brown,2025,5,9.3,8.775,-0.716955304145813,8.058044695854187,2
S.LaPorta,2025,5,20.200000000000003,8.425,1.6493197679519653,10.074319767951966,2
I.TeSlaa,2025,5,8.2,4.066666666666666,-0.06673336774110794,3.9999332989255585,2
D.Adams,2025,5,13.8,15.475,-1.1847481727600098,14.29025182723999,2
D.Schultz,2025,5,11.0,7.15,1.4716007709503174,8.621600770950318,2
J.Higgins,2025,5,7.2,4.975,-0.30521127581596375,4.669788724184036,2
D.Allen,2025,5,4.4,4.6,-1.546704649925232,3.0532953500747677,-1
T.Atwell,2025,5,9.2,4.300000000000001,-0.08922161161899567,4.210778388381005,2
L.McConkey,2025,5,14.9,8.350000000000001,1.3074036836624146,9.657403683662416,2
J.Smith-Schuster,2025,5,3.7,8.775,-0.21429894864559174,8.560701051354409,2
T.Thornton,2025,5,12.0,11.55,-2.801593065261841,8.74840693473816,2
M.Brown,2025,5,8.8,12.225,-0.24763144552707672,11.977368554472923,2
D.Thornton,2025,5,0.0,3.6,0.9810019731521606,4.58100197315216,2
H.Henry,2025,5,6.6000000000000005,13.35,-1.0927765369415283,12.257223463058471,2
K.Boutte,2025,5,7.3,8.125,-0.22539971768856049,7.8996002823114395,2
S.Diggs,2025,5,24.6,10.075,1.4555729627609253,11.530572962760925,2
M.Pittman,2025,5,14.9,15.6,-3.2210326194763184,12.378967380523681,2
J.Oliver,2025,5,11.5,3.233333333333333,-0.1265011578798294,3.1068321754535035,-1
Z.Ertz,2025,5,0.0,10.725,-1.5801527500152588,9.14484724998474,2
D.Slayton,2025,5,4.1,5.625,0.8678165674209595,6.4928165674209595,2
D.Bellinger,2025,5,9.2,2.1,0.940389096736908,3.040389096736908,2
G.Wilson,2025,5,19.1,19.025,-3.4000210762023926,15.624978923797606,2
J.Ruckert,2025,5,6.800000000000001,4.433333333333334,-0.21182478964328766,4.221508543690046,2
M.Taylor,2025,5,17.7,5.45,1.6475818157196045,7.097581815719605,2
E.Arroyo,2025,5,2.0,3.3000000000000003,1.1912583112716675,4.491258311271668,2
L.Farrell,2025,5,1.8,4.3,-0.13329637050628662,4.166703629493713,2
J.Tonges,2025,5,17.1,9.125,-1.508017659187317,7.616982340812683,2
C.Otton,2025,5,12.1,3.1333333333333333,0.7935405373573303,3.9268738706906636,2
G.Helm,2025,5,7.4,3.35,1.400931715965271,4.750931715965271,2
A.Trautman,2025,5,2.1,5.566666666666666,-0.9946893453598022,4.571977321306864,2
C.Okonkwo,2025,5,8.8,6.35,1.5423617362976074,7.892361736297607,2
E.Ayomanor,2025,5,3.8,9.775,-0.5814656615257263,9.193534338474274,2
C.Ridley,2025,5,18.1,6.025,1.7938092947006226,7.818809294700623,2
B.Tremayne,2025,5,1.9,5.966666666666666,0.7390502691268921,6.705716935793558,2
T.Patrick,2025,5,0.0,1.1666666666666667,2.1420135498046875,3.3086802164713545,-1
T.Horton,2025,5,12.9,8.466666666666667,-3.1395397186279297,5.327126948038737,2
K.Bourne,2025,5,24.200000000000003,5.566666666666667,1.8015378713607788,7.368204538027446,2
L.McCaffrey,2025,5,6.0,9.866666666666667,-3.1649224758148193,6.701744190851848,2
S.Rattler,2025,6,11.08,14.98,1.253693699836731,16.23369369983673,0
J.Allen,2025,6,15.4,23.576,-0.710486114025116,22.865513885974885,0
T.Lawrence,2025,6,19.22,15.048000000000002,-0.3839188814163208,14.664081118583681,0
B.Young,2025,6,18.46,12.688,1.0285687446594238,13.716568744659424,0
J.Flacco,2025,6,18.76,6.475,2.5094306468963623,8.984430646896362,0
D.Prescott,2025,6,22.34,20.248,0.2416646033525467,20.489664603352548,0
J.Hurts,2025,6,20.62,20.752,0.5602273344993591,21.312227334499358,0
J.Love,2025,6,14.96,18.55,2.8646492958068848,21.414649295806885,0
J.Goff,2025,6,16.82,18.076,-0.8481864333152771,17.227813566684723,0
M.Stafford,2025,6,9.34,19.544,-0.13684561848640442,19.407154381513596,0
P.Mahomes,2025,6,31.48,23.056,-0.5425251126289368,22.513474887371064,0
J.Herbert,2025,6,18.76,17.692,1.5889204740524292,19.28092047405243,0
G.Smith,2025,6,8.66,12.488,1.0306036472320557,13.518603647232055,0
D.Maye,2025,6,27.24,19.328,0.5057679414749146,19.833767941474914,0
D.Jones,2025,6,22.48,19.04,1.4848153591156006,20.5248153591156,0
T.Tagovailoa,2025,6,6.6,15.024,0.7003364562988281,15.724336456298827,0
C.Williams,2025,6,19.880000000000003,20.52,-0.449903279542923,20.070096720457077,0
J.Daniels,2025,6,21.64,18.986666666666668,1.7175160646438599,20.704182731310528,0
J.Fields,2025,6,4.9,21.64,-2.4096109867095947,19.230389013290406,0
A.Rodgers,2025,6,17.5,15.135,-1.0252619981765747,14.109738001823425,0
S.Darnold,2025,6,20.0,16.328,1.8672475814819336,18.195247581481933,0
M.Penix,2025,6,14.6,12.955,2.148927927017212,15.103927927017212,0
B.Mayfield,2025,6,19.64,21.144,0.6080510020256042,21.752051002025603,0
C.Ward,2025,6,6.880000000000001,7.352000000000001,2.4515328407287598,9.80353284072876,0
B.Nix,2025,6,13.36,16.824,0.5283036828041077,17.35230368280411,0
D.Gabriel,2025,6,8.84,6.953333333333333,3.4497902393341064,10.40312357266744,0
M.Jones,2025,6,11.18,19.066666666666663,-1.5044046640396118,17.56226200262705,0
D.Henry,2025,6,14.000000000000002,11.86,-0.5410813093185425,11.318918690681457,1
C.Rush,2025,6,-1.12,0.9466666666666668,3.9148926734924316,4.861559340159099,0
J.Dart,2025,6,23.6,8.855,1.4648776054382324,10.319877605438233,0
C.Olave,2025,6,15.8,12.28,-0.6317757368087769,11.648224263191223,2
D.Montgomery,2025,6,8.100000000000001,14.044,-0.14959579706192017,13.89440420293808,1
T.Warren,2025,6,18.3,13.260000000000002,0.8801537156105042,14.140153715610506,2
T.Hill,2025,6,6.1,10.832,0.9243622422218323,11.756362242221833,2
J.Waddle,2025,6,15.82,14.1,-1.307273268699646,12.792726731300354,2
C.Kupp,2025,6,12.0,8.620000000000001,1.804324984550476,10.424324984550477,2
B.Hall,2025,6,5.9,13.02,3.144341230392456,16.164341230392456,1
C.Kmet,2025,6,1.0,6.15,0.15612798929214478,6.306127989292145,2
D.Moore,2025,6,8.2,10.6,-0.2605559527873993,10.3394440472126,2
K.Allen,2025,6,6.7,15.14,-1.4201823472976685,13.719817652702332,2
C.Sutton,2025,6,2.7,16.1,-4.1120147705078125,11.987985229492189,2
R.Harvey,2025,6,6.5,8.34,-0.34250494837760925,7.997495051622391,1
C.McCaffrey,2025,6,24.1,24.380000000000003,-0.8870959877967834,23.49290401220322,2
Q.Judkins,2025,6,3.6,15.475,0.040842290967702866,15.515842290967703,1
J.Johnson,2025,6,1.5,10.42,0.08159121125936508,10.501591211259365,2
D.Singletary,2025,6,1.0,1.84,1.6555356979370117,3.4955356979370116,1
J.Jennings,2025,6,1.7000000000000002,9.966666666666669,0.3473426401615143,10.314009306828183,2
A.Kamara,2025,6,12.6,11.4,1.273763656616211,12.673763656616211,1
K.Miller,2025,6,4.2,5.68,0.781629204750061,6.461629204750061,1
J.Cook,2025,6,8.700000000000001,19.18,-2.7581915855407715,16.42180841445923,1
Ty.Johnson,2025,6,1.5,1.4200000000000002,1.8054301738739014,3.2254301738739013,1
J.Hill,2025,6,15.5,11.26,-0.11537990719079971,11.1446200928092,2
Z.Flowers,2025,6,8.600000000000001,14.580000000000002,-0.19510546326637268,14.38489453673363,2
E.Moore,2025,6,0.0,4.725,0.49317845702171326,5.218178457021713,2
R.Davis,2025,6,9.9,0.78,1.8358776569366455,2.6158776569366458,-1
T.Etienne,2025,6,11.2,16.84,-1.5763523578643799,15.26364764213562,1
D.Brown,2025,6,4.0,8.15,-0.02071361429989338,8.129286385700107,2
L.Allen,2025,6,2.2,1.75,1.2354116439819336,2.9854116439819336,1
B.Tuten,2025,6,4.800000000000001,5.98,-1.2866020202636719,4.6933979797363286,1
B.Thomas,2025,6,23.0,9.6,0.9857365489006042,10.585736548900604,2
R.Dowdle,2025,6,33.900000000000006,10.74,-0.21718722581863403,10.522812774181366,1
C.Brown,2025,6,8.9,9.9,2.8293540477752686,12.729354047775269,1
D.Sampson,2025,6,4.4,5.88,0.39597833156585693,6.275978331565857,2
J.Ford,2025,6,8.0,4.8,1.421512246131897,6.221512246131897,1
H.Fannin,2025,6,15.1,8.940000000000001,0.47531548142433167,9.415315481424333,2
J.Williams,2025,6,27.0,28.58,-2.565505266189575,26.014494733810423,1
S.Barkley,2025,6,8.700000000000001,16.1,-0.5408300161361694,15.559169983863832,1
A.Dillon,2025,6,2.0,1.4500000000000002,2.0909533500671387,3.540953350067139,1
J.Jacobs,2025,6,32.0,18.125,-0.1404307335615158,17.984569266438484,1
J.Gibbs,2025,6,7.2,19.14,-0.8101720809936523,18.32982791900635,1
T.Kraft,2025,6,12.3,12.7,0.3481970727443695,13.048197072744369,2
C.Brooks,2025,6,0.1,2.7,1.6644023656845093,4.3644023656845095,2
E.Wilson,2025,6,1.7000000000000002,4.666666666666667,1.4678144454956055,6.134481112162272,1
K.Williams,2025,6,16.7,17.68,-0.7236455082893372,16.956354491710663,1
P.Nacua,2025,6,4.800000000000001,26.8,-0.30504104495048523,26.494958955049515,2
J.Whittington,2025,6,5.300000000000001,3.4200000000000004,1.476113200187683,4.896113200187683,2
B.Corum,2025,6,2.3000000000000003,4.640000000000001,2.1061489582061768,6.746148958206177,1
I.Pacheco,2025,6,6.1000000000000005,7.1800000000000015,1.3602114915847778,8.54021149158478,1
X.Worthy,2025,6,10.6,9.4,0.7884247899055481,10.188424789905548,2
K.Hunt,2025,6,4.4,8.96,-0.5195244550704956,8.440475544929505,1
A.Jeanty,2025,6,16.6,15.02,-1.2396650314331055,13.780334968566894,1
R.Stevenson,2025,6,1.8,10.06,0.4350585639476776,10.495058563947678,1
T.Henderson,2025,6,4.6,8.42,0.9358270764350891,9.355827076435089,1
D.Douglas,2025,6,16.1,4.1,0.437049925327301,4.537049925327301,-1
J.Taylor,2025,6,23.700000000000003,24.26,-3.8870420455932617,20.37295795440674,1
D.Achane,2025,6,31.0,18.360000000000003,-2.1535019874572754,16.206498012542728,1
O.Gordon,2025,6,1.2,2.8400000000000003,1.254634141921997,4.094634141921997,1
M.Washington,2025,6,6.300000000000001,4.54,1.6198019981384277,6.159801998138428,1
D.Swift,2025,6,25.5,12.55,0.09753605723381042,12.647536057233811,1
T.Tracy,2025,6,0.6000000000000001,6.733333333333334,1.2581164836883545,7.991449817021689,1
C.Skattebo,2025,6,31.0,13.66,-0.03627204895019531,13.623727951049805,1
J.Croskey-Merritt,2025,6,5.800000000000001,12.14,0.06451242417097092,12.204512424170971,1
J.McNichols,2025,6,6.5,5.1000000000000005,1.5142269134521484,6.614226913452149,1
D.Samuel,2025,6,5.4,17.72,-3.314880132675171,14.405119867324828,2
I.Davis,2025,6,1.1,3.6,0.9713677763938904,4.57136777639389,2
K.Gainwell,2025,6,9.6,13.225,-1.002420425415039,12.22257957458496,1
J.Warren,2025,6,8.3,14.800000000000002,-0.038682714104652405,14.76131728589535,1
K.Johnson,2025,6,17.9,0.5750000000000001,0.9611918926239014,1.5361918926239015,-1
K.Walker,2025,6,4.7,12.76,-0.10152898728847504,12.658471012711525,1
B.Robinson,2025,6,39.6,20.3,-0.9199122786521912,19.38008772134781,1
Z.Charbonnet,2025,6,4.7,8.975000000000001,0.325033575296402,9.300033575296403,1
A.Barner,2025,6,10.1,10.36,-0.7934296131134033,9.566570386886596,2
T.Allgeier,2025,6,10.8,7.475,1.0065922737121582,8.481592273712158,1
R.White,2025,6,17.6,10.26,-0.6489787101745605,9.61102128982544,1
E.Egbuka,2025,6,4.4,20.48,-3.165015697479248,17.314984302520752,2
T.Pollard,2025,6,6.7,11.28,0.7255352735519409,12.00553527355194,1
J.Dobbins,2025,6,4.0,14.5,-0.7829964756965637,13.717003524303436,1
C.Dike,2025,6,2.8,2.1,1.570074200630188,3.670074200630188,-1
A.Smith,2025,6,0.0,1.8,1.855531930923462,3.6555319309234617,-1
X.Legette,2025,6,3.1,5.3,-0.026571493595838547,5.273428506404161,2
O.Zaccheaus,2025,6,4.800000000000001,7.0,1.2215919494628906,8.22159194946289,2
A.St. Brown,2025,6,13.7,22.48,-4.150025367736816,18.329974632263184,2
K.Monangai,2025,6,5.4,2.875,1.29447340965271,4.16947340965271,1
M.Andrews,2025,6,6.6000000000000005,8.84,-0.005024677142500877,8.834975322857499,2
I.Bond,2025,6,2.9,4.26,1.4899133443832397,5.7499133443832395,2
T.Franklin,2025,6,3.1,10.64,0.3279606103897095,10.96796061038971,2
T.Tucker,2025,6,12.0,14.9,-3.9119300842285156,10.988069915771485,2
B.Smith,2025,6,5.1,3.675,0.8642829060554504,4.53928290605545,2
M.Golden,2025,6,13.2,6.625,1.7904608249664307,8.41546082496643,2
S.Williams,2025,6,0.3,2.1750000000000003,1.8317149877548218,4.0067149877548225,1
E.Demercado,2025,6,0.1,5.400000000000001,-0.42511793971061707,4.974882060289384,1
G.Dortch,2025,6,9.9,3.3600000000000003,1.0573188066482544,4.417318806648255,2
J.Chase,2025,6,25.1,17.259999999999998,-2.16715407371521,15.092845926284788,2
S.Perine,2025,6,5.2,2.0,1.6484674215316772,3.6484674215316772,1
L.Burden,2025,6,9.1,5.9,-0.017060711979866028,5.882939288020134,2
A.Prentice,2025,6,0.3,0.8666666666666667,1.7770793437957764,2.643746010462443,-1
M.Mims,2025,6,4.8,8.08,-0.6009965538978577,7.479003446102142,2
A.Iosivas,2025,6,1.5,6.366666666666667,0.9310793876647949,7.297746054331462,2
R.Flournoy,2025,6,6.3,9.033333333333331,0.8807170987129211,9.914050432046253,2
P.Washington,2025,6,4.9,7.375,0.12125658988952637,7.496256589889526,2
R.Shaheed,2025,6,6.800000000000001,12.66,-0.22478263080120087,12.4352173691988,2
S.Shepard,2025,6,7.1000000000000005,8.440000000000001,0.3764530122280121,8.816453012228013,2
T.Johnson,2025,6,16.2,13.080000000000002,-1.514302372932434,11.565697627067568,2
J.Smith-Njigba,2025,6,30.2,19.7,0.20203596353530884,19.902035963535308,2
C.Moore,2025,6,13.6,2.45,1.6361167430877686,4.086116743087769,2
K.Shakir,2025,6,6.300000000000001,11.6,0.9591616988182068,12.559161698818206,2
W.Robinson,2025,6,20.4,11.18,0.6601665616035461,11.840166561603546,2
K.Juszczyk,2025,6,1.9,5.0,0.29060983657836914,5.290609836578369,2
J.Lane,2025,6,5.4,2.1,1.6322559118270874,3.7322559118270875,-1
J.Smith,2025,6,5.8,6.775,-0.7029979825019836,6.072002017498017,2
E.Engram,2025,6,9.9,6.875,0.13012860715389252,7.0051286071538925,2
A.Ingold,2025,6,3.5,1.4666666666666668,1.4707484245300293,2.937415091196696,-1
T.Hunter,2025,6,5.5,6.840000000000001,0.9812870621681213,7.821287062168122,2
M.Hollins,2025,6,4.800000000000001,5.8,-1.482855200767517,4.317144799232483,2
T.Kelce,2025,6,13.8,11.66,0.10680736601352692,11.766807366013527,2
J.Ferguson,2025,6,12.3,17.240000000000002,-2.169602155685425,15.070397844314577,2
D.Metcalf,2025,6,19.5,14.775,-2.3848483562469482,12.390151643753052,2
D.Sample,2025,6,0.8,3.15,-0.21693965792655945,2.9330603420734405,-1
D.Wicks,2025,6,3.5,5.35,1.9549440145492554,7.304944014549255,2
T.Harris,2025,6,6.7,1.875,1.6880630254745483,3.5630630254745483,2
C.Loveland,2025,6,3.1,2.433333333333333,0.8734253644943237,3.306758697827657,2
J.Downs,2025,6,16.2,7.5,1.9906517267227173,9.490651726722717,2
J.Jeudy,2025,6,9.3,6.94,1.563651442527771,8.503651442527772,2
D.Goedert,2025,6,26.0,13.075,-2.9111328125,10.1638671875,2
T.McBride,2025,6,21.2,12.5,-0.06133435294032097,12.438665647059679,2
Mi.Wilson,2025,6,8.4,3.84,-0.07313501089811325,3.7668649891018866,2
E.Higgins,2025,6,5.4,3.125,0.6805256605148315,3.8055256605148315,2
B.Cooks,2025,6,3.1,4.46,0.9717789888381958,5.431778988838196,2
M.Harrison,2025,6,5.2,12.52,-0.11733753234148026,12.40266246765852,2
Z.Jones,2025,6,12.9,2.9,0.7734758257865906,3.6734758257865905,2
D.Knox,2025,6,8.9,2.85,1.524266004562378,4.374266004562378,2
R.Bateman,2025,6,1.8,5.44,-0.23431716859340668,5.205682831406594,2
K.Coleman,2025,6,4.1,10.72,0.7682353854179382,11.488235385417939,2
J.Palmer,2025,6,8.0,5.880000000000001,1.5548113584518433,7.434811358451844,2
D.Hopkins,2025,6,4.0,6.959999999999999,-0.6355547904968262,6.324445209503173,2
T.Tremble,2025,6,7.9,5.340000000000001,0.08278337121009827,5.422783371210099,2
T.McMillan,2025,6,17.9,11.82,1.4686367511749268,13.288636751174927,2
H.Renfrow,2025,6,1.7000000000000002,6.840000000000001,0.2994648814201355,7.139464881420136,2
H.Long,2025,6,3.9,5.85,-1.8186590671539307,4.031340932846069,2
J.Mundt,2025,6,2.4000000000000004,0.8500000000000001,1.4572951793670654,2.3072951793670655,-1
N.Fant,2025,6,6.7,8.0,-0.39081186056137085,7.609188139438629,2
T.Higgins,2025,6,11.2,8.16,0.07496210187673569,8.234962101876736,2
D.Njoku,2025,6,5.800000000000001,9.1,0.2941470444202423,9.394147044420242,2
J.Thrash,2025,6,3.3,2.25,1.317609190940857,3.567609190940857,2
G.Pickens,2025,6,31.8,17.740000000000002,-3.8641507625579834,13.875849237442019,2
J.Tolbert,2025,6,1.8,4.42,1.371188759803772,5.791188759803772,2
D.Smith,2025,6,8.9,11.64,-0.16565820574760437,11.474341794252396,2
J.Dotson,2025,6,2.7,3.85,1.2155892848968506,5.06558928489685,2
L.Schoonmaker,2025,6,1.8,1.12,1.870937705039978,2.990937705039978,-1
A.Brown,2025,6,14.0,8.88,0.45160356163978577,9.331603561639787,2
R.Doubs,2025,6,10.5,13.725,-1.2438099384307861,12.481190061569214,2
S.LaPorta,2025,6,16.5,10.78,0.7679775357246399,11.54797753572464,2
L.Musgrave,2025,6,1.7000000000000002,2.733333333333333,1.638502597808838,4.37183593114217,2
D.Adams,2025,6,7.9,15.14,-0.8965710997581482,14.243428900241852,2
D.Allen,2025,6,1.7000000000000002,4.5600000000000005,0.3217202425003052,4.881720242500306,-1
L.McConkey,2025,6,23.0,9.66,0.6792283058166504,10.33922830581665,2
J.Smith-Schuster,2025,6,8.7,7.76,0.2986663281917572,8.058666328191757,2
M.Brown,2025,6,20.5,11.54,1.0414586067199707,12.58145860671997,2
N.Gray,2025,6,4.5,2.05,1.4403694868087769,3.4903694868087767,-1
J.Bech,2025,6,0.0,3.6666666666666665,0.7010481357574463,4.367714802424112,2
H.Henry,2025,6,5.7,12.0,-1.5940911769866943,10.405908823013306,2
K.Boutte,2025,6,26.3,7.959999999999999,-0.15022438764572144,7.809775612354278,2
A.Hooper,2025,6,1.5,4.25,1.0381338596343994,5.288133859634399,2
S.Diggs,2025,6,5.800000000000001,12.98,1.4216828346252441,14.401682834625245,2
M.Mayer,2025,6,16.0,3.5666666666666664,0.798080325126648,4.364746991793314,2
M.Pittman,2025,6,4.0,15.46,-0.13471807539463043,15.32528192460537,2
A.Pierce,2025,6,6.800000000000001,8.700000000000001,1.4758720397949219,10.175872039794923,2
T.Conner,2025,6,1.8,3.3000000000000003,0.9841503500938416,4.284150350093842,2
N.Westbrook-Ikhine,2025,6,0.0,2.2,1.2083909511566162,3.4083909511566164,-1
R.Odunze,2025,6,5.2,19.9,-2.9129397869110107,16.987060213088988,2
Z.Ertz,2025,6,16.3,8.58,0.46551913022994995,9.04551913022995,2
G.Wilson,2025,6,4.3,19.04,-2.6172573566436768,16.422742643356322,2
P.Freiermuth,2025,6,2.1,4.5,0.7731355428695679,5.273135542869568,2
J.Reynolds,2025,6,5.5,3.9,1.2391003370285034,5.139100337028504,2
M.Taylor,2025,6,1.2,7.9,1.5434396266937256,9.443439626693726,2
E.Arroyo,2025,6,1.6,3.04,1.7374324798583984,4.7774324798583985,2
J.Tonges,2025,6,11.8,10.72,-1.131334662437439,9.588665337562562,2
D.London,2025,6,31.8,13.725,1.118781566619873,14.843781566619873,2
K.Pitts,2025,6,4.8,11.625,-0.06465572863817215,11.560344271361828,2
C.Otton,2025,6,10.1,5.375,1.5570200681686401,6.93202006816864,2
T.Lockett,2025,6,1.0,2.44,1.0355541706085205,3.4755541706085205,2
G.Helm,2025,6,3.5,4.16,1.151196002960205,5.311196002960205,2
C.Okonkwo,2025,6,10.6,6.840000000000001,1.014884352684021,7.854884352684022,2
E.Ayomanor,2025,6,5.7,8.580000000000002,0.08016731590032578,8.660167315900328,2
C.Ridley,2025,6,2.8,8.440000000000001,1.0691460371017456,9.509146037101747,2
T.Shavers,2025,6,5.7,1.4666666666666668,1.6385003328323364,3.105166999499003,-1
T.Patrick,2025,6,9.6,0.875,1.4572951793670654,2.3322951793670654,-1
T.Higbee,2025,6,14.0,4.066666666666666,1.482146143913269,5.5488128105799355,2
V.Jefferson,2025,6,11.5,2.1333333333333333,1.1455371379852295,3.278870471318563,-1
T.Horton,2025,6,0.0,9.575,-1.2460289001464844,8.328971099853515,2
K.Bourne,2025,6,19.200000000000003,10.225,1.7496122121810913,11.974612212181091,2
L.McCaffrey,2025,6,10.3,8.9,-1.1052196025848389,7.7947803974151615,2
O.Gadsden,2025,6,11.8,5.2,1.342860221862793,6.542860221862793,2
S.Rattler,2025,7,10.52,14.33,2.277099370956421,16.60709937095642,0
T.Lawrence,2025,7,17.64,15.743333333333334,0.009140770882368088,15.752474104215702,0
B.Young,2025,7,10.52,13.65,0.3129413425922394,13.96294134259224,0
J.Flacco,2025,7,25.98,8.931999999999999,2.194312334060669,11.126312334060668,0
D.Prescott,2025,7,23.26,20.596666666666668,-0.47548261284828186,20.121184053818386,0
J.Hurts,2025,7,24.04,20.73,-2.1405866146087646,18.589413385391236,0
J.Love,2025,7,13.36,17.832,2.3875882625579834,20.219588262557984,0
J.Goff,2025,7,10.34,17.866666666666667,-0.8491842746734619,17.017482391993205,0
C.Stroud,2025,7,13.66,16.248,0.6144000887870789,16.86240008878708,0
M.Stafford,2025,7,27.38,17.843333333333334,-0.2912869155406952,17.55204641779264,0
P.Mahomes,2025,7,26.24,24.46,-1.2332448959350586,23.226755104064942,0
J.Herbert,2025,7,27.9,17.87,1.371774673461914,19.241774673461915,0
G.Smith,2025,7,2.78,11.85,2.4128386974334717,14.262838697433471,0
D.Maye,2025,7,23.08,20.64666666666667,-0.7415733933448792,19.90509327332179,0
D.Jones,2025,7,21.92,19.613333333333333,1.1915339231491089,20.804867256482442,0
T.Tagovailoa,2025,7,-1.4000000000000004,13.62,0.08499745279550552,13.704997452795505,0
C.Williams,2025,7,4.68,20.392000000000003,-0.8081006407737732,19.58389935922623,0
J.Daniels,2025,7,17.740000000000002,19.65,1.5560591220855713,21.20605912208557,0
J.Fields,2025,7,4.04,18.292,0.32995691895484924,18.62195691895485,0
A.Rodgers,2025,7,22.56,15.608,1.2871289253234863,16.895128925323487,0
S.Darnold,2025,7,8.62,16.94,-0.9896957874298096,15.950304212570192,0
M.Penix,2025,7,12.24,13.284,2.1167609691619873,15.400760969161988,0
B.Mayfield,2025,7,11.12,20.89333333333333,-0.21070127189159393,20.682632061441737,0
C.Ward,2025,7,10.2,7.273333333333333,2.1984074115753174,9.47174074490865,0
B.Nix,2025,7,39.96,16.246666666666666,1.6341193914413452,17.88078605810801,0
D.Gabriel,2025,7,5.84,7.425,4.063547134399414,11.488547134399415,0
M.Jones,2025,7,5.18,17.095,-0.7670214772224426,16.327978522777556,0
C.Wentz,2025,7,11.32,17.086666666666666,0.12439948320388794,17.211066149870554,0
J.Dart,2025,7,28.42,11.803999999999998,-0.36012712121009827,11.4438728787899,0
C.Olave,2025,7,26.8,12.866666666666667,0.1643616408109665,13.031028307477634,2
D.Montgomery,2025,7,5.9,13.053333333333333,0.11565673351287842,13.168990066846211,1
T.Warren,2025,7,16.9,14.1,1.3058497905731201,15.40584979057312,2
T.Hill,2025,7,2.8000000000000003,10.043333333333337,1.6073144674301147,11.650647800763451,2
J.Brissett,2025,7,19.76,6.966666666666666,1.0348052978515625,8.001471964518228,0
J.Waddle,2025,7,2.5,14.386666666666663,-0.9761444926261902,13.410522174040473,2
C.Kupp,2025,7,2.2,9.183333333333334,1.0006732940673828,10.184006627400716,2
B.Hall,2025,7,7.2,11.833333333333334,3.950852394104004,15.784185727437338,1
C.Kmet,2025,7,2.6,5.12,0.40632355213165283,5.526323552131653,2
D.Moore,2025,7,8.2,10.12,-0.11796045303344727,10.002039546966552,2
K.Allen,2025,7,28.9,13.733333333333334,-0.4595141112804413,13.273819222052893,2
C.Sutton,2025,7,16.700000000000003,13.866666666666667,-1.9847912788391113,11.881875387827556,2
R.Harvey,2025,7,7.2,8.033333333333333,0.0006254762411117554,8.033958809574445,1
C.McCaffrey,2025,7,39.1,24.33333333333333,-1.0121636390686035,23.321169694264725,2
Q.Judkins,2025,7,26.4,13.1,0.009645616635680199,13.10964561663568,1
J.Johnson,2025,7,12.9,8.933333333333334,0.23141343891620636,9.16474677224954,2
D.Singletary,2025,7,0.2,1.7000000000000002,1.4214788675308228,3.121478867530823,1
J.Jennings,2025,7,7.1,7.9,0.6744546294212341,8.574454629421234,2
A.Kamara,2025,7,5.9,11.6,2.6000406742095947,14.200040674209594,1
K.Miller,2025,7,0.7000000000000001,5.433333333333334,1.4802199602127075,6.913553293546041,1
T.Etienne,2025,7,6.5,15.9,-0.2446458786725998,15.6553541213274,1
D.Brown,2025,7,7.0,7.32,0.29132941365242004,7.61132941365242,2
C.Hubbard,2025,7,7.5,14.025,-1.9112745523452759,12.113725447654724,1
L.Allen,2025,7,1.4,1.84,1.3515868186950684,3.191586818695068,2
B.Tuten,2025,7,2.2,5.783333333333334,-0.45459944009780884,5.328733893235525,1
B.Thomas,2025,7,6.1,11.833333333333334,0.8910124897956848,12.724345823129019,2
R.Dowdle,2025,7,10.6,14.6,-2.0442824363708496,12.55571756362915,1
C.Brown,2025,7,12.0,9.733333333333334,3.7128758430480957,13.44620917638143,1
D.Sampson,2025,7,2.7,5.633333333333333,0.7313998937606812,6.364733227094014,2
J.Ford,2025,7,3.0,5.333333333333333,1.6817896366119385,7.0151229699452715,1
H.Fannin,2025,7,7.6,9.966666666666669,0.5684137940406799,10.535080460707348,2
J.Williams,2025,7,18.8,28.316666666666663,-2.6428329944610596,25.673833672205603,1
K.Turpin,2025,7,2.7,8.8,-0.7559037208557129,8.044096279144288,2
S.Barkley,2025,7,5.2,14.866666666666667,-0.6389142274856567,14.22775243918101,1
W.Shipley,2025,7,1.7000000000000002,1.3333333333333333,1.340138554573059,2.673471887906392,1
J.Jacobs,2025,7,18.8,20.9,-2.840886116027832,18.059113883972167,1
J.Gibbs,2025,7,36.8,17.150000000000002,-0.48283904790878296,16.66716095209122,1
T.Kraft,2025,7,16.8,12.62,-0.21641884744167328,12.403581152558326,2
C.Brooks,2025,7,0.0,2.05,1.506595492362976,3.556595492362976,-1
E.Wilson,2025,7,2.5,3.925,1.4096070528030396,5.334607052803039,1
N.Chubb,2025,7,2.1,9.7,-0.21005894243717194,9.489941057562827,1
K.Williams,2025,7,8.5,17.516666666666666,-1.8125743865966797,15.704092280069986,1
W.Marks,2025,7,12.5,8.260000000000002,-1.2202081680297852,7.039791831970216,1
J.Whittington,2025,7,2.9,3.733333333333334,1.1838165521621704,4.917149885495505,2
B.Corum,2025,7,5.300000000000001,4.25,1.6902575492858887,5.940257549285889,1
X.Hutchinson,2025,7,2.3,7.1,-0.13095632195472717,6.9690436780452725,2
I.Pacheco,2025,7,12.4,7.0,2.3035449981689453,9.303544998168945,1
X.Worthy,2025,7,7.8,9.7,0.05612348020076752,9.756123480200767,2
K.Hunt,2025,7,1.8,8.200000000000001,-0.24322070181369781,7.956779298186303,1
A.Jeanty,2025,7,4.4,15.283333333333331,-1.042859673500061,14.24047365983327,1
R.Stevenson,2025,7,16.8,8.683333333333334,-0.008862428367137909,8.674470904966196,1
T.Henderson,2025,7,0.5,7.783333333333334,1.022599697113037,8.805933030446372,1
D.Douglas,2025,7,4.7,6.5,0.08224927634000778,6.582249276340008,2
J.Taylor,2025,7,34.2,24.166666666666668,-1.7427417039871216,22.423924962679546,1
D.Achane,2025,7,12.8,20.466666666666665,-2.7292838096618652,17.7373828570048,1
O.Gordon,2025,7,2.3,2.566666666666667,1.169332504272461,3.735999170939128,1
M.Washington,2025,7,8.0,4.833333333333333,1.3572396039962769,6.19057293732961,1
D.Swift,2025,7,20.8,15.14,-1.4194905757904053,13.720509424209595,1
J.Jefferson,2025,7,12.9,16.060000000000002,-0.7012501955032349,15.358749804496767,2
J.Mason,2025,7,11.7,12.14,0.0012545916251838207,12.141254591625184,1
T.Tracy,2025,7,10.6,5.2,1.0810720920562744,6.281072092056275,1
C.Skattebo,2025,7,18.4,16.55,-3.9974801540374756,12.552519845962525,1
J.Croskey-Merritt,2025,7,4.2,11.083333333333334,1.6693511009216309,12.752684434254965,1
J.McNichols,2025,7,6.5,5.380000000000001,0.9749838709831238,6.354983870983125,1
I.Davis,2025,7,5.2,3.1,1.2274620532989502,4.32746205329895,2
K.Gainwell,2025,7,3.5,12.5,0.015528303571045399,12.515528303571045,1
J.Warren,2025,7,19.8,13.175,1.2031595706939697,14.37815957069397,1
K.Walker,2025,7,6.6000000000000005,11.416666666666666,-0.39761555194854736,11.019051114718119,1
B.Robinson,2025,7,24.8,23.516666666666666,-2.489812135696411,21.026854530970255,1
Z.Charbonnet,2025,7,19.5,8.120000000000001,-0.8040546774864197,7.315945322513581,1
A.Barner,2025,7,1.9,10.316666666666666,-1.4783419370651245,8.838324729601542,2
T.Allgeier,2025,7,1.6,8.14,-0.5209144353866577,7.619085564613343,1
S.Tucker,2025,7,1.6,3.866666666666666,0.31153765320777893,4.178204319874444,-1
R.White,2025,7,8.4,11.483333333333334,-0.37240198254585266,11.110931350787482,1
E.Egbuka,2025,7,9.8,17.8,-0.3202083110809326,17.479791688919068,2
T.Pollard,2025,7,12.1,10.516666666666667,0.9469308853149414,11.463597551981609,1
J.Dobbins,2025,7,9.0,12.75,-0.04679764434695244,12.703202355653048,1
C.Dike,2025,7,16.9,2.216666666666667,1.5556848049163818,3.7723514715830486,-1
A.Smith,2025,7,1.0,1.35,2.4933393001556396,3.8433393001556397,-1
X.Legette,2025,7,24.200000000000003,4.75,0.0517764687538147,4.801776468753815,2
O.Zaccheaus,2025,7,2.9,6.56,1.5680328607559204,8.12803286075592,2
A.St. Brown,2025,7,20.6,21.016666666666666,-1.6632379293441772,19.35342873732249,2
K.Raymond,2025,7,4.7,2.9000000000000004,1.2180464267730713,4.118046426773072,2
K.Monangai,2025,7,17.4,3.38,1.3393193483352661,4.719319348335266,1
T.Franklin,2025,7,12.9,9.383333333333333,0.9716526865959167,10.35498601992925,2
T.Badie,2025,7,3.9,3.125,1.074549674987793,4.199549674987793,2
T.Tucker,2025,7,8.3,14.416666666666666,-1.7324280738830566,12.68423859278361,2
Q.Johnston,2025,7,11.0,17.28,-0.9812999963760376,16.298700003623964,2
B.Smith,2025,7,13.1,3.96,0.8444719910621643,4.804471991062164,2
M.Golden,2025,7,7.7,7.94,1.592995285987854,9.532995285987855,2
G.Dortch,2025,7,2.5,4.45,0.7716140747070312,5.221614074707031,2
J.Chase,2025,7,38.1,18.566666666666663,-1.899062156677246,16.667604509989417,2
S.Perine,2025,7,3.1,2.64,1.4455453157424927,4.085545315742493,1
Z.Scott,2025,7,1.6,7.400000000000001,-1.1616839170455933,6.238316082954408,2
L.Burden,2025,7,3.1,6.540000000000001,0.4524245262145996,6.9924245262146005,2
C.Rodriguez,2025,7,7.2,3.5,2.4897584915161133,5.989758491516113,1
R.Mostert,2025,7,1.2,3.3666666666666667,1.7958961725234985,5.162562839190166,1
A.Prentice,2025,7,0.0,0.725,1.7138900756835938,2.438890075683594,-1
M.Mims,2025,7,15.8,7.533333333333334,0.16252528131008148,7.695858614643416,2
A.Iosivas,2025,7,7.9,5.15,1.2458055019378662,6.395805501937867,2
H.Luepke,2025,7,1.3,3.766666666666667,-0.4187748432159424,3.3478918234507247,-1
P.Washington,2025,7,10.2,6.88,0.4512174725532532,7.331217472553253,2
Co.Heyward,2025,7,0.0,3.333333333333333,0.20366039872169495,3.536993732055028,-1
R.Shaheed,2025,7,8.0,11.683333333333332,0.2881111800670624,11.971444513400394,2
S.Shepard,2025,7,7.5,8.216666666666667,0.38440966606140137,8.601076332728068,2
T.Johnson,2025,7,40.400000000000006,13.6,-2.9992403984069824,10.600759601593017,2
J.Smith-Njigba,2025,7,26.3,21.45,-3.682595729827881,17.76740427017212,2
M.Carter,2025,7,5.6,8.933333333333334,0.24009564518928528,9.173428978522619,1
J.Noel,2025,7,11.7,3.475,-0.32803621888160706,3.146963781118393,-1
C.Moore,2025,7,7.9,4.68,0.14084137976169586,4.820841379761696,2
N.Collins,2025,7,6.7,14.0,-1.0356556177139282,12.964344382286072,2
J.Nailor,2025,7,5.7,6.6,0.35012754797935486,6.9501275479793545,2
W.Robinson,2025,7,15.5,12.716666666666669,-1.0797494649887085,11.63691720167796,2
S.Moore,2025,7,2.5,0.7000000000000001,2.0618722438812256,2.7618722438812258,-1
K.Juszczyk,2025,7,1.8,4.483333333333333,0.3860580027103424,4.869391336043676,2
J.Lane,2025,7,9.0,2.65,1.7493342161178589,4.399334216117859,2
J.Smith,2025,7,11.8,6.58,0.29017847776412964,6.87017847776413,2
E.Engram,2025,7,9.2,7.479999999999999,0.4269716739654541,7.906971673965453,2
T.Hunter,2025,7,24.1,6.616666666666667,1.306375503540039,7.923042170206706,2
M.Hollins,2025,7,7.300000000000001,5.6,-0.25349748134613037,5.346502518653869,2
T.Kelce,2025,7,8.4,12.016666666666666,0.358431875705719,12.375098542372385,2
T.Hockenson,2025,7,10.3,8.059999999999999,0.2692234218120575,8.329223421812056,2
J.Ferguson,2025,7,21.9,16.416666666666668,-1.372756004333496,15.043910662333172,2
D.Metcalf,2025,7,8.0,15.72,-1.614898681640625,14.105101318359376,2
D.Wicks,2025,7,1.5,4.98,1.7579143047332764,6.737914304733277,2
D.Robinson,2025,7,0.0,5.433333333333334,1.0459482669830322,6.479281600316366,2
T.Harris,2025,7,4.300000000000001,2.84,1.4984757900238037,4.338475790023804,2
C.Loveland,2025,7,5.4,2.6,1.0696393251419067,3.669639325141907,2
M.Evans,2025,7,4.4,9.933333333333334,-0.6006823182106018,9.332651015122732,2
J.Jeudy,2025,7,3.7,7.333333333333333,1.603423833847046,8.936757167180378,2
D.Goedert,2025,7,4.8,15.66,-2.569664239883423,13.090335760116577,2
T.McBride,2025,7,29.4,13.95,0.4953031837940216,14.445303183794021,2
Mi.Wilson,2025,7,7.0,4.6000000000000005,0.5129303336143494,5.11293033361435,2
E.Higgins,2025,7,1.3,3.58,1.0652774572372437,4.645277457237244,2
B.Cooks,2025,7,1.3,4.233333333333333,1.2444002628326416,5.477733596165975,2
M.Harrison,2025,7,7.800000000000001,11.300000000000002,-0.26679280400276184,11.03320719599724,2
Z.Jones,2025,7,8.7,5.4,1.4067933559417725,6.806793355941773,2
T.Tremble,2025,7,1.0,5.766666666666667,0.39413341879844666,6.160800085465113,2
T.McMillan,2025,7,6.300000000000001,12.833333333333334,0.36957451701164246,13.202907850344976,2
H.Long,2025,7,3.6,5.46,-0.32971492409706116,5.130285075902939,2
J.Sanders,2025,7,0.0,6.733333333333334,1.1350377798080444,7.868371113141379,2
J.Mundt,2025,7,1.9,1.16,1.6574723720550537,2.817472372055054,-1
N.Fant,2025,7,14.4,7.675000000000001,-0.49175384640693665,7.183246153593064,2
T.Higgins,2025,7,21.6,8.666666666666666,-0.27527040243148804,8.391396264235178,2
J.Thrash,2025,7,3.3000000000000003,2.46,1.4127193689346313,3.8727193689346313,2
G.Pickens,2025,7,12.2,20.08333333333333,-4.461214542388916,15.622118790944413,2
J.Tolbert,2025,7,2.6,3.983333333333333,1.1026595830917358,5.085992916425068,2
D.Smith,2025,7,33.3,11.183333333333332,-0.3727585971355438,10.810574736197788,2
A.Brown,2025,7,28.1,9.733333333333334,1.0227028131484985,10.756036146481833,2
R.Doubs,2025,7,13.2,13.080000000000002,-0.5410623550415039,12.538937644958498,2
S.LaPorta,2025,7,4.5,11.733333333333334,0.5026707649230957,12.23600409825643,2
I.TeSlaa,2025,7,0.0,5.1,-0.9644799828529358,4.135520017147064,2
D.Adams,2025,7,26.5,13.933333333333332,-0.4935413599014282,13.439791973431904,2
D.Schultz,2025,7,18.8,7.92,1.4599177837371826,9.379917783737183,2
J.Higgins,2025,7,0.0,5.42,-0.23587222397327423,5.184127776026726,2
C.Parkinson,2025,7,7.7,1.0333333333333334,1.6796661615371704,2.7129994948705036,-1
D.Allen,2025,7,1.4,4.083333333333333,-0.07365682721138,4.009676506121953,-1
L.McConkey,2025,7,15.7,11.883333333333333,0.813713014125824,12.697046347459157,2
J.Smith-Schuster,2025,7,6.5,7.916666666666667,0.44579169154167175,8.36245835820834,2
T.Thornton,2025,7,4.9,11.64,-1.879140019416809,9.760859980583191,2
M.Brown,2025,7,9.4,13.033333333333331,-1.232340693473816,11.800992639859516,2
N.Gray,2025,7,3.8,2.54,1.2561379671096802,3.79613796710968,-1
W.Dissly,2025,7,0.0,2.766666666666667,1.4968371391296387,4.263503805796306,2
D.Thornton,2025,7,0.0,2.88,1.439838171005249,4.319838171005249,2
J.Bech,2025,7,3.3,2.75,1.2367699146270752,3.986769914627075,2
H.Henry,2025,7,7.300000000000001,10.95,-1.3259861469268799,9.62401385307312,2
K.Boutte,2025,7,13.5,11.016666666666666,-1.8475265502929688,9.169140116373697,2
A.Hooper,2025,7,9.1,3.7,0.8518977165222168,4.551897716522217,2
S.Diggs,2025,7,13.9,11.783333333333331,1.0796704292297363,12.863003762563068,2
M.Mayer,2025,7,2.0,6.675000000000001,0.17661334574222565,6.851613345742226,2
M.Pittman,2025,7,20.8,13.55,-0.14035841822624207,13.409641581773759,2
A.Pierce,2025,7,14.8,8.225000000000001,1.29139244556427,9.516392445564271,2
M.Alie-Cox,2025,7,1.6,2.466666666666667,1.3063468933105469,3.7730135599772137,2
T.Conner,2025,7,3.8,2.925,0.8497910499572754,3.774791049957275,2
D.Eskridge,2025,7,6.5,1.2333333333333334,1.3820362091064453,2.6153695424397787,-1
N.Westbrook-Ikhine,2025,7,4.6,1.65,0.9843326210975647,2.6343326210975646,-1
J.Oliver,2025,7,1.9,5.3,-1.4686144590377808,3.831385540962219,2
R.Odunze,2025,7,5.1,16.96,-2.9626858234405518,13.997314176559449,2
A.Thielen,2025,7,2.0,2.425,1.1253143548965454,3.5503143548965452,-1
Z.Ertz,2025,7,12.7,9.866666666666667,-1.1551599502563477,8.71150671641032,2
D.Bellinger,2025,7,17.8,3.875,0.8047212362289429,4.679721236228943,2
P.Freiermuth,2025,7,28.1,3.9,1.5417370796203613,5.441737079620362,2
J.Ruckert,2025,7,0.0,5.025,-0.31227973103523254,4.712720268964768,2
J.Reynolds,2025,7,5.9,4.3,1.4269285202026367,5.7269285202026365,2
M.Taylor,2025,7,6.1,6.783333333333334,1.6560375690460205,8.439370902379355,2
E.Arroyo,2025,7,6.2,2.8000000000000003,1.4398077726364136,4.239807772636414,2
L.Farrell,2025,7,2.1,3.675,-0.0486854612827301,3.6263145387172697,2
D.London,2025,7,8.2,17.34,-1.9549485445022583,15.385051455497742,2
R.Miller,2025,7,2.4000000000000004,3.0,-0.13438355922698975,2.8656164407730103,-1
K.Pitts,2025,7,13.2,10.26,0.5157652497291565,10.775765249729156,2
C.Otton,2025,7,13.5,6.32,1.3512810468673706,7.671281046867371,2
G.Helm,2025,7,7.6,4.05,1.1366469860076904,5.18664698600769,2
C.Okonkwo,2025,7,0.0,7.466666666666666,0.9471249580383301,8.413791624704995,2
E.Ayomanor,2025,7,4.9,8.1,-0.05606066435575485,8.043939335644245,2
D.Mooney,2025,7,9.8,4.966666666666667,1.3240071535110474,6.290673820177714,2
P.Bryant,2025,7,1.6,2.6666666666666665,1.0789114236831665,3.745578090349833,2
T.Patrick,2025,7,3.2,2.62,-0.09903110563755035,2.5209688943624498,-1
T.Higbee,2025,7,4.9,6.550000000000001,0.5344231724739075,7.084423172473908,2
V.Jefferson,2025,7,8.100000000000001,4.475,0.9367711544036865,5.411771154403686,2
T.Horton,2025,7,0.0,7.659999999999999,-1.847847580909729,5.81215241909027,2
D.Washington,2025,7,9.2,5.400000000000001,1.5490034818649292,6.94900348186493,2
K.Bourne,2025,7,3.4000000000000004,12.02,0.054071828722953796,12.074071828722953,2
L.McCaffrey,2025,7,0.0,9.18,-1.561184048652649,7.618815951347351,2
O.Gadsden,2025,7,29.4,6.85,1.604806900024414,8.454806900024414,2
A.Lazard,2025,7,3.6,4.133333333333334,0.10173486173152924,4.235068195064863,-1
N.Adkins,2025,7,4.0,4.266666666666667,-0.8604736328125,3.4061930338541666,-1
S.Rattler,2025,8,2.640000000000001,13.785714285714286,1.6251344680786133,15.4108487537929,0
J.Allen,2025,8,23.22,22.21333333333333,0.6919302344322205,22.90526356776555,0
J.Flacco,2025,8,24.32,11.773333333333332,0.7835348844528198,12.556868217786151,0
D.Prescott,2025,8,6.620000000000001,20.97714285714285,-2.647642135620117,18.329500721522734,0
J.Hurts,2025,8,25.36,21.202857142857145,1.1647520065307617,22.367609149387906,0
J.Love,2025,8,28.3,17.08666666666667,2.4568979740142822,19.543564640680952,0
C.Stroud,2025,8,21.72,15.816666666666668,1.493484377861023,17.310151044527693,0
P.Mahomes,2025,8,22.96,24.714285714285715,0.7924615740776062,25.50674728836332,0
J.Herbert,2025,8,25.28,19.302857142857142,-0.5714155435562134,18.73144159930093,0
D.Maye,2025,8,26.28,20.99428571428572,-0.9188950657844543,20.075390648501266,0
D.Jones,2025,8,23.18,19.942857142857147,0.6278259754180908,20.570683118275237,0
T.Tagovailoa,2025,8,24.2,11.474285714285712,0.7451261878013611,12.219411902087073,0
C.Williams,2025,8,11.8,17.773333333333333,0.3314788043498993,18.104812137683233,0
J.Fields,2025,8,20.86,15.916666666666666,0.9786393046379089,16.895305971304573,0
A.Rodgers,2025,8,16.759999999999998,16.766666666666666,-0.6074420809745789,16.159224585692087,0
B.Mayfield,2025,8,4.08,19.49714285714285,-0.15917320549488068,19.33796965164797,0
C.Ward,2025,8,12.76,7.691428571428572,1.9861421585083008,9.677570729936873,0
B.Nix,2025,8,23.78,19.63428571428572,0.4695347249507904,20.10382043923651,0
D.Gabriel,2025,8,11.54,7.108,3.4094364643096924,10.517436464309693,0
M.Jones,2025,8,18.02,14.712,0.016579074785113335,14.728579074785113,0
C.Wentz,2025,8,7.76,15.645,-0.34366926550865173,15.301330734491348,0
D.Henry,2025,8,19.1,12.216666666666669,-1.0475760698318481,11.16909059683482,1
M.Mariota,2025,8,11.32,13.48,1.6678606271743774,15.147860627174378,0
A.Dalton,2025,8,1.0999999999999996,2.806666666666666,4.366114616394043,7.17278128306071,0
J.Dart,2025,8,19.42,14.573333333333332,-1.708287239074707,12.865046094258625,0
C.Olave,2025,8,14.0,14.857142857142858,-0.36207422614097595,14.495068631001882,2
T.Warren,2025,8,9.3,14.5,0.6621173620223999,15.1621173620224,2
T.Hill,2025,8,2.2,9.008571428571427,1.776594638824463,10.78516606739589,2
J.Waddle,2025,8,20.9,12.688571428571429,0.7057635188102722,13.3943349473817,2
B.Hall,2025,8,32.86,11.171428571428573,4.060020923614502,15.231449495043075,1
D.Moore,2025,8,11.6,9.8,0.5809943079948425,10.380994307994843,2
K.Allen,2025,8,8.4,15.9,-1.1752790212631226,14.724720978736878,2
C.Sutton,2025,8,10.7,14.271428571428572,-1.1804194450378418,13.09100912639073,2
R.Harvey,2025,8,24.1,7.914285714285714,0.12972606718540192,8.044011781471117,1
C.McCaffrey,2025,8,9.8,26.442857142857143,-0.650888979434967,25.791968163422176,1
Q.Judkins,2025,8,4.7,15.316666666666668,-3.438814163208008,11.87785250345866,1
J.Johnson,2025,8,10.3,9.5,0.8200348615646362,10.320034861564636,2
D.Singletary,2025,8,3.8,1.4857142857142858,1.5116714239120483,2.997385709626334,1
J.Jennings,2025,8,8.5,7.74,0.9687961935997009,8.708796193599701,2
A.Kamara,2025,8,6.5,10.785714285714286,2.7480461597442627,13.53376044545855,1
J.Cook,2025,8,33.6,17.433333333333334,-0.03317689895629883,17.400156434377035,1
Ty.Johnson,2025,8,0.6000000000000001,1.4333333333333336,1.885479211807251,3.3188125451405845,1
J.Hill,2025,8,0.2,10.414285714285716,0.7815412282943726,11.195826942580089,2
Z.Flowers,2025,8,14.1,13.583333333333334,1.3383331298828125,14.921666463216146,2
E.Moore,2025,8,2.4000000000000004,3.78,1.051430344581604,4.831430344581603,2
R.Davis,2025,8,1.6,2.3000000000000003,0.9592964053153992,3.2592964053153994,-1
C.Hubbard,2025,8,9.4,12.72,0.3528870642185211,13.072887064218522,1
R.Dowdle,2025,8,5.4,14.028571428571428,-0.655461311340332,13.373110117231096,1
C.Brown,2025,8,25.5,10.05714285714286,4.60135555267334,14.6584984098162,1
D.Sampson,2025,8,7.9,5.214285714285714,0.411886066198349,5.626171780484063,2
J.Ford,2025,8,0.9,5.0,1.258658766746521,6.258658766746521,1
H.Fannin,2025,8,18.4,9.62857142857143,0.5870485305786133,10.215619959150043,2
J.Williams,2025,8,19.0,26.957142857142856,-4.050203323364258,22.906939533778598,1
K.Turpin,2025,8,0.8,7.580000000000001,-0.46278512477874756,7.117214875221253,2
S.Barkley,2025,8,33.4,13.485714285714286,1.0654338598251343,14.55114814553942,1
W.Shipley,2025,8,0.2,1.425,2.117671012878418,3.542671012878418,-1
J.Jacobs,2025,8,13.5,20.55,0.01741318218410015,20.5674131821841,1
T.Kraft,2025,8,33.3,13.316666666666668,0.2804807722568512,13.59714743892352,2
E.Wilson,2025,8,11.7,3.640000000000001,1.7262057065963745,5.366205706596375,1
N.Chubb,2025,8,8.9,8.433333333333334,0.7611204385757446,9.194453771909078,1
W.Marks,2025,8,15.1,8.966666666666667,0.3023574650287628,9.26902413169543,1
X.Hutchinson,2025,8,17.9,6.3,0.40693044662475586,6.706930446624756,2
I.Pacheco,2025,8,5.800000000000001,7.771428571428572,2.2852962017059326,10.056724773134505,1
X.Worthy,2025,8,10.3,9.32,0.39966917037963867,9.719669170379639,2
K.Hunt,2025,8,17.2,7.285714285714286,0.49895259737968445,7.78466688309397,1
R.Stevenson,2025,8,5.9,9.842857142857143,-0.4820041060447693,9.360853036812374,1
T.Henderson,2025,8,5.5,6.742857142857143,0.9855353236198425,7.728392466476985,1
D.Douglas,2025,8,5.7,6.2,0.07214469462633133,6.2721446946263315,2
J.Taylor,2025,8,37.400000000000006,25.6,-1.8384077548980713,23.76159224510193,1
D.Achane,2025,8,20.1,19.371428571428574,-1.873940348625183,17.49748822280339,1
O.Gordon,2025,8,13.6,2.5285714285714285,1.4127581119537354,3.941329540525164,1
A.Dulin,2025,8,0.1999999999999999,3.9333333333333336,0.9222702980041504,4.855603631337484,2
M.Washington,2025,8,13.6,5.285714285714286,1.1457164287567139,6.4314307144709995,2
D.Swift,2025,8,15.1,16.083333333333332,-0.5333864092826843,15.549946924050648,1
J.Jefferson,2025,8,14.4,15.533333333333331,-0.6546993255615234,14.878634007771808,2
J.Mason,2025,8,1.6,12.066666666666668,-0.12864138185977936,11.938025284806889,1
T.Tracy,2025,8,7.300000000000001,6.279999999999999,0.48273584246635437,6.762735842466354,1
C.Skattebo,2025,8,10.0,16.814285714285713,-2.8578433990478516,13.956442315237862,1
J.Croskey-Merritt,2025,8,2.5,10.1,-0.11485332995653152,9.985146670043468,1
J.McNichols,2025,8,11.8,5.566666666666666,1.0425403118133545,6.609206978480021,1
D.Samuel,2025,8,4.2,15.666666666666666,-2.813147783279419,12.853518883387247,2
I.Davis,2025,8,17.9,3.4500000000000006,1.5757324695587158,5.025732469558717,2
K.Gainwell,2025,8,3.5,11.0,-0.19983696937561035,10.80016303062439,1
J.Warren,2025,8,9.3,14.5,0.8516911864280701,15.35169118642807,1
B.Robinson,2025,8,5.800000000000001,23.7,-3.0143322944641113,20.685667705535888,1
T.Allgeier,2025,8,9.4,7.05,0.11116337031126022,7.16116337031126,1
S.Tucker,2025,8,10.2,3.3,0.8776352405548096,4.177635240554809,-1
R.White,2025,8,8.1,11.042857142857144,-0.06341797113418579,10.979439171722959,1
E.Egbuka,2025,8,6.5,16.657142857142855,-1.731195092201233,14.925947764941622,2
T.Pollard,2025,8,6.300000000000001,10.742857142857144,1.8612734079360962,12.60413055079324,1
J.Dobbins,2025,8,14.1,12.214285714285714,0.3175041377544403,12.531789852040154,1
C.Dike,2025,8,16.4,4.314285714285715,0.8190765380859375,5.1333622523716524,2
J.Chestnut,2025,8,0.5,0.775,1.729061245918274,2.504061245918274,-1
A.Smith,2025,8,3.3000000000000003,1.28,3.139294385910034,4.419294385910034,-1
X.Legette,2025,8,3.7,8.64,0.16960540413856506,8.809605404138566,2
O.Zaccheaus,2025,8,10.3,5.95,1.8584401607513428,7.808440160751343,2
K.Monangai,2025,8,2.4000000000000004,5.716666666666666,1.3614025115966797,7.078069178263346,1
M.Andrews,2025,8,6.4,8.466666666666667,0.4133208096027374,8.879987476269404,2
I.Bond,2025,8,0.0,4.033333333333334,1.2913987636566162,5.32473209698995,2
T.Franklin,2025,8,26.9,9.885714285714286,0.48506924510002136,10.370783530814307,2
T.Badie,2025,8,0.6000000000000001,3.28,0.8339533805847168,4.113953380584716,2
B.Smith,2025,8,0.8,5.483333333333334,1.4142340421676636,6.897567375500998,2
M.Golden,2025,8,3.4,7.900000000000001,1.997994303703308,9.89799430370331,2
S.Williams,2025,8,7.9,1.8,2.1694469451904297,3.9694469451904295,1
J.Chase,2025,8,21.1,21.357142857142858,-4.932373523712158,16.4247693334307,2
S.Perine,2025,8,17.0,2.716666666666667,1.2139800786972046,3.9306467453638714,1
Z.Scott,2025,8,4.4,5.95,-0.6548261046409607,5.2951738953590395,2
L.Burden,2025,8,0.9,5.966666666666666,0.8367765545845032,6.803443221251169,2
C.Rodriguez,2025,8,0.2,4.425000000000001,1.4413588047027588,5.8663588047027595,1
M.Mims,2025,8,1.8,8.714285714285714,0.24649260938167572,8.96077832366739,2
A.Iosivas,2025,8,0.0,5.7,0.7414879202842712,6.441487920284271,2
H.Luepke,2025,8,0.2,3.15,-0.0255745816975832,3.1244254183024167,-1
R.Flournoy,2025,8,1.7000000000000002,8.350000000000001,1.0904502868652344,9.440450286865236,2
R.Shaheed,2025,8,14.5,11.157142857142857,0.32565009593963623,11.482792953082493,2
S.Shepard,2025,8,1.8,8.114285714285716,0.2675230801105499,8.381808794396266,2
T.Johnson,2025,8,29.700000000000003,17.428571428571427,-2.4520328044891357,14.976538624082291,2
J.Noel,2025,8,11.3,5.12,0.28597792983055115,5.405977929830551,2
J.Blue,2025,8,2.9000000000000004,1.7,1.5334064960479736,3.233406496047974,1
A.Abdullah,2025,8,1.8,4.3,0.49704745411872864,4.7970474541187285,1
Ji.Horn,2025,8,0.9,4.766666666666667,0.9484748840332031,5.71514155069987,2
J.Nailor,2025,8,0.0,6.45,0.43772417306900024,6.887724173069,2
K.Shakir,2025,8,20.8,10.716666666666669,0.8066853284835815,11.52335199515025,2
W.Robinson,2025,8,7.800000000000001,13.114285714285716,0.5963660478591919,13.710651762144908,2
S.Moore,2025,8,0.0,1.15,1.9564838409423828,3.1064838409423827,-1
K.Juszczyk,2025,8,1.4,4.1,1.1599888801574707,5.25998888015747,2
T.Spears,2025,8,17.200000000000003,5.8,0.9591671824455261,6.759167182445526,1
K.Vidal,2025,8,19.700000000000003,11.066666666666668,-0.03860791027545929,11.028058756391209,1
J.Lane,2025,8,1.0,3.557142857142857,1.478359341621399,5.035502198764256,2
J.Smith,2025,8,3.7,7.45,0.0216668751090765,7.471666875109077,2
E.Engram,2025,8,7.6,7.766666666666667,0.4378848969936371,8.204551563660303,2
A.Ingold,2025,8,1.0,1.975,0.9594002366065979,2.934400236606598,-1
M.Hollins,2025,8,15.9,5.883333333333333,-0.37987273931503296,5.5034605940183,2
C.Lamb,2025,8,14.6,20.066666666666663,-2.601046323776245,17.465620342890418,2
J.Addison,2025,8,11.6,17.433333333333334,-2.328336477279663,15.10499685605367,2
T.Kelce,2025,8,21.9,11.5,0.24426905810832977,11.74426905810833,2
T.Hockenson,2025,8,4.6,8.433333333333334,0.5387043356895447,8.972037669022878,2
J.Ferguson,2025,8,0.0,17.2,-1.6212292909622192,15.57877070903778,2
D.Metcalf,2025,8,16.5,14.433333333333332,-0.7590187191963196,13.674314614137012,2
D.Robinson,2025,8,4.5,4.075,1.3848117589950562,5.459811758995056,2
T.Harris,2025,8,8.8,3.083333333333333,1.2865849733352661,4.369918306668599,2
C.Loveland,2025,8,6.800000000000001,3.16,1.6194044351577759,4.779404435157776,2
J.Downs,2025,8,12.9,8.950000000000001,0.6675304770469666,9.617530477046968,2
J.Jeudy,2025,8,0.0,6.814285714285715,1.6561576128005981,8.470443327086313,2
D.Goedert,2025,8,17.8,13.85,-1.0893657207489014,12.760634279251098,2
B.Cooks,2025,8,5.2,3.8142857142857145,1.2074384689331055,5.02172418321882,2
D.Vele,2025,8,2.0,4.3,-0.4553203880786896,3.8446796119213102,-1
D.Knox,2025,8,2.5,4.0600000000000005,0.39890116453170776,4.458901164531708,2
D.Kincaid,2025,8,3.3000000000000003,13.34,-1.1544601917266846,12.185539808273315,2
R.Bateman,2025,8,7.1000000000000005,4.833333333333333,0.12759266793727875,4.960926001270612,2
K.Coleman,2025,8,6.0,9.616666666666667,0.9919099807739258,10.608576647440593,2
D.Hopkins,2025,8,2.4000000000000004,6.466666666666666,-0.34788715839385986,6.118779508272806,2
J.Hawes,2025,8,3.5,3.85,-0.2363731861114502,3.61362681388855,2
T.Tremble,2025,8,1.4,5.085714285714286,0.7005800008773804,5.786294286591667,2
T.McMillan,2025,8,16.9,11.900000000000002,0.6789916753768921,12.578991675376894,2
J.Sanders,2025,8,4.9,5.050000000000001,1.427588701248169,6.47758870124817,2
N.Fant,2025,8,7.1000000000000005,9.02,-0.7868565320968628,8.233143467903137,2
T.Higgins,2025,8,11.4,10.514285714285714,-0.42757076025009155,10.086714954035623,2
D.Njoku,2025,8,13.7,8.549999999999999,0.5220100283622742,9.072010028362273,2
J.Thrash,2025,8,5.1,2.6,1.0107109546661377,3.610710954666138,2
G.Pickens,2025,8,14.8,18.957142857142856,-3.2435076236724854,15.71363523347037,2
J.Tolbert,2025,8,12.7,3.7857142857142856,1.2994719743728638,5.085186260087149,2
D.Smith,2025,8,14.4,14.342857142857143,0.6912562847137451,15.034113427570889,2
J.Dotson,2025,8,11.0,3.62,1.3220045566558838,4.942004556655884,2
B.Spann-Ford,2025,8,1.9,0.8333333333333334,1.6444945335388184,2.477827866872152,-1
L.Schoonmaker,2025,8,4.5,1.2333333333333334,1.6444945335388184,2.8778278668721518,-1
R.Doubs,2025,8,9.4,13.1,0.2158280313014984,13.315828031301498,2
J.FitzPatrick,2025,8,1.4,4.0,0.1891113966703415,4.1891113966703415,-1
L.Musgrave,2025,8,1.5,2.475,1.7348188161849976,4.209818816184997,2
D.Schultz,2025,8,4.4,9.733333333333334,1.4655708074569702,11.198904140790304,2
J.Higgins,2025,8,13.4,4.516666666666667,0.3097914755344391,4.826458142201106,2
L.McConkey,2025,8,20.8,12.428571428571429,0.2691517174243927,12.697723145995822,2
J.Smith-Schuster,2025,8,4.9,7.714285714285714,0.7452852129936218,8.459570927279337,2
M.Brown,2025,8,0.0,12.514285714285714,-0.4732590615749359,12.041026652710778,2
N.Gray,2025,8,4.300000000000001,2.75,1.3998160362243652,4.149816036224365,2
H.Henry,2025,8,7.7,10.428571428571429,0.45758453011512756,10.886155958686556,2
K.Boutte,2025,8,16.5,11.37142857142857,-2.3153977394104004,9.05603083201817,2
A.Hooper,2025,8,5.800000000000001,4.6000000000000005,-0.158442422747612,4.4415575772523885,2
S.Diggs,2025,8,10.4,12.085714285714284,1.9495233297348022,14.035237615449086,2
M.Pittman,2025,8,23.5,14.585714285714284,-0.5014969110488892,14.084217374665394,2
A.Pierce,2025,8,8.9,9.54,1.079858660697937,10.619858660697936,2
T.Conner,2025,8,2.6,3.1,0.7259871959686279,3.825987195968628,2
N.Westbrook-Ikhine,2025,8,2.8,2.24,0.9424654841423035,3.1824654841423037,-1
R.Odunze,2025,8,18.4,14.983333333333334,-1.4358590841293335,13.547474249204,2
A.Thielen,2025,8,0.0,2.34,1.0756964683532715,3.4156964683532713,-1
Z.Ertz,2025,8,5.6,10.271428571428572,-1.156395435333252,9.11503313609532,2
T.McLaurin,2025,8,14.4,8.299999999999999,1.0947613716125488,9.394761371612548,2
D.Slayton,2025,8,4.6,5.32,0.9846130013465881,6.304613001346588,2
D.Bellinger,2025,8,3.1,6.659999999999999,-0.18267732858657837,6.477322671413421,2
P.Freiermuth,2025,8,4.3,8.74,-0.12548397481441498,8.614516025185585,2
J.Ruckert,2025,8,3.4000000000000004,4.0200000000000005,0.09883622080087662,4.118836220800877,2
C.Austin,2025,8,6.800000000000001,8.975,-0.9428316950798035,8.032168304920196,2
M.Taylor,2025,8,14.4,6.685714285714285,1.8280441761016846,8.51375846181597,2
J.Tonges,2025,8,7.2,10.9,-0.9816314578056335,9.918368542194367,2
K.Pitts,2025,8,14.9,10.75,0.13549485802650452,10.885494858026505,2
C.Otton,2025,8,8.0,7.516666666666667,0.7831132411956787,8.299779907862344,2
G.Helm,2025,8,10.3,4.557142857142857,1.092056393623352,5.649199250766209,2
C.Okonkwo,2025,8,9.3,6.4,1.073852777481079,7.4738527774810795,2
E.Ayomanor,2025,8,9.2,7.642857142857143,0.2725791335105896,7.915436276367733,2
D.Mooney,2025,8,2.1,6.175000000000001,0.9373461008071899,7.112346100807191,2
T.Wallace,2025,8,1.6,4.3,-0.9567140340805054,3.3432859659194945,2
P.Bryant,2025,8,12.0,2.4000000000000004,0.975267767906189,3.3752677679061893,2
V.Jefferson,2025,8,1.6,5.2,0.8643878102302551,6.064387810230255,2
K.Bourne,2025,8,7.4,10.583333333333334,1.222645878791809,11.805979212125143,2
L.McCaffrey,2025,8,5.4,7.650000000000001,-1.719431757926941,5.93056824207306,2
O.Gadsden,2025,8,18.7,11.36,0.2576431930065155,11.617643193006515,2
C.Kolar,2025,8,8.0,2.066666666666667,1.0870659351348877,3.1537326018015546,2
J.Stoll,2025,8,0.0,3.9333333333333336,-1.098602294921875,2.8347310384114586,-1
A.Lazard,2025,8,1.5,4.0,0.4219840466976166,4.421984046697617,2
N.Adkins,2025,8,0.0,4.2,-0.5207592248916626,3.6792407751083376,2
J.Allen,2025,9,28.82,22.357142857142858,-0.4781477451324463,21.87899511201041,0
L.Jackson,2025,9,25.56,23.34,-3.3057913780212402,20.03420862197876,0
T.Lawrence,2025,9,21.200000000000003,16.014285714285712,0.43870535492897034,16.452991069214683,0
B.Young,2025,9,2.9800000000000004,13.202857142857145,0.6910331845283508,13.893890327385495,0
J.Flacco,2025,9,30.7,13.565714285714288,2.1753170490264893,15.741031334740777,0
D.Prescott,2025,9,15.4,19.1825,0.4022216796875,19.5847216796875,0
J.Love,2025,9,9.02,18.68857142857143,1.473586916923523,20.16215834549495,0
J.Goff,2025,9,19.36,16.791428571428572,-0.3024924099445343,16.488936161484038,0
C.Stroud,2025,9,4.36,16.66,0.5809108018875122,17.240910801887512,0
M.Stafford,2025,9,26.84,19.205714285714286,-1.9900747537612915,17.215639531952995,0
P.Mahomes,2025,9,10.5,24.495,-0.6060222387313843,23.888977761268617,0
J.Herbert,2025,9,27.7,20.05,-1.5464717149734497,18.50352828502655,0
G.Smith,2025,9,26.26,10.554285714285712,2.3796281814575195,12.933913895743231,0
D.Maye,2025,9,16.36,21.655,-0.3476726710796356,21.307327328920366,0
D.Jones,2025,9,14.079999999999998,20.3475,3.0480475425720215,23.39554754257202,0
T.Tagovailoa,2025,9,8.54,13.065,1.318771243095398,14.383771243095397,0
C.Williams,2025,9,38.7,16.919999999999998,0.5674867033958435,17.48748670339584,0
J.Daniels,2025,9,15.22,19.268,-0.09447696059942245,19.17352303940058,0
A.Rodgers,2025,9,12.12,16.765714285714285,0.9396151304244995,17.705329416138785,0
S.Darnold,2025,9,27.200000000000003,15.751428571428573,1.4592958688735962,17.21072444030217,0
M.Penix,2025,9,22.74,13.11,1.9616832733154297,15.07168327331543,0
C.Ward,2025,9,6.4,8.325,2.301881790161133,10.626881790161132,0
B.Nix,2025,9,18.52,20.1525,-1.7404729127883911,18.41202708721161,0
M.Jones,2025,9,15.8,15.263333333333334,1.0039629936218262,16.26729632695516,0
D.Henry,2025,9,13.1,13.2,-1.188205361366272,12.011794638633727,1
J.Dart,2025,9,27.24,15.265714285714283,-3.1158673763275146,12.149846909386769,0
C.Olave,2025,9,8.7,14.75,0.0827006846666336,14.832700684666634,2
D.Montgomery,2025,9,11.0,12.031428571428572,0.7473081946372986,12.77873676606587,1
T.Warren,2025,9,7.6,13.85,1.5170657634735107,15.36706576347351,2
T.Hill,2025,9,3.0,8.1575,0.6271131038665771,8.784613103866578,2
J.Brissett,2025,9,24.84,10.165,3.5267865657806396,13.691786565780639,0
J.Waddle,2025,9,14.2,13.715,1.0471625328063965,14.762162532806396,2
C.Kmet,2025,9,2.0,4.7,1.1338547468185425,5.833854746818543,2
D.Moore,2025,9,22.98,10.05714285714286,0.9634560346603394,11.0205988918032,2
K.Allen,2025,9,6.1000000000000005,14.9625,-1.152024269104004,13.810475730895996,2
C.Sutton,2025,9,10.0,13.825,-1.8259185552597046,11.999081444740295,2
R.Harvey,2025,9,16.6,9.9375,-1.5503852367401123,8.387114763259888,1
C.McCaffrey,2025,9,34.3,24.3625,-0.9598464965820312,23.40265350341797,1
J.Johnson,2025,9,12.1,9.6,0.6714739799499512,10.27147397994995,2
D.Singletary,2025,9,7.1,1.775,1.5207421779632568,3.2957421779632567,1
J.Jennings,2025,9,14.1,7.866666666666667,1.5787770748138428,9.44544374148051,2
A.Kamara,2025,9,0.7000000000000002,10.25,2.212449312210083,12.462449312210083,1
D.Neal,2025,9,2.2,1.7,1.3233956098556519,3.023395609855652,-1
J.Cook,2025,9,13.5,19.74285714285714,-4.2037672996521,15.53908984320504,1
Ty.Johnson,2025,9,10.0,1.3142857142857145,1.7587924003601074,3.073078114645822,1
J.Hill,2025,9,3.5,9.1375,0.33664071559906006,9.47414071559906,2
Z.Flowers,2025,9,11.4,13.657142857142857,0.8666831254959106,14.523825982638767,2
E.Moore,2025,9,3.8,3.5500000000000003,1.3893543481826782,4.939354348182679,2
T.Etienne,2025,9,16.5,12.9375,0.5014476776123047,13.438947677612305,1
D.Brown,2025,9,5.9,7.266666666666667,0.4059615135192871,7.672628180185954,2
C.Hubbard,2025,9,1.7000000000000002,12.166666666666666,-0.5722947716712952,11.594371894995371,1
L.Allen,2025,9,2.1,1.7666666666666668,1.4666187763214111,3.2332854429880777,-1
B.Tuten,2025,9,9.6,5.271428571428571,0.15833289921283722,5.429761470641409,1
B.Thomas,2025,9,8.5,11.014285714285714,0.6741405129432678,11.688426227228982,2
R.Dowdle,2025,9,28.1,12.95,-1.3515762090682983,11.598423790931701,1
C.Brown,2025,9,19.2,11.9875,1.2800058126449585,13.26750581264496,1
J.Williams,2025,9,23.9,25.9625,-3.051175355911255,22.911324644088744,1
K.Turpin,2025,9,3.3,6.45,0.0660703182220459,6.516070318222046,2
J.Jacobs,2025,9,20.0,19.542857142857144,-0.8134025931358337,18.72945454972131,1
J.Gibbs,2025,9,5.8,19.957142857142856,-3.0246434211730957,16.93249943596976,1
T.Kraft,2025,9,4.0,16.17142857142857,0.7385909557342529,16.910019527162824,2
C.Brooks,2025,9,4.4,1.64,1.5532565116882324,3.193256511688232,-1
E.Wilson,2025,9,2.7,4.983333333333333,1.3042689561843872,6.287602289517721,1
N.Chubb,2025,9,3.4000000000000004,8.5,0.6033495664596558,9.103349566459656,1
D.Ogunbowale,2025,9,1.2,1.7666666666666666,1.085333228111267,2.8519998947779337,2
K.Williams,2025,9,17.4,16.228571428571428,-1.337145447731018,14.89142598084041,1
P.Nacua,2025,9,22.8,23.133333333333336,-1.7520338296890259,21.38129950364431,2
W.Marks,2025,9,2.7,9.842857142857143,0.41430962085723877,10.257166763714382,1
B.Corum,2025,9,5.800000000000001,4.4,1.4878743886947632,5.8878743886947635,1
X.Hutchinson,2025,9,6.0,7.957142857142857,0.13154174387454987,8.088684601017407,2
X.Worthy,2025,9,6.0,9.483333333333334,0.7327178120613098,10.216051145394644,2
K.Hunt,2025,9,12.5,8.525,-0.7447969913482666,7.780203008651734,1
A.Jeanty,2025,9,19.9,13.728571428571428,-0.5840955972671509,13.144475831304277,1
T.Henderson,2025,9,12.7,6.5875,1.393392562866211,7.980892562866211,1
D.Douglas,2025,9,20.0,6.128571428571428,0.5554259419441223,6.68399737051555,2
J.Taylor,2025,9,7.7,27.075,-0.3866443336009979,26.688355666399,1
D.Achane,2025,9,16.6,19.4625,-3.1297695636749268,16.332730436325072,1
O.Gordon,2025,9,1.9,3.9125,0.6491263508796692,4.561626350879669,1
M.Washington,2025,9,7.1000000000000005,6.325,0.8265907764434814,7.151590776443482,2
A.Jones,2025,9,11.8,7.666666666666667,-1.231631875038147,6.43503479162852,1
J.Jefferson,2025,9,16.7,15.37142857142857,0.3967048227787018,15.768133394207272,2
J.Mason,2025,9,4.7,10.571428571428571,-0.8207944631576538,9.750634108270917,1
T.Tracy,2025,9,6.7,6.45,1.1593345403671265,7.609334540367127,1
J.Croskey-Merritt,2025,9,5.1000000000000005,9.15,-0.45745792984962463,8.692542070150376,1
D.Samuel,2025,9,9.4,14.028571428571428,-0.4417346119880676,13.58683681658336,2
K.Gainwell,2025,9,7.4,9.928571428571429,0.7562557458877563,10.684827174459185,1
J.Warren,2025,9,16.9,13.633333333333336,1.5423930883407593,15.175726421674096,1
K.Johnson,2025,9,2.3,3.366666666666667,0.5966747403144836,3.963341406981151,2
K.Walker,2025,9,8.100000000000001,10.728571428571428,0.5746012330055237,11.303172661576951,1
B.Robinson,2025,9,28.9,21.4625,-3.119183301925659,18.34331669807434,1
Z.Charbonnet,2025,9,5.6,10.016666666666667,0.06175532937049866,10.078421996037166,1
A.Barner,2025,9,11.5,9.114285714285716,-1.1972209215164185,7.917064792769297,2
T.Allgeier,2025,9,0.6000000000000001,7.385714285714286,-0.9586338996887207,6.427080386025565,1
T.Pollard,2025,9,7.800000000000001,10.1875,3.1750710010528564,13.362571001052856,1
J.Dobbins,2025,9,6.9,12.45,-1.3640202283859253,11.085979771614074,1
C.Dike,2025,9,1.5,5.825,0.9101028442382812,6.735102844238281,2
X.Legette,2025,9,3.2,7.816666666666666,-0.041361089795827866,7.775305576870839,2
O.Zaccheaus,2025,9,17.8,6.571428571428571,2.249640941619873,8.821069513048444,2
A.St. Brown,2025,9,18.700000000000003,20.957142857142856,-2.561335802078247,18.39580705506461,2
K.Raymond,2025,9,0.0,3.26,1.0824108123779297,4.3424108123779295,2
K.Monangai,2025,9,22.8,5.242857142857143,1.7750515937805176,7.0179087366376605,1
M.Andrews,2025,9,16.6,8.171428571428573,0.324884295463562,8.496312866892135,2
T.Franklin,2025,9,8.3,12.0125,-1.6189385652542114,10.393561434745788,2
T.Badie,2025,9,2.6,2.833333333333333,0.7451207041740417,3.578454037507375,2
T.Tucker,2025,9,6.800000000000001,13.542857142857144,-1.641070008277893,11.901787134579251,2
Q.Johnston,2025,9,15.3,16.233333333333334,-2.4700863361358643,13.76324699719747,2
B.Smith,2025,9,0.7000000000000001,4.814285714285715,1.3983510732650757,6.212636787550791,2
M.Golden,2025,9,2.9,7.257142857142857,1.4497313499450684,8.706874207087925,2
S.Williams,2025,9,1.2000000000000002,2.8166666666666664,1.2800096273422241,4.0966762940088906,-1
E.Demercado,2025,9,8.8,4.075,0.6520030498504639,4.727003049850464,1
G.Dortch,2025,9,0.9,4.171428571428572,1.3025604486465454,5.473989020075117,2
J.Chase,2025,9,17.1,21.325,-2.784529685974121,18.540470314025878,2
S.Perine,2025,9,0.5,4.757142857142857,1.5559618473052979,6.313104704448155,1
T.Goodson,2025,9,1.8,0.6,2.1770219802856445,2.7770219802856446,-1
C.Rodriguez,2025,9,12.5,3.58,1.1703143119812012,4.750314311981201,1
R.Mostert,2025,9,2.4000000000000004,2.825,1.5543889999389648,4.379388999938965,1
A.Prentice,2025,9,0.2,0.58,1.363897681236267,1.9438976812362672,-1
A.Iosivas,2025,9,18.0,4.75,1.3171768188476562,6.067176818847656,2
R.Flournoy,2025,9,9.2,7.0200000000000005,1.0143214464187622,8.034321446418762,2
P.Washington,2025,9,17.0,7.433333333333334,0.32766491174697876,7.760998245080312,2
Co.Heyward,2025,9,0.4,2.5,0.4768792986869812,2.976879298686981,-1
R.Shaheed,2025,9,11.8,11.575,0.4458855390548706,12.02088553905487,2
T.Johnson,2025,9,11.7,18.9625,-3.884072780609131,15.078427219390868,2
J.Smith-Njigba,2025,9,22.0,22.142857142857142,-3.9872090816497803,18.155648061207362,2
N.Collins,2025,9,14.5,12.783333333333331,-1.1058018207550049,11.677531512578327,2
A.Abdullah,2025,9,1.5,3.675,1.563673973083496,5.238673973083496,1
Ji.Horn,2025,9,1.8,3.8,0.6412612199783325,4.441261219978332,2
J.Nailor,2025,9,2.6,5.528571428571429,0.5516427159309387,6.080214144502368,2
K.Shakir,2025,9,11.3,12.157142857142857,0.8724392652511597,13.029582122394016,2
W.Robinson,2025,9,13.6,12.45,0.3661881983280182,12.816188198328017,2
S.Moore,2025,9,3.1,0.92,2.4690122604370117,3.3890122604370116,-1
K.Juszczyk,2025,9,2.2,3.7625,1.3528645038604736,5.115364503860474,2
T.Spears,2025,9,9.2,8.65,0.5944799184799194,9.24447991847992,1
Z.Knight,2025,9,6.7,10.4,-0.007374640554189682,10.39262535944581,1
K.Vidal,2025,9,3.0,13.225,-0.5709832906723022,12.654016709327697,1
J.Lane,2025,9,5.9,3.2375,1.2409107685089111,4.478410768508911,2
J.Smith,2025,9,5.5,6.914285714285714,0.6917393803596497,7.606025094645363,2
E.Engram,2025,9,0.0,7.742857142857143,0.33526375889778137,8.078120901754925,2
T.Ferguson,2025,9,7.4,4.4,-0.7205981016159058,3.6794018983840946,2
M.Hollins,2025,9,2.9,7.314285714285715,0.5203750133514404,7.834660727637155,2
C.Lamb,2025,9,15.5,18.700000000000003,-1.168036937713623,17.53196306228638,2
B.Bowers,2025,9,43.3,10.875,1.1887530088424683,12.063753008842468,2
J.Addison,2025,9,8.4,15.975,-2.2756152153015137,13.699384784698486,2
G.Kittle,2025,9,6.9,8.933333333333334,-0.852968692779541,8.080364640553793,2
T.Kelce,2025,9,12.6,12.8,0.3339743912220001,13.133974391222,2
T.Hockenson,2025,9,9.1,7.885714285714286,0.502465546131134,8.38817983184542,2
J.Ferguson,2025,9,8.0,15.05,-3.1087117195129395,11.941288280487061,2
D.Metcalf,2025,9,2.6,14.728571428571428,-1.105646014213562,13.622925414357866,2
J.Meyers,2025,9,6.300000000000001,10.316666666666666,0.7916372418403625,11.108303908507029,2
D.Robinson,2025,9,0.0,4.16,1.8584160804748535,6.018416080474854,2
T.Harris,2025,9,3.8,3.9,0.2474767565727234,4.147476756572724,2
C.Loveland,2025,9,29.8,3.766666666666667,1.8786475658416748,5.645314232508342,2
J.Downs,2025,9,17.0,9.514285714285714,1.2668579816818237,10.781143695967538,2
T.McBride,2025,9,16.5,16.157142857142855,-0.2936018705368042,15.86354098660605,2
Mi.Wilson,2025,9,9.1,4.942857142857143,1.3263241052627563,6.269181248119899,2
E.Higgins,2025,9,6.0,3.2000000000000006,1.6008886098861694,4.8008886098861705,2
B.Cooks,2025,9,3.6,3.9875,1.1259081363677979,5.113408136367798,2
M.Harrison,2025,9,22.6,10.8,0.7372145056724548,11.537214505672456,2
D.Knox,2025,9,4.0,3.8,0.5460560917854309,4.346056091785431,2
D.Kincaid,2025,9,22.1,11.666666666666666,-1.0367966890335083,10.629869977633158,2
R.Bateman,2025,9,9.3,5.1571428571428575,0.296792209148407,5.4539350662912645,2
K.Coleman,2025,9,3.7,9.1,1.0464808940887451,10.146480894088745,2
D.Hopkins,2025,9,0.0,5.885714285714286,-0.29804927110671997,5.587665014607566,2
J.Hawes,2025,9,2.8,3.78,-0.09472668170928955,3.6852733182907103,2
T.Tremble,2025,9,0.0,4.625,0.3849653899669647,5.009965389966965,2
T.McMillan,2025,9,8.600000000000001,12.525,0.5024904012680054,13.027490401268006,2
H.Long,2025,9,1.6,5.15,-0.479067862033844,4.670932137966156,2
J.Sanders,2025,9,1.5,5.0200000000000005,1.0145965814590454,6.034596581459046,2
N.Fant,2025,9,10.8,8.700000000000001,-0.5551381707191467,8.144861829280854,2
T.Higgins,2025,9,33.1,10.625,-1.2076817750930786,9.417318224906921,2
G.Pickens,2025,9,13.9,18.4375,-3.4826738834381104,14.95482611656189,2
L.Schoonmaker,2025,9,2.4000000000000004,1.7,1.2141871452331543,2.9141871452331545,-1
R.Doubs,2025,9,16.1,12.571428571428571,-0.13020285964012146,12.44122571178845,2
S.LaPorta,2025,9,21.700000000000003,10.7,0.544135332107544,11.244135332107543,2
L.Musgrave,2025,9,6.4,2.28,1.4511876106262207,3.7311876106262205,2
D.Adams,2025,9,23.0,15.728571428571428,-1.6394449472427368,14.089126481328691,2
D.Schultz,2025,9,13.7,8.971428571428572,1.5391918420791626,10.510620413507734,2
J.Higgins,2025,9,1.4,5.785714285714286,0.3149354159832001,6.100649701697486,2
C.Parkinson,2025,9,3.0,2.7,0.9513877630233765,3.6513877630233766,2
D.Allen,2025,9,6.7,3.7,-0.4170561134815216,3.2829438865184786,-1
L.McConkey,2025,9,9.6,13.475,-1.4199661016464233,12.055033898353576,2
J.Smith-Schuster,2025,9,1.2,7.362500000000001,0.5602821111679077,7.922782111167908,2
T.Thornton,2025,9,0.0,10.516666666666667,-1.2863329648971558,9.230333701769512,2
M.Brown,2025,9,9.3,10.95,-0.4518294334411621,10.498170566558837,2
N.Gray,2025,9,0.0,2.9714285714285715,1.4722943305969238,4.443722902025495,2
H.Henry,2025,9,9.1,10.0875,-1.1237423419952393,8.963757658004761,2
K.Boutte,2025,9,0.0,12.0125,-1.8137526512145996,10.1987473487854,2
A.Hooper,2025,9,3.0,4.771428571428571,0.13963712751865387,4.911065698947225,2
S.Diggs,2025,9,12.8,11.875,1.1041313409805298,12.97913134098053,2
M.Mayer,2025,9,5.6,5.74,0.10842040926218033,5.8484204092621805,2
M.Pittman,2025,9,20.5,15.7,1.846127986907959,17.54612798690796,2
A.Pierce,2025,9,17.5,9.433333333333334,1.6186765432357788,11.052009876569112,2
M.Alie-Cox,2025,9,0.0,2.25,1.6957567930221558,3.9457567930221558,2
T.Conner,2025,9,0.0,3.016666666666667,1.2466505765914917,4.263317243258159,2
D.Eskridge,2025,9,0.0,2.55,1.1999623775482178,3.7499623775482176,2
N.Westbrook-Ikhine,2025,9,4.2,2.333333333333333,1.3169100284576416,3.6502433617909746,2
R.Odunze,2025,9,0.0,15.471428571428572,-0.5474441051483154,14.923984466280256,2
Z.Ertz,2025,9,8.600000000000001,9.6875,-0.019454477354884148,9.668045522645116,2
D.Slayton,2025,9,11.2,5.2,1.0607722997665405,6.260772299766541,2
P.Freiermuth,2025,9,11.7,8.0,0.44091281294822693,8.440912812948227,2
C.Austin,2025,9,10.6,8.540000000000001,-0.18327467143535614,8.356725328564645,2
E.Arroyo,2025,9,10.9,3.2857142857142856,1.4975156784057617,4.783229964120047,2
L.Farrell,2025,9,1.9,3.3600000000000003,0.8117536902427673,4.171753690242768,2
D.London,2025,9,38.8,15.816666666666668,-1.5340344905853271,14.282632176081341,2
K.Pitts,2025,9,7.800000000000001,11.342857142857143,0.29350560903549194,11.636362751892635,2
T.Lockett,2025,9,0.0,2.4285714285714284,1.1621546745300293,3.5907261031014577,2
G.Helm,2025,9,2.5,5.275,0.6476391553878784,5.922639155387879,2
A.Trautman,2025,9,4.5,4.7,-0.8318147659301758,3.8681852340698244,2
C.Okonkwo,2025,9,3.0,6.7625,1.0451947450637817,7.807694745063782,2
E.Ayomanor,2025,9,7.6,7.8375,0.47663742303848267,8.314137423038483,2
D.Mooney,2025,9,2.5,5.36,1.1143419742584229,6.474341974258423,2
T.Shavers,2025,9,1.7000000000000002,2.5250000000000004,1.178358793258667,3.7033587932586673,2
B.Tremayne,2025,9,1.8,4.95,0.6675108671188354,5.617510867118836,2
B.Wright,2025,9,2.1,8.666666666666666,-2.449357748031616,6.21730891863505,2
P.Bryant,2025,9,4.0,4.32,-0.4019966125488281,3.918003387451172,2
M.Tinsley,2025,9,3.7,3.4,-0.30128562450408936,3.0987143754959106,-1
T.Higbee,2025,9,10.3,6.220000000000001,0.2996087372303009,6.5196087372303015,2
V.Jefferson,2025,9,3.1,4.6000000000000005,1.1868550777435303,5.786855077743531,2
T.Horton,2025,9,20.8,6.383333333333333,-1.3850222826004028,4.99831105073293,2
D.Washington,2025,9,8.3,6.35,0.636328399181366,6.986328399181366,2
K.Bourne,2025,9,5.4,10.12857142857143,2.2981667518615723,12.426738180433002,2
H.Bryant,2025,9,1.2,0.5,1.6949363946914673,2.1949363946914673,-1
M.Heath,2025,9,2.1,4.166666666666667,1.2341285943984985,5.4007952610651655,2
O.Gadsden,2025,9,11.8,12.583333333333334,-0.6165412664413452,11.966792066891989,2
C.Kolar,2025,9,10.3,3.55,-0.5416419506072998,3.0083580493927,2
C.Kirk,2025,9,6.6,6.966666666666666,0.9016250967979431,7.868291763464609,2
I.Likely,2025,9,9.0,2.533333333333333,1.0099961757659912,3.5433295090993244,-1
J.Bates,2025,9,4.0,2.2,1.0933011770248413,3.2933011770248415,2
J.Allen,2025,10,19.34,23.165,0.19203563034534454,23.357035630345344,0
L.Jackson,2025,10,16.64,23.784,-4.941411972045898,18.8425880279541,0
T.Lawrence,2025,10,9.82,16.6625,-0.2883504629135132,16.37414953708649,0
B.Young,2025,10,1.5600000000000005,11.925,2.147770881652832,14.072770881652833,0
J.Hurts,2025,10,12.02,21.7225,-0.06736546754837036,21.65513453245163,0
J.Love,2025,10,7.84,17.48,0.9118393063545227,18.391839306354523,0
J.Goff,2025,10,24.8,17.1125,1.8744856119155884,18.98698561191559,0
M.Stafford,2025,10,26.9,20.16,-1.8032691478729248,18.356730852127075,0
J.Herbert,2025,10,14.7,20.9,1.193942904472351,22.09394290447235,0
G.Smith,2025,10,4.42,12.5175,0.8372126221656799,13.35471262216568,0
D.Maye,2025,10,18.1,21.06666666666667,-0.5498460531234741,20.516820613543196,0
D.Jones,2025,10,15.5,19.65111111111112,-0.1005965992808342,19.550514511830286,0
T.Tagovailoa,2025,10,10.82,12.562222222222225,0.31989067792892456,12.88211290015115,0
J.McCarthy,2025,10,14.72,14.653333333333334,-1.1602237224578857,13.493109610875448,0
C.Williams,2025,10,25.1,19.6425,1.0221211910247803,20.66462119102478,0
R.Wilson,2025,10,14.5,8.905000000000001,1.151291847229004,10.056291847229005,0
J.Fields,2025,10,6.960000000000001,16.622857142857143,-0.6867367625236511,15.936120380333492,0
A.Rodgers,2025,10,6.44,16.185000000000002,-0.8925948143005371,15.292405185699465,0
S.Darnold,2025,10,4.92,17.182499999999997,0.4884655475616455,17.670965547561643,0
M.Penix,2025,10,10.98,14.485714285714286,2.0737144947052,16.559428780419488,0
B.Mayfield,2025,10,22.92,17.57,0.06557919830083847,17.63557919830084,0
B.Nix,2025,10,5.8,19.97111111111112,-1.3130440711975098,18.65806703991361,0
D.Gabriel,2025,10,20.08,7.846666666666667,2.9527204036712646,10.799387070337932,0
M.Jones,2025,10,23.06,15.34,2.0483694076538086,17.38836940765381,0
D.Henry,2025,10,11.4,13.1875,-2.655463695526123,10.532036304473877,1
M.Mariota,2025,10,18.72,12.94,2.1667051315307617,15.106705131530761,0
T.Shough,2025,10,18.98,4.5200000000000005,2.9762699604034424,7.496269960403443,0
J.Dart,2025,10,26.28,16.7625,-2.4771504402160645,14.285349559783935,0
C.Olave,2025,10,21.4,14.077777777777778,0.08424971997737885,14.162027497755156,2
D.Montgomery,2025,10,10.1,11.9025,2.251307964324951,14.153807964324951,1
T.Warren,2025,10,17.9,13.155555555555557,0.8068628907203674,13.962418446275924,2
T.Hill,2025,10,2.0,7.584444444444443,0.4816378653049469,8.06608230974939,2
J.Brissett,2025,10,19.42,13.1,0.35991114377975464,13.459911143779754,0
J.Waddle,2025,10,19.4,13.768888888888888,0.911921501159668,14.680810390048556,2
C.Kupp,2025,10,9.4,8.185714285714285,0.7441545724868774,8.929868858201162,2
B.Hall,2025,10,19.5,13.8825,0.5393282175064087,14.421828217506409,1
C.Kmet,2025,10,1.5,4.314285714285715,0.9235308170318604,5.237816531317575,2
D.Moore,2025,10,0.0,11.6725,1.479914903640747,13.152414903640747,2
K.Allen,2025,10,3.8,13.977777777777778,1.6532765626907349,15.631054340468513,2
C.Sutton,2025,10,5.4,13.4,-0.5166863799095154,12.883313620090485,2
R.Harvey,2025,10,3.8,10.677777777777775,-1.26405668258667,9.413721095191105,1
C.McCaffrey,2025,10,17.6,25.466666666666665,-0.8837026953697205,24.582963971296945,1
Q.Judkins,2025,10,10.5,13.8,-0.6154016256332397,13.184598374366761,1
J.Johnson,2025,10,19.200000000000003,9.877777777777778,0.3477429449558258,10.225520722733604,2
D.Singletary,2025,10,10.3,2.3666666666666667,1.509182333946228,3.8758490006128947,1
J.Jennings,2025,10,17.1,8.757142857142856,1.0595630407333374,9.816705897876194,2
A.Kamara,2025,10,14.5,9.18888888888889,2.3756513595581055,11.564540248446995,1
D.Neal,2025,10,6.1,1.825,1.342242956161499,3.167242956161499,-1
J.Cook,2025,10,10.7,18.9625,-1.4758589267730713,17.486641073226927,1
Ty.Johnson,2025,10,4.6000000000000005,2.4,1.6497089862823486,4.049708986282349,1
J.Hill,2025,10,8.3,8.511111111111111,0.6382349729537964,9.149346084064907,2
Z.Flowers,2025,10,12.1,13.375,1.6513456106185913,15.026345610618591,2
E.Moore,2025,10,2.8,3.585714285714286,1.467484951019287,5.0531992367335725,2
R.Davis,2025,10,0.8,2.2,0.8466254472732544,3.0466254472732546,-1
T.Etienne,2025,10,15.7,13.333333333333334,0.11168316006660461,13.445016493399939,1
D.Brown,2025,10,0.0,7.071428571428571,0.44278642535209656,7.514214996780668,2
C.Hubbard,2025,10,2.5,10.671428571428573,0.29455000162124634,10.965978573049819,1
L.Allen,2025,10,1.6,1.8142857142857145,1.465914249420166,3.2801999637058805,-1
B.Tuten,2025,10,2.0,5.8125,-0.5192689895629883,5.293231010437012,1
R.Dowdle,2025,10,15.3,14.633333333333333,-0.9579105377197266,13.675422795613606,1
T.Bigsby,2025,10,0.7000000000000001,4.533333333333334,2.0639078617095947,6.597241195042929,1
D.Sampson,2025,10,0.9,5.550000000000001,0.7742457389831543,6.324245738983155,2
J.Ford,2025,10,0.1,4.487500000000001,1.3194960355758667,5.806996035575867,1
H.Fannin,2025,10,8.4,10.725,0.5601888298988342,11.285188829898834,2
S.Barkley,2025,10,13.1,15.975,-0.9045796990394592,15.07042030096054,1
W.Shipley,2025,10,5.4,1.1800000000000002,1.9218206405639648,3.101820640563965,-1
J.Jacobs,2025,10,19.700000000000003,19.6,-1.4452520608901978,18.154747939109804,1
J.Gibbs,2025,10,38.2,18.1875,-0.500056803226471,17.68744319677353,1
E.Wilson,2025,10,1.4,4.6571428571428575,1.4587208032608032,6.115863660403661,1
N.Chubb,2025,10,6.2,7.8625,0.8979484438896179,8.760448443889619,1
K.Williams,2025,10,36.6,16.375,-1.9605008363723755,14.414499163627625,1
P.Nacua,2025,10,17.4,23.08571428571429,-2.4672276973724365,20.618486588341852,2
W.Marks,2025,10,16.1,8.95,0.516777515411377,9.466777515411376,1
B.Corum,2025,10,5.6000000000000005,4.575,1.6260089874267578,6.201008987426758,1
T.Conklin,2025,10,2.2,3.375,1.3253521919250488,4.700352191925049,2
A.Jeanty,2025,10,15.3,14.5,-1.8268423080444336,12.673157691955566,1
T.Henderson,2025,10,28.0,7.2666666666666675,1.3993719816207886,8.666038648287456,1
D.Douglas,2025,10,5.4,7.862500000000001,0.24070590734481812,8.103205907344819,2
J.Taylor,2025,10,49.6,24.922222222222224,-0.6763616800308228,24.2458605421914,1
D.Achane,2025,10,40.5,19.14444444444445,-1.5955302715301514,17.548914172914298,1
A.Dulin,2025,10,2.2,3.0,0.9955343008041382,3.995534300804138,2
M.Washington,2025,10,9.3,6.411111111111111,0.5143808126449585,6.92549192375607,2
A.Jones,2025,10,15.9,8.7,-0.8041583895683289,7.89584161043167,1
D.Swift,2025,10,14.8,15.942857142857145,-0.4859365224838257,15.45692062037332,1
J.Jefferson,2025,10,7.7,15.5375,-0.7289045453071594,14.80859545469284,2
J.Mason,2025,10,4.1,9.8375,0.3847828209400177,10.222282820940018,1
T.Tracy,2025,10,8.100000000000001,6.485714285714286,1.281043291091919,7.766757576806205,1
J.Croskey-Merritt,2025,10,3.0,8.7,-0.1567639261484146,8.543236073851585,1
J.McNichols,2025,10,3.9,5.65,1.1076676845550537,6.757667684555054,1
D.Samuel,2025,10,12.9,13.45,0.18698328733444214,13.636983287334441,2
I.Davis,2025,10,2.1,5.514285714285714,1.0591330528259277,6.573418767111642,1
K.Gainwell,2025,10,2.4,9.6125,-0.17897456884384155,9.43352543115616,1
J.Warren,2025,10,11.1,14.1,-0.5029157996177673,13.597084200382232,1
K.Johnson,2025,10,1.4,3.2142857142857144,0.026253392919898033,3.2405391072056124,2
K.Walker,2025,10,8.0,10.4,0.23963700234889984,10.6396370023489,1
B.Robinson,2025,10,22.3,22.28888888888889,-0.9405401349067688,21.348348753982123,1
Z.Charbonnet,2025,10,14.3,9.385714285714286,-0.5431112051010132,8.842603080613273,1
A.Barner,2025,10,0.3,9.4125,-1.0518507957458496,8.36064920425415,2
T.Allgeier,2025,10,17.7,6.5375,-0.17470833659172058,6.362791663408279,1
S.Tucker,2025,10,6.1000000000000005,4.68,-0.16608422994613647,4.513915770053863,1
R.White,2025,10,10.4,10.675,-0.5115628838539124,10.163437116146088,1
E.Egbuka,2025,10,23.5,15.3875,-1.1055649518966675,14.281935048103332,2
J.Dobbins,2025,10,9.4,11.833333333333334,-0.26762303709983826,11.565710296233496,1
A.Smith,2025,10,1.3,1.6166666666666665,1.4564158916473389,3.073082558314005,-1
X.Legette,2025,10,0.0,7.1571428571428575,0.39002951979637146,7.547172376939229,2
O.Zaccheaus,2025,10,1.5,7.975,1.3531913757324219,9.328191375732422,2
A.St. Brown,2025,10,16.8,20.675,-1.6575554609298706,19.01744453907013,2
K.Raymond,2025,10,9.9,2.716666666666667,1.367861032485962,4.084527699152629,2
K.Monangai,2025,10,8.8,7.4375,1.701064109802246,9.138564109802246,1
M.Andrews,2025,10,10.4,9.225,-1.0676465034484863,8.157353496551513,2
T.Franklin,2025,10,15.0,11.6,-0.08095689862966537,11.519043101370334,2
T.Badie,2025,10,0.0,2.8000000000000003,0.9718714356422424,3.7718714356422427,2
T.Tucker,2025,10,5.5,12.7,-1.822972059249878,10.877027940750121,2
Q.Johnston,2025,10,9.2,16.1,-0.008527503348886967,16.091472496651114,2
S.Williams,2025,10,2.2,2.585714285714286,0.7288976907730103,3.314611976487296,2
E.Demercado,2025,10,13.4,5.0200000000000005,0.4249609112739563,5.444960911273957,1
G.Dortch,2025,10,6.2,3.7625,0.7702482342720032,4.532748234272003,2
L.Burden,2025,10,8.100000000000001,5.242857142857143,0.618643581867218,5.861500724724361,2
T.Goodson,2025,10,0.4,0.9,1.711034893989563,2.611034893989563,-1
C.Rodriguez,2025,10,7.6,5.066666666666667,0.4881303608417511,5.554797027508418,1
R.Mostert,2025,10,2.5,2.74,1.3505597114562988,4.090559711456299,1
A.Prentice,2025,10,2.3,0.5166666666666667,1.5884774923324585,2.105144158999125,-1
P.Washington,2025,10,11.9,8.8,0.3041364848613739,9.104136484861375,2
S.Shepard,2025,10,6.1,7.325,0.359233558177948,7.684233558177948,2
T.Johnson,2025,10,34.7,18.155555555555555,-2.199242353439331,15.956313202116224,2
J.Smith-Njigba,2025,10,20.3,22.125,-2.173877716064453,19.951122283935547,2
M.Carter,2025,10,0.4,8.100000000000001,0.4760560691356659,8.576056069135667,1
J.Noel,2025,10,7.5,5.228571428571428,0.6608351469039917,5.8894065754754195,2
K.Mitchell,2025,10,3.1,3.1333333333333333,1.390647530555725,4.523980863889058,1
N.Collins,2025,10,22.6,13.028571428571428,0.6526715755462646,13.681243004117693,2
A.Abdullah,2025,10,1.8,3.24,1.1079154014587402,4.3479154014587404,1
J.Nailor,2025,10,23.4,5.1625,0.7220925688743591,5.884592568874359,2
M.Corley,2025,10,3.2,2.6333333333333333,1.4170691967010498,4.050402530034383,1
K.Shakir,2025,10,12.8,12.05,0.8211385607719421,12.871138560771943,2
W.Robinson,2025,10,12.2,12.577777777777778,0.541961669921875,13.119739447699653,2
S.Moore,2025,10,2.8,1.2833333333333334,1.9469740390777588,3.230307372411092,-1
K.Juszczyk,2025,10,2.8,3.588888888888889,0.7848345041275024,4.373723393016391,2
Z.Knight,2025,10,4.300000000000001,9.475,-0.6411322951316833,8.833867704868316,1
K.Vidal,2025,10,17.8,11.18,0.33941903710365295,11.519419037103653,1
J.Lane,2025,10,5.1000000000000005,3.533333333333333,1.2970035076141357,4.830336840947469,2
J.Smith,2025,10,1.4,6.7375,0.07201850414276123,6.809518504142761,2
E.Engram,2025,10,3.2,6.775,0.48895007371902466,7.263950073719025,2
A.Ingold,2025,10,0.6000000000000001,1.78,1.0225173234939575,2.8025173234939578,-1
T.Ferguson,2025,10,4.2,5.15,-0.5218144059181213,4.628185594081879,2
M.Hollins,2025,10,16.6,6.7625,0.4625452160835266,7.225045216083527,2
T.Jennings,2025,10,0.5,4.9,0.225405752658844,5.125405752658844,1
B.Bowers,2025,10,3.7,17.360000000000003,-2.56680965423584,14.793190345764163,2
J.Addison,2025,10,6.5,14.460000000000004,-0.4468464255332947,14.01315357446671,2
G.Kittle,2025,10,23.4,8.425,-0.5249566435813904,7.90004335641861,2
J.Metchie,2025,10,0.6,1.933333333333333,1.1119723320007324,3.045305665334065,-1
T.Hockenson,2025,10,2.8,8.0375,0.43901053071022034,8.47651053071022,2
D.Metcalf,2025,10,6.5,13.2125,-1.9042601585388184,11.308239841461182,2
D.Wicks,2025,10,7.800000000000001,4.4,1.4175844192504883,5.817584419250489,2
J.Meyers,2025,10,7.1000000000000005,9.742857142857144,0.8898378014564514,10.632694944313595,2
D.Robinson,2025,10,6.4,3.466666666666667,1.5181442499160767,4.9848109165827434,2
T.Harris,2025,10,2.4,3.8875,0.7460387349128723,4.6335387349128725,2
C.Loveland,2025,10,9.5,7.485714285714287,0.8859636187553406,8.371677904469628,2
J.Downs,2025,10,1.3,10.45,0.3379126787185669,10.787912678718566,2
J.Jeudy,2025,10,19.8,5.9625,1.477804183959961,7.440304183959961,2
D.Goedert,2025,10,8.3,14.414285714285716,-1.4278327226638794,12.986452991621837,2
T.McBride,2025,10,27.700000000000003,16.2,-0.5369373559951782,15.663062644004821,2
Mi.Wilson,2025,10,7.4,5.4625,1.0485135316848755,6.511013531684876,2
E.Higgins,2025,10,3.9,3.6000000000000005,1.1368952989578247,4.736895298957825,2
M.Harrison,2025,10,14.3,12.275,0.7056915163993835,12.980691516399384,2
Z.Jones,2025,10,0.0,6.0600000000000005,1.0323002338409424,7.092300233840943,2
D.Vele,2025,10,2.5,3.725,-0.36862194538116455,3.3563780546188355,-1
D.Knox,2025,10,6.7,3.8285714285714287,0.20714128017425537,4.0357127087456846,2
D.Kincaid,2025,10,5.7,13.157142857142857,-1.0152604579925537,12.141882399150303,2
R.Bateman,2025,10,4.0,5.675000000000001,0.22247029840946198,5.897470298409463,2
K.Coleman,2025,10,13.6,8.425,0.7822089195251465,9.207208919525147,2
D.Hopkins,2025,10,3.6,5.15,-0.27691489458084106,4.873085105419159,2
J.Hawes,2025,10,9.6,3.616666666666667,0.18155501782894135,3.7982216844956085,2
T.McMillan,2025,10,11.0,12.08888888888889,0.7020171880722046,12.790906076961095,2
J.Sanders,2025,10,8.2,4.433333333333334,1.315693974494934,5.749027307828268,2
J.Mundt,2025,10,3.1,1.2833333333333334,1.3944429159164429,2.677776249249776,-1
C.Tillman,2025,10,3.1,8.4,-1.6703977584838867,6.729602241516114,2
D.Njoku,2025,10,10.1,9.285714285714286,0.2812729775905609,9.566987263304847,2
J.Thrash,2025,10,0.0,2.9571428571428577,0.9815160036087036,3.9386588607515614,2
D.Smith,2025,10,16.9,14.35,0.7350988984107971,15.085098898410797,2
J.Dotson,2025,10,0.0,4.8500000000000005,0.6434852480888367,5.493485248088837,2
A.Brown,2025,10,3.3,12.357142857142858,1.1263833045959473,13.483526161738805,2
R.Doubs,2025,10,1.5,13.0125,0.028132352977991104,13.04063235297799,2
S.LaPorta,2025,10,10.3,12.075,0.3747921586036682,12.449792158603668,2
L.Musgrave,2025,10,5.300000000000001,2.966666666666667,1.1494523286819458,4.116118995348613,2
I.TeSlaa,2025,10,2.1,4.08,0.20320801436901093,4.283208014369011,2
D.Adams,2025,10,19.7,16.6375,-2.295691728591919,14.34180827140808,2
D.Schultz,2025,10,18.3,9.5625,1.6992305517196655,11.261730551719666,2
J.Higgins,2025,10,15.2,5.2375,0.4691484868526459,5.706648486852646,2
C.Parkinson,2025,10,14.1,2.76,1.1824971437454224,3.942497143745422,2
X.Smith,2025,10,2.4000000000000004,3.766666666666667,1.02656090259552,4.7932275692621875,2
D.Allen,2025,10,8.8,4.075,-0.022960694506764412,4.052039305493236,2
L.McConkey,2025,10,20.700000000000003,13.044444444444444,0.8800520896911621,13.924496534135606,2
D.Thornton,2025,10,1.4,2.4,1.3328790664672852,3.732879066467285,2
J.Bech,2025,10,0.0,2.8600000000000003,0.9053525924682617,3.765352592468262,2
H.Henry,2025,10,1.9,9.97777777777778,0.4779799282550812,10.45575770603286,2
A.Hooper,2025,10,0.0,4.550000000000001,0.1297726333141327,4.679772633314133,2
S.Diggs,2025,10,15.6,11.97777777777778,0.7639732360839844,12.741751013861764,2
M.Mayer,2025,10,5.2,5.716666666666666,0.38946059346199036,6.106127260128656,2
M.Pittman,2025,10,3.9,16.233333333333334,0.13980305194854736,16.37313638528188,2
A.Pierce,2025,10,18.4,10.585714285714284,0.45808175206184387,11.043796037776128,2
M.Alie-Cox,2025,10,0.0,1.8,1.5068966150283813,3.306896615028381,2
N.Westbrook-Ikhine,2025,10,1.7000000000000002,2.6000000000000005,1.0411654710769653,3.641165471076966,2
R.Odunze,2025,10,20.6,13.5375,-0.36044952273368835,13.177050477266311,2
A.Thielen,2025,10,3.6,1.95,1.4206247329711914,3.3706247329711916,-1
Z.Ertz,2025,10,9.4,9.566666666666666,0.18954822421073914,9.756214890877406,2
D.Slayton,2025,10,12.9,6.057142857142858,1.0904566049575806,7.147599462100438,2
D.Bellinger,2025,10,1.8,6.066666666666667,0.0032535421196371317,6.0699202087863044,2
G.Wilson,2025,10,0.0,16.583333333333332,-2.411994695663452,14.17133863766988,2
P.Freiermuth,2025,10,6.300000000000001,8.528571428571428,-0.35815727710723877,8.17041415146419,2
J.Ruckert,2025,10,1.0,3.9166666666666665,-0.21444320678710938,3.702223459879557,2
C.Austin,2025,10,3.4000000000000004,8.883333333333333,-0.5688786506652832,8.31445468266805,2
M.Taylor,2025,10,1.4,7.65,0.7088586091995239,8.358858609199524,2
E.Arroyo,2025,10,1.5,4.237500000000001,0.8166508078575134,5.054150807857514,2
L.Farrell,2025,10,9.5,3.1166666666666667,0.540111780166626,3.6567784468332927,2
D.London,2025,10,24.4,19.1,-3.047010898590088,16.052989101409914,2
K.Pitts,2025,10,5.800000000000001,10.9,0.4718751907348633,11.371875190734864,2
C.Otton,2025,10,17.200000000000003,7.585714285714286,0.889083743095398,8.474798028809683,2
T.Lockett,2025,10,9.4,2.125,1.0226353406906128,3.147635340690613,-1
A.Trautman,2025,10,1.2,4.66,-0.5576691031455994,4.102330896854401,2
D.Mooney,2025,10,2.7,4.883333333333334,1.2110003232955933,6.094333656628927,2
T.Shavers,2025,10,3.4000000000000004,2.3600000000000003,1.2610127925872803,3.6210127925872806,2
B.Wright,2025,10,0.0,7.025,-1.8343756198883057,5.190624380111695,2
P.Bryant,2025,10,5.3,4.266666666666667,0.038541559129953384,4.30520822579662,2
T.Higbee,2025,10,6.300000000000001,6.9,0.02887781895697117,6.9288778189569715,2
G.Calcaterra,2025,10,0.0,2.6666666666666665,1.3444851636886597,4.011151830355326,2
D.Washington,2025,10,2.5,6.74,0.1170617863535881,6.857061786353588,2
K.Bourne,2025,10,2.9000000000000004,9.5375,1.6377897262573242,11.175289726257324,2
D.Sills,2025,10,0.0,1.7666666666666668,1.0125436782836914,2.779210344950358,-1
O.Gadsden,2025,10,4.3,12.471428571428572,1.0120582580566406,13.483486829485212,2
T.Fisk,2025,10,1.7000000000000002,0.7333333333333334,2.062131643295288,2.7954649766286215,-1
C.Kolar,2025,10,3.3000000000000003,4.9,-0.8069076538085938,4.093092346191407,2
C.Kirk,2025,10,1.3,6.875,1.1409251689910889,8.015925168991089,2
C.Samuel,2025,10,3.1,4.7,-0.5460450649261475,4.153954935073853,2
I.Likely,2025,10,3.7,4.15,0.789595901966095,4.939595901966095,2
J.Bates,2025,10,1.6,2.6500000000000004,1.018275260925293,3.6682752609252933,2
J.Coker,2025,10,5.1,2.833333333333333,0.9450568556785583,3.7783901890118914,2
J.Allen,2025,11,42.68,22.74,0.6277335286140442,23.367733528614043,0
L.Jackson,2025,11,4.719999999999999,22.593333333333334,-2.7726666927337646,19.82066664059957,0
T.Lawrence,2025,11,15.02,15.902222222222225,0.05552415922284126,15.957746381445066,0
B.Young,2025,11,31.82,10.773333333333332,2.1049699783325195,12.878303311665851,0
J.Flacco,2025,11,9.86,15.7075,1.6399234533309937,17.347423453330993,0
D.Prescott,2025,11,24.32,18.762222222222224,0.19384637475013733,18.95606859697236,0
J.Hurts,2025,11,14.5,20.64444444444445,-0.0851764902472496,20.5592679541972,0
J.Love,2025,11,17.66,16.40888888888889,2.6087350845336914,19.01762397342258,0
J.Goff,2025,11,12.1,17.966666666666665,-0.6668527722358704,17.299813894430795,0
M.Stafford,2025,11,13.2,20.90888888888889,-4.583884239196777,16.32500464969211,0
P.Mahomes,2025,11,13.340000000000002,22.94,-2.491830587387085,20.448169412612916,0
J.Herbert,2025,11,3.34,20.28,1.3280991315841675,21.60809913158417,0
G.Smith,2025,11,12.92,11.617777777777778,1.8711233139038086,13.488901091681587,0
D.Maye,2025,11,15.44,20.77,-0.5398812294006348,20.230118770599365,0
T.Tagovailoa,2025,11,6.84,12.388,1.619465947151184,14.007465947151184,0
J.McCarthy,2025,11,6.0,14.67,-0.4284874200820923,14.241512579917908,0
C.Williams,2025,11,10.32,20.24888888888889,-1.5480455160140991,18.70084337287479,0
J.Fields,2025,11,19.34,15.415,1.3398008346557617,16.75480083465576,0
A.Rodgers,2025,11,9.44,15.102222222222224,2.0103814601898193,17.112603682412043,0
S.Darnold,2025,11,4.26,15.82,0.20477643609046936,16.02477643609047,0
M.Penix,2025,11,7.9,14.0475,1.5750584602355957,15.622558460235595,0
B.Mayfield,2025,11,16.82,18.164444444444445,-0.4139866828918457,17.7504577615526,0
C.Ward,2025,11,13.06,8.11111111111111,1.988871455192566,10.099982566303677,0
B.Nix,2025,11,12.6,18.554,-2.8217248916625977,15.7322751083374,0
D.Gabriel,2025,11,2.9200000000000004,9.594285714285714,3.453730821609497,13.048016535895211,0
D.Henry,2025,11,20.200000000000003,12.988888888888887,-3.103477954864502,9.885410934024385,1
M.Mariota,2025,11,15.42,14.095999999999998,1.7034945487976074,15.799494548797606,0
D.Montgomery,2025,11,4.7,11.702222222222222,1.1121066808700562,12.814328903092278,1
D.Mills,2025,11,16.36,11.693333333333332,1.6223604679107666,13.315693801244098,0
J.Brissett,2025,11,21.880000000000003,14.153333333333334,-0.9543860554695129,13.198947277863821,0
J.Waddle,2025,11,8.2,14.332,0.8774426579475403,15.209442657947541,2
C.Kupp,2025,11,5.300000000000001,8.3375,0.44257816672325134,8.780078166723252,2
B.Hall,2025,11,8.4,14.506666666666668,0.5402615070343018,15.04692817370097,1
C.Kmet,2025,11,9.5,3.9625,0.378418892621994,4.340918892621994,2
D.Moore,2025,11,3.1,10.375555555555556,0.99280846118927,11.368364016744826,2
K.Allen,2025,11,9.3,12.960000000000004,1.23587167263031,14.195871672630314,2
C.Sutton,2025,11,9.9,12.6,-0.04176269471645355,12.558237305283546,2
R.Harvey,2025,11,8.0,9.99,-1.0985764265060425,8.891423573493958,1
C.McCaffrey,2025,11,35.1,24.68,-1.0761061906814575,23.603893809318542,1
Q.Judkins,2025,11,5.9,13.3875,-0.47406986355781555,12.913430136442184,1
D.Singletary,2025,11,17.7,3.16,1.2366899251937866,4.396689925193787,1
J.Jennings,2025,11,9.4,9.8,1.0161675214767456,10.816167521476746,2
J.Cook,2025,11,20.4,18.044444444444444,-0.46859899163246155,17.575845452811983,1
Ty.Johnson,2025,11,15.0,2.6444444444444444,1.6617039442062378,4.306148388650682,1
Z.Flowers,2025,11,11.3,13.233333333333333,1.2311128377914429,14.464446171124775,2
T.Etienne,2025,11,19.5,13.57,-0.6397315263748169,12.930268473625183,1
D.Brown,2025,11,0.0,6.1875,0.5011070370674133,6.688607037067413,2
C.Hubbard,2025,11,3.8,9.65,0.39094609022140503,10.040946090221405,1
L.Allen,2025,11,3.6,1.7875,1.4356180429458618,3.223118042945862,-1
B.Tuten,2025,11,13.4,5.388888888888889,-0.48824742436408997,4.900641464524799,1
R.Dowdle,2025,11,15.0,14.7,-0.7291479706764221,13.970852029323577,1
T.Bigsby,2025,11,3.4000000000000004,3.575,1.6565687656402588,5.231568765640259,1
C.Brown,2025,11,18.700000000000003,12.788888888888888,1.5718770027160645,14.360765891604952,1
D.Sampson,2025,11,1.9,5.033333333333333,0.9796638488769531,6.012997182210286,2
J.Ford,2025,11,0.2,4.0,1.5398198366165161,5.539819836616516,1
H.Fannin,2025,11,4.6,10.466666666666669,0.6598493456840515,11.12651601235072,2
J.Williams,2025,11,30.0,25.55,-4.047817707061768,21.502182292938233,1
K.Turpin,2025,11,1.0,6.0,0.5645225644111633,6.564522564411163,2
S.Barkley,2025,11,10.0,15.655555555555557,-0.6003198623657227,15.055235693189834,1
J.Jacobs,2025,11,4.0,19.61111111111111,-0.15281498432159424,19.458296126789516,1
J.Gibbs,2025,11,19.6,20.41111111111111,-3.3243062496185303,17.08680486149258,1
C.Brooks,2025,11,0.8,2.1,1.5070043802261353,3.6070043802261353,-1
E.Wilson,2025,11,13.9,4.25,1.4976117610931396,5.74761176109314,1
N.Chubb,2025,11,1.7000000000000002,7.677777777777777,1.415884017944336,9.093661795722113,1
D.Ogunbowale,2025,11,1.9,1.625,0.8984527587890625,2.5234527587890625,2
K.Williams,2025,11,16.6,18.622222222222224,-2.2783048152923584,16.343917406929865,1
P.Nacua,2025,11,14.3,22.375,-2.199969530105591,20.17503046989441,2
W.Marks,2025,11,6.1000000000000005,9.744444444444444,0.033052172511816025,9.77749661695626,1
J.Whittington,2025,11,1.9,3.6142857142857134,0.9150360822677612,4.529321796553475,2
B.Corum,2025,11,1.5,4.688888888888889,1.4889581203460693,6.177847009234958,1
X.Hutchinson,2025,11,7.2,7.7125,-0.24896839261054993,7.46353160738945,2
X.Worthy,2025,11,5.5,8.985714285714286,0.35900649428367615,9.344720779997962,2
K.Hunt,2025,11,13.2,8.966666666666667,-1.7182166576385498,7.248450009028117,1
D.Davis,2025,11,0.0,0.6,1.9699645042419434,2.5699645042419434,-1
A.Jeanty,2025,11,9.4,14.58888888888889,-1.0200778245925903,13.5688110642963,1
T.Henderson,2025,11,32.3,9.34,0.7873342633247375,10.127334263324737,1
D.Douglas,2025,11,6.1,7.588888888888889,0.02372049354016781,7.612609382429056,2
D.Achane,2025,11,21.5,21.28,-1.3718830347061157,19.908116965293885,1
O.Gordon,2025,11,10.5,3.29,0.8236366510391235,4.113636651039124,1
M.Washington,2025,11,7.2,6.7,0.736106276512146,7.436106276512146,2
A.Jones,2025,11,11.1,10.14,-0.9720010757446289,9.167998924255372,1
D.Swift,2025,11,9.0,15.8,-1.5222580432891846,14.277741956710816,1
J.Jefferson,2025,11,11.1,14.666666666666666,-0.28967344760894775,14.376993219057718,2
J.Mason,2025,11,10.5,9.2,0.5023813247680664,9.702381324768066,1
T.Tracy,2025,11,17.900000000000002,6.6875,1.088304877281189,7.775804877281189,1
J.Croskey-Merritt,2025,11,4.300000000000001,8.129999999999999,0.2843143939971924,8.414314393997191,1
J.McNichols,2025,11,4.9,5.455555555555556,1.1805574893951416,6.636113044950697,1
D.Samuel,2025,11,20.7,13.38888888888889,-0.5445847511291504,12.844304137759739,2
I.Davis,2025,11,1.1,5.0875,1.197906732559204,6.2854067325592045,1
K.Gainwell,2025,11,29.5,8.81111111111111,1.0771985054016113,9.888309616512721,1
J.Warren,2025,11,8.7,13.725,0.9697064757347107,14.69470647573471,1
K.Johnson,2025,11,1.5,2.9875000000000003,0.8746958374977112,3.8621958374977114,2
K.Walker,2025,11,20.1,10.133333333333333,-0.550828218460083,9.58250511487325,1
B.Robinson,2025,11,32.7,22.29,-2.044229507446289,20.24577049255371,1
Z.Charbonnet,2025,11,6.7,10.0,-1.4000463485717773,8.599953651428223,1
A.Barner,2025,11,17.1,8.399999999999999,0.018837107345461845,8.41883710734546,2
T.Allgeier,2025,11,9.6,7.777777777777778,-0.724237322807312,7.053540454970466,1
S.Tucker,2025,11,34.0,4.916666666666667,0.1340899020433426,5.0507565687100096,1
R.White,2025,11,8.200000000000001,10.644444444444444,-0.08041075617074966,10.564033688273694,1
E.Egbuka,2025,11,9.0,16.28888888888889,-1.723297119140625,14.565591769748266,2
T.Pollard,2025,11,5.6,9.922222222222222,2.510591983795166,12.432814206017389,1
C.Dike,2025,11,3.4000000000000004,5.344444444444445,0.6833419799804688,6.027786424424914,2
X.Legette,2025,11,18.3,6.2625,0.4684757590293884,6.730975759029389,2
A.St. Brown,2025,11,6.2,20.244444444444444,-1.6233646869659424,18.6210797574785,2
K.Monangai,2025,11,10.7,7.588888888888889,0.4574827551841736,8.046371644073062,1
M.Andrews,2025,11,15.7,9.355555555555556,-1.8046848773956299,7.550870678159926,2
I.Bond,2025,11,0.8,3.4571428571428577,1.3899869918823242,4.8471298490251815,2
T.Franklin,2025,11,12.4,11.94,-1.1410778760910034,10.798922123908996,2
T.Badie,2025,11,1.0,2.45,1.0303596258163452,3.4803596258163454,2
T.Tucker,2025,11,14.7,11.9,0.2004753053188324,12.100475305318833,2
Q.Johnston,2025,11,0.0,15.2375,-0.5611897110939026,14.676310288906098,2
B.Smith,2025,11,2.8,4.300000000000001,0.9694552421569824,5.269455242156983,2
R.Pearsall,2025,11,1.0,13.075,0.7079378962516785,13.782937896251678,2
M.Golden,2025,11,3.4000000000000004,6.7125,1.3735988140106201,8.08609881401062,2
S.Williams,2025,11,4.300000000000001,2.5375,1.070565938949585,3.608065938949585,-1
E.Demercado,2025,11,4.0,6.416666666666667,0.28321096301078796,6.699877629677455,1
G.Dortch,2025,11,18.6,4.033333333333333,0.11827932298183441,4.151612656315168,2
J.Chase,2025,11,6.0,20.855555555555554,-0.5983237624168396,20.257231793138715,2
L.Burden,2025,11,5.7,5.6000000000000005,0.07603835314512253,5.676038353145123,2
C.Rodriguez,2025,11,9.5,5.428571428571429,0.3165881633758545,5.745159591947283,1
G.Holani,2025,11,0.6000000000000001,4.733333333333333,0.02996305748820305,4.763296390821536,1
J.Wright,2025,11,0.4,2.5,1.7247297763824463,4.224729776382446,1
R.Mostert,2025,11,3.3000000000000003,2.7000000000000006,1.4502185583114624,4.1502185583114635,1
A.Prentice,2025,11,2.4000000000000004,0.7714285714285715,1.5862069129943848,2.357635484422956,-1
M.Mims,2025,11,0.2,7.85,0.142026886343956,7.992026886343956,2
A.Iosivas,2025,11,5.0,6.642857142857143,0.9170905947685242,7.559947737625667,2
H.Luepke,2025,11,7.1,2.56,0.23720179498195648,2.7972017949819565,-1
R.Flournoy,2025,11,7.2,7.383333333333333,0.06597954779863358,7.449312881131966,2
P.Washington,2025,11,4.0,9.1875,-0.0737321749329567,9.113767825067043,2
Co.Heyward,2025,11,0.3,2.08,0.8959522843360901,2.97595228433609,-1
S.Shepard,2025,11,10.1,7.188888888888889,0.1433415412902832,7.332230430179172,2
T.Johnson,2025,11,8.2,19.81,-1.410839557647705,18.399160442352294,2
J.Smith-Njigba,2025,11,20.6,21.922222222222224,-2.3765571117401123,19.545665110482112,2
M.Carter,2025,11,7.800000000000001,6.56,0.5797017216682434,7.139701721668243,1
J.Noel,2025,11,2.2,5.5125,0.3797292411327362,5.892229241132736,2
C.Moore,2025,11,4.800000000000001,5.216666666666667,-0.07025611400604248,5.146410552660624,2
K.Mitchell,2025,11,7.4,3.125,1.1173919439315796,4.24239194393158,1
N.Collins,2025,11,24.200000000000003,14.225,-0.47840967774391174,13.746590322256088,2
J.Nailor,2025,11,2.6,7.188888888888889,0.6935721039772034,7.8824609928660925,2
M.Corley,2025,11,2.9,2.7750000000000004,1.7201839685440063,4.495183968544007,1
K.Shakir,2025,11,0.7,12.133333333333333,0.8087254166603088,12.942058749993642,2
W.Robinson,2025,11,7.6,12.54,0.7707573175430298,13.310757317543029,2
K.Juszczyk,2025,11,4.6,3.51,1.1789493560791016,4.688949356079101,2
T.Spears,2025,11,8.4,8.760000000000002,0.32622230052948,9.086222300529482,1
Z.Knight,2025,11,14.5,8.440000000000001,-0.6912948489189148,7.7487051510810865,1
K.Vidal,2025,11,3.2,12.283333333333331,-0.15342022478580475,12.129913108547527,1
J.Lane,2025,11,2.3,3.69,1.335529088973999,5.0255290889739985,2
J.Smith,2025,11,0.0,6.144444444444444,0.768120288848877,6.912564733293321,2
E.Engram,2025,11,7.300000000000001,6.377777777777778,0.5953452587127686,6.973123036490547,2
M.Hollins,2025,11,10.4,7.855555555555556,0.18139149248600006,8.036947048041556,2
G.Larvadain,2025,11,0.0,1.5,1.593665361404419,3.093665361404419,-1
C.Lamb,2025,11,17.6,18.06,-1.595752477645874,16.464247522354125,2
R.Rice,2025,11,9.8,22.433333333333334,-4.619898796081543,17.81343453725179,2
B.Bowers,2025,11,14.2,15.083333333333334,-1.9129959344863892,13.170337398846945,2
J.Addison,2025,11,10.0,13.133333333333336,0.1209060549736023,13.254239388306939,2
G.Kittle,2025,11,24.7,11.42,-1.4501848220825195,9.96981517791748,2
J.Metchie,2025,11,13.5,1.6,1.7073673009872437,3.3073673009872437,-1
T.Kelce,2025,11,24.1,12.77777777777778,-0.06587927788496017,12.71189849989282,2
T.Hockenson,2025,11,6.9,7.455555555555555,0.4895983934402466,7.945153948995801,2
J.Ferguson,2025,11,11.6,14.266666666666667,-1.5562121868133545,12.710454479853313,2
D.Metcalf,2025,11,9.9,12.466666666666669,-0.9498539566993713,11.516812709967297,2
D.Wicks,2025,11,1.9,4.885714285714286,1.587693214416504,6.47340750013079,2
C.Watson,2025,11,20.6,8.933333333333334,0.9297434687614441,9.863076802094778,2
J.Meyers,2025,11,11.4,9.4125,0.6924664974212646,10.104966497421264,2
D.Robinson,2025,11,2.3,3.885714285714286,1.508594036102295,5.394308321816581,2
T.Harris,2025,11,2.2,3.7222222222222223,0.6816262602806091,4.4038484825028315,2
C.Loveland,2025,11,7.0,7.737500000000001,0.06395281851291656,7.801452818512917,2
A.Mitchell,2025,11,2.0,2.7750000000000004,0.9320308566093445,3.707030856609345,2
J.Jeudy,2025,11,5.1,7.5,1.1921231746673584,8.692123174667358,2
D.Goedert,2025,11,4.4,13.65,-1.4501335620880127,12.199866437911988,2
T.McBride,2025,11,27.5,17.477777777777778,-2.0396370887756348,15.438140689002143,2
Mi.Wilson,2025,11,33.5,5.677777777777778,0.43468406796455383,6.112461845742332,2
E.Higgins,2025,11,1.1,3.6375,0.8653374314308167,4.502837431430817,2
D.Knox,2025,11,3.3000000000000003,4.1875,0.8295593857765198,5.01705938577652,2
J.Palmer,2025,11,3.7,6.233333333333334,1.3332163095474243,7.566549642880759,2
D.Hopkins,2025,11,2.1,4.977777777777778,-0.35897916555404663,4.618798612223731,2
T.Tremble,2025,11,6.4,4.111111111111111,0.7419512867927551,4.853062397903866,2
T.McMillan,2025,11,33.0,11.98,1.1763542890548706,13.156354289054871,2
J.Sanders,2025,11,6.2,4.971428571428571,1.3903613090515137,6.361789880480084,2
J.Mundt,2025,11,4.5,1.542857142857143,1.2993541955947876,2.8422113384519303,-1
N.Fant,2025,11,6.6,9.0,-0.2257838100194931,8.774216189980507,2
T.Higgins,2025,11,15.3,13.122222222222222,-0.40172097086906433,12.720501251353157,2
C.Tillman,2025,11,8.2,7.340000000000001,0.13384637236595154,7.473846372365952,2
D.Njoku,2025,11,1.7000000000000002,9.3875,0.2873464822769165,9.674846482276916,2
G.Pickens,2025,11,29.4,17.933333333333334,-4.656297206878662,13.277036126454671,2
J.Tolbert,2025,11,0.0,4.9,0.557876467704773,5.457876467704773,2
D.Smith,2025,11,1.8,14.633333333333333,0.009008950553834438,14.642342283887167,2
J.Dotson,2025,11,6.3,4.1571428571428575,0.054761577397584915,4.211904434540442,2
B.Spann-Ford,2025,11,1.4,1.1,1.5887048244476318,2.688704824447632,-1
A.Brown,2025,11,11.9,11.225,0.7330940961837769,11.958094096183777,2
R.Doubs,2025,11,9.3,11.733333333333333,1.3633331060409546,13.096666439374287,2
J.FitzPatrick,2025,11,1.5,3.35,0.05361223965883255,3.4036122396588326,-1
L.Musgrave,2025,11,0.9,3.3000000000000003,1.2640478610992432,4.564047861099244,2
I.TeSlaa,2025,11,0.0,3.75,-0.05515916645526886,3.694840833544731,2
D.Adams,2025,11,7.1,16.977777777777778,-1.7528865337371826,15.224891244040595,2
D.Schultz,2025,11,11.1,10.533333333333337,-0.054446231573820114,10.478887101759517,2
J.Higgins,2025,11,9.5,6.344444444444445,-0.26216381788253784,6.082280626561907,2
C.Parkinson,2025,11,9.4,4.65,0.18094640970230103,4.830946409702301,2
X.Smith,2025,11,1.8,3.425,0.9132894277572632,4.338289427757263,2
L.McConkey,2025,11,4.3,13.81,-0.47676336765289307,13.333236632347107,2
T.Thornton,2025,11,7.1000000000000005,9.014285714285714,-0.5411551594734192,8.473130554812295,2
M.Brown,2025,11,8.0,10.766666666666667,-0.4955875873565674,10.2710790793101,2
N.Gray,2025,11,2.9,2.6,1.275986909866333,3.875986909866333,2
J.Bech,2025,11,2.9000000000000004,2.3833333333333333,1.2076319456100464,3.5909652789433797,2
H.Henry,2025,11,8.5,9.17,0.3267565071582794,9.49675650715828,2
S.Diggs,2025,11,19.5,12.34,0.28387928009033203,12.623879280090332,2
M.Mayer,2025,11,4.3,5.642857142857143,0.5340531468391418,6.176910289696285,2
J.Oliver,2025,11,0.7,4.62,-0.20363441109657288,4.416365588903427,2
R.Odunze,2025,11,6.1000000000000005,14.322222222222225,-1.9283621311187744,12.39386009110345,2
A.Thielen,2025,11,1.6,2.185714285714286,1.1646682024002075,3.3503824881144935,-1
Z.Ertz,2025,11,8.2,9.55,0.2249414473772049,9.774941447377206,2
D.Bellinger,2025,11,0.0,5.457142857142857,0.15854278206825256,5.61568563921111,2
P.Freiermuth,2025,11,2.9000000000000004,8.25,0.40061187744140625,8.650611877441406,2
J.Ruckert,2025,11,6.300000000000001,3.5,-0.04956638813018799,3.450433611869812,2
C.Austin,2025,11,1.5,8.1,0.5568780899047852,8.656878089904785,2
M.Taylor,2025,11,7.0,6.955555555555556,0.8806160688400269,7.836171624395583,2
E.Arroyo,2025,11,0.0,3.933333333333334,0.5739333629608154,4.507266696294149,2
D.London,2025,11,18.9,19.762500000000003,-3.796290874481201,15.966209125518802,2
K.Pitts,2025,11,3.4000000000000004,10.333333333333334,0.2524304986000061,10.58576383193334,2
C.Otton,2025,11,4.800000000000001,8.787500000000001,0.6041947603225708,9.391694760322572,2
T.Lockett,2025,11,6.300000000000001,2.933333333333333,1.2141259908676147,4.147459324200948,2
G.Helm,2025,11,6.9,4.966666666666667,0.48581498861312866,5.4524816552797954,2
A.Trautman,2025,11,1.8,4.083333333333333,-0.10662535578012466,3.9767079775532084,2
C.Okonkwo,2025,11,8.600000000000001,6.344444444444445,0.9277066588401794,7.272151103284624,2
E.Ayomanor,2025,11,3.1,7.811111111111113,0.4010305106639862,8.2121416217751,2
C.Ridley,2025,11,2.3,7.5,0.7996497750282288,8.299649775028229,2
D.Mooney,2025,11,6.4,4.571428571428571,1.1971877813339233,5.7686163527624945,2
T.Shavers,2025,11,19.0,2.5333333333333337,1.2393156290054321,3.772648962338766,2
B.Tremayne,2025,11,3.7,4.32,0.971616804599762,5.291616804599762,2
B.Wright,2025,11,2.8,5.62,-0.7197437286376953,4.900256271362305,2
T.Wallace,2025,11,0.0,3.625,-0.6584829688072205,2.9665170311927795,2
P.Bryant,2025,11,13.2,4.414285714285714,0.1548806130886078,4.5691663273743215,2
T.Patrick,2025,11,11.0,2.716666666666667,0.12304405868053436,2.839710725347201,2
T.Higbee,2025,11,3.3000000000000003,6.814285714285715,0.2506429851055145,7.0649286993912295,2
V.Jefferson,2025,11,11.2,4.385714285714285,1.0055025815963745,5.39121686731066,2
D.Washington,2025,11,10.7,6.033333333333334,1.1286799907684326,7.162013324101767,2
D.Sills,2025,11,2.1,1.3250000000000002,1.4268720149993896,2.75187201499939,-1
O.Gadsden,2025,11,6.1000000000000005,11.45,0.8062432408332825,12.256243240833282,2
C.Kolar,2025,11,0.0,4.633333333333334,-1.0859251022338867,3.547408231099447,2
C.Kirk,2025,11,1.6,5.76,0.9877938628196716,6.747793862819671,2
C.Samuel,2025,11,3.9,4.3,-0.43273746967315674,3.867262530326843,2
I.Likely,2025,11,3.5,4.0600000000000005,0.5888814926147461,4.648881492614747,2
I.Thomas,2025,11,3.0,2.766666666666667,1.2208577394485474,3.9875244061152144,2
J.Hyatt,2025,11,3.8,1.5666666666666669,1.2012525796890259,2.7679192463556928,-1
T.Hudson,2025,11,5.2,6.366666666666667,-0.3597647547721863,6.006901911894481,2
J.Coker,2025,11,11.2,3.4000000000000004,0.971616804599762,4.371616804599762,2
J.Allen,2025,12,8.120000000000001,24.734,-3.784086227416992,20.94991377258301,0
L.Jackson,2025,12,7.220000000000001,20.04,-2.475403070449829,17.56459692955017,0
T.Lawrence,2025,12,17.14,15.814000000000002,0.03503609821200371,15.849036098212006,0
B.Young,2025,12,8.26,12.878,2.2528505325317383,15.130850532531738,0
J.Flacco,2025,12,9.62,15.057777777777776,0.14449721574783325,15.20227499352561,0
D.Prescott,2025,12,27.06,19.318,-1.0353622436523438,18.282637756347658,0
J.Hurts,2025,12,30.86,20.03,1.3828697204589844,21.412869720458986,0
J.Love,2025,12,7.0600000000000005,16.534,1.3994646072387695,17.93346460723877,0
J.Goff,2025,12,17.16,17.380000000000003,-0.10966234654188156,17.27033765345812,0
M.Stafford,2025,12,22.92,20.138,-0.9539674520492554,19.184032547950746,0
P.Mahomes,2025,12,17.08,21.98,-0.5240715146064758,21.455928485393525,0
G.Smith,2025,12,14.200000000000005,11.748,0.47673743963241577,12.224737439632415,0
D.Maye,2025,12,15.96,20.285454545454545,1.8509840965270996,22.136438641981645,0
D.Jones,2025,12,16.84,19.236,0.16474203765392303,19.400742037653924,0
J.McCarthy,2025,12,0.4800000000000004,12.936000000000002,1.5298573970794678,14.46585739707947,0
C.Williams,2025,12,21.66,19.256,0.5658880472183228,19.821888047218323,0
S.Darnold,2025,12,17.66,14.663999999999998,-0.5511596202850342,14.112840379714964,0
B.Purdy,2025,12,7.32,17.913333333333334,-1.0275158882141113,16.885817445119223,0
B.Mayfield,2025,12,3.54,18.03,-0.4445430040359497,17.58545699596405,0
C.Ward,2025,12,23.94,8.606,2.1980717182159424,10.804071718215942,0
T.Taylor,2025,12,12.78,9.053333333333333,3.2734742164611816,12.326807549794514,0
J.Browning,2025,12,0.56,12.045,1.3063708543777466,13.351370854377747,0
M.Rudolph,2025,12,7.539999999999999,3.1533333333333338,2.9468159675598145,6.100149300893149,0
K.Cousins,2025,12,14.46,3.466666666666667,2.7753264904022217,6.2419931570688885,0
D.Henry,2025,12,22.8,13.710000000000004,-1.8012444972991943,11.90875550270081,1
T.Shough,2025,12,7.920000000000002,8.135000000000002,3.1807117462158203,11.315711746215822,0
C.Olave,2025,12,16.0,14.810000000000002,0.01283765584230423,14.822837655842307,2
D.Montgomery,2025,12,6.7,11.002,0.10251615941524506,11.104516159415246,1
D.Mills,2025,12,14.52,12.86,2.600538730621338,15.460538730621337,0
T.Warren,2025,12,9.5,13.63,0.7775291204452515,14.407529120445252,2
T.Hill,2025,12,1.7000000000000002,7.025999999999999,0.6022157073020935,7.628215707302092,2
J.Brissett,2025,12,18.68,15.257142857142858,0.7258293628692627,15.98297222001212,0
C.Kupp,2025,12,4.4,8.0,0.3768106997013092,8.37681069970131,2
B.Hall,2025,12,13.9,13.896,2.1711933612823486,16.06719336128235,1
C.Kmet,2025,12,1.3,4.577777777777778,0.783514678478241,5.361292456256019,2
D.Moore,2025,12,23.4,9.648,1.0143920183181763,10.662392018318176,2
C.McCaffrey,2025,12,27.200000000000003,25.627272727272725,-0.4178233742713928,25.209449353001332,1
Q.Judkins,2025,12,16.7,12.555555555555555,-0.7118315696716309,11.843723985883924,1
J.Johnson,2025,12,10.6,10.81,0.12314633280038834,10.933146332800389,2
D.Singletary,2025,12,4.7,4.481818181818182,1.0633615255355835,5.545179707353766,1
J.Jennings,2025,12,15.1,9.755555555555556,0.5606309771537781,10.316186532709335,2
A.Kamara,2025,12,3.5,9.72,2.3288497924804688,12.04884979248047,1
D.Neal,2025,12,11.1,2.68,1.3290374279022217,4.009037427902221,1
J.Cook,2025,12,21.9,18.28,-0.9768385291099548,17.303161470890046,1
Ty.Johnson,2025,12,8.2,3.88,0.3048439621925354,4.184843962192535,2
Z.Flowers,2025,12,11.9,13.039999999999996,1.1422173976898193,14.182217397689815,2
E.Moore,2025,12,0.7,3.4875,0.5334205627441406,4.0209205627441404,2
T.Etienne,2025,12,20.6,14.109090909090911,-0.02611258625984192,14.08297832283107,1
C.Hubbard,2025,12,8.3,9.0,0.9994369149208069,9.999436914920807,1
L.Allen,2025,12,0.2,1.9888888888888887,1.4677340984344482,3.456622987323337,1
B.Tuten,2025,12,1.7000000000000002,6.19,-0.5494715571403503,5.64052844285965,1
R.Dowdle,2025,12,11.4,14.727272727272728,0.584629237651825,15.311901964924553,1
T.Bigsby,2025,12,0.8,3.54,2.2734172344207764,5.813417234420776,1
C.Brown,2025,12,13.3,13.38,1.651572823524475,15.031572823524476,1
D.Sampson,2025,12,16.200000000000003,4.720000000000001,0.5773401856422424,5.297340185642243,2
H.Fannin,2025,12,8.4,9.88,0.5865327715873718,10.466532771587373,2
J.Williams,2025,12,12.1,25.954545454545453,-2.945971965789795,23.00857348875566,1
K.Turpin,2025,12,4.200000000000001,5.375,0.30290189385414124,5.677901893854141,2
S.Barkley,2025,12,12.4,15.09,0.592458188533783,15.682458188533783,1
J.Gibbs,2025,12,55.400000000000006,20.33,-1.0733858346939087,19.25661416530609,1
C.Brooks,2025,12,3.6,1.9142857142857144,1.042934536933899,2.9572202512196135,-1
E.Wilson,2025,12,26.5,5.322222222222222,1.1826221942901611,6.504844416512383,1
N.Chubb,2025,12,2.5,7.080000000000001,1.7650288343429565,8.845028834342958,1
K.Williams,2025,12,8.600000000000001,18.42,-0.6001929640769958,17.819807035923006,1
P.Nacua,2025,12,16.700000000000003,21.47777777777777,-2.5126047134399414,18.96517306433783,2
W.Marks,2025,12,7.9,9.38,1.100774884223938,10.480774884223939,1
J.Whittington,2025,12,4.7,3.4,0.9798914194107056,4.379891419410706,2
B.Corum,2025,12,2.4000000000000004,4.37,1.9744781255722046,6.344478125572205,1
X.Hutchinson,2025,12,0.9,7.655555555555556,0.29170650243759155,7.947262057993147,2
X.Worthy,2025,12,9.9,8.55,0.38379359245300293,8.933793592453004,2
K.Hunt,2025,12,20.0,9.39,-1.3369429111480713,8.05305708885193,1
A.Jeanty,2025,12,24.8,14.07,-1.2421226501464844,12.827877349853516,1
R.Stevenson,2025,12,2.0,9.35,2.677361249923706,12.027361249923706,1
T.Henderson,2025,12,11.1,11.427272727272728,2.911099433898926,14.338372161171653,1
D.Douglas,2025,12,6.1000000000000005,7.44,1.5058718919754028,8.945871891975404,2
J.Taylor,2025,12,8.600000000000001,27.39,-6.522685527801514,20.867314472198487,1
A.Dulin,2025,12,5.800000000000001,2.8400000000000003,1.3989911079406738,4.238991107940674,2
A.Jones,2025,12,8.700000000000001,10.3,0.672335684299469,10.97233568429947,1
D.Swift,2025,12,1.9000000000000004,15.044444444444444,-0.9602159857749939,14.08422845866945,1
J.Jefferson,2025,12,8.8,14.310000000000002,0.7856553196907043,15.095655319690707,2
J.Mason,2025,12,4.2,9.330000000000002,-0.43181926012039185,8.89818073987961,1
T.Tracy,2025,12,16.0,7.933333333333334,1.4326225519180298,9.365955885251363,1
I.Davis,2025,12,0.7000000000000001,4.644444444444444,1.4066100120544434,6.051054456498887,1
K.Gainwell,2025,12,18.200000000000003,10.88,0.06851914525032043,10.948519145250321,1
J.Warren,2025,12,12.8,13.166666666666666,0.29767608642578125,13.464342753092447,1
K.Walker,2025,12,13.1,11.13,-0.004328366369009018,11.125671633630992,1
B.Robinson,2025,12,20.1,23.236363636363635,-1.412577509880066,21.82378612648357,1
Z.Charbonnet,2025,12,9.5,9.633333333333333,-0.7679876089096069,8.865345724423726,1
A.Barner,2025,12,3.8,9.27,-0.10261180996894836,9.167388190031051,2
T.Allgeier,2025,12,5.9,7.959999999999999,-0.5167341232299805,7.443265876770019,1
S.Tucker,2025,12,5.6000000000000005,9.071428571428571,-1.458240270614624,7.613188300813947,1
R.White,2025,12,5.2,10.4,0.15807555615901947,10.55807555615902,1
E.Egbuka,2025,12,6.2,15.560000000000002,-1.077420949935913,14.48257905006409,2
T.Pollard,2025,12,8.1,9.49,1.9119386672973633,11.401938667297363,1
C.Dike,2025,12,15.4,5.15,0.6469363570213318,5.796936357021332,2
J.Chestnut,2025,12,0.3,0.72,2.136685609817505,2.8566856098175046,-1
A.Smith,2025,12,0.8,1.5714285714285714,1.5522805452346802,3.1237091166632514,-1
X.Legette,2025,12,5.2,7.6,0.4557214081287384,8.055721408128738,2
O.Zaccheaus,2025,12,1.6,7.2555555555555555,0.8966124653816223,8.152168020937179,2
A.St. Brown,2025,12,29.9,18.84,-1.171528697013855,17.668471302986145,2
K.Raymond,2025,12,5.7,3.7428571428571433,1.0689181089401245,4.811775251797268,2
K.Monangai,2025,12,10.8,7.9,0.2613905966281891,8.16139059662819,1
M.Andrews,2025,12,2.1,9.99,-1.0910494327545166,8.898950567245484,2
I.Bond,2025,12,7.800000000000001,3.125,1.2855138778686523,4.410513877868652,2
T.Tucker,2025,12,5.800000000000001,12.18,-2.183138132095337,9.996861867904663,2
B.Smith,2025,12,6.6,4.133333333333334,1.1242289543151855,5.257562287648519,2
R.Pearsall,2025,12,2.8,10.66,1.5462620258331299,12.20626202583313,2
G.Dortch,2025,12,16.8,5.49,0.20583172142505646,5.695831721425057,2
T.Brooks,2025,12,0.5,0.7666666666666667,1.815255880355835,2.5819225470225016,-1
L.Burden,2025,12,9.1,5.611111111111111,0.8169568777084351,6.428067988819546,2
R.Mostert,2025,12,5.0,2.7857142857142856,1.0573586225509644,3.84307290826525,1
A.Iosivas,2025,12,10.6,6.4375,0.29602208733558655,6.7335220873355865,2
H.Luepke,2025,12,1.7000000000000002,3.3166666666666664,0.1397276222705841,3.4563942889372505,2
R.Flournoy,2025,12,0.0,7.357142857142857,0.17152614891529083,7.528669006058148,2
P.Washington,2025,12,18.1,8.61111111111111,0.1869814544916153,8.798092565602726,2
S.Shepard,2025,12,4.2,7.479999999999999,0.3832722008228302,7.863272200822829,2
T.Johnson,2025,12,23.0,18.75454545454545,-2.2674648761749268,16.487080578370524,2
J.Smith-Njigba,2025,12,37.1,21.79,-3.4305477142333984,18.3594522857666,2
M.Carter,2025,12,8.8,6.766666666666667,0.9700905680656433,7.73675723473231,1
J.Noel,2025,12,1.9,5.144444444444444,0.8994887471199036,6.0439331915643475,2
K.Mitchell,2025,12,2.9,3.98,1.3457698822021484,5.325769882202149,1
N.Collins,2025,12,8.5,15.333333333333334,-0.2900344431400299,15.043298890193304,2
A.Abdullah,2025,12,0.0,3.0,1.464957594871521,4.464957594871521,1
Ji.Horn,2025,12,2.1,3.4,1.4366461038589478,4.836646103858948,2
J.Nailor,2025,12,0.0,6.73,0.76267009973526,7.49267009973526,2
M.Corley,2025,12,1.2,2.8,1.4874941110610962,4.287494111061096,1
K.Shakir,2025,12,13.7,10.99,0.35592904686927795,11.345929046869278,2
W.Robinson,2025,12,30.6,12.090909090909092,0.8176908493041992,12.908599940213291,2
T.Spears,2025,12,6.5,8.700000000000001,0.7677529454231262,9.467752945423127,1
Z.Knight,2025,12,13.2,9.45,-0.6095341444015503,8.840465855598449,1
J.Smith,2025,12,5.800000000000001,5.529999999999999,0.39441677927970886,5.924416779279708,2
T.Ferguson,2025,12,0.0,4.96,-0.2754799425601959,4.684520057439804,2
M.Hollins,2025,12,5.0,8.11,1.5647671222686768,9.674767122268676,2
C.Lamb,2025,12,11.5,17.983333333333334,-1.5443153381347656,16.43901799519857,2
M.Davis,2025,12,2.4000000000000004,0.8666666666666667,1.690449595451355,2.5571162621180217,-1
R.Rice,2025,12,24.1,19.275,-2.147103786468506,17.127896213531493,2
B.Bowers,2025,12,11.5,14.957142857142856,-1.0650032758712769,13.892139581271579,2
J.Addison,2025,12,0.0,12.685714285714289,0.41442498564720154,13.10013927136149,2
G.Kittle,2025,12,13.8,13.633333333333333,-1.167922854423523,12.46541047890981,2
J.Metchie,2025,12,18.5,3.98,0.22740986943244934,4.20740986943245,2
T.Kelce,2025,12,8.399999999999999,13.91,-0.10114803165197372,13.808851968348026,2
T.Hockenson,2025,12,5.9,7.4,0.8496522903442383,8.249652290344239,2
J.Ferguson,2025,12,11.1,14.0,-1.5353795289993286,12.464620471000671,2
D.Metcalf,2025,12,14.4,12.21,-0.9012278914451599,11.308772108554841,2
D.Sample,2025,12,1.0,2.68,-0.0741656944155693,2.605834305584431,-1
D.Wicks,2025,12,5.2,4.5125,1.2230504751205444,5.735550475120545,2
C.Watson,2025,12,9.9,11.85,-2.2460389137268066,9.603961086273193,2
J.Meyers,2025,12,15.0,9.633333333333333,0.7764731645584106,10.409806497891744,2
D.Robinson,2025,12,1.8,3.6875,1.0968892574310303,4.78438925743103,2
C.Loveland,2025,12,14.9,7.655555555555556,0.5884674787521362,8.244023034307691,2
A.Mitchell,2025,12,6.2,2.6888888888888887,0.9874378442764282,3.676326733165317,2
A.Beck,2025,12,2.0,3.533333333333333,-0.30953449010849,3.2237988432248432,-1
J.Downs,2025,12,3.0,9.433333333333334,0.3243962228298187,9.757729556163152,2
J.Jeudy,2025,12,2.9000000000000004,7.26,0.8686375021934509,8.12863750219345,2
D.Goedert,2025,12,4.0,12.622222222222222,-1.2775866985321045,11.344635523690117,2
T.McBride,2025,12,16.9,18.48,-1.1428552865982056,17.337144713401795,2
Mi.Wilson,2025,12,8.3,8.459999999999999,0.8259311318397522,9.285931131839751,2
D.Vele,2025,12,6.7,3.4799999999999995,-0.2021966129541397,3.27780338704586,2
D.Knox,2025,12,4.7,4.088888888888889,0.5538874864578247,4.642776375346713,2
J.Palmer,2025,12,4.1,5.871428571428572,1.0837693214416504,6.955197892870222,2
D.Hopkins,2025,12,3.3,4.69,-0.05976291373372078,4.63023708626628,2
J.Hawes,2025,12,4.6,4.471428571428572,-0.5344619154930115,3.936966655935561,2
B.Strange,2025,12,14.3,8.080000000000002,0.8602246046066284,8.94022460460663,2
T.McMillan,2025,12,11.5,13.890909090909092,1.10231614112854,14.993225232037632,2
J.Sanders,2025,12,1.6,5.125,1.691092848777771,6.816092848777771,2
J.Mundt,2025,12,2.2,1.9125,1.2937822341918945,3.2062822341918946,2
N.Fant,2025,12,1.9,8.7,-0.7547617554664612,7.945238244533538,2
T.Higgins,2025,12,8.1,13.34,-1.124773383140564,12.215226616859436,2
C.Tillman,2025,12,1.5,7.483333333333334,0.0012152185663580894,7.484548551899692,2
M.Gesicki,2025,12,7.5,2.8200000000000003,0.9099514484405518,3.729951448440552,2
G.Pickens,2025,12,29.6,19.08,-3.255039691925049,15.82496030807495,2
D.Smith,2025,12,14.9,13.35,1.2051976919174194,14.555197691917419,2
J.Dotson,2025,12,0.0,4.425000000000001,0.4392020106315613,4.864202010631562,2
B.Spann-Ford,2025,12,7.4,1.16,1.5361980199813843,2.6961980199813844,-1
L.Schoonmaker,2025,12,0.0,1.7875,0.9596329927444458,2.747132992744446,-1
A.Brown,2025,12,25.0,11.3,1.0031112432479858,12.303111243247987,2
R.Doubs,2025,12,4.300000000000001,11.49,0.2797481119632721,11.769748111963272,2
J.FitzPatrick,2025,12,2.1,2.98,0.03209945932030678,3.0120994593203068,-1
L.Musgrave,2025,12,1.7000000000000002,3.0,0.9405926465988159,3.940592646598816,2
I.TeSlaa,2025,12,0.0,3.2142857142857144,0.49620741605758667,3.710493130343301,-1
D.Adams,2025,12,23.2,15.99,-2.4326822757720947,13.557317724227905,2
D.Schultz,2025,12,1.8,10.59,0.7458080053329468,11.335808005332947,2
J.Higgins,2025,12,13.8,6.659999999999999,0.621422290802002,7.281422290802001,2
C.Parkinson,2025,12,14.1,5.328571428571428,0.048083193600177765,5.376654622171606,2
D.Allen,2025,12,5.9,4.6,-0.3276379704475403,4.272362029552459,2
J.Smith-Schuster,2025,12,1.8,6.677777777777778,0.4486101269721985,7.1263879047499765,2
T.Thornton,2025,12,0.0,8.775,-0.31351837515830994,8.46148162484169,2
M.Brown,2025,12,2.0,10.49,-0.08549316972494125,10.404506830275059,2
N.Gray,2025,12,5.5,2.6333333333333337,1.336469292640686,3.96980262597402,2
D.Thornton,2025,12,2.4000000000000004,2.257142857142857,1.1588430404663086,3.4159858976091657,2
H.Henry,2025,12,24.5,9.10909090909091,1.639112949371338,10.748203858462247,2
K.Boutte,2025,12,3.5,10.677777777777775,-0.27970853447914124,10.398069243298634,2
A.Hooper,2025,12,6.9,4.044444444444445,1.2901103496551514,5.3345547940995965,2
S.Diggs,2025,12,4.0,12.990909090909092,1.554781436920166,14.545690527829258,2
M.Mayer,2025,12,2.4000000000000004,5.475,0.1862926036119461,5.661292603611946,2
M.Pittman,2025,12,13.7,15.0,-0.6498852968215942,14.350114703178406,2
A.Pierce,2025,12,3.6,11.5625,-0.5468232035636902,11.01567679643631,2
M.Alie-Cox,2025,12,1.9,1.5,1.5576841831207275,3.0576841831207275,-1
J.Oliver,2025,12,1.4,3.966666666666667,-0.043384529650211334,3.9232821370164555,-1
R.Odunze,2025,12,8.3,13.5,-0.6050623059272766,12.894937694072723,2
A.Thielen,2025,12,0.0,2.1125,1.2493735551834106,3.3618735551834105,-1
D.Slayton,2025,12,3.3000000000000003,6.9125000000000005,1.0467441082000732,7.959244108200074,2
D.Bellinger,2025,12,0.0,4.775,0.1337958723306656,4.908795872330666,2
P.Freiermuth,2025,12,10.9,7.655555555555556,0.1283644437789917,7.783919999334548,2
B.Skowronek,2025,12,3.1,3.8333333333333335,-0.3658253252506256,3.467508008082708,2
C.Austin,2025,12,7.6,7.275,0.3073190152645111,7.5823190152645115,2
M.Taylor,2025,12,5.1,6.959999999999999,1.0312573909759521,7.991257390975951,2
E.Arroyo,2025,12,1.5,3.5400000000000005,0.5001624226570129,4.040162422657014,2
L.Farrell,2025,12,1.3,4.028571428571429,0.22199241816997528,4.250563846741405,2
K.Pitts,2025,12,4.5,9.64,0.7382082343101501,10.37820823431015,2
C.Otton,2025,12,6.1,8.344444444444443,1.0289907455444336,9.373435189988877,2
T.Lockett,2025,12,10.2,3.2700000000000005,0.690073549747467,3.9600735497474675,2
G.Helm,2025,12,11.1,5.16,0.5324252247810364,5.6924252247810365,2
C.Okonkwo,2025,12,7.0,6.57,0.961487889289856,7.531487889289856,2
D.Mooney,2025,12,16.4,4.800000000000001,1.3080936670303345,6.108093667030335,2
B.Wright,2025,12,5.9,5.15,-0.7054422497749329,4.4445577502250675,2
T.Wallace,2025,12,0.0,2.9,0.19142231345176697,3.091422313451767,-1
T.Patrick,2025,12,0.0,3.9,-0.14251241087913513,3.757487589120865,2
M.Tinsley,2025,12,10.9,3.475,-0.19148075580596924,3.283519244194031,2
V.Jefferson,2025,12,2.1,5.237500000000001,0.5202398896217346,5.757739889621735,2
G.Calcaterra,2025,12,1.8,2.0,1.6070542335510254,3.6070542335510254,2
D.Washington,2025,12,4.2,6.700000000000001,0.5921635031700134,7.2921635031700145,2
C.Woerner,2025,12,5.4,0.9666666666666668,1.6839646100997925,2.6506312767664593,-1
D.Sills,2025,12,9.6,1.48,1.435818076133728,2.915818076133728,-1
C.Kirk,2025,12,16.4,5.066666666666666,1.7046970129013062,6.771363679567973,2
J.Stoll,2025,12,1.7000000000000002,2.95,-0.015651660040020943,2.9343483399599792,-1
A.Lazard,2025,12,1.9,3.5,0.32016631960868835,3.8201663196086884,-1
I.Likely,2025,12,2.0,3.966666666666667,1.0963737964630127,5.0630404631296795,2
I.Thomas,2025,12,7.6,2.825,0.7173441648483276,3.542344164848328,2
T.Hudson,2025,12,1.9,6.075,-0.28160443902015686,5.793395560979843,2
K.Mumpfield,2025,12,4.5,3.0666666666666664,-0.14004065096378326,2.926626015702883,-1
F.Moreau,2025,12,0.0,1.8333333333333333,1.0914061069488525,2.9247394402821856,-1
J.Coker,2025,12,6.2,4.96,1.256608486175537,6.216608486175537,2
A.Trammell,2025,12,0.0,2.5333333333333337,0.8703820705413818,3.4037154038747155,2
J.Allen,2025,13,16.72,23.223636363636366,-0.10229635238647461,23.12134001124989,0
L.Jackson,2025,13,6.539999999999999,18.4375,0.6049044132232666,19.042404413223267,0
T.Lawrence,2025,13,21.66,15.934545454545455,-0.22880375385284424,15.705741700692611,0
B.Young,2025,13,22.54,12.458181818181815,1.3454997539520264,13.803681572133842,0
D.Prescott,2025,13,20.6,20.021818181818183,-1.290507197380066,18.731310984438117,0
J.Hurts,2025,13,16.3,21.014545454545456,0.23109665513038635,21.245642109675842,0
J.Love,2025,13,25.76,15.672727272727274,1.837684154510498,17.51041142723777,0
J.Goff,2025,13,20.64,17.36,-0.30889347195625305,17.051106528043746,0
C.Stroud,2025,13,9.04,15.1225,1.6255580186843872,16.74805801868439,0
M.Stafford,2025,13,11.62,20.39090909090909,-2.8107705116271973,17.580138579281893,0
P.Mahomes,2025,13,29.44,21.53454545454545,0.8792012929916382,22.41374674753709,0
J.Herbert,2025,13,12.84,18.74,0.38530433177948,19.12530433177948,0
G.Smith,2025,13,12.0,11.97090909090909,1.0650123357772827,13.035921426686373,0
D.Maye,2025,13,20.48,19.925,0.5916950702667236,20.516695070266724,0
D.Jones,2025,13,16.14,19.01818181818182,-1.2881916761398315,17.729990142041988,0
T.Tagovailoa,2025,13,4.680000000000001,11.883636363636365,0.7374217510223389,12.621058114658704,0
C.Williams,2025,13,9.46,19.474545454545453,0.22875823080539703,19.70330368535085,0
A.Rodgers,2025,13,2.68,14.536,-0.6460321545600891,13.88996784543991,0
S.Darnold,2025,13,3.12,14.936363636363636,-0.5019611120223999,14.434402524341236,0
B.Purdy,2025,13,17.12,15.265,-2.09877872467041,13.16622127532959,0
B.Mayfield,2025,13,14.46,16.712727272727275,-1.462955355644226,15.249771917083049,0
C.Ward,2025,13,6.34,10.0,2.5656864643096924,12.565686464309692,0
B.Nix,2025,13,16.439999999999998,18.012727272727272,0.15688350796699524,18.169610780694267,0
T.Taylor,2025,13,21.28,9.985,3.005906343460083,12.990906343460082,0
M.Jones,2025,13,0.2,14.46,0.025510326027870178,14.485510326027871,0
K.Cousins,2025,13,13.36,6.215,2.8577170372009277,9.072717037200928,0
M.Brosmer,2025,13,-3.06,0.5266666666666666,3.7717931270599365,4.298459793726603,0
D.Henry,2025,13,17.4,14.536363636363635,0.5123661160469055,15.04872975241054,1
M.Mariota,2025,13,23.26,14.316666666666668,1.2436273097991943,15.560293976465863,0
T.Shough,2025,13,17.36,8.092,3.0464789867401123,11.138478986740113,0
J.Dart,2025,13,13.56,17.82,-1.9947246313095093,15.825275368690491,0
C.Olave,2025,13,14.7,14.91818181818182,0.006674544885754585,14.924856363067574,2
D.Montgomery,2025,13,12.8,10.610909090909091,0.13532978296279907,10.74623887387189,1
T.Warren,2025,13,11.2,13.254545454545456,0.6009586453437805,13.855504099889236,2
T.Hill,2025,13,1.7,6.541818181818183,1.2423532009124756,7.7841713827306585,2
J.Brissett,2025,13,19.64,15.685000000000002,0.8584233522415161,16.54342335224152,0
J.Waddle,2025,13,7.0,13.774545454545454,1.1028363704681396,14.877381825013593,2
C.Kupp,2025,13,5.4,7.640000000000001,0.6784213781356812,8.318421378135682,2
B.Hall,2025,13,15.6,13.896363636363638,2.191023349761963,16.0873869861256,1
C.Kmet,2025,13,12.6,4.25,0.5293983817100525,4.7793983817100525,2
D.Moore,2025,13,4.7,10.898181818181818,0.21615727245807648,11.114339090639895,2
K.Allen,2025,13,7.0,12.627272727272729,0.904366135597229,13.531638862869958,2
C.Sutton,2025,13,17.2,12.354545454545455,0.3544890880584717,12.709034542603927,2
R.Harvey,2025,13,21.2,9.80909090909091,-0.21586427092552185,9.593226638165389,1
I.Williams,2025,13,0.0,3.866666666666667,0.9956094026565552,4.862276069323222,2
C.McCaffrey,2025,13,17.4,25.758333333333336,-2.492652654647827,23.26568067868551,1
Q.Judkins,2025,13,15.9,12.97,-0.5384946465492249,12.431505353450776,1
J.Johnson,2025,13,8.9,10.790909090909093,0.13095156848430634,10.9218606593934,2
D.Singletary,2025,13,19.200000000000003,4.5,1.1608874797821045,5.6608874797821045,1
J.Jennings,2025,13,13.9,10.29,0.37205132842063904,10.662051328420638,2
D.Neal,2025,13,9.9,4.083333333333333,1.0100386142730713,5.093371947606404,1
J.Cook,2025,13,18.7,18.60909090909091,0.7175583839416504,19.32664929303256,1
Ty.Johnson,2025,13,5.5,4.2727272727272725,0.535808801651001,4.8085360743782735,2
Z.Flowers,2025,13,0.6000000000000001,12.936363636363636,2.1876888275146484,15.124052463878284,2
R.Davis,2025,13,6.2,2.025,1.1038867235183716,3.1288867235183715,-1
T.Etienne,2025,13,6.5,14.65,-0.435240238904953,14.214759761095047,1
C.Hubbard,2025,13,20.4,8.93,0.5701996088027954,9.500199608802795,1
B.Tuten,2025,13,8.9,5.781818181818182,0.17815804481506348,5.959976226633246,1
B.Thomas,2025,13,4.800000000000001,10.7,-0.0919371023774147,10.608062897622585,2
R.Dowdle,2025,13,9.9,14.45,-0.40921685099601746,14.040783149003982,1
C.Brown,2025,13,18.3,13.372727272727271,2.834575653076172,16.207302925803443,1
D.Sampson,2025,13,2.3000000000000003,5.763636363636364,1.1939585208892822,6.957594884525646,2
J.Ford,2025,13,4.7,3.263636363636364,2.084022283554077,5.347658647190441,1
H.Fannin,2025,13,11.3,9.745454545454546,1.1472151279449463,10.892669673399492,2
J.Williams,2025,13,43.9,24.8,-3.628237247467041,21.17176275253296,1
K.Turpin,2025,13,8.100000000000001,5.2444444444444445,0.3235059976577759,5.56795044210222,2
S.Barkley,2025,13,5.6000000000000005,14.845454545454546,0.07284919917583466,14.91830374463038,1
W.Shipley,2025,13,2.1,1.8833333333333333,1.6865108013153076,3.569844134648641,1
J.Jacobs,2025,13,10.1,18.05,-2.3870091438293457,15.662990856170655,1
J.Gibbs,2025,13,11.6,23.518181818181823,-4.227151393890381,19.291030424291442,1
C.Brooks,2025,13,2.9,2.125,0.9404065608978271,3.065406560897827,2
E.Wilson,2025,13,1.4,7.44,0.11852862685918808,7.5585286268591885,1
N.Chubb,2025,13,9.4,6.663636363636363,1.7416722774505615,8.405308641086926,1
K.Williams,2025,13,23.5,17.527272727272727,-0.3296065926551819,17.197666134617545,1
P.Nacua,2025,13,13.2,21.0,-1.8988951444625854,19.101104855537415,2
W.Marks,2025,13,7.7,9.245454545454546,0.9185882806777954,10.164042826132341,1
J.Whittington,2025,13,0.0,3.5444444444444447,0.8330098986625671,4.377454343107011,2
B.Corum,2025,13,14.1,4.190909090909091,1.964473009109497,6.155382100018588,1
X.Hutchinson,2025,13,5.9,6.98,0.2361365407705307,7.216136540770531,2
I.Pacheco,2025,13,5.300000000000001,7.524999999999999,0.7452642321586609,8.27026423215866,1
X.Worthy,2025,13,11.4,8.7,0.486191064119339,9.186191064119338,2
K.Hunt,2025,13,9.0,10.354545454545455,-0.568163275718689,9.786382178826766,1
A.Jeanty,2025,13,12.1,15.045454545454543,-0.9907482862472534,14.05470625920729,1
R.Stevenson,2025,13,11.0,8.533333333333335,-0.12950733304023743,8.403826000293098,1
T.Henderson,2025,13,11.6,11.4,1.1677231788635254,12.567723178863526,1
D.Douglas,2025,13,6.300000000000001,7.318181818181818,0.49992185831069946,7.818103676492518,2
J.Taylor,2025,13,15.1,25.681818181818183,-3.627570152282715,22.05424802953547,1
D.Achane,2025,13,19.4,21.3,-0.8832704424858093,20.41672955751419,1
O.Gordon,2025,13,1.0,3.9454545454545458,0.948594868183136,4.894049413637681,1
M.Washington,2025,13,7.0,6.745454545454546,0.5424128770828247,7.287867422537371,2
A.Jones,2025,13,4.5,10.071428571428571,0.42280715703964233,10.494235728468214,1
D.Swift,2025,13,20.8,13.73,-1.553351640701294,12.176648359298706,1
J.Jefferson,2025,13,2.4,13.80909090909091,0.2943187952041626,14.103409704295073,2
J.Mason,2025,13,5.8,8.863636363636363,-0.6182883381843567,8.245348025452007,1
T.Tracy,2025,13,4.3,8.74,1.28700590133667,10.02700590133667,1
J.Croskey-Merritt,2025,13,2.0,7.781818181818182,-0.18130366504192352,7.600514516776259,1
J.McNichols,2025,13,5.0,5.4,0.8758949041366577,6.275894904136658,1
D.Samuel,2025,13,11.1,14.12,-1.1060250997543335,13.013974900245666,2
I.Davis,2025,13,0.0,4.25,1.2669934034347534,5.516993403434753,1
K.Gainwell,2025,13,6.5,11.545454545454543,-0.04253536835312843,11.502919177101415,1
J.Warren,2025,13,12.4,13.13,-0.06254671514034271,13.067453284859658,1
K.Johnson,2025,13,0.3,2.8222222222222224,0.5187885761260986,3.341010798348321,1
K.Walker,2025,13,10.4,11.30909090909091,0.31957709789276123,11.628668006983672,1
B.Robinson,2025,13,32.900000000000006,22.975,-1.5340356826782227,21.44096431732178,1
Z.Charbonnet,2025,13,11.2,9.62,-0.5157173275947571,9.104282672405242,1
A.Barner,2025,13,7.7,8.772727272727273,0.309084415435791,9.081811688163064,2
T.Allgeier,2025,13,13.5,7.772727272727272,-0.49238693714141846,7.280340335585853,1
B.Irving,2025,13,16.1,18.0,-1.8177884817123413,16.18221151828766,1
R.White,2025,13,5.9,9.927272727272728,0.36974257230758667,10.297015299580314,1
E.Egbuka,2025,13,8.2,14.70909090909091,-0.8915504813194275,13.817540427771483,2
T.Pollard,2025,13,5.3,9.363636363636363,2.2073757648468018,11.571012128483165,1
C.Dike,2025,13,1.9,6.081818181818182,0.8414248824119568,6.923243064230139,2
X.Legette,2025,13,1.1,7.359999999999999,0.2863384783267975,7.646338478326797,2
O.Zaccheaus,2025,13,3.9,6.69,0.6216238141059875,7.311623814105988,2
A.St. Brown,2025,13,0.0,19.845454545454547,-2.047212839126587,17.79824170632796,2
K.Monangai,2025,13,19.0,8.163636363636364,0.13482140004634857,8.298457763682713,1
M.Andrews,2025,13,8.7,9.272727272727272,0.9928672909736633,10.265594563700935,2
I.Bond,2025,13,3.7,3.644444444444444,1.9678246974945068,5.612269141938951,2
T.Franklin,2025,13,4.1,11.981818181818182,0.7000371217727661,12.681855303590948,2
T.Badie,2025,13,4.8,2.288888888888889,1.1867367029190063,3.4756255918078955,2
T.Tucker,2025,13,5.0,11.6,-0.3833087682723999,11.2166912317276,2
Q.Johnston,2025,13,11.3,13.544444444444444,-0.7509980201721191,12.793446424272325,2
R.Pearsall,2025,13,3.4000000000000004,9.35,1.0852073431015015,10.435207343101501,2
G.Dortch,2025,13,3.4000000000000004,6.5181818181818185,0.2221393585205078,6.740321176702326,2
J.Chase,2025,13,18.0,19.37,-2.8029494285583496,16.56705057144165,2
S.Perine,2025,13,5.4,4.225,1.5946768522262573,5.819676852226257,1
Z.Scott,2025,13,3.1,5.640000000000001,-0.22158370912075043,5.41841629087925,1
L.Burden,2025,13,7.6,5.96,0.5029230117797852,6.462923011779785,2
C.Rodriguez,2025,13,10.1,5.9375,-0.12193256616592407,5.815567433834076,1
J.Wright,2025,13,1.6,1.975,1.5804507732391357,3.555450773239136,1
R.Mostert,2025,13,0.6000000000000001,3.0625,0.8934677243232727,3.9559677243232727,1
A.Prentice,2025,13,2.4000000000000004,0.975,1.7275515794754028,2.702551579475403,-1
M.Mims,2025,13,3.7,7.0,0.3016509711742401,7.30165097117424,2
A.Iosivas,2025,13,9.9,6.9,0.48855671286582947,7.38855671286583,2
R.Flournoy,2025,13,6.4,6.4375,0.28665900230407715,6.724159002304077,2
P.Washington,2025,13,3.6,9.56,-0.1594845950603485,9.400515404939652,2
S.Shepard,2025,13,1.5,7.181818181818182,0.5180072784423828,7.6998254602605645,2
T.Johnson,2025,13,7.4,19.10833333333333,-1.5536481142044067,17.554685219128924,2
J.Smith-Njigba,2025,13,4.300000000000001,23.181818181818183,-3.2386653423309326,19.94315283948725,2
M.Carter,2025,13,11.4,7.057142857142857,0.8607415556907654,7.917884412833622,1
J.Noel,2025,13,0.0,4.82,0.5329314470291138,5.352931447029114,2
K.Mitchell,2025,13,11.1,3.8,2.4657537937164307,6.2657537937164305,1
N.Collins,2025,13,21.5,14.65,-0.07957107573747635,14.570428924262524,2
J.Nailor,2025,13,0.0,6.118181818181818,0.9652186632156372,7.083400481397455,2
M.Corley,2025,13,0.9,2.5333333333333337,2.1567015647888184,4.690034898122152,1
K.Shakir,2025,13,1.5,11.236363636363636,0.49825260043144226,11.734616236795079,2
W.Robinson,2025,13,10.4,13.633333333333336,0.8729535937309265,14.506286927064263,2
K.Juszczyk,2025,13,4.7,3.609090909090909,0.5364555716514587,4.145546480742368,2
T.Spears,2025,13,8.4,8.385714285714286,1.2346967458724976,9.620411031586784,1
Z.Knight,2025,13,16.8,9.985714285714286,-1.0961353778839111,8.889578907830375,1
K.Vidal,2025,13,20.700000000000003,10.985714285714286,0.5189784169197083,11.504692702633994,1
J.Lane,2025,13,0.0,3.563636363636364,1.1024253368377686,4.666061700474133,2
B.Melton,2025,13,1.5,2.266666666666667,1.2979824542999268,3.564649120966594,2
J.Smith,2025,13,1.6,5.554545454545455,0.5791023373603821,6.133647791905837,2
E.Engram,2025,13,13.9,6.470000000000001,0.8193078637123108,7.289307863712311,2
T.Ferguson,2025,13,0.0,4.133333333333334,0.1740223914384842,4.307355724771818,2
M.Hollins,2025,13,5.300000000000001,7.827272727272727,0.506408154964447,8.333680882237175,2
G.Larvadain,2025,13,4.300000000000001,1.125,2.374859571456909,3.499859571456909,-1
C.Lamb,2025,13,24.200000000000003,17.057142857142857,-0.5027354955673218,16.554407361575535,2
M.Davis,2025,13,10.7,1.25,1.8941335678100586,3.1441335678100586,1
J.Patterson,2025,13,11.4,2.5,1.8680181503295898,4.36801815032959,1
R.Rice,2025,13,29.4,20.24,-2.862795829772949,17.37720417022705,2
B.Bowers,2025,13,22.3,14.525,-0.9087275862693787,13.616272413730622,2
J.Addison,2025,13,8.6,11.1,-0.2650584280490875,10.834941571950912,2
G.Kittle,2025,13,10.7,13.657142857142857,-2.1147234439849854,11.542419413157871,2
J.Metchie,2025,13,5.7,6.400000000000001,-0.9955299496650696,5.404470050334932,2
M.Tipton,2025,13,4.9,2.1,1.0406638383865356,3.1406638383865357,2
T.Kelce,2025,13,15.5,13.409090909090908,-0.013557257130742073,13.395533651960166,2
T.Hockenson,2025,13,11.9,7.263636363636365,0.6201563477516174,7.883792711387982,2
J.Ferguson,2025,13,8.6,13.736363636363636,-1.4867867231369019,12.249576913226734,2
D.Metcalf,2025,13,6.2,12.409090909090908,0.1186639592051506,12.527754868296059,2
D.Sample,2025,13,2.7,2.4,0.37733277678489685,2.7773327767848968,-1
D.Wicks,2025,13,28.0,4.588888888888889,1.3454906940460205,5.934379582934909,2
C.Watson,2025,13,18.3,11.46,-0.4552786946296692,11.004721305370332,2
J.Meyers,2025,13,21.3,10.17,-0.36119264364242554,9.808807356357574,2
D.Robinson,2025,13,0.6000000000000001,3.477777777777778,0.988006055355072,4.46578383313285,2
D.Waller,2025,13,6.7,15.233333333333334,-4.931443691253662,10.301889642079672,2
T.Harris,2025,13,6.0,3.5700000000000003,0.44396495819091797,4.013964958190918,2
C.Loveland,2025,13,5.800000000000001,8.38,0.00711460504680872,8.38711460504681,2
A.Mitchell,2025,13,24.200000000000003,3.04,0.8757269382476807,3.9157269382476807,2
J.Downs,2025,13,6.4,8.790000000000001,0.38500842452049255,9.175008424520493,2
G.Dulcich,2025,13,4.4,5.633333333333333,0.8938557505607605,6.527189083894093,2
J.Jeudy,2025,13,5.6,6.863636363636363,1.6533176898956299,8.516954053531993,2
D.Goedert,2025,13,4.7,11.76,-0.7151679396629333,11.044832060337066,2
T.McBride,2025,13,22.200000000000003,18.33636363636364,-1.291020393371582,17.045343242992057,2
E.Higgins,2025,13,3.7,3.355555555555556,0.8600319623947144,4.21558751795027,2
M.Harrison,2025,13,12.9,12.5,-0.27960339188575745,12.220396608114243,2
D.Vele,2025,13,23.3,4.016666666666667,0.22552859783172607,4.242195264498393,2
D.Knox,2025,13,5.800000000000001,4.15,0.8628140687942505,5.012814068794251,2
R.Bateman,2025,13,0.0,5.48888888888889,0.8864613175392151,6.375350206428105,2
K.Coleman,2025,13,8.9,9.0,0.571851372718811,9.571851372718811,2
D.Hopkins,2025,13,4.5,4.563636363636364,0.8144617676734924,5.378098131309857,2
J.Hawes,2025,13,2.0,4.4875,-0.3237302601337433,4.1637697398662565,2
B.Strange,2025,13,13.5,9.116666666666667,0.4946962296962738,9.611362896362941,2
T.Tremble,2025,13,1.2,4.340000000000001,0.44509658217430115,4.785096582174302,2
T.McMillan,2025,13,11.3,13.691666666666668,0.8286669850349426,14.52033365170161,2
N.Fant,2025,13,1.3,7.944444444444445,-0.33767619729042053,7.606768247154024,2
C.Tillman,2025,13,0.0,6.628571428571429,0.9429842233657837,7.571555651937213,2
M.Gesicki,2025,13,3.9,3.6,1.0497992038726807,4.64979920387268,2
D.Njoku,2025,13,2.4,8.533333333333333,0.7462903261184692,9.279623659451802,2
G.Pickens,2025,13,16.8,20.036363636363635,-3.8158624172210693,16.220501219142566,2
D.Smith,2025,13,9.8,13.490909090909092,1.0533463954925537,14.544255486401646,2
J.Dotson,2025,13,2.2,3.933333333333334,0.009622679091989994,3.942956012425324,2
L.Schoonmaker,2025,13,1.1,1.588888888888889,1.4544453620910645,3.0433342509799535,-1
A.Brown,2025,13,35.2,12.67,0.8088467121124268,13.478846712112427,2
R.Doubs,2025,13,12.0,10.836363636363636,0.8249469995498657,11.661310635913502,2
J.FitzPatrick,2025,13,0.0,2.833333333333333,0.09739812463521957,2.9307314579685526,-1
L.Musgrave,2025,13,3.3000000000000003,2.855555555555556,0.904919445514679,3.760475001070235,2
I.TeSlaa,2025,13,11.5,2.8125,0.42915937304496765,3.2416593730449677,-1
D.Adams,2025,13,21.8,16.645454545454545,-3.515054702758789,13.130399842695756,2
D.Schultz,2025,13,12.5,9.790909090909093,0.7848454713821411,10.575754562291234,2
J.Higgins,2025,13,11.5,7.309090909090909,0.02329588495194912,7.332386794042858,2
C.Parkinson,2025,13,6.7,6.425000000000001,-0.2526470124721527,6.172352987527848,2
X.Smith,2025,13,11.2,3.1,0.8503869771957397,3.95038697719574,2
D.Allen,2025,13,1.4,4.73,-0.04819976165890694,4.6818002383410935,2
L.McConkey,2025,13,13.9,12.945454545454544,0.9128702878952026,13.858324833349746,2
J.Smith-Schuster,2025,13,0.0,6.19,0.7580687403678894,6.94806874036789,2
M.Brown,2025,13,10.0,9.71818181818182,0.14108991622924805,9.859271734411069,2
D.Thornton,2025,13,2.1,2.2750000000000004,1.3218421936035156,3.596842193603516,2
J.Bech,2025,13,4.2,2.4571428571428577,0.8573909997940063,3.314533856936864,2
H.Henry,2025,13,11.3,10.391666666666667,0.7261675596237183,11.117834226290386,2
K.Boutte,2025,13,13.5,9.96,-0.7890015840530396,9.170998415946961,2
S.Diggs,2025,13,5.6,12.241666666666667,0.5383377075195312,12.780004374186198,2
M.Pittman,2025,13,2.3,14.88181818181818,-0.9564762711524963,13.925341910665683,2
A.Pierce,2025,13,17.8,10.677777777777775,0.3890557587146759,11.066833536492451,2
R.Odunze,2025,13,2.8,13.02727272727273,-0.7987747192382812,12.228498008034448,2
Z.Ertz,2025,13,20.6,9.427272727272728,-0.21238413453102112,9.214888592741707,2
T.McLaurin,2025,13,22.6,9.825,-0.5284333825111389,9.29656661748886,2
D.Slayton,2025,13,14.1,6.511111111111111,1.1678813695907593,7.67899248070187,2
B.Skowronek,2025,13,0.0,3.65,0.1496840864419937,3.7996840864419936,2
J.Ruckert,2025,13,3.2,3.85,-0.002080617705360055,3.84791938229464,2
C.Austin,2025,13,0.0,7.311111111111111,0.43626850843429565,7.7473796195454065,2
M.Taylor,2025,13,4.1,6.790909090909091,0.9922464489936829,7.783155539902774,2
E.Arroyo,2025,13,0.0,3.354545454545455,0.960044264793396,4.314589719338851,2
L.Farrell,2025,13,0.0,3.6875,0.02399008348584175,3.7114900834858418,2
K.Pitts,2025,13,15.2,9.172727272727274,0.7771761417388916,9.949903414466165,2
C.Otton,2025,13,2.9,8.120000000000001,0.8657112121582031,8.985711212158204,2
T.Lockett,2025,13,2.1,3.9,0.7162182927131653,4.616218292713166,2
G.Helm,2025,13,8.3,5.7,0.9469971656799316,6.646997165679932,2
A.Trautman,2025,13,7.7,3.757142857142857,0.10488859564065933,3.8620314527835164,2
C.Okonkwo,2025,13,6.9,6.609090909090909,1.047076940536499,7.656167849627408,2
E.Ayomanor,2025,13,1.5,7.340000000000001,0.4081224203109741,7.748122420310975,2
D.Mooney,2025,13,4.5,6.088888888888889,0.43825286626815796,6.5271417551570465,2
D.Walker,2025,13,0.0,8.333333333333334,-1.8633266687393188,6.470006664594015,2
P.Bryant,2025,13,7.2,5.5125,0.6444374322891235,6.156937432289124,2
T.Patrick,2025,13,2.1,3.4125,0.010117622092366219,3.4226176220923663,2
M.Tinsley,2025,13,4.2,4.96,-0.7430282235145569,4.216971776485443,2
V.Jefferson,2025,13,5.0,4.888888888888889,0.6366235017776489,5.525512390666538,2
D.Washington,2025,13,6.5,6.3875,0.7283263802528381,7.115826380252838,2
K.Bourne,2025,13,0.0,8.8,0.9493179321289062,9.749317932128907,2
M.Heath,2025,13,0.0,3.65,0.772857129573822,4.422857129573822,2
D.Sills,2025,13,9.5,2.833333333333333,-0.0965622067451477,2.7367711265881853,-1
O.Gadsden,2025,13,3.7,10.855555555555556,0.5012680888175964,11.356823644373153,2
C.Kolar,2025,13,2.7,3.971428571428572,0.4099482297897339,4.381376801218305,2
A.Lazard,2025,13,2.0,3.233333333333333,0.29979604482650757,3.5331293781598405,-1
C.Godwin,2025,13,10.8,4.7,0.7086434960365295,5.40864349603653,2
X.Weaver,2025,13,0.0,1.8,0.9788586497306824,2.778858649730682,-1
I.Likely,2025,13,12.5,3.685714285714286,2.29642653465271,5.982140820366996,2
I.Thomas,2025,13,1.8,3.78,0.6947783827781677,4.474778382778167,2
J.Bates,2025,13,2.9,2.44,0.8748601078987122,3.314860107898712,2
T.Hudson,2025,13,8.4,5.24,0.02551177144050598,5.265511771440506,2
F.Moreau,2025,13,3.3,1.375,1.4820278882980347,2.8570278882980347,-1
J.Coker,2025,13,17.4,5.166666666666667,0.8421415090560913,6.008808175722758,2
A.Trammell,2025,13,0.0,1.9,1.1491994857788086,3.0491994857788085,2
J.Allen,2025,14,37.84,22.68166666666667,2.3375041484832764,25.019170815149945,0
L.Jackson,2025,14,21.06,17.11555555555556,0.4928636848926544,17.608419240448214,0
T.Lawrence,2025,14,19.36,16.411666666666665,0.6821839213371277,17.093850588003793,0
J.Burrow,2025,14,23.36,11.7,2.133523464202881,13.83352346420288,0
D.Prescott,2025,14,18.44,20.07,-0.9644783139228821,19.105521686077118,0
J.Hurts,2025,14,2.4000000000000004,20.621666666666663,-0.9816648364067078,19.640001830259955,0
J.Love,2025,14,19.26,16.513333333333332,1.2208373546600342,17.734170687993366,0
J.Goff,2025,14,16.16,17.633333333333333,0.3481457829475403,17.981479116280873,0
C.Stroud,2025,14,12.62,14.446666666666667,1.752760648727417,16.199427315394082,0
M.Stafford,2025,14,23.24,19.66,-1.8219263553619385,17.83807364463806,0
P.Mahomes,2025,14,6.300000000000001,22.19333333333334,-3.6342990398406982,18.55903429349264,0
J.Herbert,2025,14,12.16,18.24833333333333,-0.932144045829773,17.31618928750356,0
G.Smith,2025,14,9.04,11.973333333333334,0.9363821744918823,12.909715507825217,0
D.Jones,2025,14,0.7999999999999998,18.77833333333333,0.003736784914508462,18.782070118247837,0
T.Tagovailoa,2025,14,9.08,11.283333333333331,1.313761591911316,12.597094925244647,0
J.McCarthy,2025,14,20.42,10.86,2.667659044265747,13.527659044265747,0
C.Williams,2025,14,14.94,18.64,1.4153337478637695,20.05533374786377,0
J.Daniels,2025,14,2.7200000000000006,18.593333333333334,-0.048283662647008896,18.545049670686325,0
A.Rodgers,2025,14,21.46,13.458181818181815,0.2901179790496826,13.748299797231498,0
S.Darnold,2025,14,22.26,13.951666666666668,0.755864679813385,14.707531346480053,0
B.Mayfield,2025,14,11.08,16.525000000000002,-1.3267196416854858,15.198280358314516,0
C.Ward,2025,14,11.08,9.695,1.8417302370071411,11.536730237007141,0
B.Nix,2025,14,15.98,17.881666666666668,-0.7441491484642029,17.137517518202465,0
T.Taylor,2025,14,-1.76,12.244,2.5045454502105713,14.748545450210571,0
K.Cousins,2025,14,2.4800000000000004,7.644,2.7839901447296143,10.427990144729614,0
D.Henry,2025,14,11.2,14.775,-1.05558443069458,13.71941556930542,1
M.Mariota,2025,14,-2.1,15.594285714285714,0.5697605609893799,16.164046275275094,0
T.Shough,2025,14,21.26,9.636666666666668,2.117844343185425,11.754511009852093,0
C.Olave,2025,14,6.0,14.9,0.06956228613853455,14.969562286138535,2
D.Montgomery,2025,14,14.3,10.793333333333337,0.6344346404075623,11.427767973740899,1
T.Warren,2025,14,3.7,13.083333333333334,0.6334415674209595,13.716774900754293,2
T.Hill,2025,14,-0.1,6.138333333333333,1.476394534111023,7.614727867444356,2
J.Brissett,2025,14,19.04,16.124444444444446,0.9714810848236084,17.095925529268055,0
J.Waddle,2025,14,18.1,13.21,1.337335228919983,14.547335228919984,2
C.Kupp,2025,14,11.5,7.436363636363637,0.8853748440742493,8.321738480437887,2
B.Hall,2025,14,4.3,14.038333333333334,2.548319101333618,16.586652434666952,1
C.Kmet,2025,14,6.2,5.009090909090909,0.5793302655220032,5.588421174612912,2
D.Moore,2025,14,0.6,10.381666666666666,0.579397976398468,10.961064643065134,2
K.Allen,2025,14,5.2,12.158333333333331,0.487273633480072,12.645606966813403,2
C.Sutton,2025,14,12.2,12.758333333333336,0.09419425576925278,12.85252758910259,2
S.Sanders,2025,14,33.46,7.433333333333334,3.170449733734131,10.603783067067464,0
R.Harvey,2025,14,22.0,10.758333333333336,-1.2023050785064697,9.556028254826867,1
I.Williams,2025,14,4.4,2.9000000000000004,1.0279181003570557,3.927918100357056,2
Q.Judkins,2025,14,9.4,13.236363636363636,-1.3309998512268066,11.90536378513683,1
J.Johnson,2025,14,7.800000000000001,10.633333333333333,0.09278581291437149,10.726119146247704,2
T.Burks,2025,14,0.0,6.233333333333333,-1.0909796953201294,5.142353638013204,2
D.Neal,2025,14,15.4,4.914285714285714,0.8539035320281982,5.768189246313912,1
J.Cook,2025,14,11.1,18.616666666666667,1.1765273809432983,19.793194047609965,1
Ty.Johnson,2025,14,5.9,4.375,1.8419044017791748,6.216904401779175,2
Z.Flowers,2025,14,20.6,11.908333333333331,2.3722002506256104,14.280533583958942,2
R.Ali,2025,14,3.3,1.5666666666666669,1.4161591529846191,2.982825819651286,1
T.Etienne,2025,14,21.200000000000003,14.023076923076925,-0.19459332525730133,13.828483597819623,1
L.Allen,2025,14,2.8,1.81,1.4565412998199463,3.2665412998199463,1
B.Tuten,2025,14,-1.5,6.041666666666667,0.24824275076389313,6.28990941743056,1
B.Thomas,2025,14,11.7,10.044444444444444,0.49718236923217773,10.541626813676622,2
T.Bigsby,2025,14,0.4,3.083333333333333,1.3565243482589722,4.439857681592305,1
C.Brown,2025,14,18.5,13.783333333333331,2.922292470932007,16.70562580426534,1
D.Sampson,2025,14,9.8,5.4750000000000005,0.24256908893585205,5.717569088935853,2
J.Ford,2025,14,3.0,3.3833333333333333,1.0639466047286987,4.447279938062032,2
H.Fannin,2025,14,25.4,9.875,0.08551003038883209,9.960510030388832,2
J.Williams,2025,14,32.0,26.26923076923077,-2.7943224906921387,23.47490827853863,1
K.Turpin,2025,14,5.0,5.529999999999999,0.19878239929676056,5.72878239929676,2
S.Barkley,2025,14,18.200000000000003,14.075,-0.6753394603729248,13.399660539627074,1
W.Shipley,2025,14,1.3,1.9142857142857144,1.362092137336731,3.2763778516224455,1
J.Jacobs,2025,14,17.2,17.327272727272728,-0.7746045589447021,16.552668168328026,1
J.Gibbs,2025,14,37.0,22.525,-1.2234671115875244,21.301532888412474,1
C.Brooks,2025,14,1.6,2.211111111111111,1.2395310401916504,3.450642151302761,2
E.Wilson,2025,14,1.0,6.890909090909092,0.6747813820838928,7.565690472992985,1
N.Chubb,2025,14,0.3,6.891666666666667,1.1031248569488525,7.994791523615519,1
D.Ogunbowale,2025,14,6.5,1.6800000000000002,1.089253544807434,2.7692535448074342,2
K.Williams,2025,14,17.700000000000003,18.025,-0.9351807832717896,17.08981921672821,1
P.Nacua,2025,14,35.7,20.29090909090909,-2.3691389560699463,17.921770134839143,2
W.Marks,2025,14,15.6,9.116666666666667,0.8695082664489746,9.986174933115642,1
J.Whittington,2025,14,1.5,3.1900000000000004,0.9226323962211609,4.112632396221161,2
B.Corum,2025,14,26.1,5.016666666666667,1.5667212009429932,6.58338786760966,1
X.Hutchinson,2025,14,0.0,6.881818181818182,0.391509473323822,7.273327655142004,2
I.Pacheco,2025,14,3.0,7.277777777777778,0.630036473274231,7.907814251052009,1
X.Worthy,2025,14,8.5,8.97,0.11768672615289688,9.087686726152898,2
O.Hampton,2025,14,14.7,15.4,-0.11281529068946838,15.287184709310532,1
K.Hunt,2025,14,9.0,10.241666666666667,-1.522749900817871,8.718916765848796,1
A.Jeanty,2025,14,5.8,14.8,-1.3493921756744385,13.450607824325562,1
J.Taylor,2025,14,11.4,24.8,-2.1838266849517822,22.61617331504822,1
D.Achane,2025,14,17.5,21.14166666666667,-1.8424795866012573,19.299187080065412,1
O.Gordon,2025,14,7.7,3.7000000000000006,1.401671290397644,5.101671290397645,1
M.Washington,2025,14,4.0,6.766666666666667,0.5575693249702454,7.324235991636912,2
A.Jones,2025,14,7.6,9.375,0.7532913088798523,10.128291308879852,1
D.Swift,2025,14,11.2,14.372727272727277,-1.0376754999160767,13.3350517728112,1
J.Jefferson,2025,14,3.1,12.858333333333334,1.0346966981887817,13.893030031522116,2
J.Mason,2025,14,11.2,8.608333333333334,0.9767785668373108,9.585111900170645,1
J.Croskey-Merritt,2025,14,3.2,7.300000000000001,0.40311557054519653,7.703115570545197,1
J.McNichols,2025,14,1.2,5.363636363636363,0.8921939730644226,6.255830336700786,1
D.Samuel,2025,14,6.7,13.845454545454546,-0.23696714639663696,13.608487399057909,2
I.Davis,2025,14,2.2,3.863636363636364,1.3099873065948486,5.173623670231213,1
K.Gainwell,2025,14,16.2,11.125,0.38297727704048157,11.507977277040482,1
J.Warren,2025,14,15.2,13.063636363636364,-0.19398969411849976,12.869646669517865,1
K.Johnson,2025,14,0.4,2.5700000000000003,0.35899659991264343,2.9289965999126437,1
K.Walker,2025,14,3.8,11.233333333333334,0.5193099975585938,11.752643330891928,1
B.Robinson,2025,14,9.4,23.73846153846154,-2.5391809940338135,21.199280544427726,1
Z.Charbonnet,2025,14,8.600000000000001,9.763636363636364,-0.19628293812274933,9.567353425513614,1
A.Barner,2025,14,5.7,8.683333333333332,0.3006880581378937,8.984021391471225,2
T.Allgeier,2025,14,8.700000000000001,8.25,-1.5600680112838745,6.6899319887161255,1
B.Irving,2025,14,16.1,17.619999999999997,-1.44613778591156,16.173862214088437,1
S.Tucker,2025,14,8.9,7.677777777777777,-0.4055793285369873,7.27219844924079,1
R.White,2025,14,6.500000000000001,9.591666666666669,0.3943432569503784,9.986009923617047,1
E.Egbuka,2025,14,3.5,14.166666666666666,-1.1026479005813599,13.064018766085306,2
T.Pollard,2025,14,28.1,9.025,3.1923069953918457,12.217306995391846,1
C.Dike,2025,14,13.4,5.733333333333333,0.3834974467754364,6.11683078010877,2
O.Zaccheaus,2025,14,8.7,6.4363636363636365,1.0931806564331055,7.529544292796742,2
A.St. Brown,2025,14,15.2,18.191666666666663,-2.337165117263794,15.854501549402869,2
K.Monangai,2025,14,8.7,9.066666666666666,0.5065496563911438,9.57321632305781,1
M.Andrews,2025,14,1.9,9.225,0.06712723523378372,9.292127235233783,2
I.Bond,2025,14,0.0,3.65,0.9845585227012634,4.634558522701264,2
T.Franklin,2025,14,4.1,11.325,0.18373772501945496,11.508737725019454,2
T.Badie,2025,14,3.1,2.54,0.9742156267166138,3.514215626716614,2
T.Tucker,2025,14,4.4,11.05,-0.4767085909843445,10.573291409015656,2
Q.Johnston,2025,14,2.8,13.32,-0.993403971195221,12.32659602880478,2
B.Smith,2025,14,0.7000000000000001,4.380000000000001,0.9694483876228333,5.349448387622834,2
M.Golden,2025,14,0.0,6.344444444444445,1.329148530960083,7.673592975404528,2
J.Chase,2025,14,10.2,19.245454545454542,-1.8086386919021606,17.436815853552382,2
S.Perine,2025,14,4.800000000000001,4.355555555555556,1.6598787307739258,6.015434286329482,1
Z.Scott,2025,14,3.0,5.216666666666667,0.23982515931129456,5.456491825977961,1
L.Burden,2025,14,11.0,6.109090909090909,0.93361496925354,7.042705878344449,2
C.Rodriguez,2025,14,5.2,6.4,0.12605415284633636,6.526054152846337,1
J.Wright,2025,14,16.700000000000003,1.9,1.7322802543640137,3.6322802543640136,1
R.Mostert,2025,14,1.2,2.788888888888889,0.8551065325737,3.643995421462589,1
A.Prentice,2025,14,5.300000000000001,1.1333333333333333,1.4754048585891724,2.6087381919225057,-1
M.Mims,2025,14,1.7,6.67,0.0481196865439415,6.718119686543941,2
A.Iosivas,2025,14,3.7,7.2,0.3342069387435913,7.5342069387435915,2
R.Flournoy,2025,14,26.5,6.433333333333334,0.19307884573936462,6.626412179072698,2
Co.Heyward,2025,14,0.2,1.5285714285714285,0.6245436072349548,2.1531150358063833,-1
S.Shepard,2025,14,1.5,6.708333333333333,1.050262212753296,7.758595546086629,2
J.Smith-Njigba,2025,14,28.1,21.60833333333333,-3.8419017791748047,17.766431554158526,2
M.Carter,2025,14,5.1,7.6,0.6460012197494507,8.24600121974945,1
J.Noel,2025,14,3.3000000000000003,4.381818181818182,0.8219699859619141,5.203788167780096,2
K.Mitchell,2025,14,7.6,4.842857142857143,0.6383923292160034,5.481249472073147,1
N.Collins,2025,14,16.1,15.272727272727272,0.08301036804914474,15.355737640776416,2
A.Abdullah,2025,14,2.9,2.571428571428572,1.4261435270309448,3.997572098459517,1
J.Nailor,2025,14,6.0,5.608333333333333,1.1693750619888306,6.777708395322164,2
M.Corley,2025,14,0.2,2.3000000000000003,1.3394993543624878,3.639499354362488,1
K.Shakir,2025,14,9.6,10.425,1.4606285095214844,11.885628509521485,2
T.Spears,2025,14,6.7,8.3875,0.8324364423751831,9.219936442375182,1
Z.Knight,2025,14,6.4,10.8375,-2.095872163772583,8.741627836227417,1
K.Vidal,2025,14,11.4,12.2,-0.634048342704773,11.565951657295226,1
B.Melton,2025,14,11.5,2.075,1.5987945795059204,3.6737945795059206,1
J.Smith,2025,14,0.0,5.2250000000000005,0.6561084985733032,5.881108498573304,2
E.Engram,2025,14,2.8,7.145454545454545,0.714465320110321,7.859919865564866,2
J.McLaughlin,2025,14,4.1,4.133333333333333,0.3369368612766266,4.4702701946099594,1
T.Ferguson,2025,14,0.0,3.542857142857143,0.11957855522632599,3.662435698083469,2
G.Larvadain,2025,14,3.8,1.7600000000000002,1.254626989364624,3.0146269893646243,-1
C.Lamb,2025,14,18.1,17.950000000000003,-0.5313200354576111,17.41867996454239,2
M.Davis,2025,14,0.6000000000000001,3.14,1.1576281785964966,4.297628178596497,1
R.Rice,2025,14,7.4,21.766666666666666,-4.271175861358643,17.495490805308023,2
B.Bowers,2025,14,14.6,15.38888888888889,-2.4689064025878906,12.919982486300999,2
J.Addison,2025,14,10.2,10.822222222222225,0.31983232498168945,11.142054547203914,2
J.Metchie,2025,14,7.4,6.3,-0.12141906470060349,6.178580935299396,2
T.Kelce,2025,14,1.8,13.583333333333334,-0.17963124811649323,13.40370208521684,2
T.Hockenson,2025,14,9.2,7.650000000000001,1.0063419342041016,8.656341934204104,2
J.Ferguson,2025,14,10.8,13.308333333333332,-0.7464309334754944,12.561902399857837,2
D.Metcalf,2025,14,21.8,11.891666666666666,0.12196458131074905,12.013631247977415,2
C.Watson,2025,14,24.9,12.6,-0.5571642518043518,12.042835748195648,2
J.Meyers,2025,14,14.8,11.181818181818182,-0.2189738154411316,10.96284436637705,2
D.Waller,2025,14,2.7,13.1,-3.6942245960235596,9.40577540397644,2
T.Harris,2025,14,3.1,3.790909090909091,0.6304441690444946,4.421353259953586,2
C.Loveland,2025,14,12.9,8.145454545454545,0.255460262298584,8.400914807753129,2
A.Mitchell,2025,14,3.4000000000000004,4.963636363636364,0.8839468955993652,5.847583259235729,2
A.Beck,2025,14,2.7,3.15,-0.27768465876579285,2.872315341234207,-1
J.Downs,2025,14,6.300000000000001,8.572727272727274,0.3718400001525879,8.944567272879862,2
G.Dulcich,2025,14,7.1000000000000005,5.325,0.8702999353408813,6.1952999353408815,2
J.Jeudy,2025,14,16.6,6.758333333333333,0.9900049567222595,7.748338290055592,2
D.Goedert,2025,14,15.8,11.11818181818182,-1.7250481843948364,9.393133633786984,2
T.McBride,2025,14,10.8,18.65833333333333,-2.284158229827881,16.37417510350545,2
E.Higgins,2025,14,1.0,3.390000000000001,0.659687876701355,4.0496878767013555,2
D.Vele,2025,14,7.0,6.771428571428572,0.3168775737285614,7.088306145157134,2
D.Knox,2025,14,17.3,4.3,1.9229589700698853,6.222958970069885,2
D.Kincaid,2025,14,14.1,12.225,0.0425555519759655,12.267555551975965,2
R.Bateman,2025,14,4.300000000000001,4.94,0.4538758099079132,5.393875809907914,2
K.Coleman,2025,14,3.6,8.99,1.1841611862182617,10.174161186218262,2
D.Hopkins,2025,14,0.0,4.558333333333334,0.25215816497802734,4.810491498311361,2
J.Hawes,2025,14,7.3,4.211111111111111,0.3704683184623718,4.581579429573483,2
B.Strange,2025,14,5.7,9.742857142857144,-0.19253502786159515,9.550322114995549,2
N.Fant,2025,14,2.5,7.279999999999999,0.3649095296859741,7.6449095296859735,2
T.Higgins,2025,14,27.200000000000003,12.863636363636363,-0.9591366648674011,11.904499698768962,2
C.Tillman,2025,14,3.3000000000000003,5.800000000000001,0.04310792684555054,5.843107926845551,2
M.Gesicki,2025,14,20.6,3.642857142857143,1.1479336023330688,4.790790745190211,2
D.Njoku,2025,14,7.1,7.92,0.15329955518245697,8.073299555182457,2
G.Pickens,2025,14,8.7,19.766666666666666,-3.2000772953033447,16.56658937136332,2
D.Smith,2025,14,7.7,13.183333333333332,0.31807056069374084,13.501403894027073,2
J.Dotson,2025,14,1.3,3.76,-0.289825439453125,3.470174560546875,2
B.Spann-Ford,2025,14,1.7000000000000002,2.2,0.5580837726593018,2.758083772659302,-1
L.Schoonmaker,2025,14,2.2,1.54,1.2372666597366333,2.7772666597366333,-1
A.Brown,2025,14,16.0,14.71818181818182,-2.009016513824463,12.709165304357358,2
R.Doubs,2025,14,0.0,10.933333333333332,1.2527105808258057,12.186043914159137,2
J.FitzPatrick,2025,14,3.4000000000000004,2.4285714285714284,0.8271239995956421,3.2556954281670705,-1
L.Musgrave,2025,14,4.2,2.9,1.2040438652038574,4.104043865203858,2
I.TeSlaa,2025,14,10.0,3.7777777777777777,-0.04935668408870697,3.7284210936890707,2
D.Adams,2025,14,6.9,17.075,-3.502603530883789,13.57239646911621,2
D.Schultz,2025,14,5.2,10.016666666666667,1.0707930326461792,11.087459699312847,2
J.Higgins,2025,14,6.4,7.658333333333334,0.17615646123886108,7.834489794572195,2
C.Parkinson,2025,14,12.2,6.455555555555556,-0.06638428568840027,6.3891712698671554,2
X.Smith,2025,14,1.6,4.45,0.8075361251831055,5.257536125183106,2
D.Allen,2025,14,4.1,4.427272727272728,-0.07986830919981003,4.347404418072918,2
L.McConkey,2025,14,2.2,13.025,0.5492762327194214,13.574276232719422,2
J.Smith-Schuster,2025,14,1.5,5.627272727272728,0.7187151312828064,6.345987858555534,2
T.Thornton,2025,14,3.9,7.800000000000001,-0.5097424983978271,7.290257501602174,2
M.Brown,2025,14,4.5,9.741666666666667,-0.3853665888309479,9.35630007783572,2
N.Gray,2025,14,2.4000000000000004,2.9200000000000004,1.1675336360931396,4.08753363609314,2
W.Dissly,2025,14,1.1,2.075,1.007240891456604,3.082240891456604,2
J.Bech,2025,14,11.0,2.675,0.829926073551178,3.504926073551178,2
M.Pittman,2025,14,16.9,13.833333333333334,-0.9032981991767883,12.930035134156546,2
A.Pierce,2025,14,13.0,11.39,0.4631121754646301,11.85311217546463,2
M.Alie-Cox,2025,14,0.0,1.5571428571428572,1.4703565835952759,3.027499440738133,-1
J.Oliver,2025,14,16.4,3.6,0.21475908160209656,3.8147590816020966,-1
Z.Ertz,2025,14,2.1,10.358333333333334,-0.06828462332487106,10.290048710008463,2
T.McLaurin,2025,14,7.1000000000000005,12.38,-0.2127694934606552,12.167230506539346,2
P.Freiermuth,2025,14,2.9,7.979999999999999,0.13781389594078064,8.11781389594078,2
B.Skowronek,2025,14,2.3,2.9200000000000004,0.0075230831280350685,2.9275230831280354,2
J.Ruckert,2025,14,3.9,3.7777777777777777,0.03994586691260338,3.817723644690381,2
C.Austin,2025,14,4.1,6.58,0.35169079899787903,6.931690798997879,2
M.Taylor,2025,14,10.1,6.566666666666666,1.3237348794937134,7.89040154616038,2
E.Arroyo,2025,14,0.0,3.0750000000000006,1.3415420055389404,4.4165420055389415,2
K.Pitts,2025,14,15.0,9.675,1.0087690353393555,10.683769035339356,2
C.Otton,2025,14,4.9,7.645454545454545,1.1522616147994995,8.797716160254044,2
T.Lockett,2025,14,7.1000000000000005,3.75,0.7034693360328674,4.453469336032867,2
G.Helm,2025,14,1.8,5.916666666666667,0.9009245038032532,6.81759117046992,2
A.Trautman,2025,14,3.7,4.25,-0.3166060745716095,3.9333939254283905,2
C.Okonkwo,2025,14,4.0,6.633333333333333,0.7590088844299316,7.3923422177632645,2
E.Ayomanor,2025,14,8.4,6.8090909090909095,0.1409202218055725,6.950011130896482,2
D.Mooney,2025,14,1.6,5.930000000000001,0.40601447224617004,6.336014472246171,2
T.Shavers,2025,14,2.6,4.885714285714286,0.6820928454399109,5.567807131154197,2
P.Bryant,2025,14,7.2,5.699999999999999,0.41924792528152466,6.119247925281524,2
T.Patrick,2025,14,18.8,3.2666666666666666,0.23278148472309113,3.4994481513897577,2
V.Jefferson,2025,14,3.7,4.9,0.27021118998527527,5.170211189985276,2
D.Washington,2025,14,2.2,6.4,0.6150090098381042,7.015009009838105,2
M.Valdes-Scantling,2025,14,0.0,2.0,1.023248314857483,3.023248314857483,2
B.Sinnott,2025,14,1.8,4.1000000000000005,-0.8862322568893433,3.2137677431106573,2
D.Sills,2025,14,0.0,3.7857142857142856,-0.4356347620487213,3.3500795236655643,-1
O.Gadsden,2025,14,1.7000000000000002,10.14,0.3168063759803772,10.456806375980378,2
C.Kolar,2025,14,2.9000000000000004,3.8125,-0.18109838664531708,3.631401613354683,2
C.Kirk,2025,14,1.6,6.685714285714285,0.6345909833908081,7.320305269105093,2
J.Stoll,2025,14,0.0,2.7,0.012654615566134453,2.7126546155661346,-1
A.Lazard,2025,14,0.0,3.057142857142857,0.3845003545284271,3.441643211671284,-1
B.Whiteheart,2025,14,0.0,0.7999999999999999,1.4852144718170166,2.2852144718170164,-1
C.Godwin,2025,14,10.5,6.225,0.8258248567581177,7.050824856758117,2
I.Likely,2025,14,12.5,4.7875,1.229961633682251,6.017461633682251,2
I.Thomas,2025,14,3.7,3.4500000000000006,0.6902024149894714,4.1402024149894725,2
T.Hudson,2025,14,2.1,5.766666666666667,-0.3614037036895752,5.405262962977091,2
K.Mumpfield,2025,14,1.5,3.425,-0.3433793783187866,3.081620621681213,-1
F.Moreau,2025,14,2.6,1.7600000000000002,0.9791502356529236,2.739150235652924,-1
L.Humphrey,2025,14,5.7,3.1666666666666665,0.602942168712616,3.7696088353792825,2
J.Whyle,2025,14,3.1,2.766666666666667,0.3122893273830414,3.0789559940497084,-1
G.Davis,2025,14,4.1,3.9,1.8523228168487549,5.752322816848755,2
J.Allen,2025,15,24.52,23.847692307692306,-2.402177333831787,21.44551497386052,0
L.Jackson,2025,15,14.6,17.51,1.15834379196167,18.66834379196167,0
T.Lawrence,2025,15,44.3,16.638461538461538,-0.18661107122898102,16.451850467232557,0
B.Young,2025,15,15.420000000000002,13.298333333333334,0.7440723776817322,14.042405711015066,0
J.Burrow,2025,15,5.5,14.615,-0.6886208653450012,13.926379134654999,0
D.Prescott,2025,15,11.96,19.944615384615386,-2.403501272201538,17.541114112413847,0
J.Hurts,2025,15,22.9,19.22,-0.24825355410575867,18.97174644589424,0
J.Love,2025,15,13.94,16.724615384615387,-0.3191503882408142,16.405464996374572,0
J.Goff,2025,15,25.52,17.520000000000003,-1.9151268005371094,15.604873199462894,0
C.Stroud,2025,15,23.4,14.264,1.3321421146392822,15.596142114639282,0
M.Stafford,2025,15,20.92,19.935384615384613,-1.4843699932098389,18.451014622174775,0
P.Mahomes,2025,15,13.06,20.970769230769232,-1.8546358346939087,19.116133396075323,0
J.Herbert,2025,15,10.4,17.78,-1.0406997203826904,16.73930027961731,0
D.Maye,2025,15,20.5,19.967692307692307,-0.009808194823563099,19.957884112868744,0
T.Tagovailoa,2025,15,16.22,11.113846153846156,1.6431701183319092,12.757016272178065,0
J.McCarthy,2025,15,23.5,12.225714285714286,3.1864521503448486,15.412166436059135,0
C.Williams,2025,15,18.98,18.35538461538461,-0.8658453226089478,17.489539292775664,0
A.Rodgers,2025,15,16.96,14.125,-0.11495116353034973,14.01004883646965,0
S.Darnold,2025,15,11.34,14.590769230769231,1.6270811557769775,16.21785038654621,0
B.Purdy,2025,15,26.200000000000003,15.636,-0.638663113117218,14.997336886882781,0
B.Mayfield,2025,15,19.18,16.106153846153845,0.0722426176071167,16.17839646376096,0
C.Ward,2025,15,15.0,9.801538461538463,2.654670476913452,12.456208938451915,0
B.Nix,2025,15,29.08,17.735384615384614,-0.008039006032049656,17.727345609352565,0
K.Cousins,2025,15,26.92,6.783333333333332,2.7693676948547363,9.552701028188068,0
D.Henry,2025,15,10.0,14.5,1.2496901750564575,15.749690175056458,1
M.Mariota,2025,15,14.739999999999998,13.3825,4.160655975341797,17.543155975341797,0
T.Shough,2025,15,18.08,11.29714285714286,3.001857042312622,14.298999899455483,0
J.Dart,2025,15,22.14,17.394,0.6926608085632324,18.08666080856323,0
C.Olave,2025,15,20.5,14.215384615384616,-0.04000402241945267,14.175380592965164,2
D.Montgomery,2025,15,9.2,11.063076923076922,-1.0035234689712524,10.05955345410567,1
T.Warren,2025,15,4.9,12.36153846153846,0.11491190642118454,12.476450367959645,2
T.Hill,2025,15,0.2,5.658461538461538,1.298932433128357,6.957393971589895,2
J.Brissett,2025,15,20.56,16.416,0.3984522819519043,16.814452281951905,0
J.Waddle,2025,15,4.6,13.586153846153849,1.2051277160644531,14.791281562218302,2
C.Kupp,2025,15,9.6,7.775000000000001,0.8305405378341675,8.60554053783417,2
K.Pickett,2025,15,1.2600000000000002,2.266666666666667,3.4068546295166016,5.673521296183269,0
B.Hall,2025,15,5.7,13.289230769230768,1.4819860458374023,14.77121681506817,1
C.Kmet,2025,15,4.800000000000001,5.108333333333333,0.3603166341781616,5.468649967511495,2
D.Moore,2025,15,22.5,9.62923076923077,-0.16734103858470917,9.46188973064606,2
K.Allen,2025,15,8.6,11.623076923076924,1.026533603668213,12.649610526745137,2
C.Sutton,2025,15,24.3,12.715384615384616,-0.24739956855773926,12.467985046826877,2
S.Sanders,2025,15,3.4800000000000004,13.94,0.6202353239059448,14.560235323905944,0
R.Harvey,2025,15,10.5,11.623076923076924,-0.8915656208992004,10.731511302177724,1
I.Williams,2025,15,11.3,3.2,0.9924822449684143,4.1924822449684145,2
C.McCaffrey,2025,15,15.7,25.115384615384617,0.8481547236442566,25.963539339028873,1
Q.Judkins,2025,15,4.7,12.916666666666666,-0.6266992688179016,12.289967397848764,1
J.Johnson,2025,15,7.0,10.415384615384616,0.46774914860725403,10.88313376399187,2
T.Burks,2025,15,0.0,4.675,-0.35680246353149414,4.318197536468506,2
D.Singletary,2025,15,2.4000000000000004,5.630769230769231,1.146281361579895,6.777050592349126,1
J.Jennings,2025,15,18.7,10.61818181818182,0.13048601150512695,10.748667829686948,2
D.Neal,2025,15,10.2,6.225,0.8680415749549866,7.093041574954986,1
J.Cook,2025,15,31.1,18.03846153846154,-1.3511741161346436,16.687287422326897,1
Ty.Johnson,2025,15,5.8,4.492307692307692,1.177009105682373,5.669316797990065,2
Z.Flowers,2025,15,15.8,12.576923076923077,1.9073766469955444,14.484299723918621,2
R.Ali,2025,15,11.2,2.0,2.1698145866394043,4.169814586639404,1
R.Davis,2025,15,2.3,2.488888888888889,1.086856722831726,3.575745611720615,1
T.Etienne,2025,15,31.5,14.535714285714286,0.6505830883979797,15.186297374112266,1
D.Brown,2025,15,-1.6,5.5,0.4590210020542145,5.9590210020542145,2
C.Hubbard,2025,15,4.800000000000001,9.972727272727273,0.7315356731414795,10.704262945868752,1
L.Allen,2025,15,2.6,1.9,1.4919153451919556,3.3919153451919555,1
B.Tuten,2025,15,9.3,5.461538461538462,0.3151916265487671,5.776730088087229,1
B.Thomas,2025,15,17.1,10.21,0.34956374764442444,10.559563747644425,2
R.Dowdle,2025,15,12.4,14.1,0.3084696829319,14.4084696829319,1
T.Bigsby,2025,15,5.7,2.7,1.824758768081665,4.524758768081665,1
C.Brown,2025,15,16.0,14.146153846153847,0.8590942621231079,15.005248108276955,1
H.Fannin,2025,15,12.0,11.069230769230767,0.5362643003463745,11.605495069577142,2
J.Williams,2025,15,40.7,26.678571428571427,-1.777347445487976,24.90122398308345,1
K.Turpin,2025,15,3.2,5.481818181818182,0.23380573093891144,5.715623912757094,2
S.Barkley,2025,15,17.200000000000003,14.392307692307694,-0.019146628677845,14.37316106362985,1
J.Jacobs,2025,15,23.200000000000003,17.316666666666666,-3.466566324234009,13.850100342432658,1
J.Gibbs,2025,15,9.8,23.63846153846153,-4.659298419952393,18.97916311850914,1
C.Brooks,2025,15,2.6,2.15,1.0457525253295898,3.1957525253295898,2
E.Wilson,2025,15,0.3,6.400000000000001,0.35583916306495667,6.755839163064958,1
D.Ogunbowale,2025,15,6.4,2.4833333333333334,1.2219420671463013,3.7052754004796347,-1
K.Williams,2025,15,21.8,18.0,-0.9597079157829285,17.04029208421707,1
P.Nacua,2025,15,27.9,21.575,-2.0701446533203125,19.504855346679687,2
W.Marks,2025,15,4.8,9.615384615384617,1.1561049222946167,10.771489537679233,1
J.Whittington,2025,15,0.0,3.036363636363637,0.9011278748512268,3.937491511214864,2
B.Corum,2025,15,13.1,6.638461538461538,0.6422291994094849,7.280690737871023,1
X.Hutchinson,2025,15,2.6,6.308333333333334,0.16537682712078094,6.4737101604541145,2
I.Pacheco,2025,15,2.1,6.85,0.49166610836982727,7.341666108369827,1
X.Worthy,2025,15,5.5,8.927272727272728,0.21265214681625366,9.139924874088981,2
O.Hampton,2025,15,7.500000000000001,15.283333333333331,-0.7841371297836304,14.499196203549701,1
K.Hunt,2025,15,3.0,10.146153846153847,-1.1515637636184692,8.994590082535378,1
A.Jeanty,2025,15,8.2,14.107692307692307,-0.7090590000152588,13.398633307677049,1
R.Stevenson,2025,15,10.7,8.78,0.7606964111328125,9.540696411132812,1
T.Henderson,2025,15,30.1,11.415384615384616,0.6319075226783752,12.047292138062991,1
D.Douglas,2025,15,0.5,7.233333333333334,0.5196952223777771,7.753028555711111,2
J.Taylor,2025,15,13.1,23.76923076923077,-8.01548957824707,15.7537411909837,1
D.Achane,2025,15,18.7,20.861538461538466,-0.6162048578262329,20.245333603712233,1
M.Washington,2025,15,2.0,6.553846153846154,0.5757133364677429,7.129559490313897,2
A.Jones,2025,15,9.5,9.177777777777775,1.514165997505188,10.691943775282963,1
D.Swift,2025,15,22.6,14.108333333333334,-2.412071704864502,11.696261628468832,1
J.Jefferson,2025,15,4.2,12.107692307692307,1.0130767822265625,13.12076908991887,2
J.Mason,2025,15,2.9000000000000004,8.807692307692308,1.3140279054641724,10.12172021315648,1
T.Tracy,2025,15,24.7,8.336363636363636,1.771673560142517,10.108037196506153,1
J.Croskey-Merritt,2025,15,15.6,6.984615384615385,0.8317863345146179,7.816401719130003,1
J.McNichols,2025,15,1.2000000000000002,5.016666666666667,1.1853547096252441,6.202021376291911,1
D.Samuel,2025,15,7.3,13.25,-0.3198414742946625,12.930158525705338,2
I.Davis,2025,15,13.5,3.725,1.0986814498901367,4.823681449890136,1
K.Gainwell,2025,15,19.6,11.515384615384615,-0.0464899018406868,11.468894713543929,1
J.Warren,2025,15,7.800000000000001,13.241666666666667,-0.23225483298301697,13.00941183368365,1
K.Johnson,2025,15,0.4,2.372727272727273,0.6287460923194885,3.0014733650467615,1
K.Walker,2025,15,2.9000000000000004,10.661538461538465,0.9260534048080444,11.587591866346509,1
B.Robinson,2025,15,31.6,22.714285714285715,-1.1370295286178589,21.577256185667856,1
Z.Charbonnet,2025,15,3.1,9.666666666666666,0.23654380440711975,9.903210471073786,1
A.Barner,2025,15,5.7,8.453846153846154,0.7584966421127319,9.212342795958886,2
T.Allgeier,2025,15,1.8,8.284615384615385,-0.27497029304504395,8.009645091570341,1
B.Irving,2025,15,8.1,17.366666666666667,-2.0710136890411377,15.29565297762553,1
S.Tucker,2025,15,6.7,7.8,-0.3363286852836609,7.463671314716339,1
R.White,2025,15,3.6,9.353846153846154,0.21123413741588593,9.56508029126204,1
E.Egbuka,2025,15,10.4,13.346153846153848,-0.13328447937965393,13.212869366774195,2
T.Pollard,2025,15,18.200000000000003,10.492307692307692,1.7228012084960938,12.215108900803786,1
C.Dike,2025,15,5.0,6.323076923076924,0.3860693573951721,6.709146280472096,2
A.Smith,2025,15,0.0,1.475,1.4013110399246216,2.8763110399246217,-1
X.Legette,2025,15,5.9,6.790909090909091,0.18980185687541962,6.980710947784511,2
O.Zaccheaus,2025,15,0.0,6.625,0.4278882145881653,7.052888214588165,2
A.St. Brown,2025,15,41.400000000000006,17.96153846153846,-2.7541441917419434,15.207394269796517,2
K.Raymond,2025,15,3.0,3.9875,0.7163995504379272,4.703899550437927,2
K.Monangai,2025,15,3.3000000000000003,9.038461538461538,-0.0944121927022934,8.944049345759245,1
M.Andrews,2025,15,3.8,8.661538461538461,0.5535173416137695,9.21505580315223,2
I.Bond,2025,15,10.9,3.3181818181818183,1.2903376817703247,4.608519499952143,2
T.Franklin,2025,15,20.8,10.76923076923077,-0.32031968235969543,10.448911086871075,2
T.Badie,2025,15,1.1,2.590909090909091,1.0164886713027954,3.6073977622118862,2
T.Tucker,2025,15,0.0,10.538461538461538,-0.41025230288505554,10.128209235576483,2
B.Smith,2025,15,0.1,4.045454545454546,0.9236065149307251,4.969061060385271,2
R.Pearsall,2025,15,15.6,8.5,1.0800554752349854,9.580055475234985,2
M.Golden,2025,15,8.5,5.71,1.04965078830719,6.75965078830719,2
E.Demercado,2025,15,2.1,6.071428571428571,0.18425652384757996,6.255685095276151,1
J.Chase,2025,15,23.200000000000003,18.491666666666667,-1.074973702430725,17.416692964235942,2
S.Perine,2025,15,5.3,4.4,1.5206818580627441,5.9206818580627445,1
L.Burden,2025,15,14.4,6.516666666666667,0.8401156067848206,7.356782273451487,2
D.Laube,2025,15,0.4,1.7666666666666666,1.0793951749801636,2.84606184164683,-1
J.Wright,2025,15,2.1,4.366666666666667,1.5826866626739502,5.949353329340617,1
R.Mostert,2025,15,1.2,2.63,1.0460033416748047,3.6760033416748046,1
M.Mims,2025,15,7.7,6.218181818181819,0.16587504744529724,6.384056865627116,2
A.Iosivas,2025,15,0.0,6.881818181818182,0.19783447682857513,7.079652658646757,2
H.Luepke,2025,15,5.0,3.085714285714286,0.21486368775367737,3.300577973467963,2
R.Flournoy,2025,15,8.0,8.440000000000001,0.02553681842982769,8.465536818429829,2
P.Washington,2025,15,8.3,9.018181818181818,-0.09682387858629227,8.921357939595525,2
Co.Heyward,2025,15,6.4,1.3625,0.6796345710754395,2.0421345710754393,-1
T.Johnson,2025,15,10.2,18.207692307692305,-1.5855565071105957,16.62213580058171,2
J.Smith-Njigba,2025,15,18.3,22.107692307692307,-3.106727123260498,19.00096518443181,2
M.Carter,2025,15,13.4,7.322222222222223,1.2990366220474243,8.621258844269647,1
K.Mitchell,2025,15,6.6000000000000005,5.1875,1.9188216924667358,7.106321692466736,1
N.Collins,2025,15,23.5,15.341666666666669,-0.8137834668159485,14.52788319985072,2
A.Abdullah,2025,15,9.7,2.6125,1.2065982818603516,3.8190982818603514,-1
Ji.Horn,2025,15,1.7000000000000002,3.1833333333333336,1.0356472730636597,4.218980606396993,2
J.Nailor,2025,15,19.5,5.63846153846154,1.1699650287628174,6.808426567224357,2
M.Corley,2025,15,2.0,2.0375,1.7842016220092773,3.8217016220092774,1
K.Shakir,2025,15,11.5,10.36153846153846,0.762721598148346,11.124260059686806,2
W.Robinson,2025,15,16.4,13.384615384615383,0.48824745416641235,13.872862838781796,2
K.Juszczyk,2025,15,1.7000000000000002,3.7,0.9691972732543945,4.669197273254395,2
T.Spears,2025,15,5.6000000000000005,8.2,1.7348111867904663,9.934811186790466,1
K.Vidal,2025,15,5.800000000000001,12.11111111111111,-0.2666022479534149,11.844508863157696,1
J.Lane,2025,15,0.0,3.266666666666667,1.2605444192886353,4.527211085955303,2
B.Melton,2025,15,0.0,3.96,0.032555270940065384,3.9925552709400653,2
J.Smith,2025,15,10.6,4.823076923076924,0.45875561237335205,5.281832535450276,2
E.Engram,2025,15,2.2,6.783333333333334,0.7822079658508301,7.565541299184164,2
J.McLaughlin,2025,15,0.4,4.125,0.881628692150116,5.006628692150116,1
A.Ingold,2025,15,1.4,1.5833333333333333,1.5340187549591064,3.1173520882924395,-1
T.Ferguson,2025,15,1.6,3.1,0.09453993290662766,3.1945399329066277,2
M.Hollins,2025,15,8.100000000000001,7.616666666666667,0.754416286945343,8.37108295361201,2
G.Larvadain,2025,15,1.8,2.1,1.1492587327957153,3.2492587327957154,2
C.Lamb,2025,15,17.1,17.966666666666665,-1.0123653411865234,16.95430132548014,2
M.Davis,2025,15,11.7,2.716666666666667,1.52080237865448,4.237469045321147,1
R.Rice,2025,15,12.1,19.714285714285715,-3.4491560459136963,16.26512966837202,2
B.Bowers,2025,15,8.8,15.310000000000002,-2.623239278793335,12.686760721206667,2
J.Addison,2025,15,8.600000000000001,10.76,0.9082829356193542,11.668282935619354,2
G.Kittle,2025,15,22.8,13.2875,-1.3318336009979248,11.955666399002075,2
J.Metchie,2025,15,6.9,6.4375,0.5227123498916626,6.960212349891663,2
M.Tipton,2025,15,1.1,2.8,1.1340768337249756,3.9340768337249754,2
T.Kelce,2025,15,14.0,12.676923076923078,-0.4586392343044281,12.21828384261865,2
T.Hockenson,2025,15,10.6,7.769230769230769,0.5193743109703064,8.288605080201076,2
J.Ferguson,2025,15,3.6,13.115384615384617,-2.920349597930908,10.195035017453709,2
D.Metcalf,2025,15,14.5,12.653846153846152,-0.037373628467321396,12.61647252537883,2
D.Sample,2025,15,3.2,2.442857142857143,0.054853420704603195,2.4977105635617463,-1
D.Wicks,2025,15,1.6,6.9300000000000015,0.716399610042572,7.6463996100425735,2
C.Watson,2025,15,5.9,14.357142857142858,-2.6419761180877686,11.715166739055089,2
C.Stover,2025,15,5.2,3.366666666666667,1.017263650894165,4.383930317560832,2
J.Meyers,2025,15,12.1,11.483333333333334,-0.07399286329746246,11.409340470035872,2
D.Robinson,2025,15,5.6,3.1900000000000004,1.0466296672821045,4.236629667282105,2
D.Waller,2025,15,25.6,11.02,-2.2275278568267822,8.792472143173217,2
T.Harris,2025,15,7.9,3.733333333333333,1.1502701044082642,4.883603437741597,2
C.Loveland,2025,15,10.1,8.541666666666666,-0.7322098016738892,7.809456864992777,2
A.Mitchell,2025,15,17.4,4.833333333333333,1.006761074066162,5.840094407399495,2
A.Beck,2025,15,0.5,3.06,-0.08489763736724854,2.9751023626327515,-1
J.Downs,2025,15,10.3,8.383333333333333,0.0628562793135643,8.446189612646897,2
M.Evans,2025,15,19.200000000000003,6.709090909090909,0.1322908103466034,6.841381719437512,2
G.Dulcich,2025,15,6.6000000000000005,5.68,1.1224414110183716,6.802441411018371,2
J.Jeudy,2025,15,4.2,7.515384615384615,0.7571701407432556,8.272554756127871,2
D.Goedert,2025,15,25.0,11.508333333333333,-1.4659943580627441,10.042338975270589,2
T.McBride,2025,15,37.4,18.053846153846152,-3.309741258621216,14.744104895224936,2
E.Higgins,2025,15,1.3,3.1727272727272733,0.8966032862663269,4.069330558993601,2
D.Vele,2025,15,11.9,6.800000000000001,0.3046687841415405,7.104668784141541,2
D.Knox,2025,15,18.7,5.383333333333333,1.2898133993148804,6.673146732648213,2
D.Kincaid,2025,15,6.4,12.433333333333334,-0.8794655799865723,11.553867753346761,2
J.Palmer,2025,15,2.6,5.65,1.4357389211654663,7.085738921165467,2
D.Hopkins,2025,15,4.2,4.207692307692308,0.7062048316001892,4.913897139292497,2
J.Hawes,2025,15,1.9,4.5200000000000005,0.14376425743103027,4.663764257431031,2
B.Strange,2025,15,3.6,9.2375,0.3193165361881256,9.556816536188126,2
T.Tremble,2025,15,3.3,4.054545454545455,0.6628231406211853,4.71736859516664,2
T.McMillan,2025,15,4.5,13.50769230769231,0.12138958275318146,13.629081890445491,2
J.Sanders,2025,15,2.5,4.733333333333333,1.2213208675384521,5.9546542008717855,2
M.Gesicki,2025,15,2.1,5.7625,0.4625561535358429,6.225056153535843,2
G.Pickens,2025,15,6.300000000000001,18.915384615384617,-3.523399591445923,15.391985023938695,2
D.Smith,2025,15,7.0,12.761538461538462,0.553743302822113,13.315281764360575,2
B.Spann-Ford,2025,15,0.0,2.128571428571429,0.41040852665901184,2.538979955230441,-1
L.Schoonmaker,2025,15,3.9,1.6,1.1494770050048828,2.749477005004883,-1
A.Brown,2025,15,12.1,14.825,-0.9088075757026672,13.916192424297332,2
R.Doubs,2025,15,5.6,10.092307692307692,0.4287163317203522,10.521024024028044,2
J.FitzPatrick,2025,15,4.8,2.55,0.43390926718711853,2.9839092671871184,-1
L.Musgrave,2025,15,9.2,3.0181818181818185,1.0129945278167725,4.031176345998591,2
I.TeSlaa,2025,15,0.0,4.4,-0.33894720673561096,4.061052793264389,2
D.Adams,2025,15,11.1,16.292307692307695,-2.53247332572937,13.759834366578325,2
D.Schultz,2025,15,21.6,9.646153846153847,1.2259489297866821,10.87210277594053,2
J.Higgins,2025,15,1.4,7.561538461538462,0.13212813436985016,7.693666595908312,2
C.Parkinson,2025,15,24.5,7.029999999999999,-0.20121701061725616,6.828782989382743,2
D.Allen,2025,15,4.6,4.4,-0.1652033030986786,4.234796696901322,2
T.Atwell,2025,15,1.9,5.28,-0.34129613637924194,4.938703863620758,2
L.McConkey,2025,15,4.0,12.192307692307692,0.49518248438835144,12.687490176696043,2
J.Smith-Schuster,2025,15,0.0,5.283333333333334,0.834486186504364,6.117819519837698,2
T.Thornton,2025,15,6.7,7.409999999999999,-0.20887885987758636,7.201121140122413,2
K.Lambert-Smith,2025,15,8.6,0.3666666666666667,1.9427496194839478,2.3094162861506145,-1
J.Bech,2025,15,3.7,3.6000000000000005,0.9750516414642334,4.575051641464234,2
H.Henry,2025,15,2.8,10.461538461538462,0.22586631774902344,10.687404779287485,2
K.Boutte,2025,15,4.0,10.28181818181818,-0.9295262098312378,9.352291971986942,2
S.Diggs,2025,15,5.6,11.73076923076923,0.4415219724178314,12.172291203187061,2
M.Pittman,2025,15,5.6,14.069230769230767,-1.3977348804473877,12.67149588878338,2
A.Pierce,2025,15,2.6,11.536363636363635,-0.10006217658519745,11.436301459778438,2
N.Westbrook-Ikhine,2025,15,0.0,2.4875,1.1764941215515137,3.6639941215515135,2
J.Oliver,2025,15,2.8,5.2,-0.7594730257987976,4.440526974201203,2
N.Brown,2025,15,3.8,3.1666666666666665,1.0661864280700684,4.232853094736734,2
T.McLaurin,2025,15,15.9,11.5,0.05091661959886551,11.550916619598866,2
D.Slayton,2025,15,9.3,7.27,0.6725848913192749,7.9425848913192745,2
D.Bellinger,2025,15,6.5,4.2444444444444445,0.563165009021759,4.8076094534662035,2
P.Freiermuth,2025,15,7.5,7.518181818181818,-0.005856567062437534,7.51232525111938,2
J.Ruckert,2025,15,3.3,3.79,0.14240507781505585,3.932405077815056,2
C.Austin,2025,15,0.0,6.354545454545455,0.26697996258735657,6.621525417132812,2
K.Pitts,2025,15,45.6,10.084615384615384,1.330403208732605,11.41501859334799,2
T.Lockett,2025,15,3.0,4.007692307692308,0.835544764995575,4.843237072687883,2
G.Helm,2025,15,14.9,5.6,1.4844838380813599,7.0844838380813595,2
C.Okonkwo,2025,15,7.300000000000001,6.43076923076923,1.3027695417404175,7.733538772509648,2
E.Ayomanor,2025,15,2.7,6.941666666666667,0.4243999719619751,7.366066638628642,2
D.Mooney,2025,15,6.5,5.536363636363636,0.6294967532157898,6.165860389579426,2
M.Tinsley,2025,15,2.6,4.833333333333333,-0.6098724007606506,4.223460932572682,2
V.Jefferson,2025,15,5.3,4.790909090909091,0.9420858025550842,5.732994893464175,2
G.Calcaterra,2025,15,1.4,1.96,1.1746126413345337,3.1346126413345337,-1
D.Washington,2025,15,5.5,5.98,0.42128491401672363,6.401284914016724,2
M.Valdes-Scantling,2025,15,8.9,1.6,1.5947730541229248,3.194773054122925,-1
K.Bourne,2025,15,3.7,7.92,0.7727453112602234,8.692745311260223,2
B.Sinnott,2025,15,4.6,3.5250000000000004,-0.129172220826149,3.3958277791738514,2
C.Woerner,2025,15,3.2,2.075,1.0692152976989746,3.144215297698975,-1
D.Sills,2025,15,13.8,3.3125,-0.007383119314908981,3.305116880685091,-1
O.Gadsden,2025,15,10.1,9.372727272727271,0.5262560844421387,9.89898335716941,2
J.Stoll,2025,15,1.7000000000000002,2.25,0.4414607286453247,2.6914607286453247,-1
A.Lazard,2025,15,1.6,2.675,0.42313486337661743,3.0981348633766173,-1
C.Godwin,2025,15,14.0,7.080000000000001,1.172299861907959,8.25229986190796,2
J.Hyatt,2025,15,0.0,2.125,1.3981934785842896,3.5231934785842896,-1
J.Bates,2025,15,2.9000000000000004,2.516666666666667,1.2334306240081787,3.7500972906748458,2
T.Hudson,2025,15,4.6,5.242857142857143,-0.13937845826148987,5.103478684595653,2
K.Mumpfield,2025,15,0.0,3.04,-0.26454824209213257,2.7754517579078675,-1
L.Humphrey,2025,15,13.2,3.8,0.732424795627594,4.532424795627594,2
J.Coker,2025,15,14.0,6.914285714285716,0.38987720012664795,7.304162914412364,2
I.Hodgins,2025,15,1.4,8.1,-0.5203551054000854,7.579644894599914,2
D.Drummond,2025,15,0.0,3.733333333333333,1.0844571590423584,4.817790492375691,2
M.Wilson,2025,15,16.4,19.1,-3.8580925464630127,15.241907453536989,2
J.Proche,2025,15,0.0,3.1666666666666665,1.2193602323532104,4.3860268990198765,2
J.Allen,2025,16,6.9,23.895714285714284,-4.541528701782227,19.354185583932058,0
L.Jackson,2025,16,4.74,17.245454545454546,-0.4913105070590973,16.75414403839545,0
T.Lawrence,2025,16,31.16,18.61428571428572,-2.4788732528686523,16.13541246141707,0
B.Young,2025,16,17.64,13.461538461538462,0.957573652267456,14.419112113805918,0
J.Burrow,2025,16,28.96,12.792,-0.044231392443180084,12.74776860755682,0
J.Flacco,2025,16,0.16,14.514,0.8388503789901733,15.352850378990173,0
D.Prescott,2025,16,19.16,19.374285714285715,-2.004655122756958,17.369630591528757,0
J.Hurts,2025,16,19.4,19.482857142857146,1.3369780778884888,20.819835220745635,0
J.Love,2025,16,3.78,16.525714285714287,1.0246779918670654,17.550392277581352,0
J.Goff,2025,16,26.46,18.09142857142857,-0.13538619875907898,17.95604237266949,0
C.Stroud,2025,16,11.48,15.094545454545456,1.324231743812561,16.418777198358015,0
M.Stafford,2025,16,30.880000000000003,20.005714285714284,-2.7392525672912598,17.266461718423024,0
J.Herbert,2025,16,30.2,17.252857142857145,1.6519114971160889,18.904768639973234,0
G.Smith,2025,16,14.04,11.747692307692308,0.7227920293807983,12.470484337073106,0
D.Maye,2025,16,23.700000000000003,20.005714285714284,0.11928074061870575,20.12499502633299,0
J.McCarthy,2025,16,8.32,13.635,1.518001675605774,15.153001675605774,0
C.Williams,2025,16,21.0,18.4,0.7405751943588257,19.140575194358824,0
A.Rodgers,2025,16,15.54,14.343076923076922,-0.06839283555746078,14.27468408751946,0
S.Darnold,2025,16,19.5,14.358571428571429,-0.05186750367283821,14.30670392489859,0
B.Purdy,2025,16,30.9,17.396666666666665,1.734681487083435,19.1313481537501,0
B.Mayfield,2025,16,12.7,16.325714285714287,-1.0209332704544067,15.30478101525988,0
C.Ward,2025,16,18.020000000000003,10.172857142857143,2.332714080810547,12.50557122366769,0
B.Nix,2025,16,15.18,18.545714285714286,-0.7434744834899902,17.802239802224296,0
K.Cousins,2025,16,17.58,9.66,2.383213520050049,12.043213520050049,0
M.Brosmer,2025,16,1.78,-0.3700000000000001,4.0555009841918945,3.6855009841918944,0
D.Henry,2025,16,22.8,14.178571428571429,-0.8908331394195557,13.287738289151873,1
M.Mariota,2025,16,3.7,13.533333333333331,0.4959108829498291,14.02924421628316,0
T.Shough,2025,16,17.12,12.145,2.2328531742095947,14.377853174209594,0
J.Dart,2025,16,0.02,17.825454545454544,-2.6323091983795166,15.193145347075028,0
C.Olave,2025,16,36.8,14.664285714285716,-0.45205050706863403,14.212235207217082,2
D.Montgomery,2025,16,1.4,10.929999999999998,0.27339571714401245,11.20339571714401,1
T.Warren,2025,16,6.0,11.828571428571427,0.521126925945282,12.34969835451671,2
T.Hill,2025,16,15.32,5.268571428571428,1.4053359031677246,6.673907331739152,2
J.Brissett,2025,16,10.62,16.792727272727276,-0.596652626991272,16.196074645736005,0
J.Waddle,2025,16,12.2,12.944285714285716,1.8165355920791626,14.760821306364878,2
T.Huntley,2025,16,2.8000000000000003,7.686666666666667,2.538728952407837,10.225395619074504,0
C.Kupp,2025,16,6.9,7.915384615384616,0.5352644920349121,8.450649107419528,2
B.Hall,2025,16,8.3,12.747142857142858,1.5286251306533813,14.27576798779624,1
C.Kmet,2025,16,3.4000000000000004,5.084615384615384,0.6132630705833435,5.697878455198728,2
D.Moore,2025,16,21.9,10.54857142857143,-0.14135268330574036,10.40721874526569,2
K.Allen,2025,16,9.4,11.407142857142857,1.4194152355194092,12.826558092662266,2
C.Sutton,2025,16,20.6,13.542857142857144,0.15556016564369202,13.698417308500836,2
S.Sanders,2025,16,11.18,11.848,2.7019543647766113,14.549954364776612,0
R.Harvey,2025,16,22.1,11.542857142857144,-0.9231156706809998,10.619741472176145,1
I.Williams,2025,16,6.5,4.55,0.9450246095657349,5.495024609565735,2
C.McCaffrey,2025,16,32.6,24.442857142857143,1.0059744119644165,25.44883155482156,1
Q.Judkins,2025,16,10.1,12.284615384615384,-0.05489148944616318,12.22972389516922,1
G.Minshew,2025,16,1.4,-0.5733333333333334,3.0486485958099365,2.4753152624766033,-1
J.Johnson,2025,16,16.62,10.171428571428573,0.4265275001525879,10.59795607158116,2
T.Burks,2025,16,5.0,3.74,-0.18995383381843567,3.5500461661815645,2
D.Singletary,2025,16,5.6000000000000005,5.4,0.6272494196891785,6.027249419689179,1
J.Jennings,2025,16,18.1,11.291666666666666,-0.1415654867887497,11.150101179877916,2
J.Cook,2025,16,26.4,18.97142857142857,-1.894616961479187,17.076811609949385,1
Ty.Johnson,2025,16,7.6,4.585714285714286,1.2205240726470947,5.806238358361381,2
Z.Flowers,2025,16,21.200000000000003,12.80714285714286,0.7564136981964111,13.563556555339272,2
R.Ali,2025,16,2.2,3.8400000000000007,-0.23444682359695435,3.6055531764030464,2
R.Davis,2025,16,5.4,2.47,0.7833620309829712,3.2533620309829714,1
T.Etienne,2025,16,16.6,15.666666666666666,-2.7517077922821045,12.914958874384562,1
C.Hubbard,2025,16,4.4,9.541666666666666,0.6085125803947449,10.150179247061411,1
L.Allen,2025,16,1.0,1.9583333333333333,1.3210920095443726,3.2794253428777056,1
B.Thomas,2025,16,3.8,10.836363636363636,0.14235176146030426,10.97871539782394,2
R.Dowdle,2025,16,8.3,13.97857142857143,0.14870135486125946,14.127272783432689,1
T.Bigsby,2025,16,9.7,3.075,1.9591857194900513,5.0341857194900514,1
C.Brown,2025,16,32.9,14.278571428571428,0.7063902020454407,14.98496163061687,1
H.Fannin,2025,16,19.5,11.135714285714286,0.9117018580436707,12.047416143757957,2
J.Williams,2025,16,18.3,27.613333333333337,-2.9924473762512207,24.620885957082116,1
K.Turpin,2025,16,4.7,5.291666666666667,0.5031150579452515,5.794781724611918,2
S.Barkley,2025,16,21.200000000000003,14.592857142857143,0.44089987874031067,15.033757021597454,1
W.Shipley,2025,16,1.3,1.8375,1.894766926765442,3.732266926765442,1
J.Jacobs,2025,16,4.800000000000001,17.76923076923077,-0.32931166887283325,17.439919100357937,1
J.Gibbs,2025,16,22.8,22.65,-0.4372345805168152,22.212765419483183,1
C.Brooks,2025,16,0.4,2.190909090909091,1.2614866495132446,3.4523957404223355,2
E.Wilson,2025,16,8.200000000000001,5.93076923076923,0.7067909836769104,6.6375602144461405,1
N.Chubb,2025,16,5.2,6.384615384615385,1.1625967025756836,7.547212087191069,1
D.Ogunbowale,2025,16,0.8999999999999999,3.042857142857143,1.1014673709869385,4.144324513844081,2
K.Williams,2025,16,24.200000000000003,18.27142857142857,-2.062023878097534,16.209404693331035,1
P.Nacua,2025,16,46.5,22.06153846153846,-2.1147093772888184,19.946829084249643,2
J.Whittington,2025,16,2.9000000000000004,2.7833333333333337,0.8655235171318054,3.648856850465139,2
B.Corum,2025,16,13.1,7.1000000000000005,-0.10444355010986328,6.995556449890137,1
X.Hutchinson,2025,16,1.4,6.023076923076924,0.24145200848579407,6.264528931562718,2
I.Pacheco,2025,16,13.5,6.418181818181818,0.8583652377128601,7.276547055894678,1
X.Worthy,2025,16,6.1000000000000005,8.641666666666667,0.46016713976860046,9.101833806435268,2
O.Hampton,2025,16,16.5,14.171428571428573,0.47473785281181335,14.646166424240386,1
K.Hunt,2025,16,0.2,9.635714285714286,-0.1902620941400528,9.445452191574233,1
A.Jeanty,2025,16,31.8,13.685714285714283,-0.22911295294761658,13.456601332766667,1
R.Stevenson,2025,16,17.8,8.954545454545455,0.9475417137145996,9.902087168260055,1
T.Henderson,2025,16,2.2,12.75,0.5313795208930969,13.281379520893097,1
D.Douglas,2025,16,1.6,6.715384615384616,0.5604034066200256,7.275788022004642,2
J.Taylor,2025,16,16.9,23.00714285714286,-4.221336364746094,18.785806492396766,1
D.Achane,2025,16,18.0,20.707142857142856,0.415523886680603,21.12266674382346,1
M.Washington,2025,16,10.2,6.228571428571429,1.0681015253067017,7.29667295387813,2
A.Jones,2025,16,11.3,9.21,1.1639481782913208,10.373948178291322,1
D.Swift,2025,16,9.0,14.761538461538462,-1.793235182762146,12.968303278776316,1
J.Jefferson,2025,16,14.5,11.542857142857144,1.0525401830673218,12.595397325924466,2
J.Mason,2025,16,2.1,8.385714285714286,1.055341362953186,9.441055648667472,1
T.Tracy,2025,16,9.8,9.7,0.5288475751876831,10.228847575187682,1
J.Croskey-Merritt,2025,16,8.5,7.6,0.26038050651550293,7.860380506515503,1
J.McNichols,2025,16,5.2,4.723076923076923,0.9925116300582886,5.715588553135212,1
D.Samuel,2025,16,6.5,12.792307692307691,-0.07607512176036835,12.716232570547323,2
I.Davis,2025,16,10.0,4.476923076923077,1.1930464506149292,5.669969527538006,1
K.Gainwell,2025,16,23.8,12.092857142857143,0.35883429646492004,12.451691439322063,1
J.Warren,2025,16,29.1,12.823076923076922,-0.3391669690608978,12.483909954016024,1
K.Walker,2025,16,25.4,10.107142857142858,0.7991260886192322,10.90626894576209,1
B.Robinson,2025,16,31.800000000000004,23.30666666666667,-0.592414140701294,22.714252525965374,1
Z.Charbonnet,2025,16,17.4,9.161538461538465,-0.5775553584098816,8.583983103128583,1
A.Barner,2025,16,15.0,8.257142857142856,0.3714561462402344,8.62859900338309,2
T.Allgeier,2025,16,8.3,7.821428571428571,0.2248876988887787,8.04631627031735,1
B.Irving,2025,16,7.1000000000000005,16.042857142857144,-1.0505945682525635,14.992262574604581,1
S.Tucker,2025,16,6.3,7.7,-0.07021556049585342,7.629784439504147,1
R.White,2025,16,8.0,8.942857142857143,0.5669621229171753,9.509819265774318,1
E.Egbuka,2025,16,5.0,13.135714285714286,-0.0077318185940384865,13.127982467120248,2
T.Pollard,2025,16,10.2,11.042857142857144,0.5500039458274841,11.592861088684629,1
C.Dike,2025,16,13.0,6.228571428571429,0.8389139771461487,7.067485405717577,2
J.Chestnut,2025,16,0.1,0.65,2.1581666469573975,2.8081666469573974,-1
A.Smith,2025,16,0.0,1.3111111111111111,1.6783437728881836,2.9894548839992945,-1
X.Legette,2025,16,2.2,6.716666666666666,0.3075452148914337,7.0242118815581,2
O.Zaccheaus,2025,16,5.300000000000001,6.115384615384615,0.6038560271263123,6.719240642510927,2
A.St. Brown,2025,16,9.4,19.635714285714283,-1.9588720798492432,17.67684220586504,2
K.Raymond,2025,16,16.2,3.8777777777777778,1.115608811378479,4.993386589156257,2
K.Monangai,2025,16,12.3,8.62857142857143,0.311892032623291,8.940463461194721,1
M.Andrews,2025,16,4.4,8.314285714285715,0.03362029790878296,8.347906012194498,2
T.Franklin,2025,16,10.6,11.485714285714286,0.29481250047683716,11.780526786191123,2
T.Badie,2025,16,1.2,2.466666666666667,1.0658507347106934,3.53251740137736,2
T.Tucker,2025,16,9.4,9.785714285714286,-0.6586611270904541,9.127053158623832,2
Q.Johnston,2025,16,20.4,12.363636363636363,-0.6186451315879822,11.744991232048381,2
B.Smith,2025,16,1.4,3.716666666666667,0.9443831443786621,4.661049811045329,2
M.Golden,2025,16,0.4,5.963636363636363,1.2815877199172974,7.24522408355366,2
S.Williams,2025,16,0.9,2.46,0.6278854608535767,3.0878854608535766,2
E.Demercado,2025,16,3.0,5.575,0.2975095808506012,5.872509580850601,1
J.Chase,2025,16,19.9,18.85384615384616,-1.4393476247787476,17.414498529067412,2
S.Perine,2025,16,12.1,4.4818181818181815,1.6206165552139282,6.10243473703211,1
Z.Scott,2025,16,2.2,4.9,0.38821303844451904,5.288213038444519,1
T.Brooks,2025,16,0.7000000000000001,0.7000000000000001,1.9899985790252686,2.6899985790252687,-1
T.Goodson,2025,16,0.9,0.8,1.8947161436080933,2.694716143608093,-1
C.Rodriguez,2025,16,13.9,6.28,0.2464558333158493,6.5264558333158496,1
J.Wright,2025,16,12.3,4.042857142857143,2.3482277393341064,6.391084882191249,1
R.Mostert,2025,16,1.9,2.5,0.9999660849571228,3.499966084957123,1
M.Mims,2025,16,5.9,6.341666666666666,0.6783379316329956,7.0200045982996615,2
A.Iosivas,2025,16,3.1,6.308333333333334,0.49814796447753906,6.806481297810873,2
H.Luepke,2025,16,2.4000000000000004,3.325,0.06519164890050888,3.390191648900509,2
R.Flournoy,2025,16,9.8,8.4,-0.2388473004102707,8.16115269958973,2
P.Washington,2025,16,26.5,8.958333333333334,-0.226019486784935,8.732313846548399,2
T.Johnson,2025,16,2.6,17.635714285714286,-2.920012950897217,14.71570133481707,2
J.Smith-Njigba,2025,16,23.6,21.83571428571429,-3.3857409954071045,18.449973290307184,2
M.Carter,2025,16,6.5,7.9300000000000015,1.5263526439666748,9.456352643966676,1
K.Mitchell,2025,16,1.3,5.344444444444445,1.3821871280670166,6.726631572511462,1
N.Collins,2025,16,9.9,15.969230769230771,-1.177419662475586,14.791811106755185,2
A.Abdullah,2025,16,1.4,3.4000000000000004,1.2879012823104858,4.687901282310486,1
Ji.Horn,2025,16,2.5,2.9714285714285715,1.091201663017273,4.0626302344458445,2
J.Nailor,2025,16,0.0,6.628571428571428,0.8950883150100708,7.523659743581499,2
M.Corley,2025,16,6.1,2.033333333333333,1.9232879877090454,3.9566213210423786,1
K.Shakir,2025,16,7.4,10.44285714285714,0.25625795125961304,10.699115094116753,2
W.Robinson,2025,16,5.2,13.6,0.10071107000112534,13.700711070001125,2
S.Moore,2025,16,3.3000000000000003,1.5,1.7705961465835571,3.270596146583557,-1
T.Spears,2025,16,21.5,7.94,1.357112169265747,9.297112169265748,1
H.Haskins,2025,16,1.4,2.766666666666667,1.848419189453125,4.6150858561197925,1
K.Vidal,2025,16,1.1,11.48,0.8690875172615051,12.349087517261506,1
J.Smith,2025,16,2.8000000000000003,5.235714285714287,0.4083245098590851,5.644038795573372,2
E.Engram,2025,16,5.6,6.43076923076923,1.01425302028656,7.44502225105579,2
J.McLaughlin,2025,16,3.7,3.38,1.0606054067611694,4.440605406761169,1
A.Ingold,2025,16,1.9,1.5571428571428572,2.304567575454712,3.861710432597569,-1
T.Ferguson,2025,16,12.3,2.933333333333333,0.08867912739515305,3.022012460728486,2
M.Hollins,2025,16,13.9,7.653846153846154,0.7365109324455261,8.39035708629168,2
C.Lamb,2025,16,11.1,17.880000000000003,-0.9901409149169922,16.88985908508301,2
M.Davis,2025,16,2.3000000000000003,4.0,0.7741614580154419,4.774161458015442,1
B.Bowers,2025,16,14.3,14.71818181818182,-2.7728922367095947,11.945289581472226,2
J.Addison,2025,16,4.6,10.563636363636364,0.5565822124481201,11.120218576084484,2
G.Kittle,2025,16,24.5,14.344444444444449,-0.7656345963478088,13.57880984809664,2
J.Metchie,2025,16,1.4,6.48888888888889,0.6935527324676514,7.182441621356541,2
M.Tipton,2025,16,8.100000000000001,2.46,1.0551669597625732,3.515166959762573,2
T.Kelce,2025,16,1.6,12.771428571428572,-0.28102585673332214,12.49040271469525,2
T.Hockenson,2025,16,1.2,7.971428571428571,0.4184476137161255,8.389876185144697,2
J.Ferguson,2025,16,4.9,12.435714285714283,-2.0484955310821533,10.38721875463213,2
D.Metcalf,2025,16,8.2,12.785714285714286,-0.11416793614625931,12.671546349568027,2
D.Sample,2025,16,5.1,2.5375,-0.009501953609287739,2.5279980463907124,-1
D.Wicks,2025,16,3.2,6.445454545454546,0.9024627208709717,7.347917266325518,2
C.Watson,2025,16,3.7,13.3,-1.0331562757492065,12.266843724250794,2
C.Stover,2025,16,2.7,3.825,1.1817256212234497,5.00672562122345,2
J.Meyers,2025,16,8.6,11.53076923076923,-0.13538427650928497,11.395384954259946,2
E.Hull,2025,16,0.3,1.5666666666666669,1.897367238998413,3.46403390566508,1
D.Robinson,2025,16,10.3,3.409090909090909,1.503244161605835,4.912335070696744,2
J.Reed,2025,16,7.1,11.1,-0.6611458659172058,10.438854134082794,2
D.Waller,2025,16,7.0,13.45,-2.6541829109191895,10.79581708908081,2
T.Harris,2025,16,9.4,4.053846153846154,1.7262197732925415,5.780065927138695,2
C.Loveland,2025,16,6.0,8.661538461538461,0.020797526463866234,8.682335988002327,2
A.Mitchell,2025,16,7.3,5.800000000000001,1.0796819925308228,6.8796819925308235,2
J.Downs,2025,16,11.8,8.53076923076923,0.46546778082847595,8.996237011597707,2
M.Evans,2025,16,19.4,7.75,-0.09242811799049377,7.657571882009506,2
G.Dulcich,2025,16,5.6000000000000005,5.833333333333333,1.8354456424713135,7.6687789758046465,2
J.Jeudy,2025,16,4.2,7.278571428571429,1.1469223499298096,8.425493778501238,2
D.Goedert,2025,16,12.2,12.546153846153846,-1.02597975730896,11.520174088844886,2
T.McBride,2025,16,6.7,19.435714285714287,-2.5380311012268066,16.89768318448748,2
E.Higgins,2025,16,16.1,3.016666666666667,1.15944242477417,4.176109091440837,2
M.Harrison,2025,16,2.4000000000000004,12.54,-0.4244658648967743,12.115534135103225,2
D.Knox,2025,16,2.0,6.407692307692309,0.4120098948478699,6.819702202540179,2
D.Kincaid,2025,16,0.0,11.830000000000002,-1.533697485923767,10.296302514076235,2
R.Bateman,2025,16,0.0,4.881818181818182,0.4980597198009491,5.379877901619131,2
J.Palmer,2025,16,1.2,5.311111111111111,1.2520856857299805,6.563196796841091,2
D.Hopkins,2025,16,8.100000000000001,4.207142857142857,0.260883629322052,4.468026486464909,2
J.Hawes,2025,16,4.6,4.281818181818182,-0.05868520215153694,4.223132979666645,2
B.Strange,2025,16,14.9,8.61111111111111,0.15566706657409668,8.766778177685207,2
T.Tremble,2025,16,1.6,3.991666666666667,1.0652434825897217,5.056910149256389,2
T.McMillan,2025,16,19.3,12.864285714285716,0.6582364439964294,13.522522158282145,2
J.Sanders,2025,16,8.9,4.51,1.2301883697509766,5.740188369750976,2
T.Higgins,2025,16,14.3,14.058333333333332,-1.7929009199142456,12.265432413419086,2
C.Tillman,2025,16,1.8,5.522222222222222,0.5847705006599426,6.106992722882165,2
M.Gesicki,2025,16,12.5,5.355555555555556,0.4371437132358551,5.792699268791411,2
G.Pickens,2025,16,26.0,18.014285714285712,-3.377545118331909,14.636740595953803,2
D.Smith,2025,16,16.2,12.35,1.6326202154159546,13.982620215415954,2
J.Dotson,2025,16,4.3,3.536363636363637,0.8636552691459656,4.400018905509603,2
A.Brown,2025,16,18.5,14.615384615384617,-0.8909224271774292,13.724462188207188,2
R.Doubs,2025,16,19.4,9.771428571428572,0.7197352647781372,10.49116383620671,2
J.FitzPatrick,2025,16,0.0,2.8,0.6195623874664307,3.4195623874664305,-1
L.Musgrave,2025,16,6.800000000000001,3.5333333333333337,1.146539330482483,4.679872663815816,2
I.TeSlaa,2025,16,15.2,4.0,0.20511266589164734,4.205112665891647,2
D.Schultz,2025,16,14.5,10.5,0.30519670248031616,10.805196702480316,2
J.Higgins,2025,16,2.7,7.121428571428572,0.13487280905246735,7.256301380481039,2
C.Parkinson,2025,16,4.1,8.618181818181817,-1.8927139043807983,6.725467913801019,2
X.Smith,2025,16,7.7,4.042857142857143,0.6794834733009338,4.7223406161580765,2
D.Allen,2025,16,5.4,4.415384615384616,-0.163838729262352,4.251545886122264,2
L.McConkey,2025,16,14.3,11.607142857142858,1.0708250999450684,12.677967957087926,2
J.Smith-Schuster,2025,16,2.2,4.876923076923077,0.9771842360496521,5.8541073129727295,2
M.Brown,2025,16,5.2,9.33846153846154,-0.7356906533241272,8.602770885137414,2
K.Lambert-Smith,2025,16,2.0,2.425,0.9188711643218994,3.3438711643218992,-1
W.Dissly,2025,16,5.800000000000001,1.88,1.7163259983062744,3.5963259983062743,-1
J.Bech,2025,16,6.3,3.61,0.9377289414405823,4.547728941440582,2
H.Henry,2025,16,15.5,9.914285714285716,0.768277645111084,10.6825633593968,2
K.Boutte,2025,16,2.6,9.758333333333333,-0.6000155806541443,9.158317752679189,2
A.Hooper,2025,16,5.4,4.33,0.49814915657043457,4.828149156570435,2
S.Diggs,2025,16,22.8,11.292857142857144,0.9004481434822083,12.193305286339353,2
M.Mayer,2025,16,2.0,5.133333333333334,0.2883162796497345,5.421649612983068,2
M.Pittman,2025,16,7.2,13.464285714285714,-0.5086306929588318,12.955655021326882,2
A.Pierce,2025,16,24.6,10.791666666666666,0.4889073669910431,11.28057403365771,2
M.Alie-Cox,2025,16,3.6,1.3625,1.719329595565796,3.0818295955657957,-1
J.Oliver,2025,16,3.9,4.933333333333334,-0.2636558413505554,4.669677491982778,2
T.McLaurin,2025,16,8.3,12.12857142857143,-0.33721408247947693,11.791357346091953,2
D.Slayton,2025,16,1.8,7.454545454545454,0.26335620880126953,7.717901663346724,2
P.Freiermuth,2025,16,6.0,7.516666666666667,-0.061602573841810226,7.455064092824856,2
J.Ruckert,2025,16,3.4000000000000004,3.7454545454545456,0.45271897315979004,4.198173518614336,2
C.Austin,2025,16,1.8,5.825,0.35251346230506897,6.177513462305069,2
J.Tonges,2025,16,1.7000000000000002,10.37142857142857,-0.3790314793586731,9.992397092069897,2
D.London,2025,16,5.7,19.666666666666668,-3.204498767852783,16.462167898813885,2
K.Pitts,2025,16,18.7,12.62142857142857,0.552959144115448,13.174387715544018,2
C.Otton,2025,16,3.5,7.416666666666667,1.0454727411270142,8.462139407793682,2
T.Lockett,2025,16,1.6,3.935714285714286,0.8567505478858948,4.792464833600181,2
G.Helm,2025,16,2.9,6.264285714285714,0.46634814143180847,6.730633855717523,2
A.Trautman,2025,16,3.4000000000000004,4.188888888888889,-0.28660210967063904,3.90228677921825,2
C.Okonkwo,2025,16,16.4,6.492857142857143,1.0299708843231201,7.522828027180263,2
E.Ayomanor,2025,16,8.8,6.615384615384615,0.22468405961990356,6.8400686750045185,2
D.Mooney,2025,16,4.4,5.616666666666667,1.124253749847412,6.740920416514079,2
T.Shavers,2025,16,3.1,4.6,-0.26616477966308594,4.333835220336914,2
P.Bryant,2025,16,9.2,5.85,0.37982067465782166,6.229820674657821,2
T.Patrick,2025,16,2.1,4.82,-0.45530441403388977,4.3646955859661105,2
M.Tinsley,2025,16,0.0,4.514285714285714,-0.13598163425922394,4.37830408002649,2
V.Jefferson,2025,16,4.4,4.833333333333333,1.0258584022521973,5.85919173558553,2
D.Washington,2025,16,4.6,5.9363636363636365,0.4911286234855652,6.427492259849202,2
M.Valdes-Scantling,2025,16,1.6,2.8166666666666664,0.2801615595817566,3.096828226248423,-1
K.Bourne,2025,16,5.7,7.536363636363637,1.3474750518798828,8.88383868824352,2
B.Sinnott,2025,16,1.5,3.74,-0.18995383381843567,3.5500461661815645,2
C.Woerner,2025,16,1.3,2.3,1.195320963859558,3.495320963859558,-1
D.Sills,2025,16,0.0,4.477777777777778,0.3678518533706665,4.845629631148444,2
O.Gadsden,2025,16,1.7000000000000002,9.433333333333334,0.88697749376297,10.320310827096304,2
C.Kolar,2025,16,2.8,3.711111111111111,0.1317400485277176,3.8428511596388284,2
C.Kirk,2025,16,6.7,6.050000000000001,0.4072137176990509,6.457213717699052,2
J.Stoll,2025,16,1.4,2.171428571428572,0.44766950607299805,2.61909807750157,-1
N.Adkins,2025,16,0.0,3.3600000000000003,-0.10979611426591873,3.2502038857340816,-1
C.Godwin,2025,16,8.0,8.233333333333334,0.2496018260717392,8.482935159405073,2
X.Weaver,2025,16,3.9,1.35,1.5369147062301636,2.8869147062301637,-1
J.Bates,2025,16,0.0,2.571428571428572,1.0148321390151978,3.58626071044377,2
T.Hudson,2025,16,1.4,5.1625,-0.11962785571813583,5.042872144281864,2
K.Mumpfield,2025,16,7.0,2.533333333333333,0.19603577256202698,2.72936910589536,-1
F.Moreau,2025,16,1.5,1.9,1.163766860961914,3.063766860961914,-1
L.Humphrey,2025,16,1.9,5.68,0.07935452461242676,5.7593545246124265,2
J.Coker,2025,16,7.7,7.800000000000001,0.1060236468911171,7.906023646891118,2
C.Wilson,2025,16,2.1,1.8333333333333333,1.9652642011642456,3.7985975344975786,-1
A.Ogletree,2025,16,2.1,3.533333333333333,-0.4560871720314026,3.0772461613019306,-1
Q.Morris,2025,16,1.5,2.833333333333333,0.8601251840591431,3.693458517392476,2
M.Wilson,2025,16,13.2,18.425,-2.6852078437805176,15.739792156219483,2
J.Allen,2025,17,23.18,22.762666666666668,-0.5951341986656189,22.16753246800105,0
T.Lawrence,2025,17,23.12,19.450666666666667,0.41961392760276794,19.870280594269435,0
B.Young,2025,17,8.86,13.76,-0.0515967421233654,13.708403257876634,0
J.Burrow,2025,17,20.4,15.486666666666666,-1.4917186498641968,13.99494801680247,0
J.Flacco,2025,17,1.16,13.20909090909091,0.855836033821106,14.064926942912017,0
D.Prescott,2025,17,22.68,19.36,-0.44112128019332886,18.91887871980667,0
J.Hurts,2025,17,8.9,19.47733333333333,0.1998146027326584,19.67714793606599,0
J.Goff,2025,17,2.08,18.64933333333333,-2.6906578540802,15.958675479253131,0
C.Stroud,2025,17,13.76,14.793333333333337,0.7766121029853821,15.569945436318719,0
M.Stafford,2025,17,12.76,20.730666666666668,-2.0044984817504883,18.72616818491618,0
J.Herbert,2025,17,15.14,18.116,-1.1672923564910889,16.94870764350891,0
G.Smith,2025,17,7.14,11.911428571428573,1.9493885040283203,13.860817075456893,0
D.Maye,2025,17,32.44,20.252,-0.3613176941871643,19.890682305812835,0
C.Williams,2025,17,23.0,18.57333333333333,1.1675747632980347,19.740908096631365,0
A.Rodgers,2025,17,7.32,14.428571428571429,-1.014593482017517,13.413977946553912,0
S.Darnold,2025,17,6.08,14.701333333333334,0.7773874402046204,15.478720773537955,0
B.Purdy,2025,17,36.92,19.325714285714287,0.41953516006469727,19.745249445778985,0
B.Mayfield,2025,17,17.439999999999998,16.084,-0.1823580414056778,15.901641958594322,0
C.Ward,2025,17,17.04,10.696,2.068253517150879,12.764253517150879,0
B.Nix,2025,17,19.48,18.32133333333333,-0.6767390966415405,17.64459423669179,0
K.Cousins,2025,17,9.14,10.65,2.086547613143921,12.736547613143921,0
M.Brosmer,2025,17,3.64,0.0600000000000001,3.697450876235962,3.757450876235962,0
D.Henry,2025,17,45.6,14.753333333333334,-1.0446093082427979,13.708724025090536,1
T.Shough,2025,17,21.92,12.697777777777778,1.7622959613800049,14.460073739157783,0
J.Dart,2025,17,25.08,16.34166666666667,-0.6872970461845398,15.654369620482129,0
C.Olave,2025,17,25.9,16.14,-2.1420223712921143,13.997977628707886,2
D.Montgomery,2025,17,6.0,10.294666666666668,-1.39582097530365,8.898845691363018,1
T.Warren,2025,17,9.3,11.44,0.5165430903434753,11.956543090343475,2
J.Brissett,2025,17,16.48,16.278333333333332,1.8345973491668701,18.112930682500203,0
J.Waddle,2025,17,0.7000000000000001,12.894666666666668,1.503883719444275,14.398550386110943,2
T.Huntley,2025,17,14.28,6.465,2.9421305656433105,9.40713056564331,0
C.Kupp,2025,17,1.6,7.842857142857143,0.733665943145752,8.576523086002895,2
K.Pickett,2025,17,0.64,2.015,4.028731346130371,6.043731346130372,0
B.Hall,2025,17,20.9,12.450666666666669,1.6860079765319824,14.136674643198651,1
C.Kmet,2025,17,3.6,4.964285714285714,0.6534733772277832,5.617759091513498,2
D.Moore,2025,17,1.7000000000000002,11.305333333333332,0.14435958862304688,11.449692921956379,2
K.Allen,2025,17,2.7,11.273333333333335,0.8513280749320984,12.124661408265434,2
C.Sutton,2025,17,8.0,14.013333333333332,-1.0516687631607056,12.961664570172626,2
S.Sanders,2025,17,9.44,11.736666666666666,2.871471405029297,14.608138071695963,0
M.Willis,2025,17,31.52,6.553333333333334,2.7946860790252686,9.348019412358603,0
R.Harvey,2025,17,18.6,12.246666666666666,-0.9965534210205078,11.250113245646158,1
I.Williams,2025,17,7.5,4.828571428571428,1.0650721788406372,5.8936436074120655,2
G.Olszewski,2025,17,2.9000000000000004,4.906666666666667,0.788714587688446,5.695381254355113,0
C.McCaffrey,2025,17,28.1,24.986666666666668,0.6445724368095398,25.631239103476208,1
B.Cook,2025,17,4.18,5.060000000000001,2.851907253265381,7.911907253265382,0
J.Johnson,2025,17,22.42,10.601333333333333,1.0714906454086304,11.672823978741963,2
T.Burks,2025,17,2.1,3.9500000000000006,0.35579168796539307,4.305791687965394,2
D.Singletary,2025,17,17.0,5.413333333333333,0.9965493679046631,6.409882701237996,1
J.Jennings,2025,17,12.2,11.815384615384614,-0.3182055950164795,11.497179020368135,2
J.Cook,2025,17,8.7,19.466666666666665,-1.796714186668396,17.66995247999827,1
Ty.Johnson,2025,17,5.7,4.786666666666667,0.9366896748542786,5.723356341520946,2
Z.Flowers,2025,17,13.0,13.366666666666667,0.4641413986682892,13.830808065334956,2
R.Ali,2025,17,2.8,3.5666666666666664,0.06303887069225311,3.6297055373589195,2
R.Davis,2025,17,2.6,2.7363636363636363,1.0311535596847534,3.7675171960483897,1
T.Etienne,2025,17,11.2,15.725,-0.3228001296520233,15.402199870347976,1
C.Hubbard,2025,17,2.8000000000000003,9.146153846153847,0.140773743391037,9.286927589544884,1
L.Allen,2025,17,0.3,1.8846153846153848,1.8205385208129883,3.7051539054283733,1
B.Thomas,2025,17,7.9,10.25,0.6446794867515564,10.894679486751556,2
R.Dowdle,2025,17,9.3,13.6,-0.621305525302887,12.978694474697113,1
T.Bigsby,2025,17,1.9,3.811111111111111,2.148228645324707,5.959339756435818,1
C.Brown,2025,17,29.1,15.52,0.10559669137001038,15.62559669137001,1
D.Sampson,2025,17,5.7,5.807692307692308,0.6280093789100647,6.435701686602373,2
H.Fannin,2025,17,11.0,11.693333333333332,0.3794136345386505,12.072746967871982,2
J.Williams,2025,17,17.1,27.03125,0.2819964289665222,27.313246428966522,1
K.Turpin,2025,17,15.6,5.246153846153846,1.1267673969268799,6.372921243080726,2
S.Barkley,2025,17,6.800000000000001,15.033333333333331,1.3827769756317139,16.416110308965045,1
W.Shipley,2025,17,0.2,1.7777777777777777,1.9652034044265747,3.7429811822043524,1
J.Jacobs,2025,17,1.3,16.842857142857145,-0.7371402382850647,16.10571690457208,1
J.Gibbs,2025,17,6.4,22.66,-3.7131705284118652,18.946829471588135,1
C.Brooks,2025,17,2.1,2.0416666666666665,1.3456465005874634,3.38731316725413,2
E.Wilson,2025,17,3.4000000000000004,6.092857142857143,1.190131425857544,7.282988568714687,1
N.Chubb,2025,17,0.1,6.3,0.9260266423225403,7.22602664232254,1
K.Williams,2025,17,22.5,18.666666666666668,-0.18839561939239502,18.478271047274273,1
P.Nacua,2025,17,15.7,23.807142857142857,-3.108013868331909,20.699128988810948,2
W.Marks,2025,17,8.5,9.271428571428572,0.6949915885925293,9.966420160021102,1
B.Corum,2025,17,1.8,7.5,0.8682401180267334,8.368240118026733,1
X.Hutchinson,2025,17,4.9,5.692857142857143,0.2997962534427643,5.992653396299907,2
I.Pacheco,2025,17,3.2,7.008333333333333,0.7754747271537781,7.783808060487111,1
X.Worthy,2025,17,0.1,8.446153846153846,0.5053643584251404,8.951518204578987,2
O.Hampton,2025,17,20.0,14.4625,-1.3467289209365845,13.115771079063416,1
K.Hunt,2025,17,3.8,9.006666666666668,-1.3532429933547974,7.65342367331187,1
A.Jeanty,2025,17,9.3,14.893333333333334,-0.8505831956863403,14.042750137646994,1
R.Stevenson,2025,17,27.2,9.691666666666666,0.5787791609764099,10.270445827643076,1
Z.White,2025,17,0.2,2.466666666666667,1.4557844400405884,3.922451106707255,1
T.Henderson,2025,17,8.200000000000001,12.046666666666669,0.3896530568599701,12.436319723526639,1
D.Douglas,2025,17,2.0,6.3500000000000005,0.5593368411064148,6.909336841106415,2
J.Taylor,2025,17,17.4,22.6,-2.301893711090088,20.298106288909914,1
D.Achane,2025,17,14.2,20.526666666666664,-0.634492039680481,19.892174626986183,1
M.Washington,2025,17,1.5,6.493333333333334,0.5945138335227966,7.087847166856131,2
A.Jones,2025,17,15.3,9.4,1.1894645690917969,10.589464569091797,1
D.Swift,2025,17,21.0,14.35,-0.5345501899719238,13.815449810028076,1
J.Jefferson,2025,17,7.0,11.740000000000002,0.9026010632514954,12.642601063251497,2
T.Tracy,2025,17,6.7,9.707692307692309,1.2005438804626465,10.908236188154955,1
J.Croskey-Merritt,2025,17,22.5,7.66,1.186269760131836,8.846269760131836,1
J.McNichols,2025,17,4.0,4.757142857142857,1.6483633518218994,6.4055062089647565,1
D.Samuel,2025,17,11.3,12.342857142857143,1.095021367073059,13.437878509930202,2
I.Davis,2025,17,3.0,4.871428571428572,1.3688313961029053,6.240259967531477,1
K.Gainwell,2025,17,6.800000000000001,12.873333333333331,-0.23028050363063812,12.643052829702693,1
J.Warren,2025,17,6.4,13.985714285714286,-0.8112095594406128,13.174504726273673,1
K.Walker,2025,17,7.700000000000001,11.126666666666669,0.8524578809738159,11.979124547640485,1
B.Robinson,2025,17,43.7,23.8375,-1.5555474758148193,22.28195252418518,1
Z.Charbonnet,2025,17,26.2,9.75,0.05773759260773659,9.807737592607737,1
A.Barner,2025,17,13.3,8.706666666666667,0.30804443359375,9.014711100260417,2
T.Allgeier,2025,17,2.3000000000000003,7.853333333333333,-0.5688732862472534,7.284460047086079,1
B.Irving,2025,17,8.3,14.925,-0.6139238476753235,14.311076152324677,1
S.Tucker,2025,17,0.8,7.583333333333333,-0.08852247893810272,7.49481085439523,1
R.White,2025,17,3.7,8.879999999999999,0.7185486555099487,9.598548655509948,1
E.Egbuka,2025,17,5.0,12.593333333333334,0.17958514392375946,12.772918477257093,2
T.Pollard,2025,17,11.5,10.986666666666668,0.3100892901420593,11.296755956808727,1
C.Dike,2025,17,10.2,6.680000000000001,0.25476762652397156,6.934767626523972,2
A.Smith,2025,17,1.5,1.1800000000000002,1.7319632768630981,2.9119632768630983,-1
X.Legette,2025,17,1.3,6.36923076923077,0.08193718641996384,6.4511679556507335,2
A.St. Brown,2025,17,14.8,18.953333333333333,-4.315412998199463,14.63792033513387,2
K.Raymond,2025,17,1.5,5.11,-0.36888405680656433,4.741115943193436,2
K.Monangai,2025,17,7.7,8.873333333333335,0.8230113387107849,9.69634467204412,1
M.Andrews,2025,17,6.800000000000001,8.053333333333333,0.30704912543296814,8.360382458766301,2
I.Bond,2025,17,2.6,3.6384615384615375,1.3475772142410278,4.986038752702566,2
T.Franklin,2025,17,5.7,11.426666666666668,-0.05324643850326538,11.373420228163402,2
T.Tucker,2025,17,9.9,9.76,0.13469205796718597,9.894692057967186,2
Q.Johnston,2025,17,14.8,13.033333333333331,-1.8217755556106567,11.211557777722675,2
B.Smith,2025,17,9.5,3.5384615384615383,0.7521196603775024,4.290581198839041,2
R.Pearsall,2025,17,13.5,9.3875,1.4520936012268066,10.839593601226806,2
M.Golden,2025,17,2.2,5.5,1.4238992929458618,6.923899292945862,2
E.Demercado,2025,17,4.0,5.288888888888889,0.7573175430297852,6.046206431918674,1
J.Chase,2025,17,25.0,18.928571428571427,-2.084306478500366,16.84426495007106,2
S.Perine,2025,17,8.3,5.116666666666666,1.0433392524719238,6.16000591913859,1
T.Brooks,2025,17,2.9,0.7,1.9757601022720337,2.675760102272034,-1
L.Burden,2025,17,27.8,7.123076923076924,1.3452527523040771,8.468329675381002,2
J.Wright,2025,17,5.6000000000000005,5.075,1.1871914863586426,6.262191486358643,1
A.Prentice,2025,17,0.3,1.4,1.5836610794067383,2.983661079406738,-1
M.Mims,2025,17,4.0,6.307692307692308,0.9737566113471985,7.281448919039507,2
A.Iosivas,2025,17,8.100000000000001,6.061538461538462,0.45479750633239746,6.51633596787086,2
H.Luepke,2025,17,5.4,3.2222222222222223,0.47556161880493164,3.697783841027154,2
P.Washington,2025,17,19.0,10.307692307692308,0.6407663822174072,10.948458689909716,2
Co.Heyward,2025,17,2.6,1.9222222222222225,0.3685697913169861,2.2907920135392086,-1
J.Smith-Njigba,2025,17,16.2,21.953333333333333,-3.4677789211273193,18.485554412206014,2
M.Carter,2025,17,6.300000000000001,7.800000000000001,2.197953462600708,9.997953462600709,1
J.Noel,2025,17,14.6,4.291666666666667,0.7128472328186035,5.0045138994852705,2
C.Moore,2025,17,2.5,5.1571428571428575,0.2845692038536072,5.441712060996465,2
K.Mitchell,2025,17,5.800000000000001,4.94,1.4801301956176758,6.420130195617676,1
N.Collins,2025,17,8.7,15.535714285714286,-0.4450041949748993,15.090710090739387,2
A.Abdullah,2025,17,1.4,3.2,1.0509214401245117,4.250921440124512,1
Ji.Horn,2025,17,2.9,2.9125,0.8453846573829651,3.757884657382965,1
J.Nailor,2025,17,0.0,6.1866666666666665,0.6723737716674805,6.859040438334147,2
M.Corley,2025,17,1.4,2.44,1.5351946353912354,3.9751946353912353,1
K.Shakir,2025,17,9.5,10.240000000000002,0.512484610080719,10.752484610080721,2
W.Robinson,2025,17,22.3,13.04,0.5847198367118835,13.624719836711883,2
S.Moore,2025,17,1.0,1.725,1.590781569480896,3.315781569480896,2
K.Juszczyk,2025,17,9.4,3.5461538461538464,1.2986901998519897,4.844844046005836,2
T.Spears,2025,17,1.1,9.172727272727274,1.0643908977508545,10.237118170478128,1
B.Melton,2025,17,4.4,3.3000000000000003,0.5617184042930603,3.8617184042930606,2
J.Smith,2025,17,7.7,5.073333333333333,0.17970183491706848,5.253035168250402,2
E.Engram,2025,17,6.1,6.371428571428572,1.1652239561080933,7.536652527536665,2
J.McLaughlin,2025,17,4.0,3.4333333333333336,1.4954617023468018,4.928795035680135,1
T.Ferguson,2025,17,13.4,3.87,0.46083834767341614,4.330838347673416,2
D.Johnson,2025,17,0.5,0.2333333333333333,2.0757060050964355,2.309039338429769,-1
C.Lamb,2025,17,9.6,17.263636363636365,-0.8549648523330688,16.408671511303297,2
M.Davis,2025,17,10.3,3.7875,1.2388319969177246,5.026331996917724,1
J.Patterson,2025,17,0.1,4.725,1.2375179529190063,5.962517952919006,1
J.Addison,2025,17,12.5,10.066666666666668,0.22496818006038666,10.291634846727055,2
J.Metchie,2025,17,7.1000000000000005,5.98,0.8049646019935608,6.784964601993561,2
T.Williams,2025,17,1.0,4.366666666666667,1.1713193655014038,5.537986032168071,2
T.Kelce,2025,17,8.6,12.026666666666667,-0.5834246873855591,11.443241979281108,2
J.Ferguson,2025,17,7.6,11.933333333333334,-0.33319711685180664,11.600136216481527,2
D.Sample,2025,17,1.8,2.822222222222222,0.014674173668026924,2.836896395890249,-1
D.Wicks,2025,17,1.7000000000000002,6.175,1.0997103452682495,7.274710345268249,2
C.Watson,2025,17,22.3,12.233333333333333,-0.8168274164199829,11.41650591691335,2
J.Meyers,2025,17,7.9,11.321428571428571,0.9067528247833252,12.228181396211896,2
E.Hull,2025,17,0.3,1.25,1.6879864931106567,2.9379864931106567,1
D.Robinson,2025,17,5.0,3.983333333333334,1.062554121017456,5.04588745435079,2
J.Reed,2025,17,8.100000000000001,10.1,0.2693328261375427,10.369332826137542,2
D.Waller,2025,17,1.0,12.528571428571428,-2.3136229515075684,10.21494847706386,2
A.Estime,2025,17,16.8,5.233333333333333,0.6764174699783325,5.909750803311666,2
T.Harris,2025,17,2.5,4.435714285714286,1.2413934469223022,5.677107732636588,2
C.Loveland,2025,17,21.4,8.471428571428572,0.09482797235250473,8.566256543781076,2
A.Mitchell,2025,17,5.2,5.9071428571428575,1.114016056060791,7.0211589132036485,2
J.Downs,2025,17,5.4,8.764285714285714,0.22251306474208832,8.986798779027803,2
M.Evans,2025,17,13.7,8.646153846153847,-0.18181408941745758,8.46433975673639,2
G.Dulcich,2025,17,16.1,5.8,1.1396211385726929,6.939621138572693,2
J.Jeudy,2025,17,10.4,7.073333333333333,0.9057144522666931,7.979047785600026,2
D.Goedert,2025,17,9.8,12.521428571428572,-1.051509141921997,11.469919429506575,2
T.McBride,2025,17,23.6,18.586666666666662,-1.8665956258773804,16.720071040789282,2
E.Higgins,2025,17,0.0,4.023076923076923,1.6397019624710083,5.662778885547931,2
M.Harrison,2025,17,0.0,11.61818181818182,0.236299067735672,11.854480885917493,2
D.Knox,2025,17,8.0,6.092857142857143,0.5682213306427002,6.661078473499844,2
R.Bateman,2025,17,1.7000000000000002,4.4750000000000005,0.6352338790893555,5.110233879089356,2
J.Palmer,2025,17,2.2,4.9,1.3420312404632568,6.242031240463257,2
D.Hopkins,2025,17,0.0,4.466666666666667,0.3356151580810547,4.8022818247477215,2
B.Strange,2025,17,8.4,9.24,0.5641834735870361,9.804183473587036,2
T.Tremble,2025,17,1.6,3.807692307692308,0.9678362607955933,4.775528568487902,2
T.McMillan,2025,17,1.5,13.293333333333331,-0.26351848244667053,13.02981485088666,2
J.Mundt,2025,17,0.0,1.9444444444444444,1.6404368877410889,3.5848813321855335,2
N.Fant,2025,17,0.0,6.845454545454545,0.089039646089077,6.934494191543622,2
T.Higgins,2025,17,9.9,14.076923076923077,-1.393898606300354,12.683024470622723,2
C.Tillman,2025,17,5.2,5.15,0.5287042260169983,5.678704226016999,2
M.Gesicki,2025,17,6.7,6.07,0.21483439207077026,6.2848343920707705,2
G.Pickens,2025,17,11.8,18.54666666666667,-2.9333176612854004,15.61334900538127,2
J.Tolbert,2025,17,7.1,4.355555555555556,0.3360782265663147,4.691633782121871,2
D.Smith,2025,17,4.5,12.606666666666667,1.0424351692199707,13.649101835886638,2
J.Dotson,2025,17,0.0,3.6,1.2105541229248047,4.810554122924804,2
B.Spann-Ford,2025,17,4.1,1.8625,0.8099386692047119,2.6724386692047117,-1
L.Schoonmaker,2025,17,3.5,1.7916666666666667,1.5380852222442627,3.3297518889109297,-1
A.Brown,2025,17,11.8,14.892857142857142,-0.2877088189125061,14.605148323944636,2
R.Doubs,2025,17,9.2,10.413333333333332,0.7818577289581299,11.195191062291462,2
I.TeSlaa,2025,17,13.9,4.933333333333334,-0.9125525951385498,4.020780738194784,2
D.Schultz,2025,17,4.9,10.766666666666667,0.2847236692905426,11.05139033595721,2
J.Higgins,2025,17,16.8,6.826666666666667,0.16660846769809723,6.993275134364764,2
C.Parkinson,2025,17,11.3,8.241666666666667,-0.7070264220237732,7.534640244642894,2
X.Smith,2025,17,10.7,4.5,1.009697437286377,5.509697437286377,2
T.Atwell,2025,17,0.0,4.716666666666667,0.1692190021276474,4.885885668794314,2
L.McConkey,2025,17,4.1,11.786666666666669,-0.15246695280075073,11.634199713865918,2
J.Smith-Schuster,2025,17,4.6,4.685714285714285,0.8724381327629089,5.558152418477194,2
M.Brown,2025,17,1.7000000000000002,9.042857142857144,-0.737760066986084,8.30509707587106,2
K.Lambert-Smith,2025,17,0.0,2.34,0.4328097403049469,2.7728097403049468,-1
N.Gray,2025,17,1.2,2.872727272727273,0.853801429271698,3.726528701998971,2
W.Dissly,2025,17,3.9,2.533333333333333,1.0417916774749756,3.575125010808309,2
D.Thornton,2025,17,3.2,2.2555555555555555,1.7289849519729614,3.984540507528517,2
H.Henry,2025,17,13.9,10.286666666666669,0.28027206659317017,10.566938733259839,2
A.Hooper,2025,17,9.1,4.427272727272728,0.5609776973724365,4.988250424645164,2
S.Diggs,2025,17,22.1,12.06,0.40533167123794556,12.465331671237946,2
M.Mayer,2025,17,17.9,4.82,0.8502153754234314,5.670215375423432,2
M.Pittman,2025,17,3.6,13.046666666666663,-0.6318891644477844,12.414777502218879,2
A.Pierce,2025,17,0.0,11.853846153846156,-0.07633202522993088,11.777514128616225,2
M.Alie-Cox,2025,17,11.0,1.6111111111111112,1.4554848670959473,3.0665959782070584,-1
J.Oliver,2025,17,1.8,4.83,-0.33721497654914856,4.4927850234508515,2
T.McLaurin,2025,17,11.3,11.65,0.3032650053501129,11.953265005350113,2
D.Slayton,2025,17,5.6,6.983333333333334,0.9530630111694336,7.936396344502768,2
D.Bellinger,2025,17,3.1,4.470000000000001,0.3015404939651489,4.77154049396515,2
P.Freiermuth,2025,17,9.3,7.4,-0.20261521637439728,7.197384783625603,2
J.Ruckert,2025,17,1.2,3.716666666666667,0.9638716578483582,4.680538324515025,2
J.Tonges,2025,17,19.0,9.2875,-0.406699001789093,8.880800998210907,2
D.London,2025,17,1.4,18.27,-2.803093910217285,15.466906089782714,2
K.Pitts,2025,17,3.6,13.026666666666667,-0.028910506516695023,12.997756160149972,2
C.Otton,2025,17,7.300000000000001,7.115384615384615,1.1133975982666016,8.228782213651217,2
T.Lockett,2025,17,8.9,3.78,1.2588046789169312,5.0388046789169305,2
G.Helm,2025,17,1.1,6.04,0.3694690763950348,6.409469076395035,2
A.Trautman,2025,17,4.4,4.11,-0.19921912252902985,3.9107808774709705,2
C.Okonkwo,2025,17,14.5,7.153333333333334,1.018949270248413,8.172282603581747,2
E.Ayomanor,2025,17,13.7,6.771428571428572,0.2347671538591385,7.006195725287711,2
D.Mooney,2025,17,5.5,5.523076923076924,1.0315797328948975,6.554656655971821,2
T.Shavers,2025,17,5.6,4.433333333333334,-0.14475010335445404,4.2885832299788795,2
B.Tremayne,2025,17,0.0,4.216666666666667,0.6418924927711487,4.8585591594378155,2
T.Patrick,2025,17,0.0,4.572727272727272,0.18991786241531372,4.762645135142586,2
V.Jefferson,2025,17,7.6,4.800000000000001,1.0641746520996094,5.86417465209961,2
G.Calcaterra,2025,17,1.3,1.8666666666666665,1.5180771350860596,3.384743801752726,-1
D.Washington,2025,17,3.5,5.825,0.6901218891143799,6.51512188911438,2
M.Valdes-Scantling,2025,17,5.1,2.642857142857143,0.07675104588270187,2.7196081887398447,-1
K.Bourne,2025,17,3.5,7.383333333333333,1.1803313493728638,8.563664682706197,2
B.Sinnott,2025,17,5.9,3.366666666666667,0.39218300580978394,3.758849672476451,2
D.Sills,2025,17,6.7,4.029999999999999,0.19244574010372162,4.222445740103721,2
O.Gadsden,2025,17,12.2,8.838461538461539,0.36992526054382324,9.208386799005362,2
C.Kolar,2025,17,0.0,3.62,0.2733730971813202,3.8933730971813203,2
C.Kirk,2025,17,2.1,6.122222222222223,0.40913981199264526,6.531362034214868,2
E.Saubert,2025,17,0.0,2.033333333333333,1.6929800510406494,3.7263133843739826,-1
K.Austin,2025,17,15.2,3.366666666666667,0.6655241250991821,4.032190791765849,2
B.Whiteheart,2025,17,0.0,0.6,1.9617847204208374,2.5617847204208375,-1
S.Miller,2025,17,5.5,2.266666666666667,0.8789806962013245,3.1456473628679915,-1
C.Godwin,2025,17,23.8,8.200000000000001,0.32986488938331604,8.529864889383317,2
X.Weaver,2025,17,4.4,1.86,1.7542715072631836,3.614271507263184,-1
I.Likely,2025,17,5.7,5.644444444444444,0.6001547574996948,6.244599201944139,2
T.Hudson,2025,17,5.1,4.7444444444444445,0.072972372174263,4.8174168166187075,2
K.Mumpfield,2025,17,3.0,3.171428571428572,0.19887395203113556,3.3703025234597077,2
L.Humphrey,2025,17,4.300000000000001,5.05,0.2587341070175171,5.308734107017517,2
J.Coker,2025,17,3.6,7.788888888888888,-0.05688945949077606,7.731999429398112,2
C.Wilson,2025,17,1.8,1.9,1.2424166202545166,3.1424166202545165,-1
D.Smythe,2025,17,2.1,1.4666666666666668,1.4980571269989014,2.964723793665568,-1
I.Hodgins,2025,17,1.8,6.425000000000001,-0.3900003731250763,6.034999626874924,2
J.Whyle,2025,17,1.8,2.85,0.41293594241142273,3.262935942411423,-1
G.Davis,2025,17,0.0,3.95,1.0598777532577515,5.009877753257752,2
M.Wilson,2025,17,19.9,17.380000000000003,-1.3592324256896973,16.020767574310305,2
D.Cooper,2025,17,1.4,3.5,1.2379578351974487,4.737957835197449,2
J.Proche,2025,17,1.5,2.375,0.9260120391845703,3.3010120391845703,2
A.Firkser,2025,17,0.0,3.7000000000000006,0.5734050273895264,4.273405027389527,2
J.Mingo,2025,17,0.0,1.1666666666666667,1.5679056644439697,2.7345723311106367,-1
